index,n,mode,margin,entropy,min_atom,normalization_residual,lambda_max_coordinate,lambda_max,fisher_along_top,acceleration_along_top,fisher_max_eigenvalue,acceleration_max_eigenvalue,mechanism_ratio,mechanism_fisher,mechanism_acceleration,mechanism_total,mechanism_rank,direction_rank,direction_singular_1,direction_singular_2,step,gap,endpoint_margin,status
0,3,0,0.3495910785855565,2.0594103000289508,0.0938400273698547,0.0,-0.16540961888093353,-0.16502597268923513,-0.11001335407340705,-0.05501261861582751,-0.11026706769752004,0.19122968856434552,0.045203449973677694,-0.9999999999999991,0.04520344997367765,-0.9547965500263215,3,3,0.9999999999999997,0.9976748375217213,0.08849586475311398,-0.0011505800866675742,0.3033850777066974,NO_HIT
1,3,1,0.0006519903085554249,1.422145871436305,8.976002894251636e-05,0.0,-6.5263854680277165,-11.939401724399673,-4.527432009019425,-7.411969715380378,-2.295893503215105,7.116636342879201,0.2661961128663037,-0.9999999999999989,0.2661961128663034,-0.7338038871336955,3,3,0.9999999999999998,0.954714043851037,0.00829459270648364,-0.00041085305488941515,0.0006252525219115242,NO_HIT
2,3,2,0.039999999999999813,1.6655497189306796,0.019199999999999957,0.0,-4.269456608943016,-3.5986207295284407,-3.754978823647998,0.15635809411955354,-2.5932245025112035,3.6803051449331,0.31541306729885576,-1.0000000000000009,0.31541306729885604,-0.6845869327011449,3,3,1.0,0.3583656113728252,0.0717803533166375,-0.009336275265553029,0.03596832149444418,NO_HIT
3,3,3,0.09441275295933116,1.664566904637184,0.016323679843060015,0.0,-0.002863813611375036,-0.0028638131430899503,-0.00190918815132,-0.000954624991767794,-0.001909188455636184,0.05499150582183304,0.007843145619117635,-1.0000000000000002,0.007843145619117637,-0.9921568543808826,3,3,1.0,0.9999998364760216,0.04544507827608649,-0.00010204389102463907,0.08931763707532003,NO_HIT
4,3,0,0.09197273363322624,1.8705999752969822,0.021858096070800637,2.220446049250313e-16,-0.21496186897159622,-0.21476943070496388,-0.14322111061991216,-0.07154832008505085,-0.1433397944037065,1.8123171736792567,0.24762856611642547,-0.9999999999999989,0.2476285661164252,-0.7523714338835736,3,3,1.0000000000000002,0.9990956771875918,0.05845449030124335,-0.0004941948957184472,0.08641152292248376,NO_HIT
5,3,1,9.999999999999065e-05,1.6031276308170883,3.0249629380794414e-05,0.0,-0.10409958754214475,-0.10409947605256724,-0.06937527119510317,-0.03472420485746497,-0.06937089268700392,7.607276772030041,0.04697300753331889,-0.9999999999999868,0.046973007533318276,-0.9530269924666686,3,3,0.9999999999999999,0.9999989276454111,0.0014072453912015936,-1.525039354799418e-07,9.521756661116742e-05,NO_HIT
6,3,2,0.03999999999999999,1.6831625588425383,0.008969089378820027,0.0,-3.032759309857558,-2.9377568543250048,-1.7575204677245506,-1.1802363866004557,-1.634682994984376,3.5645383941249396,0.3028264053670786,-1.0000000000000018,0.30282640536707917,-0.6971735946329226,3,3,1.0000000000000002,0.9568949680234262,0.029812059315822505,-0.0013330648784217747,0.03650727195309211,NO_HIT
7,3,3,0.10966277040016514,1.729752336527719,0.015251400460356637,0.0,-0.1025536470947419,-0.10247723534415436,-0.06831120308902351,-0.034166032255128376,-0.06836154001759293,0.3436902370472547,0.05544210573917416,-0.9999999999999998,0.055442105739174144,-0.9445578942608256,3,3,1.0,0.9992538898673791,0.064232297697614,-0.00036188642729051423,0.10530391406642259,NO_HIT
8,3,0,0.2760773657411162,1.9821696693396489,0.05437021881059854,0.0,-0.01720046130555376,-0.017199594596659137,-0.01146621956207322,-0.005733375034586707,-0.011466795077517224,0.1005951946620306,0.022409160404952666,-1.0,0.022409160404952666,-0.9775908395950473,3,3,1.0,0.9999496084659,0.08386039239016882,-0.0004976946526258352,0.2541208794572355,NO_HIT
9,3,1,9.999999999998899e-05,1.0036628208796912,7.021773269806962e-05,1.1102230246251565e-16,-3.3756112512516427,-3.325744460185891,-2.444678066191632,-0.8810663939943171,-1.8656891286730042,11.451185598331554,0.04632961252622405,-0.9999999999999929,0.046329612526223724,-0.9536703874737692,3,3,1.0000000000000004,0.9834427178348303,0.003708548686381605,-2.3166805038110638e-05,9.9366081166119e-05,NO_HIT
10,3,2,0.03999999999999999,1.3060820710296217,0.007769274075227574,0.0,-4.086500479802152,-3.7214011992106304,-3.7305309654304244,0.009129766219793663,-2.6057581366905187,2.4002391658533764,0.19773543469203833,-1.0000000000000009,0.1977354346920385,-0.8022645653079624,3,3,1.0,0.14587318282853934,0.08681406271535498,-0.014106575540260291,0.037670773067224106,NO_HIT
11,3,3,0.19282733670540197,1.7092791497970574,0.01645031507220632,0.0,-0.03335358643997871,-0.033346125206756706,-0.02223858673916182,-0.011107538467594935,-0.02224355593075502,0.10599918541320419,0.020475715847903503,-1.0,0.020475715847903503,-0.9795242841520965,3,3,1.0,0.999776265028127,0.0412262602906245,-7.72534781523504e-05,0.1617414852152116,NO_HIT
12,3,0,0.266762688833289,1.8681252942195266,0.032023942522968314,0.0,-0.0018519526085482535,-0.0018519465939602425,-0.0012346450830598692,-0.0006173015109005586,-0.0012346490897518685,0.020216995001207737,0.004497311086271271,-1.0000000000000007,0.0044973110862712735,-0.9955026889137294,3,3,1.0,0.9999967522919069,0.05971783322820578,-0.00014827351908675013,0.23128894126627664,NO_HIT
13,3,1,0.0072293932927895085,0.6571244538672797,0.00024599535209257346,0.0,-1.2934347126200576,-1.2917428679542842,-0.8404562519443581,-0.4512866160099289,-0.8408569823159517,1.1550649285284336,0.03585164485152164,-1.0000000000000004,0.035851644851521654,-0.9641483551484787,3,3,0.9999999999999997,0.9984789472616855,0.014724004297245586,-0.0001416843698481829,0.006194069761452011,NO_HIT
14,3,2,0.039999999999999966,1.488596772396897,0.01920000000000001,1.1102230246251565e-16,-2.4606403017553657,-2.3246814469536723,-1.5361123864261852,-0.7885690605274911,-1.5479603937921138,3.455662352061311,0.23894486471514476,-1.000000000000001,0.23894486471514503,-0.761055135284856,3,3,1.0,0.9388352646768083,0.02301836092836764,-0.0006250083770167336,0.035137454962870664,NO_HIT
15,3,3,0.1475431444030032,1.7136219219200561,0.019628022651028396,0.0,-0.005558264571579965,-0.005558207854401448,-0.003705804217643351,-0.0018524036367584262,-0.003705841924565065,0.15311365671728192,0.033352507585532876,-1.0000000000000004,0.03335250758553289,-0.9666474924144676,3,3,0.9999999999999999,0.9999897957658586,0.039801446733397965,-5.3136514265528234e-05,0.13386722384115834,NO_HIT
16,3,0,0.22789539162514705,2.006045376904911,0.06901795556244986,0.0,-0.8614734173277976,-0.8146795800910818,-0.5420395354602561,-0.27264004463082614,-0.5727694442662628,0.43369885526285246,0.09336251188454685,-0.9999999999999987,0.09336251188454672,-0.906637488115452,3,3,0.9999999999999997,0.9420334740443428,0.0786591221614378,-0.0027998901742583016,0.20094045343269917,NO_HIT
17,3,1,9.999999999998899e-05,1.0727519080636136,6.120378616106596e-05,0.0,-1.1711381750371574,-1.151309282763137,-0.7817752127289856,-0.3695340700341463,-0.7275281441503225,9.143983999505988,0.052777965430638,-1.0000000000000022,0.05277796543063812,-0.947222034569364,3,3,0.9999999999999997,0.9815024905165282,0.016369327217994955,-0.00015932823556208398,9.529591311518981e-05,NO_HIT
18,3,2,0.03999999999999996,1.1893208612026414,0.003871151733412021,0.0,-1.0085801287636453,-0.9913037150061043,-0.6719668216578034,-0.31933689334830273,-0.6768115938929562,1.5957061553576264,0.14162189361371297,-0.9999999999999994,0.14162189361371288,-0.8583781063862865,3,3,1.0,0.9826314793124348,0.0246804699940179,-0.00031879275069113255,0.03638013437640231,NO_HIT
19,3,3,0.11831016085302226,1.843274943527971,0.04155915197920531,0.0,-0.44696105379248124,-0.4461578450698051,-0.29739389282147194,-0.1487639522483315,-0.2979101154121097,0.8060286333543183,0.13122973241586228,-0.9999999999999996,0.13122973241586222,-0.8687702675841373,3,3,1.0,0.9981639528421226,0.07013700920311111,-0.0013042565076699653,0.10711209433580393,NO_HIT
20,3,0,0.13192467413940678,2.0165180637756315,0.04286511003112788,0.0,-1.6092475494244474,-1.4988178454835,-0.9928411771979733,-0.5059766682855269,-1.0587307142548257,0.8523071777387817,0.1644032435493035,-1.0000000000000013,0.16440324354930372,-0.8355967564506976,3,3,0.9999999999999999,0.9220791020431887,0.07127335225893901,-0.003951315348041273,0.11975501600166974,NO_HIT
21,3,1,0.05205503802657692,1.2282025212487289,0.0025448017424603182,0.0,-0.7937382937186304,-0.7701360525941395,-0.5223738529765752,-0.24776219961756407,-0.5383175066941164,0.3130092205868543,0.03538093997023627,-0.9999999999999998,0.035380939970236266,-0.9646190600297635,3,3,1.0000000000000002,0.9695827495722747,0.01211240696062775,-5.8879211620510574e-05,0.042957999323522546,NO_HIT
22,3,2,0.0399999999999997,1.2746193860418822,0.0027454105609382644,2.220446049250313e-16,-0.7635136488885341,-0.7563492916521934,-0.5260160785015592,-0.23033321315063304,-0.5272212767645497,1.8522932603973146,0.19388587322602815,-0.9999999999999993,0.19388587322602802,-0.8061141267739713,3,3,0.9999999999999996,0.9904472032626581,0.028073336173717968,-0.00032536155041396064,0.0379407636562028,NO_HIT
23,3,3,0.0755975265743396,1.7158267937093998,0.01736959869323219,2.220446049250313e-16,-0.1078210488512777,-0.10780538305904695,-0.07187122924089118,-0.03593415381815679,-0.07188159211867763,0.45683540234836956,0.0646411108577022,-0.9999999999999996,0.06464111085770217,-0.9353588891422974,3,3,0.9999999999999999,0.9998545833527879,0.07583684702831714,-0.0005789285822923596,0.07045986661644321,NO_HIT
24,3,0,0.12505626387382401,1.6228232989283233,0.0113848720578162,2.220446049250313e-16,-0.10918531423977082,-0.10908005028399306,-0.07275783638981481,-0.03632221389417856,-0.07282779438114273,0.18847099232838205,0.03151813818389127,-0.9999999999999996,0.03151813818389126,-0.9684818618161083,3,3,0.9999999999999999,0.9990352259960877,0.05213416135804049,-0.00024252750584308203,0.11404401205018976,NO_HIT
25,3,1,0.20387226657527924,1.984737920422005,0.05487119712836356,0.0,-0.08986393050632947,-0.08986299085345369,-0.05989812561223206,-0.02996486524122144,-0.05989850753761557,0.8512978028678397,0.162581538471876,-0.9999999999999993,0.1625815384718759,-0.8374184615281235,3,3,1.0,0.9999887068344646,0.07378050110765892,-0.0005113552782436415,0.17852588573941475,NO_HIT
26,3,2,0.03999999999999995,1.5391890710357556,0.010784091083358953,0.0,-3.9572565623921356,-3.721045315539212,-2.717298420526391,-1.003746895012822,-2.1263327737231568,3.2049665248074874,0.27565824078691614,-0.9999999999999989,0.2756582407869158,-0.7243417592130831,3,3,1.0,0.7872541993226586,0.035642973045716744,-0.002385519584296558,0.03636685946761459,NO_HIT
27,3,3,0.17420607821550538,1.8208132856229298,0.021806661877139377,0.0,-0.14686796156878,-0.14667186297191684,-0.09791556685841994,-0.048756296113496855,-0.09804448896488391,0.5581817653793612,0.11251104875255562,-0.9999999999999997,0.11251104875255558,-0.8874889512474441,3,3,1.0,0.9986627192248141,0.04595936241418798,-0.00021437553988290503,0.14396638450612653,NO_HIT
28,3,0,0.25601382677366935,2.01520103632323,0.07011670302145924,0.0,-0.9171843147453475,-0.8810354582139772,-0.5908821104913751,-0.2901533477226006,-0.6141945671935349,0.6720881919393717,0.13775492022531843,-1.000000000000001,0.1377549202253186,-0.8622450797746826,3,3,1.0,0.9590946863878967,0.06403070731261185,-0.0019496775219303153,0.24171541623106052,NO_HIT
29,3,1,9.999999999976694e-05,0.8379896332270599,5.7478510569358185e-09,1.1102230246251565e-16,-4.2904484761311235,-4.133075131145609,-4.096567728487269,-0.03650740265853752,-3.976331168181426,9.084639066430496,0.05198588229752404,-0.9999999999999915,0.05198588229752359,-0.9480141177024679,3,3,1.0000000000000007,0.003310856370591928,0.012596598395685747,-0.0003279529760747968,8.552161464447927e-05,NO_HIT
30,3,2,0.03999999999999988,1.1986308647909947,0.009814343952670673,0.0,-2.4047282796198624,-2.278010629839911,-1.5163868690211033,-0.7616237608188081,-1.5936430533487669,2.34079141930985,0.1368506712912122,-1.0000000000000004,0.13685067129121226,-0.8631493287087881,3,3,0.9999999999999999,0.9425480729985539,0.021317735006260722,-0.0005245869498602396,0.03448792380356951,NO_HIT
31,3,3,0.20529976512390533,1.729811649628116,0.020948741913462077,0.0,-0.003601461376788679,-0.003601416437948466,-0.0024011549819650344,-0.0012002614559851743,-0.0024011848285592136,0.23336012422800428,0.04252801375688689,-1.0000000000000002,0.0425280137568869,-0.9574719862431134,3,3,1.0000000000000002,0.9999875219198071,0.05597392392352049,-0.00012371661313248516,0.20452935401237587,NO_HIT
32,3,0,0.17509964095786795,1.8919896132845404,0.04272734210384642,0.0,-0.4838353562314992,-0.4833208865484501,-0.3232629943471409,-0.16005789220130806,-0.32347784135432567,1.4861275942588577,0.23975626249461457,-1.0000000000000004,0.23975626249461468,-0.7602437375053858,3,3,1.0,0.9988253243203594,0.04319717759410793,-0.0004950299527095581,0.14683558276257802,NO_HIT
33,3,1,0.0019316932262892193,1.3368232868544905,0.00016664440642776736,2.220446049250313e-16,-0.30937962780463285,-0.30593685106041396,-0.20288629109513276,-0.10305055996528356,-0.2047383483128314,1.8453237324496485,0.09735430461636808,-1.0000000000000007,0.09735430461636815,-0.9026456953836325,3,3,1.0,0.9885919478760341,0.014016624208514496,-3.056977670778949e-05,0.001663401669266187,NO_HIT
34,3,2,0.03999999999999998,1.5337010975352199,0.016247160667422128,2.220446049250313e-16,-0.8611800272965979,-0.8588841221173291,-0.5564522349395069,-0.30243188717782443,-0.5442242451251224,3.7106039998519944,0.2329140150570849,-1.000000000000001,0.23291401505708514,-0.7670859849429159,3,3,1.0000000000000002,0.9966988435343642,0.028675279744477002,-0.00038503872405937223,0.037976769253596054,NO_HIT
35,3,3,0.08746331191463685,1.9230655243123458,0.025809240241810645,1.1102230246251565e-16,-1.0100247450196485,-0.9953312994781495,-0.6612317727817492,-0.3340995266964011,-0.6681000578608275,1.0547728960527127,0.17545848822977436,-1.0000000000000007,0.17545848822977447,-0.8245415117702262,3,3,0.9999999999999997,0.9844619858274071,0.06908855659239105,-0.0025270330266367047,0.07872806083498474,NO_HIT
36,3,0,0.18046886905862033,1.7661999414186385,0.019593672496135875,0.0,-0.012745475642651483,-0.012745374947030333,-0.0084976157310215,-0.00424775921600995,-0.00849768243639401,0.14764382004529378,0.030529325368320162,-1.0000000000000004,0.030529325368320176,-0.9694706746316802,3,3,1.0000000000000004,0.999992098246766,0.04601673404811256,-7.891337363030715e-05,0.15449558677451009,NO_HIT
37,3,1,0.08420575960222501,1.604196917011063,0.007047892787752884,1.1102230246251565e-16,-0.8363189731522394,-0.8289108593033809,-0.5618677826233908,-0.2670430766799883,-0.5663068951211975,1.2930691015727451,0.19285850615223107,-0.9999999999999984,0.19285850615223077,-0.8071414938477677,3,3,1.0,0.9909604362090522,0.021327830362896302,-0.00019374838469876643,0.06812652037351236,NO_HIT
38,3,2,0.040000000000000036,1.6744470583761792,0.019071612043441523,0.0,-3.6057943167449573,-3.261918500968648,-2.310054491393145,-0.9518640095755027,-2.1429986088112223,3.67303490872134,0.30508192828799197,-1.0,0.30508192828799197,-0.694918071712008,3,3,1.0000000000000002,0.8120082568756786,0.028969651130009495,-0.0013802655420016574,0.03494009308626023,NO_HIT
39,3,3,0.17390220077454366,1.7632309990180044,0.027287859287247144,0.0,-0.009468396118570586,-0.009468320646422265,-0.0063118599181566665,-0.0031564607282663637,-0.006311909719245794,0.4770785881899692,0.08175772688436035,-1.0000000000000004,0.0817577268843604,-0.9182422731156401,3,3,1.0,0.999992028469925,0.07529799309943902,-0.00027618017286101804,0.1660884266396715,NO_HIT
40,3,0,0.12284181444917353,1.3957916420453653,0.005032035821594321,1.1102230246251565e-16,-0.010573648138220199,-0.010573615102006257,-0.007051306916438247,-0.0035223081855697558,-0.007051327514347146,0.0730853890272801,0.010776882727435386,-0.9999999999999992,0.010776882727435377,-0.9892231172725638,3,3,0.9999999999999997,0.999996875145116,0.027707882122089317,-2.197653136137845e-05,0.10175509229188875,NO_HIT
41,3,1,0.006372810606152496,1.1695760957614814,0.00030593827237917906,2.220446049250313e-16,-0.023798565968376494,-0.023796362062310315,-0.01583125667565958,-0.007965105386650073,-0.015832312492244153,1.7604219086539612,0.09521504707731301,-1.0000000000000007,0.09521504707731308,-0.9047849529226876,3,3,1.0,0.9999073576137957,0.03306417002996724,-3.4229752144065984e-05,0.006022582216773896,NO_HIT
42,3,2,0.04,1.5643621214378418,0.01919999999999999,2.220446049250313e-16,-3.863206392787432,-2.8623113887635063,-2.3360681502300986,-0.5262432385334059,-2.3947114626251644,3.7690414830210237,0.2549906122328882,-0.9999999999999991,0.254990612232888,-0.7450093877671111,3,3,1.0,0.5109720671122748,0.03658315502198,-0.0019254608320662392,0.03418682810851115,NO_HIT
43,3,3,0.09979363662730223,1.7970979501863442,0.017777489005656906,2.220446049250313e-16,-0.11378048975070493,-0.1137147809947755,-0.07582206105889408,-0.03789271993588006,-0.07586534580931759,0.6295549128215991,0.10502753325086568,-0.9999999999999986,0.10502753325086553,-0.894972466749133,3,3,0.9999999999999998,0.9994206232003461,0.05532019808324256,-0.0002609158911752729,0.08806473751908306,NO_HIT
44,3,0,0.22899173425540087,1.7726663119160098,0.02369334799383447,0.0,-0.0027772344505026404,-0.0027772308910783455,-0.001851525959607467,-0.0009257049314694843,-0.0018515283243011845,0.17971488994356477,0.036790401727883566,-1.0,0.036790401727883566,-0.9632095982721164,3,3,0.9999999999999994,0.9999987183491453,0.05137068375022267,-9.646122007711533e-05,0.19605498331227278,NO_HIT
45,3,1,0.0292930995927934,1.4930069699471245,0.0037734508243564245,1.1102230246251565e-16,-0.04787409179334804,-0.04786639059946408,-0.03191292442038981,-0.015953466179074838,-0.03191805233616685,0.897849872293108,0.0825160378872816,-1.0,0.0825160378872816,-0.9174839621127184,3,3,0.9999999999999999,0.9998391115978157,0.0432595575469134,-8.446614071000447e-05,0.027544560416281394,NO_HIT
46,3,2,0.039999999999999813,1.725577232796655,0.016114134696900085,0.0,-1.0077657801541982,-1.0061629882822076,-0.6481825371626924,-0.35798045111951504,-0.6323586802346315,4.188013578717019,0.26206160377560034,-0.9999999999999996,0.2620616037756002,-0.7379383962243993,3,3,0.9999999999999999,0.9972512807903118,0.027230371304218695,-0.00039862094938381,0.03726218869595366,NO_HIT
47,3,3,0.1288884704562373,1.9367128980381645,0.0336388248676657,0.0,-0.8544702503283027,-0.8434835843259821,-0.5625597655159189,-0.280923818810062,-0.5688767519381852,1.0335652586534374,0.17695864218985188,-0.9999999999999986,0.17695864218985163,-0.823041357810147,3,3,0.9999999999999996,0.9869918187919849,0.04748736319680889,-0.0010063094762953195,0.12079207755702448,NO_HIT
48,3,0,0.09902861659690713,1.8181205507408364,0.044237447435612115,0.0,-1.3217678419906438,-1.290722504270559,-0.9102323486715915,-0.38049015559896565,-0.9169901901160145,1.9580015807620474,0.25718286554051084,-1.0,0.25718286554051084,-0.7428171344594892,3,3,0.9999999999999999,0.9753622121571018,0.045412497610349954,-0.00138733938425184,0.09750088662247705,NO_HIT
49,3,1,0.058456331836606146,1.4693990687851808,0.002581995919662837,0.0,-0.3465105972989707,-0.3459307811327115,-0.23326693270723758,-0.11266384842547417,-0.23362746613973112,1.6787765710888183,0.21766634170961782,-1.0000000000000004,0.2176663417096179,-0.7823336582903826,3,3,1.0,0.9983219437992417,0.013171034312033479,-3.195799227495577e-05,0.04768965053669749,NO_HIT
50,3,2,0.039999999999999925,1.399552619322752,0.00651389684794553,0.0,-4.061717555512192,-4.276315670485734,-3.5960623959693323,-0.6802532745164014,-2.2378506598147285,2.6601519475841275,0.23471010439359677,-1.0,0.23471010439359677,-0.7652898956064033,3,3,0.9999999999999998,0.6635963696618965,0.04809481465390891,-0.004989968976524484,0.037388828632523075,NO_HIT
51,3,3,0.10755922550438313,1.7353347153710486,0.02305036019791924,0.0,-0.19596582482131225,-0.19578337231074944,-0.13050323781019002,-0.06528013450055703,-0.13062345024343117,0.3739967786897708,0.05984720464949205,-1.0,0.05984720464949205,-0.940152795350508,3,3,1.0,0.9990673188179855,0.07644587218576299,-0.0008718966867413691,0.09936743971634221,NO_HIT
52,3,0,0.09403452643120472,1.6298377213782271,0.011120221021290401,2.220446049250313e-16,-0.0669535846956636,-0.06695021825481988,-0.04462080509367063,-0.022329413161149336,-0.04462300016189428,0.2857354045981753,0.042103399058350206,-1.0000000000000002,0.04210339905835021,-0.95789660094165,3,3,0.9999999999999999,0.9999496767708271,0.08513686196656238,-0.0007829923318967147,0.0903031869188177,NO_HIT
53,3,1,0.002335026635039832,0.6971804244212835,1.5074185232990232e-05,0.0,-0.3482244928237293,-0.34695873257917587,-0.23466724514150136,-0.11229148743767543,-0.23546180852667065,1.391114547474754,0.05877099717251497,-0.9999999999999994,0.05877099717251494,-0.9412290028274846,3,3,0.9999999999999999,0.9963553858143185,0.003155753961564915,-1.743201141990447e-06,0.0019154819644656507,NO_HIT
54,3,2,0.039999999999999813,1.76573745728507,0.019199999999999974,0.0,-3.9252683245466544,-2.943728688925763,-2.607613853292116,-0.336114835633647,-2.205922309365165,4.232700599087877,0.29048443213901004,-1.0000000000000018,0.29048443213901054,-0.7095155678609912,3,3,0.9999999999999996,0.42776288375919985,0.04560879003520942,-0.003076987284080124,0.034228136588953406,NO_HIT
55,3,3,0.14057675813172815,1.9793037170014496,0.05669651057924953,1.1102230246251565e-16,-0.6902701583279836,-0.6806144504722393,-0.4585158042533241,-0.22209864621891473,-0.46386139970954127,1.136953667801597,0.19984864783795764,-0.9999999999999991,0.19984864783795747,-0.8001513521620416,3,3,0.9999999999999999,0.9856765369968316,0.06861144444974997,-0.0017752304690104026,0.13449079350443244,NO_HIT
56,3,0,0.14033612017074681,1.7291318639944424,0.017258847783143797,2.220446049250313e-16,-0.09340109029284499,-0.09338680874257527,-0.06219387333995588,-0.03119293540261925,-0.062203076600864805,0.4176749773978958,0.0740772926595631,-0.999999999999999,0.07407729265956303,-0.9259227073404359,3,3,0.9999999999999998,0.9998464347896613,0.06725594817166204,-0.00048766786584208965,0.12661362287501288,NO_HIT
57,3,1,0.023831122606614352,1.0529409122889428,0.0011128335023683524,0.0,-0.8140540579946182,-0.8101700336892788,-0.5366459323283067,-0.2735241013609717,-0.539065474756127,1.2463366539589718,0.10377991376456071,-0.999999999999999,0.10377991376456061,-0.8962200862354384,3,3,1.0000000000000002,0.9951607946479287,0.01769889167525311,-0.00013040270864284054,0.01982971563252489,NO_HIT
58,3,2,0.039999999999999813,1.7114815758677997,0.01278845369854658,2.220446049250313e-16,-3.7670856564809703,-3.463519301055418,-2.3989125399051705,-1.064606761150242,-2.054224804330248,3.685211756707981,0.3135259161130174,-0.9999999999999991,0.3135259161130171,-0.6864740838869821,3,3,0.9999999999999997,0.8267876017728741,0.03227904718980539,-0.0018217791807875194,0.03574773769563139,NO_HIT
59,3,3,0.13204829079475855,1.9644800617442129,0.04154669507500116,0.0,-1.2242889251402966,-1.1946170815667525,-0.7841859619962512,-0.4104311195705006,-0.799874437334297,0.990802654780244,0.1819887779747344,-1.0000000000000009,0.18198877797473456,-0.8180112220252663,3,3,1.0,0.9729532513768222,0.06062950339221315,-0.002299323976321599,0.11438208739454059,NO_HIT
60,3,0,0.18307352969712454,1.8558412198363612,0.03688646316328228,2.220446049250313e-16,-0.16911351032895827,-0.16863080052339188,-0.11251575776420812,-0.05611504275918522,-0.11283630514878222,0.14668245501541083,0.029963386213466947,-1.0000000000000002,0.029963386213466954,-0.9700366137865333,3,3,0.9999999999999999,0.9971398698311345,0.04981583380141699,-0.0002915519652089138,0.16371180298420862,NO_HIT
61,3,1,0.02001195336952537,1.4390803776772376,0.001099002631775568,2.220446049250313e-16,-2.127003857142336,-2.126914015047541,-1.5078876102630536,-0.6190264047844898,-1.4902796994356413,3.56104740163539,0.2538398921579965,-0.9999999999999983,0.25383989215799607,-0.7461601078420023,3,3,1.0000000000000004,0.9987450557992695,0.005423180242160758,-3.1622793033481145e-05,0.016656074394711944,NO_HIT
62,3,2,0.039999999999999813,1.536142853461112,0.01919999999999994,0.0,-3.7558121175411534,-2.8570654740972348,-2.2009348857162827,-0.6561305883809528,-2.39477691014199,3.7999003396323214,0.23874213805459327,-0.9999999999999996,0.23874213805459316,-0.7612578619454065,3,3,0.9999999999999996,0.5986165715850119,0.03498010501769642,-0.001758476034463552,0.03418463305119701,NO_HIT
63,3,3,0.10782672763061085,1.8128940081734997,0.026343036417041932,2.220446049250313e-16,-0.5152038030622147,-0.507260101983266,-0.3364150822813501,-0.17084501970191557,-0.3415164830693144,0.6043813323500176,0.10461857617197395,-0.9999999999999989,0.10461857617197384,-0.8953814238280251,3,3,1.0,0.9841924101514201,0.05005515226194179,-0.0007131932624693249,0.09480968136002188,NO_HIT
64,3,0,0.42565957088703765,2.075033734687354,0.1094966367382959,0.0,-0.03627221394757822,-0.036267085263953544,-0.024178034601691288,-0.01208905066226107,-0.024181449223826538,0.049254300309112826,0.012127587029378968,-1.0000000000000009,0.012127587029378979,-0.9878724129706219,3,3,1.0000000000000002,0.9998585827875159,0.09206238622903773,-0.0007290145024754224,0.355521675270255,NO_HIT
65,3,1,0.02559120628387146,1.472385797329021,0.01782062047565805,1.1102230246251565e-16,-2.2949409872296487,-2.2839356892279246,-1.8553270431174347,-0.42860864611048877,-1.7226486654960862,4.149404726673384,0.24400228799600046,-1.0,0.24400228799600046,-0.7559977120039996,3,3,1.0,0.9890040530993863,0.027356314981326558,-0.000875875055159625,0.02539203710484239,NO_HIT
66,3,2,0.04000000000000001,1.6908586626504802,0.017424873044818084,0.0,-1.837520663978352,-1.792862443656091,-1.1661085292098012,-0.6267539144462893,-1.1432423999526975,4.007811318357708,0.2708829115571947,-1.000000000000001,0.27088291155719496,-0.7291170884428062,3,3,1.0,0.9727860569631718,0.0244629631430889,-0.0005503599726961461,0.03583997260206817,NO_HIT
67,3,3,0.10519876607268508,1.9996756466908547,0.03511103388357104,0.0,-1.516162664115212,-1.5131067714319864,-0.9935724689161851,-0.519534302515801,-0.9840454024605197,1.1423684949768578,0.20235261576708152,-1.0000000000000004,0.2023526157670816,-0.7976473842329188,3,3,0.9999999999999998,0.9970817402274239,0.07753513122240692,-0.004808198803924135,0.0995680170013683,NO_HIT
68,3,0,0.30920673139920796,2.067974115986533,0.08884041890520604,0.0,-0.3158584827981216,-0.3137816841092978,-0.20921337460998704,-0.10456830949931151,-0.21057787291659952,0.3947373158327062,0.08868927759400536,-0.9999999999999994,0.0886892775940053,-0.9113107224059942,3,3,1.0,0.9933748868229714,0.0815929036059791,-0.001380327558597294,0.27270594300614603,NO_HIT
69,3,1,0.00010000000000005148,1.0641383922141363,8.927671042621103e-09,0.0,-5.955664996861314,-5.330802305717004,-5.077000190686992,-0.2538021150299706,-3.376304937433227,12.006478712111482,0.05837000955762591,-0.999999999999982,0.05837000955762486,-0.9416299904423572,3,3,1.0,0.017116719083992843,0.008829975337180926,-0.00020785786779886628,8.948405351599478e-05,NO_HIT
70,3,2,0.04000000000000001,1.3463485424403916,0.00914947007588145,2.220446049250313e-16,-4.263282807113612,-3.949136436341453,-3.969300556067285,0.020164119725830792,-2.3840403008088518,2.4603209022781685,0.21589201524195792,-0.9999999999999992,0.21589201524195775,-0.7841079847580414,3,3,1.0000000000000002,0.24390910765946225,0.06644657058345638,-0.008752845524174324,0.03519806056432229,NO_HIT
71,3,3,0.10438799927420679,1.9161266344809051,0.021866355041952806,0.0,-0.679931329158626,-0.6702379421407013,-0.44635622612586123,-0.22388171601484075,-0.45249639003521536,0.8626624693142262,0.15814694393513087,-1.0000000000000009,0.158146943935131,-0.8418530560648698,3,3,1.0,0.9849725788280717,0.038222463603116034,-0.0005132666128464525,0.08668759534780607,NO_HIT
72,3,0,0.38226860436728516,2.042489234353367,0.07477682444489511,0.0,-0.003879398936028662,-0.0038793262194516914,-0.0025862277846432375,-0.0012930984348071828,-0.002586276260829331,0.02055513284708928,0.004976402098549197,-1.0000000000000002,0.004976402098549198,-0.995023597901451,3,3,0.9999999999999998,0.9999812553952372,0.08131941564005052,-0.00036106527892032503,0.32201514742633647,NO_HIT
73,3,1,0.0023146656850514535,1.1538083245564001,2.0963278072579705e-05,0.0,-5.998811135927305,-5.314347849770766,-4.983163368726716,-0.3311844810440526,-2.799992361909275,4.877388894547483,0.2083141409054474,-0.9999999999999988,0.20831414090544714,-0.7916858590945517,3,3,0.9999999999999999,0.04324022098842563,0.027647579032675708,-0.0020345595856641197,0.0022750873359946855,NO_HIT
74,3,2,0.04000000000000004,1.5247161316449231,0.017980071067048322,1.1102230246251565e-16,-4.164731109214643,-3.3993587228508657,-3.1984502617004975,-0.20090846115036987,-2.645235443896115,3.238300109681426,0.2781049841176576,-1.0,0.2781049841176576,-0.7218950158823424,3,3,0.9999999999999999,0.4376071939084545,0.05779191570750572,-0.00571331467306746,0.03477938095645438,NO_HIT
75,3,3,0.096346648636018,1.8060920790764192,0.015055099515165196,0.0,-0.8097817361362719,-0.7781732446817277,-0.5170874550281905,-0.26108578965353757,-0.5376107821088844,0.5185219452661548,0.09313373378282436,-0.9999999999999991,0.09313373378282427,-0.9068662662171748,3,3,1.0000000000000002,0.9587558311029923,0.04663607628873495,-0.0008902165370594517,0.08556762240986787,NO_HIT
76,3,0,0.24113586229845577,1.981840218017768,0.05997704723803367,0.0,-0.10283669490605296,-0.10272829867532637,-0.06848128725344864,-0.03424701142187869,-0.0685529264559602,0.1644682966186526,0.03606358824613965,-1.0,0.03606358824613965,-0.9639364117538604,3,3,1.0000000000000002,0.9989447211931851,0.08426449968426859,-0.0007719145692011153,0.22264115536512052,NO_HIT
77,3,1,0.03423021020335533,1.7594085967378008,0.004756100515482493,0.0,-2.752925003948197,-2.6964034597736064,-1.7985879027842582,-0.8978155569893476,-1.8115807937588047,2.2256614246812116,0.26772237085956235,-1.0000000000000004,0.26772237085956246,-0.732277629140438,3,3,1.0,0.9584184116890448,0.015857460702144065,-0.0003411992988691104,0.028389534248198157,NO_HIT
78,3,2,0.040000000000000056,1.5867569241314268,0.005884130322679343,0.0,-2.908661931588619,-2.8854653114475814,-1.643146607657274,-1.2423187037903065,-1.5632414594621848,3.1905140290355107,0.28562477061545055,-1.0,0.28562477061545055,-0.7143752293845494,3,3,1.0,0.9882405228302716,0.031799651818011206,-0.0015051722899408482,0.03693930611119729,NO_HIT
79,3,3,0.12575329338611235,1.7290414173429038,0.0161820860131566,0.0,-0.008214565517824275,-0.008214426845570333,-0.00547582340679398,-0.0027386034387753,-0.005475915451200459,0.31694798932477797,0.05142020599213264,-0.9999999999999987,0.05142020599213257,-0.9485797940078661,3,3,0.9999999999999997,0.9999831178680618,0.06136643781141207,-0.00019915655557101175,0.11743092748770806,NO_HIT
80,3,0,0.3209884210172317,2.003290037632513,0.05806334746883246,0.0,-0.0025547185256027086,-0.002554712073240546,-0.0017031491965694653,-0.0008515628766705419,-0.001703153484914275,0.04476163883806733,0.010372334151338198,-0.9999999999999996,0.010372334151338192,-0.9896276658486614,3,3,0.9999999999999998,0.9999974743219501,0.07715131568820677,-0.0003190586558803332,0.282168551673588,NO_HIT
81,3,1,0.06013327410048432,1.766425611893063,0.01115024259575822,0.0,-3.141814776792281,-3.0650594387162853,-2.1565486744794655,-0.90851076423682,-1.9800305775273757,3.01085775267591,0.315062504698785,-1.0000000000000002,0.31506250469878505,-0.6849374953012152,3,3,0.9999999999999994,0.9505068310665568,0.0203692005077193,-0.0006424957980517565,0.05082992734625155,NO_HIT
82,3,2,0.03999999999999948,1.6391533287479312,0.007552874035534991,0.0,-2.684569878293699,-2.6832440420326606,-1.5478589153460554,-1.1353851266866024,-1.4375854194223365,3.414473609482279,0.2930932612746902,-0.9999999999999997,0.2930932612746901,-0.7069067387253096,3,3,1.0000000000000002,0.9972268895986248,0.03142769466179359,-0.0013712813301134386,0.037464014220280895,NO_HIT
83,3,3,0.11003966034977941,1.7388044816824402,0.015301840520524863,0.0,-0.04602646810858868,-0.04600006493337258,-0.030679845620451583,-0.015320219312919825,-0.03069728589360373,0.31572653694044706,0.05267116761013672,-1.0000000000000007,0.05267116761013675,-0.9473288323898639,3,3,1.0,0.9994258584519765,0.054010656044549736,-0.0001511921157995033,0.09886969667885248,NO_HIT
84,3,0,0.1669971052584712,1.9793150899170622,0.04745494174229049,0.0,-0.3262436104543257,-0.32429931791331673,-0.21627913317001635,-0.10802018474330088,-0.2175322033111181,0.5551348224293786,0.10998100810201038,-0.999999999999999,0.10998100810201027,-0.8900189918979887,3,3,0.9999999999999996,0.9939980003147296,0.08922539896795288,-0.0016991158654264815,0.1575935677422338,NO_HIT
85,3,1,0.006136775644645542,1.3465541248302095,0.0033866634533787922,0.0,-4.17805284980747,-3.1379308212300216,-2.5099270721490035,-0.628003749081019,-2.4101309942396045,3.770228480592845,0.1971263689607516,-1.0000000000000013,0.19712636896075186,-0.8028736310392495,3,3,1.0000000000000002,0.5115294802037472,0.04170931106112374,-0.002744127507357863,0.005561000107212943,NO_HIT
86,3,2,0.04000000000000006,1.7837749661391353,0.0192,1.1102230246251565e-16,-4.309060826664643,-3.4914006121779053,-4.005843925188953,0.5144433130110457,-2.452526556954886,4.0231335461365765,0.3436033824005916,-1.0000000000000004,0.34360338240059174,-0.6563966175994087,3,3,0.9999999999999999,0.2703522985856904,0.07912520611565542,-0.010992422893227216,0.035451663344090445,NO_HIT
87,3,3,0.09803589750432033,1.7810035413169696,0.01696446391143916,0.0,-0.22491313761895745,-0.22442936598595714,-0.14967344899896445,-0.0747559169869918,-0.14999228180107824,0.6374298979587961,0.09998661312983108,-0.9999999999999999,0.09998661312983106,-0.9000133868701689,3,3,0.9999999999999999,0.9978442719989989,0.05236741202883374,-0.00038426740858055197,0.09000620620400866,NO_HIT
88,3,0,0.2158793563859262,1.992315294520267,0.06268652123093173,2.220446049250313e-16,-0.4994261256797968,-0.491944653569481,-0.3288139838662679,-0.16313066970321466,-0.33362437212665225,0.6205664485714417,0.12736326387161534,-1.0000000000000004,0.1273632638716154,-0.8726367361283851,3,3,1.0000000000000002,0.9847616834612765,0.07346923820074737,-0.001577043224152419,0.19954641684284835,NO_HIT
89,3,1,0.0005484598747790784,1.5119763787186553,6.1035151135660635e-05,2.220446049250313e-16,-0.036967190902512256,-0.03696230434250324,-0.024644037337680443,-0.01231826700482297,-0.024647280089983722,5.453375211999253,0.09844260635128214,-1.0000000000000009,0.09844260635128223,-0.9015573936487187,3,3,0.9999999999999998,0.9998678005790884,0.03533767978154478,-3.916179336749259e-05,0.0005037439846113864,NO_HIT
90,3,2,0.03999999999999999,1.7791282289253012,0.01919999999999998,0.0,-4.3633041964102635,-3.550058277150593,-4.079952584262036,0.5298943071114375,-2.4689695412957904,3.9673606107855584,0.3458254707241473,-1.0000000000000002,0.3458254707241474,-0.6541745292758528,3,3,0.9999999999999998,0.35432518773017974,0.07505221207586282,-0.010062623015548722,0.03574550352219796,NO_HIT
91,3,3,0.18614073664398761,1.8919242827342693,0.0450535771053965,1.1102230246251565e-16,-0.19181854256365813,-0.1917438726719381,-0.1277598572027973,-0.06398401546914156,-0.12780749074568168,0.7819794697904666,0.15301497513813794,-0.9999999999999993,0.15301497513813783,-0.8469850248618616,3,3,1.0,0.9996047009615093,0.05887470738192403,-0.0004708517164595527,0.15758210537617945,NO_HIT
92,3,0,0.12165892815173363,1.4249629883965056,0.005298320211252328,0.0,-0.08192748210338033,-0.08187344388080527,-0.05467071335175903,-0.02720273052904676,-0.05470664702179972,0.14986669332828656,0.023310022014008065,-0.9999999999999994,0.02331002201400805,-0.9766899779859914,3,3,1.0,0.9993401125752174,0.025089522766696154,-4.03041987133701e-05,0.09996675622342333,NO_HIT
93,3,1,0.0012742781165711618,1.4028233337737892,0.0001432393250863215,0.0,-1.755708115463496,-1.7109631820032754,-1.1334296397421693,-0.577533542261107,-1.161658734698913,3.9793510470729223,0.13493166583492516,-1.0000000000000013,0.13493166583492533,-0.865068334165076,3,3,1.0000000000000002,0.9737013387398312,0.004676551274746875,-1.8765258846142885e-05,0.0011067100814399536,NO_HIT
94,3,2,0.04000000000000015,1.7041505840359403,0.01754877727408989,0.0,-2.896614549627107,-2.692729051888776,-1.767011081024828,-0.9257179708639502,-1.7042705944594454,3.882373085425462,0.2921869134605784,-1.0000000000000027,0.2921869134605792,-0.7078130865394234,3,3,1.0,0.9128376973538813,0.02526276044344641,-0.0008703500675841802,0.035378912930754014,NO_HIT
95,3,3,0.18684399533610926,1.7249841007419477,0.01667905087266451,0.0,-0.0858689777210664,-0.08579217323182177,-0.057249138305497584,-0.028543034926324262,-0.05730017425099846,0.15205239600929044,0.030268373810624485,-0.9999999999999991,0.030268373810624458,-0.9697316261893747,3,3,0.9999999999999997,0.9991050052163243,0.04227632117237696,-0.00012859045645030598,0.163453031838501,NO_HIT
96,3,0,0.22133247204218479,1.907150261480387,0.03538212117254701,0.0,-0.1393267041583746,-0.13917999224777383,-0.09279187310032343,-0.046388119147452,-0.09288861645035534,0.1489046503639733,0.03270505317735961,-0.9999999999999989,0.032705053177359576,-0.9672949468226393,3,3,0.9999999999999997,0.9989444587890887,0.05953130458095536,-0.00037373633187454125,0.1899769378186253,NO_HIT
97,3,1,0.0005458517329505613,1.6406482705237349,0.00016096374005556156,0.0,-0.09802352568217661,-0.09796905567767528,-0.0641116848282409,-0.03385737084943463,-0.06387424487621188,5.47288545902567,0.10372951406575472,-1.0000000000000198,0.10372951406575677,-0.896270485934263,3,3,0.9999999999999996,0.9994153603705394,0.050948542590168705,-0.00019150478583584984,0.0005209531813427232,NO_HIT
98,3,2,0.03999999999999987,1.5082162659821012,0.01919999999999999,0.0,-0.45258624629928074,-0.4510229042377431,-0.30062269609591963,-0.1504002081418232,-0.30155807685463515,4.377346435524884,0.1848959945788496,-0.9999999999999986,0.1848959945788493,-0.8151040054211492,3,3,1.0,0.9965289560949239,0.02395393269826415,-0.00014505446908641417,0.03623072328350174,NO_HIT
99,3,3,0.13441797627052468,1.9550844589237237,0.0410482704341417,0.0,-0.062641352644085,-0.06262323684735575,-0.041709305360570645,-0.02091393148678633,-0.041719841075717676,1.3673739854050024,0.21691273442278292,-0.9999999999999996,0.21691273442278283,-0.7830872655772168,3,3,0.9999999999999999,0.9997106099321791,0.08127003939235342,-0.000572997205440462,0.13190184035813196,NO_HIT
100,3,0,0.3104974947480964,1.9510570236371656,0.04398411882667117,0.0,-0.00941466821170792,-0.009414405081050582,-0.006276422055604135,-0.0031379830254458785,-0.006276597427388359,0.03327709408801458,0.007533520623250146,-0.9999999999999993,0.007533520623250141,-0.9924664793767491,3,3,1.0,0.999972050459127,0.06885486454802893,-0.00023723222760585472,0.27032368560763,NO_HIT
101,3,1,0.02657124352643354,1.0539850788550353,0.0018786096187172825,0.0,-1.9507047120330636,-1.9310621542864153,-1.2418103688244224,-0.6892517854619905,-1.252047175003846,2.102105404052962,0.15084858319124475,-1.0000000000000002,0.15084858319124478,-0.8491514168087555,3,3,0.9999999999999999,0.9891259090683843,0.028531234618987808,-0.0008055741061632204,0.024938501820203577,NO_HIT
102,3,2,0.03999999999999997,1.434521525681878,0.011095901825232539,0.0,-4.172963531169747,-3.6750964870618152,-3.7632237757816873,0.08812728871987102,-2.730005135791544,2.926043785175217,0.24969710809461992,-1.0000000000000004,0.24969710809462003,-0.7503028919053805,3,3,1.0000000000000002,0.1762133928984873,0.07535885648918933,-0.010483711709777799,0.03771233394118975,NO_HIT
103,3,3,0.19556103948868164,1.9921762302496455,0.06783417071411867,0.0,-0.6706885283979527,-0.6668736651673255,-0.4441073652023376,-0.22276629996498643,-0.4465028480488286,1.0298724806735942,0.1921063131702727,-1.0000000000000004,0.1921063131702728,-0.8078936868297276,3,3,0.9999999999999998,0.9938739400378138,0.06287160892158984,-0.0014655094829174597,0.16686480678442103,NO_HIT
104,3,0,0.09962600723471748,1.8990890956320903,0.024616419811230892,1.1102230246251565e-16,-0.7278824111012342,-0.7252655316533424,-0.48538226542228535,-0.23988326623105682,-0.48674310574871515,1.7550925330999287,0.24864836397569043,-1.0,0.24864836397569043,-0.7513516360243095,3,3,1.0,0.99603639181022,0.032656771413036224,-0.0004051639390754147,0.0851032633441402,NO_HIT
105,3,1,0.03301942637624444,1.4436763120332006,0.0021665863389816703,0.0,-2.9540150800038836,-2.9466615830798624,-2.375365573548341,-0.5712960095315167,-2.061103138103414,4.362397145927891,0.26743903888666826,-0.9999999999999989,0.267439038886668,-0.7325609611133309,3,3,1.0000000000000002,0.9968205229414765,0.009849929791435863,-0.00014466879521424225,0.030331930600384083,NO_HIT
106,3,2,0.04000000000000012,1.4592267493524562,0.006288583317661964,0.0,-2.594447097570743,-2.6011091309228807,-1.5229055564497092,-1.0782035744731697,-1.465968284979708,2.7823412891357324,0.25159451642296243,-1.0000000000000004,0.25159451642296254,-0.748405483577038,3,3,1.0000000000000002,0.9984532218206257,0.029204272864571813,-0.0011442556619147837,0.03626607487930541,NO_HIT
107,3,3,0.21834529783912882,1.811769691302071,0.03342938385247216,0.0,-0.08843047839173895,-0.08837821311616248,-0.05901021438408524,-0.029367998732077183,-0.05904446760171298,0.5225852216117846,0.09918402951675906,-1.0000000000000004,0.0991840295167591,-0.9008159704832414,3,3,1.0000000000000004,0.9994082310820187,0.047565830056540304,-0.00016848492897558742,0.17778701594166435,NO_HIT
108,3,0,0.20475196394721817,1.9976268891816358,0.06713838127936453,0.0,-0.32013060819615113,-0.31740218538340226,-0.21166107065824347,-0.1057411147251579,-0.21343940248857848,0.40445863333097354,0.08506057857567413,-0.9999999999999986,0.085060578575674,-0.9149394214243245,3,3,1.0000000000000002,0.9914013667498467,0.08520213072811379,-0.0015683035482374486,0.18528380211044093,NO_HIT
109,3,1,0.0027124814454514423,0.8238889493981829,3.319838284880275e-05,1.1102230246251565e-16,-13.031683303493883,-19.742477819681067,-4.112257319665298,-15.630220500015604,-2.525880226073163,11.620861675804392,0.0646066694321058,-0.9999999999999998,0.06460666943210579,-0.935393330567894,3,3,1.0000000000000002,0.975588508520744,0.012545303239702177,-0.0015574573635381839,0.0025650104601888657,NO_HIT
110,3,2,0.039999999999999925,1.2379227058870006,0.003558160967742,0.0,-1.3476799052870965,-1.3184260665609444,-0.9178153606298749,-0.4006107059310702,-0.9298143999904985,1.7441417822990606,0.17173221995396576,-1.0000000000000002,0.1717322199539658,-0.8282677800460344,3,3,1.0,0.9777975642901194,0.024686370729445576,-0.0004159449362113321,0.03642547693480247,NO_HIT
111,3,3,0.13608598989964293,1.8073266477571157,0.0410480961253822,0.0,-0.20008320690718118,-0.19986449574329443,-0.13326898905371354,-0.06659550668958181,-0.13341380727720262,0.6011867017324488,0.10042231557984103,-0.9999999999999996,0.10042231557984099,-0.8995776844201586,3,3,0.9999999999999999,0.9989019726238911,0.06494558746396024,-0.0005882337959797201,0.1288507507929868,NO_HIT
112,3,0,0.2670899287389932,1.9188146743259717,0.04321083631148695,2.220446049250313e-16,-0.018227188636441845,-0.018226083395224222,-0.012149301636481862,-0.006076781758741268,-0.012150035527416668,0.12540414767711167,0.027341819078337104,-0.9999999999999987,0.02734181907833707,-0.9726581809216616,3,3,0.9999999999999999,0.9999393590788832,0.08416669914687325,-0.0006117663857734268,0.24903070314388798,NO_HIT
113,3,1,0.00016447160207522238,0.8960315952902853,6.924975294627089e-06,0.0,-6.815831620696962,-6.7821998910545815,-3.399197042870396,-3.3830028481842045,-2.136427266603934,10.416006691103624,0.054035102989616,-0.9999999999999969,0.054035102989615835,-0.9459648970103811,3,3,1.0000000000000002,0.9881834809151184,0.012220403075446029,-0.0005058665550617958,0.0001475105261181664,NO_HIT
114,3,2,0.040000000000000036,1.6607359944086078,0.01919999999999994,1.1102230246251565e-16,-2.034483488717264,-1.947405422249054,-1.3039370264696786,-0.6434683957793756,-1.352220992188275,4.498765815884107,0.2190514533444916,-1.0000000000000002,0.21905145334449166,-0.7809485466555086,3,3,1.0,0.9538515659540089,0.02196404401784145,-0.0004774210699802772,0.034697510547563426,NO_HIT
115,3,3,0.13808078793817802,1.9479683403583914,0.03692942057040517,0.0,-0.7452637782259472,-0.7369306390715817,-0.4836316483084181,-0.2532989907631633,-0.48822888443990137,0.9432625701364599,0.17885526530677764,-0.999999999999999,0.17885526530677748,-0.8211447346932215,3,3,0.9999999999999997,0.9884636066928747,0.06348710387636498,-0.0016250237495192277,0.12189332334898767,NO_HIT
116,3,0,0.11493445480724797,1.554956889657877,0.01153911277346515,0.0,-0.18011124210640336,-0.1798916368911714,-0.12071772462063589,-0.059173912270535034,-0.12085837062297905,0.8918976977317373,0.1442310339356705,-1.0000000000000004,0.14423103393567055,-0.85576896606433,3,3,1.0000000000000002,0.9987783898407407,0.025374799181387575,-7.110404750165777e-05,0.09470395053946924,NO_HIT
117,3,1,9.999999999998899e-05,1.1229129308599792,5.596324212097013e-05,0.0,-4.935183101416927,-4.101953631708752,-4.266300408497781,0.16434677678904225,-3.5882942376917195,7.7975911765716,0.19217459962249986,-0.9999999999999991,0.1921745996224997,-0.8078254003774994,3,3,0.9999999999999998,0.10187137924041002,0.015255621500817499,-0.00047744660266646477,8.712280328038169e-05,NO_HIT
118,3,2,0.039999999999999675,1.7861171635119195,0.01919999999999999,0.0,-4.084558281240181,-3.4830272925853074,-3.607985047975074,0.12495775538976377,-2.253312033510171,4.219362300266616,0.30608854546072267,-0.9999999999999998,0.3060885454607226,-0.6939114545392772,3,3,1.0000000000000002,0.142303613255761,0.09371217311569464,-0.01539436466435351,0.037741263319262544,NO_HIT
119,3,3,0.15813570304012833,1.7169752286030917,0.01575232040209025,0.0,-0.04930582641607508,-0.04929203197734203,-0.03286452923332156,-0.016427502744020606,-0.032873695908654015,0.16826821480107926,0.0296226185608097,-0.9999999999999987,0.029622618560809662,-0.9703773814391891,3,3,1.0000000000000002,0.9997200746897673,0.055919698865067605,-0.00017942704879447824,0.14904253084562138,NO_HIT
120,3,0,0.25595889929483767,1.9484809029763355,0.04925823063403744,2.220446049250313e-16,-0.31438606325097085,-0.31212872154829924,-0.20810006796991976,-0.10402865357837987,-0.2095980624072504,0.19440332296596446,0.04267019536686023,-0.9999999999999998,0.042670195366860224,-0.9573298046331395,3,3,0.9999999999999999,0.9927709955093419,0.07292859179737131,-0.0010829581659714815,0.23110574915078944,NO_HIT
121,3,1,0.24922450795150008,1.9399212073147996,0.04931901779990096,2.220446049250313e-16,-0.0035962462744372203,-0.003596224559488121,-0.002397503485195412,-0.00119872107429142,-0.0023975179532162195,0.106545454842273,0.022723393599209937,-1.0000000000000013,0.022723393599209968,-0.9772766064007914,3,3,0.9999999999999999,0.9999939616761935,0.08204777959841275,-0.0003960330080488017,0.24446182899277313,NO_HIT
122,3,2,0.040000000000000015,1.5118622444539898,0.0192,0.0,-3.7010190849032365,-2.926861796318771,-2.159995381204351,-0.7668664151144187,-2.387700352548932,3.494697638813527,0.2543257521556176,-0.9999999999999983,0.25432575215561715,-0.7456742478443812,3,3,0.9999999999999998,0.6862074738558112,0.028003606475249673,-0.0011553991707931033,0.034247814649403296,NO_HIT
123,3,3,0.11348069120158641,1.750456822618701,0.017245488939718175,0.0,-0.09234635850492781,-0.09229986439245014,-0.06157542919276922,-0.030724435199679823,-0.06160608414649207,0.36303258291399637,0.06200977075258671,-0.9999999999999998,0.06200977075258669,-0.937990229247413,3,3,1.0,0.9994961396294673,0.04039893940557119,-0.00012138242787140818,0.10306324531721345,NO_HIT
124,3,0,0.14674117766058023,1.6775139335280276,0.017939457916118347,0.0,-0.13775403869159045,-0.13758001532713315,-0.09171245696902351,-0.04586755835811207,-0.09182809205903654,0.13829454736896157,0.02470745113894755,-0.9999999999999994,0.024707451138947536,-0.9752925488610519,3,3,1.0000000000000002,0.9987353223772593,0.06392877208876624,-0.0004684781618840006,0.13721738006221815,NO_HIT
125,3,1,0.028974570704638068,1.0704574329371752,0.007437459057290818,0.0,-0.43967480195154585,-0.4392654983391316,-0.33421651730710855,-0.10504898103202653,-0.3325117844212002,3.8569729750718564,0.1764512332542569,-1.0000000000000002,0.17645123325425693,-0.8235487667457433,3,3,0.9999999999999998,0.9989660904941188,0.017151304797052836,-7.117645934129335e-05,0.028949018273904253,NO_HIT
126,3,2,0.03999999999999959,1.1115409344902,0.0008168030181688753,0.0,-0.032258355903804124,-0.03225786735014004,-0.0214744383327939,-0.010783429017344304,-0.02147475178658817,0.8733769555796163,0.09368381969463103,-0.9999999999999996,0.093683819694631,-0.9063161803053685,3,3,1.0000000000000002,0.9999848539661098,0.037891320045275546,-0.0004188984329331902,0.038052962440648486,NO_HIT
127,3,3,0.14173950405030436,1.7218127123062845,0.01825418160446925,0.0,-0.026198371933442807,-0.026197266875470263,-0.01746522942739912,-0.008732037448070162,-0.01746596437433177,0.18623901362398623,0.03266191908111973,-0.9999999999999999,0.03266191908111972,-0.9673380809188802,3,3,0.9999999999999999,0.9999578126314628,0.05792674172835604,-0.00017504770281462356,0.1281501459126112,NO_HIT
128,3,0,0.40067635507456806,2.064568908002893,0.09615264953194945,0.0,-0.0032316625637129432,-0.0032316517066844795,-0.0021544381399529575,-0.0010772135667291849,-0.0021544453579287965,0.052914302907463615,0.012959259384597785,-1.0000000000000013,0.012959259384597802,-0.9870407406154035,3,3,1.0000000000000002,0.9999966403992551,0.08571255420776032,-0.00045701174342882567,0.33067740202227114,NO_HIT
129,3,1,0.005145289363247112,1.8509262004374618,0.0014726767691164645,0.0,-1.2642810627362215,-1.2499250106860509,-0.8361931267327326,-0.4137318839533164,-0.8223023385873844,3.3861750654721057,0.22264640370653463,-0.9999999999999999,0.2226464037065346,-0.7773535962934652,3,3,1.0,0.984258056818917,0.03488983777775841,-0.0007736396198432249,0.004771672638806167,NO_HIT
130,3,2,0.04000000000000001,1.6202494207208653,0.018249790663809072,0.0,-3.0830683321966155,-2.8409281425713417,-1.8767065013326727,-0.964221641238673,-1.8848286632437414,3.568871130109483,0.28830776923397883,-1.000000000000002,0.2883077692339794,-0.7116922307660226,3,3,1.0,0.8932929755436599,0.025030408280951794,-0.0008998785541018961,0.034900647600513146,NO_HIT
131,3,3,0.1461259964769588,1.6951004221140842,0.01566000270496274,2.220446049250313e-16,-0.0007241383588528673,-0.0007241383240194774,-0.00048276049765374817,-0.00024137782636413085,-0.00048276052067645485,0.08897020776728246,0.015028581649533248,-1.0000000000000004,0.015028581649533254,-0.9849714183504672,3,3,0.9999999999999997,0.9999999518962915,0.06197210939917457,-0.0001576830219414127,0.14333735561980473,NO_HIT
132,3,0,0.08840414867745873,1.8419466329837078,0.016159980963474672,0.0,-1.2487235858209096,-1.2487569111413597,-0.8502798290300799,-0.3984770821112784,-0.8456230811816866,2.0631420533475358,0.2721677299250076,-1.0000000000000009,0.2721677299250078,-0.7278322700749931,3,3,1.0,0.9988402648932873,0.025136903504308746,-0.0004041079863268404,0.07463244002559749,NO_HIT
133,3,1,0.00026150058019391853,1.2639916064952534,0.0002491586242477083,2.220446049250313e-16,-13.154276261984256,-23.713467777637167,-5.6640445090259455,-18.049423268613502,-2.2875151672258807,14.675759298083001,0.04125119665491307,-0.9999999999999993,0.041251196654913044,-0.9587488033450863,3,3,1.0,0.9356362370896908,0.003336831105581048,-0.0001322140941366623,0.00024999662402458434,NO_HIT
134,3,2,0.039999999999999925,1.431626559197268,0.016272803113641023,0.0,-0.8087947295712873,-0.8063392208438428,-0.5239002673439902,-0.2824389534998517,-0.5135681786460747,3.33600817156314,0.21530436786472704,-0.9999999999999989,0.2153043678647268,-0.784695632135272,3,3,1.0,0.9965812141135135,0.029088982482272614,-0.0003753235233372454,0.03818880826151838,NO_HIT
135,3,3,0.12937842207021089,1.717637055341418,0.021468867952022113,0.0,-0.12998432096751203,-0.12978202833442748,-0.08649049744679685,-0.043291530887630936,-0.0866235222555829,0.19998380891329445,0.034940623495397775,-1.0000000000000013,0.034940623495397824,-0.9650593765046035,3,3,0.9999999999999999,0.998441806197973,0.05057953363213578,-0.00027653767151236686,0.1200984708833377,NO_HIT
136,3,0,0.08821189622450111,1.5883185942946774,0.010282756468408528,0.0,-0.015635275149429306,-0.01563423449776239,-0.01042338123970331,-0.005210853258058923,-0.010424074810503696,0.05786718687877633,0.008014973074973664,-1.0,0.008014973074973664,-0.9919850269250263,3,3,1.0,0.9999334388906677,0.06113711512130703,-0.00016415847961126495,0.086286535908646,NO_HIT
137,3,1,0.007518953563465658,1.560827946830035,0.001440726121124754,0.0,-0.09256971562690475,-0.09255191791959416,-0.061719901175533144,-0.03083201674406233,-0.061731421448629045,2.4643077405092417,0.13784755401231863,-1.0000000000000009,0.13784755401231874,-0.8621524459876821,3,3,0.9999999999999999,0.9998075952804002,0.011392496636725284,-7.6096054690832915e-06,0.006965509934449443,NO_HIT
138,3,2,0.039999999999999966,1.1557614368395464,0.013414818572190648,0.0,-0.628497290052634,-0.6261776686686914,-0.41741447265524206,-0.20876319601345017,-0.41888754863038064,2.7072346399605336,0.11157643835571035,-1.0000000000000002,0.11157643835571038,-0.8884235616442898,3,3,1.0,0.9962493637394774,0.02665071880823304,-0.0002379331772304205,0.03582878012102904,NO_HIT
139,3,3,0.1585048190520496,1.751964001497769,0.019755557146356333,0.0,-0.3977404661032016,-0.39257803815096026,-0.2614775621596264,-0.13110047599133368,-0.2648882000057637,0.27063673337189287,0.04971333915686373,-1.0000000000000007,0.04971333915686377,-0.9502866608431368,3,3,1.0000000000000002,0.9868379952800613,0.07826824225713758,-0.001570603882107502,0.14791492199547174,NO_HIT
140,3,0,0.13016907400937408,1.5503584155242525,0.009415567719108243,0.0,-0.06310631254688381,-0.06309849392528688,-0.04207851179986345,-0.021019982125425662,-0.04208369097120626,0.0583449101797103,0.009635223733321992,-1.0,0.009635223733321992,-0.990364776266678,3,3,1.0000000000000002,0.9998760367063374,0.042226175507915825,-0.00011017847622896149,0.11661321778344418,NO_HIT
141,3,1,0.0005343368952798525,1.2537090768943249,4.462821951514222e-05,0.0,-6.311773624016461,-9.924195056844072,-4.640321257902276,-5.28387379894181,-2.7362784260628277,6.6267038106309775,0.2611105406684888,-0.9999999999999993,0.26111054066848866,-0.7388894593315107,3,3,1.0,0.9106976731388436,0.006910043241379751,-0.00023698035176611398,0.0004973362321050576,NO_HIT
142,3,2,0.039999999999999813,1.7178632040826791,0.0192,0.0,-4.1408843010533145,-3.6706540285972333,-3.3957438755226628,-0.27491015307457367,-2.4184691503507367,3.806516180180905,0.32095573793216303,-1.0000000000000009,0.3209557379321633,-0.6790442620678376,3,3,0.9999999999999999,0.5460948900113033,0.05062361581377454,-0.004737837529433797,0.035519643402950954,NO_HIT
143,3,3,0.07812212850587741,1.8883723868350286,0.018278498432060034,0.0,-0.18510822148666004,-0.18460639693729258,-0.12300310325791255,-0.06160329367937978,-0.12332273875123226,1.2488095526536163,0.1872186877360412,-1.0000000000000002,0.18721868773604122,-0.812781312263959,3,3,0.9999999999999998,0.997271666459984,0.05721376274238643,-0.00039177240657406465,0.06997787938941691,NO_HIT
144,3,0,0.21367973390890813,1.9173422686276156,0.04608811935656509,0.0,-0.1425824719031214,-0.14236711237422273,-0.09501869231388717,-0.04734842006033646,-0.09515987041287619,0.42136853186802586,0.09101157479462854,-0.9999999999999989,0.09101157479462844,-0.9089884252053705,3,3,0.9999999999999999,0.9984863295921841,0.05633099837347038,-0.0003418462878788109,0.18530438426993792,NO_HIT
145,3,1,0.11922597896213005,1.9826603906379234,0.043436103106309534,2.220446049250313e-16,-1.0102472588144618,-0.9909357090596704,-0.6658094278379781,-0.3251262812216926,-0.6759876169704359,0.9966783802268258,0.17921319766309107,-1.0000000000000004,0.17921319766309116,-0.8207868023369093,3,3,0.9999999999999997,0.9800633639535904,0.08113454059084135,-0.003532976162124335,0.11245209792251243,NO_HIT
146,3,2,0.0399999999999997,1.5154465568731552,0.009208051701485729,1.1102230246251565e-16,-2.430555023316866,-2.4111757452363136,-1.4498532311360723,-0.9613225141002424,-1.3943910078018604,3.063703327625707,0.26595319213339863,-1.0,0.26595319213339863,-0.7340468078666014,3,3,0.9999999999999998,0.9887496661804228,0.02735356234987792,-0.0009273836447916128,0.03611649606978129,NO_HIT
147,3,3,0.10992381366296151,1.9115420757646477,0.031125010610661665,0.0,-0.3949122407399095,-0.394841620005881,-0.26285626459987566,-0.13198535540600598,-0.2628740772311198,0.986197638965435,0.16837366839204998,-1.0000000000000013,0.1683736683920502,-0.8316263316079511,3,3,1.0,0.9997471210014915,0.054738450930684024,-0.0006838449234749522,0.09611004256987542,NO_HIT
148,3,0,0.4227591005849153,2.068203986065872,0.09621383231457512,0.0,-0.0051551536640964575,-0.0051551252721647855,-0.0034367523540912606,-0.001718372918074751,-0.0034367712717644086,0.012145799720723988,0.0030016725233180924,-1.0000000000000027,0.0030016725233181,-0.9969983274766846,3,3,1.0,0.999994492491605,0.09217358980990031,-0.0006045899812248123,0.3683510988967107,NO_HIT
149,3,1,0.024111818558652853,1.4557549129967644,0.008525455660284864,0.0,-0.6682058367016064,-0.6661739967614414,-0.4439204183818453,-0.22225357837959603,-0.4451275488183059,1.3551114446714874,0.11556394552646775,-0.9999999999999999,0.11556394552646773,-0.8844360544735321,3,3,1.0,0.9968894314135738,0.017283815798035406,-0.00010522867033224692,0.02152370639574075,NO_HIT
150,3,2,0.039999999999999994,1.177654407266164,0.003975060868935822,1.1102230246251565e-16,-0.40606102429980173,-0.4039247381028104,-0.2707544472094684,-0.1331702908933381,-0.27021071923275125,1.6256061658370193,0.13356855924624006,-1.0000000000000004,0.13356855924624012,-0.8664314407537603,3,3,0.9999999999999999,0.9947009205826722,0.02831494342928091,-0.00019401392855411537,0.03803310210549623,NO_HIT
151,3,3,0.15338654007350683,1.7290989603815063,0.019866234657163587,0.0,-0.19050889486556935,-0.1902321919324896,-0.12675204828800207,-0.06348014364448717,-0.12693502143870167,0.20505155255280366,0.036828442576148084,-0.9999999999999999,0.03682844257614808,-0.9631715574238519,3,3,1.0000000000000002,0.9985449162806342,0.07465876100507275,-0.0008538254232179909,0.14219824419507865,NO_HIT
152,3,0,0.12725492764562077,2.019676539616678,0.061550997022577485,2.220446049250313e-16,-2.0357725258239383,-1.915949219063878,-1.3024846518682691,-0.6134645671956097,-1.3532612692614256,1.4209512260803856,0.2393200137282469,-0.9999999999999998,0.23932001372824685,-0.7606799862717529,3,3,0.9999999999999999,0.9322598606373799,0.06524745106434039,-0.00421460624474479,0.12027555780326891,NO_HIT
153,3,1,0.05475276177968902,1.8798117265568084,0.028720383035354395,1.1102230246251565e-16,-1.3288461339043185,-1.325288821657256,-0.918356443993735,-0.4069323776635225,-0.9016682418878302,2.343318968365887,0.2742294356761029,-0.9999999999999999,0.27422943567610286,-0.725770564323897,3,3,1.0,0.9940374892864764,0.04912484501472624,-0.001668614752672548,0.05254863494457074,NO_HIT
154,3,2,0.040000000000000015,1.6789413089917167,0.0192,1.1102230246251565e-16,-0.7906554164755699,-0.7856624734034932,-0.5207552326774578,-0.26490724072603733,-0.5205072940163944,4.423189798387024,0.2275806454059456,-1.0000000000000013,0.2275806454059459,-0.7724193545940554,3,3,0.9999999999999998,0.9934671777680906,0.024173076051591205,-0.000245201799236483,0.03619293924119549,NO_HIT
155,3,3,0.130147746117276,1.9982042492705645,0.04252097062462029,0.0,-0.6944379087406298,-0.6936095479093597,-0.4614318005225194,-0.23217774738684116,-0.46169410096407176,1.1171488073045266,0.20082386548308767,-1.0000000000000009,0.20082386548308784,-0.799176134516913,3,3,1.0,0.9982544522853202,0.05820946354478788,-0.0012776319221345922,0.11067765538733451,NO_HIT
156,3,0,0.17436246033682812,1.8034145874401712,0.03300921715142134,2.220446049250313e-16,-0.10348291105752236,-0.10343751183374657,-0.06897417346920418,-0.03446333836454274,-0.06900433937092869,0.37092737118999314,0.06706293715253234,-1.0,0.06706293715253234,-0.9329370628474677,3,3,0.9999999999999999,0.9995606650237396,0.06102633100572973,-0.0003319498014284772,0.16916408297459318,NO_HIT
157,3,1,0.008590366266901128,1.6933650128040496,0.0016221812759679727,0.0,-0.46979954572033394,-0.46975782977089275,-0.3106920480614445,-0.1590657817094483,-0.3105319184615123,3.5155414089460137,0.1978032080215681,-0.999999999999998,0.1978032080215677,-0.8021967919784303,3,3,0.9999999999999999,0.9999025959234251,0.014031179762464164,-5.1538980547105595e-05,0.008006924339074128,NO_HIT
158,3,2,0.040000000000000036,1.657629543489722,0.00961930666494342,0.0,-2.652119691852676,-2.6040594146323794,-1.5558027934718885,-1.0482566211604887,-1.4730622627102297,3.5244797154414074,0.2953920238706736,-0.9999999999999991,0.2953920238706733,-0.7046079761293258,3,3,0.9999999999999999,0.9772066164187854,0.02832071023665225,-0.001070606265404006,0.03637114652814355,NO_HIT
159,3,3,0.21554474148017277,1.6979305504788502,0.015958750545009514,0.0,-0.009314530927938089,-0.00931441896468552,-0.0062100245629279766,-0.003104394401757027,-0.006210099106780142,0.026667119461048078,0.005064496658438833,-0.9999999999999989,0.005064496658438828,-0.9949355033415601,3,3,1.0,0.9999879794753735,0.0490130289212775,-9.121717217830394e-05,0.18336298903517123,NO_HIT
160,3,0,0.11764807622588663,1.6057371002878154,0.009188727055843067,2.220446049250313e-16,-0.03645676318820671,-0.03645052140144792,-0.02432449428151906,-0.012126027119929716,-0.024328622711841434,0.7000494348221622,0.11739713765042042,-0.9999999999999993,0.11739713765042034,-0.882602862349579,3,3,1.0,0.9998287662571652,0.02774460025136388,-2.9529455079391198e-05,0.10222017640691877,NO_HIT
161,3,1,0.0007208354796331978,0.9232482363010097,2.3652951794594918e-05,0.0,-5.996837233605675,-5.959357983024386,-4.816984210193606,-1.1423737728307803,-3.475109502053441,4.890701619551982,0.18966799494474323,-0.9999999999999958,0.18966799494474243,-0.8103320050552534,3,3,1.0000000000000002,0.24080586099204437,0.04421181684050333,-0.0058520211503861885,0.0006215753102747226,NO_HIT
162,3,2,0.039999999999999813,1.6076645698027174,0.019199999999999856,0.0,-4.297930874868363,-3.599641622767214,-3.8860124236204756,0.28637080085325933,-2.702413023940336,3.5273171743736076,0.3030162728921869,-1.0,0.3030162728921869,-0.6969837271078131,3,3,0.9999999999999999,0.21286370128482668,0.07386732915801027,-0.009867120442248911,0.03670547471443497,NO_HIT
163,3,3,0.14623255617447906,1.9528964073346566,0.031538987981386525,0.0,-0.6921949444361307,-0.689857022449943,-0.46037639104842243,-0.22948063140152097,-0.4618001163330702,0.9265055895818144,0.1728250060893127,-0.9999999999999979,0.17282500608931234,-0.8271749939106856,3,3,0.9999999999999997,0.9963470146206758,0.04737545782851936,-0.0008274800729008991,0.12141557461147467,NO_HIT
164,3,0,0.3416258670960057,2.0473496415942503,0.07679947711536987,0.0,-0.01744305751371141,-0.017441943590944118,-0.011628144798840688,-0.00581379879210453,-0.011628884376222743,0.09375707963185724,0.022401066005778823,-0.9999999999999992,0.022401066005778805,-0.9775989339942204,3,3,1.0000000000000002,0.9999361347712961,0.08412279019893341,-0.00048138626919325134,0.29560257477431523,NO_HIT
165,3,1,0.0043069108782428644,0.7430526465437374,3.812168255635349e-05,2.220446049250313e-16,-0.44681193755303034,-0.44305530592735026,-0.30681785214886703,-0.1362374537784845,-0.30920071599807836,1.1781339361575713,0.0602109909428382,-1.0000000000000002,0.060210990942838216,-0.939789009057162,3,3,0.9999999999999998,0.9915266929811509,0.002854606043283199,-1.8194473595523064e-06,0.00350072959172687,NO_HIT
166,3,2,0.039999999999999813,1.5946915212015191,0.019199999999999887,0.0,-1.96286685169087,-1.8813142229704178,-1.2557165910875785,-0.6255976318828412,-1.2989060356960789,4.1721032840020955,0.22476972145510363,-1.0000000000000013,0.22476972145510393,-0.7752302785448975,3,3,0.9999999999999994,0.9559186299918032,0.021308637035502842,-0.00043500258065520825,0.03483044087038036,NO_HIT
167,3,3,0.08029629101571722,1.8617404654595209,0.01937224046423975,0.0,-0.24259846470669838,-0.24251465212797604,-0.16169891586277876,-0.08081573626519711,-0.16175015468416717,1.048458052666641,0.160552120513466,-1.0000000000000002,0.16055212051346604,-0.8394478794865342,3,3,0.9999999999999998,0.9996427990716665,0.054058908977319756,-0.0004296686097515767,0.0708318046370453,NO_HIT
168,3,0,0.11888224587915366,1.6169238982665697,0.009271614097823675,2.220446049250313e-16,-0.08254066491345835,-0.08249077007755905,-0.05509900283668961,-0.02739176724087189,-0.05513195292612547,0.6245389727931588,0.10550002517869536,-1.0000000000000004,0.1055000251786954,-0.894499974821305,3,3,1.0,0.9993952174343365,0.029395025021659034,-5.386001449214639e-05,0.10306037822250026,NO_HIT
169,3,1,0.028229938052292236,1.3253848699467443,0.009105855522635483,0.0,-3.5945113696036097,-3.1601978607687506,-2.2482054078539155,-0.9119924529148355,-2.2987088140124654,2.1874098800470194,0.1749282759143059,-0.9999999999999994,0.17492827591430582,-0.8250717240856936,3,3,1.0000000000000002,0.7718451310716221,0.03321186526824248,-0.0017568522988644641,0.024532869262981816,NO_HIT
170,3,2,0.039999999999999813,1.6866033192582646,0.009474063556572088,0.0,-3.135925442910109,-3.0138033841889422,-1.828228504594753,-1.1855748795941887,-1.6942896333745057,3.584814677580414,0.3038550467290537,-1.0000000000000018,0.3038550467290543,-0.6961449532709475,3,3,0.9999999999999998,0.9444600691528592,0.029619233777749783,-0.0013464731263717056,0.03633091248686382,NO_HIT
171,3,3,0.07614304093605197,1.880248074825213,0.01658138352380006,0.0,-0.5367367483394213,-0.5267179602173727,-0.3497712504812457,-0.1769467097361267,-0.3560022290813149,0.9762869183042754,0.1590201368901255,-0.999999999999999,0.15902013689012534,-0.8409798631098737,3,3,1.0000000000000002,0.9807185039965579,0.04968629659461056,-0.0007011509026622065,0.06658282467248786,NO_HIT
172,3,0,0.3222078513302624,1.9579599387913451,0.04966200660213796,0.0,-0.005418848220939064,-0.005418744651405431,-0.003612622122468075,-0.0018061225289383032,-0.003612690983263301,0.1636817368813184,0.03647584234760351,-0.9999999999999988,0.03647584234760347,-0.9635241576523953,3,3,0.9999999999999997,0.9999808868560683,0.07043561108963636,-0.0002449943081261896,0.27929460646849974,NO_HIT
173,3,1,0.00044652516989279837,1.5217049643485905,0.000206998133517231,0.0,-0.9147243414657946,-0.8932217990529845,-0.597723234328525,-0.2954985647244579,-0.6120496000269904,6.240221799237051,0.0853334496392291,-1.0000000000000004,0.08533344963922915,-0.9146665503607713,3,3,0.9999999999999999,0.9760757099991589,0.04697661303790926,-0.0010427556896388523,0.00042420917515460457,NO_HIT
174,3,2,0.03999999999999994,1.69846478909394,0.01919999999999998,0.0,-4.342638331789917,-3.9171320604856796,-4.087971957390233,0.17083989690455648,-2.5469385356024112,3.696367044392038,0.32702528161212907,-0.9999999999999996,0.3270252816121289,-0.6729747183878707,3,3,0.9999999999999999,0.4611532602391416,0.06594647976139906,-0.008581659622257876,0.03694622806361466,NO_HIT
175,3,3,0.1605707735898365,1.847744690682648,0.024322807195471786,1.1102230246251565e-16,-0.21149503324842833,-0.21122467837512282,-0.14097015529383286,-0.07025452308128965,-0.14114654295397103,0.6145131478388233,0.12359368261606016,-1.0000000000000004,0.12359368261606021,-0.8764063173839403,3,3,0.9999999999999994,0.9987161787329295,0.04539457296136127,-0.00027336908219743883,0.1339210993098644,NO_HIT
176,3,0,0.09580194876530011,1.8735354141890368,0.03562275545838712,0.0,-0.45257891174339737,-0.45127102617079884,-0.3009661693661751,-0.15030485680462147,-0.3017990392274797,1.108367954367441,0.17390683997943746,-1.0000000000000013,0.17390683997943768,-0.8260931600205637,3,3,0.9999999999999999,0.9970246609106784,0.06905825560048155,-0.0012741441646317853,0.08519239855425495,NO_HIT
177,3,1,0.00010000000000043308,1.553237375733414,5.403118773043365e-05,0.0,-4.869814771991278,-3.996982822254798,-4.0336102642359375,0.036627441980752865,-2.5991513709795475,11.150288343966578,0.17666064475296742,-1.000000000000005,0.17666064475296833,-0.8233393552470367,3,3,0.9999999999999999,0.024687743691278262,0.011905937885242347,-0.0002833287624297576,8.424538277418403e-05,NO_HIT
178,3,2,0.03999999999999959,1.6502862048647142,0.01919999999999995,2.220446049250313e-16,-1.634608580173681,-1.589522156224705,-1.0570422273800106,-0.5324799288446932,-1.0732511479058628,4.256119220747838,0.23509369452930653,-1.0000000000000007,0.2350936945293067,-0.7649063054706939,3,3,1.0,0.9711356870231049,0.022080655974650146,-0.0003970610419481435,0.0352038915784364,NO_HIT
179,3,3,0.18417600019376576,1.8347854972747606,0.026811971280341882,0.0,-0.9602132480614461,-0.9204750445926786,-0.6220607813776824,-0.29841426321499664,-0.6484434266244183,0.5380847629376582,0.10326490956855151,-1.0000000000000009,0.10326490956855161,-0.8967350904314493,3,3,0.9999999999999999,0.9573264777433785,0.03871633009235387,-0.0007210298945192761,0.1474196604539152,NO_HIT
180,3,0,0.20183131915269936,1.8766939356031813,0.03940703288828106,0.0,-0.04059420878844613,-0.040580649376443914,-0.027058438789863776,-0.013522210586581318,-0.027067436763551528,0.2541810747210424,0.04981587840247638,-0.9999999999999991,0.04981587840247634,-0.9501841215975227,3,3,0.9999999999999999,0.9996658952631918,0.07278298992876174,-0.0003518958320307686,0.20008434215173965,NO_HIT
181,3,1,0.18454121417796399,1.6423768703383903,0.012381722725556113,0.0,-0.09384733732802351,-0.09375416871505522,-0.06256046524129516,-0.031193703473763268,-0.06262251787291957,0.09354131577863557,0.016773943399033743,-0.9999999999999999,0.01677394339903374,-0.9832260566009662,3,3,1.0000000000000002,0.9990065613629096,0.040502006897119004,-0.00012284967214681863,0.15994951278844666,NO_HIT
182,3,2,0.040000000000000036,1.4416513185270465,0.009567944078726796,0.0,-3.2137401023093157,-3.2672438663096006,-2.1593204658867764,-1.1079234004228207,-1.9979780265602989,2.6829010186248774,0.2511423464604058,-1.0,0.2511423464604058,-0.7488576535395942,3,3,1.0000000000000002,0.9396643965986456,0.03188033416437631,-0.0016771653520220031,0.03554454380740635,NO_HIT
183,3,3,0.07964466214850142,1.8036416378873446,0.02510692971263111,0.0,-0.17520147463010188,-0.17444450480431575,-0.11635369763380271,-0.05809080717051418,-0.11684169952749114,0.7849526997394258,0.11883727067170045,-0.9999999999999994,0.11883727067170038,-0.8811627293282991,3,3,1.0000000000000002,0.9956501735753042,0.07654574059289206,-0.0007878273502961441,0.07268124969798274,NO_HIT
184,3,0,0.08869692931836803,1.6815096215864522,0.013284370148982858,0.0,-0.21587982528972344,-0.21534842427255158,-0.14356274577922945,-0.07178567849332024,-0.14391271220707227,0.331001477244752,0.049037980094955094,-1.0000000000000009,0.049037980094955136,-0.9509620199050457,3,3,0.9999999999999999,0.9975280222027378,0.06287574445262772,-0.000566314849646643,0.08477572213938589,NO_HIT
185,3,1,0.0038528975643719043,1.5772449829897164,0.001496922766814354,0.0,-5.062445552656382,-3.98857903609131,-4.409556488728136,0.42097745263682473,-2.5361669720404665,6.679560868064183,0.2825607507054354,-1.0000000000000004,0.2825607507054355,-0.7174392492945649,3,3,1.0,0.07154328356612542,0.02872649980989633,-0.0016470879838641483,0.0031564774052404987,NO_HIT
186,3,2,0.040000000000000036,1.3176214159136568,0.005055661056049901,1.1102230246251565e-16,-2.126069355210812,-2.0901156587449377,-1.2552755709290515,-0.8348400878158886,-1.247106480946448,2.130309232915813,0.20200448096731535,-1.0000000000000007,0.2020044809673155,-0.7979955190326852,3,3,1.0,0.9812256835376358,0.02965385887917505,-0.0009615138377820909,0.03651586604953383,NO_HIT
187,3,3,0.0899617383449125,1.759737894991575,0.015520668229929485,2.220446049250313e-16,-0.17422899403626527,-0.17364930315805,-0.11572953469779201,-0.05791976846025754,-0.1161070050428837,0.5323760026513826,0.08330857781280307,-1.0,0.08330857781280307,-0.9166914221871969,3,3,1.0000000000000002,0.9966574908198491,0.058118787237448545,-0.0003961345772336422,0.08234261457610181,NO_HIT
188,3,0,0.10552574789928437,1.186865496307194,0.002337064066436885,2.220446049250313e-16,-0.0208472712010801,-0.02084568177237343,-0.013901720127290875,-0.006943961645083263,-0.013902779658209243,0.05252316094327524,0.006003654711140413,-1.0000000000000002,0.0060036547111404145,-0.9939963452888598,3,3,1.0000000000000002,0.9999237543193684,0.024978262104995045,-2.1544563267639205e-05,0.09461671139630756,NO_HIT
189,3,1,0.011352195707017065,1.1347748354786233,0.0005453239277858492,1.1102230246251565e-16,-0.7027484491094969,-0.6975110859482844,-0.46220446317859754,-0.23530662276969078,-0.46548596838739453,0.4207277397940865,0.039683196379159486,-0.9999999999999993,0.03968319637915946,-0.9603168036208398,3,3,0.9999999999999997,0.9924418693181899,0.011493247833183153,-4.801736287873837e-05,0.010099557495247824,NO_HIT
190,3,2,0.03999999999999996,1.5462222590288763,0.0192,1.1102230246251565e-16,-1.0831597371427646,-1.067254371623536,-0.7114385481510407,-0.3558158234724927,-0.7206742190346628,4.33423174335864,0.19715811792323085,-1.0000000000000013,0.1971581179232311,-0.8028418820767702,3,3,1.0000000000000004,0.9850235102341878,0.02216363854174251,-0.0002727147900651872,0.03540348908583591,NO_HIT
191,3,3,0.1262513282151586,1.9250275158180155,0.025534780412046768,2.220446049250313e-16,-0.575729928598859,-0.5730092524343452,-0.3826700204361434,-0.19033923199820335,-0.3843964847630125,0.9809713434718593,0.17223148972058877,-1.0000000000000013,0.172231489720589,-0.8277685102794123,3,3,1.0,0.9951548066583942,0.04661008450876948,-0.0006705593549192201,0.10777722415866964,NO_HIT
192,3,0,0.15280005257446058,1.705610556715631,0.014443709687373598,2.220446049250313e-16,-0.11639357866376213,-0.11629193426386657,-0.07751954523657932,-0.03877238902728619,-0.07758651190077462,0.24407038489998642,0.04601105857806707,-0.9999999999999991,0.046011058578067025,-0.9539889414219321,3,3,1.0,0.9991250859715219,0.049476594442257556,-0.00021356814997885998,0.1365704696554274,NO_HIT
193,3,1,9.999999999991399e-05,1.6467181719375,1.184276736658023e-05,0.0,-4.637375058785915,-4.265378125162377,-4.802208954304064,0.5368308291413952,-2.9188890813149,5.66674623810005,0.21980900907244283,-0.9999999999999973,0.21980900907244225,-0.7801909909275551,3,3,0.9999999999999999,0.2506931799162942,0.007646061261616483,-0.00012469151240113163,8.733246703657472e-05,NO_HIT
194,3,2,0.039999999999999994,1.7758426568842682,0.01919999999999994,0.0,-4.354189167920266,-3.4408859551363613,-4.003801303459219,0.5629153483228553,-2.4819835655172735,3.9948472693045463,0.3441044390999147,-0.9999999999999998,0.34410443909991467,-0.6558955609000852,3,3,1.0,0.26077144252014384,0.0834909911875335,-0.012069099555696905,0.03482426468940503,NO_HIT
195,3,3,0.10213666979415303,1.6740299102494418,0.016898810502683253,0.0,-0.009746655053408907,-0.009746560671737865,-0.0064978000803108706,-0.003248760591425981,-0.006497862891326031,0.07351992023794186,0.011024336682457687,-1.0000000000000007,0.011024336682457694,-0.9889756633175429,3,3,1.0,0.9999903163790523,0.07535140017123593,-0.00031469177657239555,0.1014182593997357,NO_HIT
196,3,0,0.15894543467014777,1.9546547251643953,0.05123145988533547,0.0,-0.5144652326957934,-0.505697242289929,-0.33740095411847904,-0.16829628817145037,-0.3430696619872077,0.5217480572314095,0.10244032484187819,-1.0000000000000004,0.10244032484187823,-0.8975596751581222,3,3,0.9999999999999997,0.9826669063702158,0.08379207180001014,-0.0021486837461339725,0.14673916188239833,NO_HIT
197,3,1,0.010175463846933908,1.1017136970115602,0.003836466662888588,1.1102230246251565e-16,-2.298105443643686,-2.118581686322091,-1.4658458673306671,-0.6527358189914261,-1.5455895565339532,3.07560756807999,0.14434650684928776,-0.9999999999999993,0.14434650684928768,-0.8556534931507116,3,3,1.0,0.917123692174314,0.02033374619901505,-0.0004451466360642087,0.010122224139610725,NO_HIT
198,3,2,0.039999999999999813,1.2025566635776754,0.004152923645559233,0.0,-2.2954594921274434,-2.1666791906471423,-1.4860033216783237,-0.680675868968815,-1.5527982130771931,1.6294283498688906,0.1472340790785142,-1.0000000000000018,0.14723407907851446,-0.8527659209214873,3,3,1.0000000000000002,0.9412587111219217,0.02237120973433487,-0.0005508614117855082,0.03533171666427215,NO_HIT
199,3,3,0.12159051942335763,1.9029282632195064,0.035742061242486856,1.1102230246251565e-16,-0.45663667757939147,-0.45442885079372575,-0.30174362865295123,-0.1526852221407755,-0.30313174773258184,0.8486534156854402,0.15248388614057726,-0.9999999999999998,0.15248388614057723,-0.8475161138594225,3,3,1.0000000000000002,0.9950078404199324,0.05667812581091736,-0.0008359907484845053,0.10557970843524911,NO_HIT
200,4,0,0.2965236912102279,2.7137565156442838,0.031559074021304104,2.220446049250313e-16,-0.09982261307005888,-0.1000575376528541,-0.06669405911436535,-0.033363478538488534,-0.0665359021376039,0.1987270251480213,0.046408281649976665,-0.9999999999999996,0.046408281649976645,-0.9535917183500229,4,4,0.9999999999999999,0.9999610456808231,0.0868752413367363,-0.0008470587489650683,0.2742676932178518,NO_HIT
201,4,1,0.03269560636771563,1.8267110896234353,0.00012465638953879766,0.0,-0.054798777634708286,-0.054769723109285594,-0.03656591880007178,-0.018203804309214533,-0.0365848069283287,1.8272909211982615,0.1851580012268911,-1.0000000000000004,0.1851580012268912,-0.8148419987731093,4,4,1.0,0.9994620278011705,0.023782455542984058,-2.0430508462121466e-05,0.028470327079146672,NO_HIT
202,4,2,0.04000000000000014,2.255856701914659,0.0065526009211837695,2.220446049250313e-16,-1.4263495932299042,-2.167058392630263,-1.3907051705949391,-0.7763532220353242,-0.8928070114399868,2.497217793022354,0.2749733865695673,-1.0000000000000004,0.27497338656956744,-0.7250266134304331,4,4,1.0,0.9846272516713556,0.041020939683280216,-0.0018749891098459592,0.035707755114750245,NO_HIT
203,4,3,0.16075841432749347,2.6422045155446705,0.019906997788691365,0.0,-0.25703087132101776,-0.25710637830882227,-0.17113694076223454,-0.08596943754658848,-0.17104997996184473,0.6407876842306655,0.13048625204116868,-0.9999999999999998,0.13048625204116865,-0.8695137479588311,4,4,1.0000000000000002,0.9999483979127839,0.06561168656919562,-0.0007399580070890366,0.14749214875948372,NO_HIT
204,4,0,0.2217114450918185,2.4297154812406374,0.00748912696904472,1.1102230246251565e-16,-0.0011182558089518368,-0.0011182552839733748,-0.000745511359280436,-0.0003727439246943298,-0.0007455117063552072,0.04622408000596228,0.009391257071181679,-0.999999999999998,0.00939125707118166,-0.9906087429288163,4,4,1.0,0.9999995304518534,0.06215709670260753,-0.00016090115015598982,0.20735205085993103,NO_HIT
205,4,1,0.015182021685851366,2.4406984566841676,0.001952896616178512,1.1102230246251565e-16,-0.11808888320586468,-0.11772006870333328,-0.0784095612992682,-0.03931050740406404,-0.07862459593285959,1.9921480583140356,0.2315742509505171,-0.999999999999999,0.23157425095051687,-0.7684257490494821,4,4,1.0000000000000004,0.9968513502075721,0.05246629116494166,-0.0002293046327470627,0.013671172021154088,NO_HIT
206,4,2,0.04000000000000024,2.121844193073505,0.0035553436149716308,1.1102230246251565e-16,-1.0212013643499878,-1.2180119450323545,-0.7808447031202362,-0.4371672419121184,-0.646198817210497,1.9996383110284246,0.24807014595735696,-1.0000000000000004,0.24807014595735707,-0.7519298540426433,4,4,1.0000000000000002,0.9522022247576186,0.026120469850043904,-0.00042736771498042003,0.035131820801991065,NO_HIT
207,4,3,0.1896916692322767,2.551521182733744,0.014601054519267864,2.220446049250313e-16,-0.08785338166436334,-0.0877638184892089,-0.058548751344750696,-0.02921506714445754,-0.05860773859819995,0.5317790752358447,0.10521039326479853,-1.0,0.10521039326479853,-0.8947896067352015,4,4,1.0,0.9989781651511804,0.06347522633065215,-0.0003276621301528948,0.18959898953155538,NO_HIT
208,4,0,0.23065228852099195,2.5836070827737174,0.018053443190509503,0.0,-0.0076393190797489855,-0.0076391498643212765,-0.005092841671795904,-0.0025463081925263253,-0.005092953979331687,0.07777522301901908,0.017287330126666594,-1.000000000000001,0.017287330126666615,-0.9827126698733345,4,4,1.0000000000000002,0.9999741979883492,0.0674165365371691,-0.000232732927915702,0.20926471590953633,NO_HIT
209,4,1,0.0004181165705483547,1.8603516338847133,7.148587128986653e-05,0.0,-2.4669067313669317,-2.3462485365649046,-1.5640085936748371,-0.7822399428900668,-1.6372927824721273,7.451223631118956,0.1972143877747543,-0.9999999999999952,0.19721438777475336,-0.8027856122252419,4,4,0.9999999999999996,0.9465104478524484,0.010130212823469289,-0.00012049947520798021,0.00035474160555926115,NO_HIT
210,4,2,0.03999999999999948,2.266479934477649,0.006305970474007044,1.1102230246251565e-16,-1.0451645729036574,-1.031009728315674,-0.6794118983626098,-0.35159782995306343,-0.6873003105074966,2.760472426115019,0.2933982038949781,-1.000000000000001,0.29339820389497845,-0.7066017961050226,4,4,1.0000000000000002,0.9827699649808405,0.027561936043693565,-0.00040090724580688075,0.03430741875081286,NO_HIT
211,4,3,0.16720962063377326,2.697725287979475,0.02856459093875872,0.0,-0.053338736848603234,-0.05332715572788984,-0.03555278885209454,-0.017774366875796144,-0.035560274337025,0.9573718770652745,0.18282556302439196,-1.0,0.18282556302439196,-0.817174436975608,4,4,1.0,0.9997825189728501,0.07973583880008273,-0.0005165203247772254,0.1554469482071042,NO_HIT
212,4,0,0.10880587037946832,2.7112613340621623,0.017615240904114777,1.1102230246251565e-16,-0.26105452354578224,-0.26049859406268777,-0.17427535353958498,-0.08622324052310293,-0.17455221151658168,1.0664807508413814,0.19634584123283882,-1.0000000000000002,0.19634584123283888,-0.8036541587671613,4,4,1.0000000000000004,0.9957875291303446,0.07703632747092254,-0.0010052731027081485,0.10091149195758797,NO_HIT
213,4,1,9.999999999965592e-05,0.9525291981624073,9.77697935615959e-10,1.1102230246251565e-16,-3.579177308488143,-3.533774133886655,-2.598245625290503,-0.9355285085961533,-2.613676049741194,5.334181166086233,0.10548193191701714,-0.9999999999999998,0.10548193191701712,-0.8945180680829826,4,4,1.0,0.9865016442911447,0.0004813200099672944,-4.103980837388832e-07,9.240386023978697e-05,NO_HIT
214,4,2,0.039999999999999925,2.254793319236465,0.00869717333333333,0.0,-1.8355126633435537,-2.5746351839808588,-1.6450307389585663,-0.9296044450222909,-1.1426849327267865,2.4670594843073705,0.27626908261615507,-1.0000000000000007,0.27626908261615524,-0.7237309173838454,4,4,0.9999999999999998,0.9976720082210989,0.028817032109689913,-0.001081080779357535,0.034609140844982345,NO_HIT
215,4,3,0.2201546630115807,2.554279617950189,0.01697052426823978,2.220446049250313e-16,-0.09061925143473318,-0.0905598289386173,-0.060313227175657,-0.03024660176295968,-0.060352209919349725,0.46552186390832384,0.09859615558820417,-0.9999999999999989,0.09859615558820406,-0.9014038444117949,4,4,0.9999999999999998,0.9993435490256957,0.07724839792646064,-0.0006906183815349465,0.20429693707231067,NO_HIT
216,4,0,0.3664565065866986,2.7681013075893937,0.052845089589034014,0.0,-0.018589742091535626,-0.018588120330347714,-0.0123921188027062,-0.006196001527641215,-0.01239319635713635,0.10583236441180965,0.025711735269265585,-0.9999999999999986,0.025711735269265547,-0.974288264730733,4,4,0.9999999999999998,0.999912682793188,0.09140800044113695,-0.0006403220097417339,0.3235359037456944,NO_HIT
217,4,1,0.00023325062908849154,1.5873209329434335,1.1149239446148291e-05,0.0,-7.76482260020443,-7.565718453986062,-5.460978273457933,-2.1047401805280908,-2.578927151900151,13.872098384805119,0.19302000658693375,-1.000000000000002,0.19302000658693413,-0.8069799934130679,4,4,0.9999999999999999,0.21171611986358083,0.010379748330707275,-0.0004077670405682188,0.00021538502590949526,NO_HIT
218,4,2,0.04000000000000002,2.364265938238776,0.008697173333333277,0.0,-1.1041689975696054,-1.0736235703467452,-0.6954764226715737,-0.3781471476751723,-0.7109074493911663,3.2554469690162318,0.31436892750035583,-1.000000000000001,0.31436892750035617,-0.685631072499645,4,4,1.0000000000000002,0.9694888961002722,0.0376282253676202,-0.0007820149046313674,0.03514885842826554,NO_HIT
219,4,3,0.10224120424677607,2.535816018262513,0.00783054863041342,0.0,-0.007752540258355248,-0.0077523212045598365,-0.005168392795637727,-0.002583928408922631,-0.0051685373753812035,0.6973168268964045,0.12130947767421421,-0.9999999999999984,0.12130947767421402,-0.8786905223257844,4,4,1.0000000000000002,0.9999717366972317,0.06862276438743996,-0.000212243984356153,0.09650011925798607,NO_HIT
220,4,0,0.12231960727667432,2.461321957920222,0.012308825760290026,0.0,-1.0197404533676073,-1.004098584153127,-0.6590578092127295,-0.34504077494039653,-0.6667847406832759,1.6146669158515947,0.24732953123016296,-1.0,0.24732953123016296,-0.752670468769837,4,4,0.9999999999999998,0.983760732635534,0.06519320250245547,-0.002313782012214105,0.10970967679467478,NO_HIT
221,4,1,0.010170987009895308,1.7233274323396461,0.0001574271867891823,2.220446049250313e-16,-2.123193911651127,-2.1154645688563765,-1.830616304143826,-0.28484826471255653,-1.7520723210893692,8.501161285459109,0.20573890161406544,-1.0000000000000027,0.205738901614066,-0.7942610983859366,4,4,1.0,0.9946733510335942,0.008010931927362701,-6.906164850151164e-05,0.010035510460683536,NO_HIT
222,4,2,0.039999999999999813,2.0539030745051097,0.004563641874223065,1.1102230246251565e-16,-0.6785499842250959,-0.676890107907809,-0.44730917959619737,-0.2295809283116106,-0.4470448554968347,2.309007900551761,0.22086307302325198,-1.0,0.22086307302325198,-0.7791369269767481,4,4,1.0,0.9966280031930629,0.03411530146481147,-0.00041474490097748173,0.037702113736070686,NO_HIT
223,4,3,0.17872000218333128,2.5855926168124386,0.019998725054497745,1.1102230246251565e-16,-0.1988481800932425,-0.2029848876240606,-0.13488893251606682,-0.06809595510799438,-0.1321227400808235,0.4952758454501439,0.10126860906349727,-1.0000000000000016,0.10126860906349743,-0.8987313909365041,4,4,0.9999999999999997,0.9987101237517132,0.07822015534331032,-0.0008522760216225223,0.1649370753592735,NO_HIT
224,4,0,0.13169012746650355,2.436459095699045,0.009552941490115926,1.1102230246251565e-16,-0.19832880853646145,-0.19775974529994592,-0.13304480584269163,-0.06471493945725193,-0.13339445323742102,1.6363052392888442,0.26081194861803153,-1.0000000000000002,0.2608119486180316,-0.7391880513819686,4,4,1.0,0.997099000024002,0.03748562142468832,-0.0001609494718164406,0.1303102231648695,NO_HIT
225,4,1,0.0003143928855303679,1.9143263969696556,2.399572680591042e-07,0.0,-4.515817307142847,-4.0568129626367195,-4.048812867080918,-0.008000095555776639,-2.2352779254143216,13.875447640101855,0.15485266873419745,-0.9999999999999958,0.15485266873419679,-0.845147331265799,4,4,1.0000000000000004,0.015536755027934883,0.021199586369191385,-0.0009119993988753183,0.00030344514506552844,NO_HIT
226,4,2,0.039999999999999813,2.21694484464651,0.004531953831673225,0.0,-0.8272890143961311,-0.8279587469544776,-0.5517059449821626,-0.2762528019723147,-0.5510019364656058,2.569655707979771,0.2694314086923704,-0.9999999999999986,0.26943140869237003,-0.7305685913076285,4,4,0.9999999999999998,0.9999902374440517,0.04088470512987431,-0.0007192324356246615,0.03425009038815147,NO_HIT
227,4,3,0.15715400342318556,2.519498514000749,0.008443895162422237,2.220446049250313e-16,-0.01026953158963828,-0.010269338912390506,-0.006846429123656753,-0.0034229097887310544,-0.0068465569752986545,0.5042563163751241,0.09957043368929022,-0.9999999999999989,0.09957043368929011,-0.9004295663107088,4,4,0.9999999999999998,0.9999812346499698,0.061390539629770896,-0.00017215923091784546,0.14885790205097307,NO_HIT
228,4,0,0.24159576649553727,2.5312806440923534,0.0134154571378404,0.0,-0.005740380355015974,-0.005740222798009808,-0.003827328975054084,-0.001912893822957784,-0.003827433541266333,0.6916484545872078,0.140339361607539,-1.0000000000000007,0.14033936160753907,-0.8596606383924617,4,4,0.9999999999999996,0.9999725520463597,0.054599441183269454,-0.00011994512821500436,0.20778831199528014,NO_HIT
229,4,1,0.0001657042457237079,1.8525129741871653,1.450640686027264e-06,3.3306690738754696e-16,-8.01426751159096,-6.981008087827085,-5.4907533831367035,-1.4902547046904109,-2.1707567394499097,13.011453130919248,0.1900545965982126,-0.9999999999999987,0.19005459659821236,-0.8099454034017863,4,4,0.9999999999999999,0.759197684210318,0.008360444563011568,-0.0002446796997883638,0.00016237950766606613,NO_HIT
230,4,2,0.039999999999999876,2.3893869945021082,0.008697173333333308,0.0,-0.3152306463036762,-0.3146001109868965,-0.21088079119466652,-0.10371931979223092,-0.21105575930417547,3.800716369304626,0.32756674744217124,-0.9999999999999992,0.32756674744217096,-0.6724332525578283,4,4,1.0,0.9977294088460231,0.02436459911997564,-0.0001030931341929886,0.03721887643477051,NO_HIT
231,4,3,0.1515566721121932,2.5232141579062173,0.008080406010218415,4.440892098500626e-16,-0.25813799367387774,-0.25803300181927796,-0.17216657256257578,-0.08586642925670152,-0.1722246029595981,0.4157695863424794,0.08219593170434294,-1.0000000000000004,0.08219593170434299,-0.9178040682956574,4,4,1.0,0.9983126577112541,0.056269823021193426,-0.0005046800183574618,0.1438086865949469,NO_HIT
232,4,0,0.1200138330668491,2.419972646077569,0.0060618116381708255,1.1102230246251565e-16,-0.28129402855129365,-0.2799956639914109,-0.1861540680477389,-0.09384159594367047,-0.1869910061669056,1.5195318163494476,0.2410457105899069,-0.9999999999999998,0.24104571058990684,-0.7589542894100929,4,4,1.0000000000000004,0.9953393267650273,0.05709754988873194,-0.0005747524621115829,0.1088557335990824,NO_HIT
233,4,1,0.0005945278742057958,2.4263111675424627,5.452063888825626e-05,0.0,-0.06342076656316423,-0.06294108569587696,-0.03970897626770441,-0.023232109428169556,-0.039401442271490825,3.1507191131785692,0.14929269199745587,-1.0,0.14929269199745587,-0.8507073080025441,4,4,0.9999999999999999,0.9923566239228032,0.032949066793438085,-4.0640974700245636e-05,0.0005732935916493609,NO_HIT
234,4,2,0.03999999999999937,2.263919798803208,0.005031227711411841,0.0,-1.3706978226980608,-1.3863162249119971,-0.9182936711698236,-0.46802255374217416,-0.9043853913640858,2.757456443936247,0.2865099487286155,-1.0000000000000004,0.2865099487286156,-0.7134900512713849,4,4,1.0,0.9933120160244262,0.034519528290837896,-0.0008407290213563456,0.0339508051379418,NO_HIT
235,4,3,0.18867884541370503,2.7355120004942464,0.0263663524980184,0.0,-0.6017026391180313,-0.6073874833334252,-0.40344458980981235,-0.20394289352361117,-0.3991464557662197,0.8212151128601141,0.16606818015603017,-0.9999999999999988,0.16606818015602998,-0.8339318198439688,4,4,1.0000000000000002,0.9982884506742272,0.06522222656997038,-0.0014452214770130922,0.1694494744790601,NO_HIT
236,4,0,0.15598650575732498,2.4977240128909575,0.009226306261113476,0.0,-0.0993601508770277,-0.09934224812356374,-0.06625632455601405,-0.03308592356754991,-0.06626760826212341,0.2888898451556158,0.053993419053951185,-0.9999999999999993,0.05399341905395115,-0.9460065809460482,4,4,1.0000000000000002,0.9995753764614183,0.05329334646435542,-0.0002416515056293811,0.1423375716201826,NO_HIT
237,4,1,0.00036728976067920986,1.6386896000975937,9.052300975152805e-07,0.0,-0.30352804560021485,-0.3028693530325355,-0.19073751690995083,-0.11213183612258826,-0.19088291303807695,2.765997497161203,0.2463737998339418,-1.0000000000000024,0.24637379983394242,-0.7536262001660601,4,4,0.9999999999999996,0.9977375405330582,0.004406212985561086,-2.9540125008331586e-06,0.0003371240098234887,NO_HIT
238,4,2,0.03999999999999995,2.291931836532839,0.008697173333333323,2.220446049250313e-16,-1.6159441889942117,-1.7798789003409232,-1.2090933276032025,-0.5707855727377191,-1.0612793982398814,2.908551745246651,0.2822660446905093,-0.9999999999999987,0.2822660446905089,-0.7177339553094897,4,4,1.0,0.9978122616108607,0.031167189182636224,-0.0008811851368526469,0.03570100735791093,NO_HIT
239,4,3,0.19548204177198236,2.521047457131367,0.013369997049001991,0.0,-0.047658996097926044,-0.04764561803336625,-0.031771693573354645,-0.015873924460011013,-0.03178052741064183,0.4290725065028295,0.08731249357958883,-0.9999999999999992,0.08731249357958876,-0.9126875064204105,4,4,1.0000000000000002,0.9997183757117071,0.06284864706435245,-0.00023973904129759305,0.18065662507409397,NO_HIT
240,4,0,0.17995704769582932,2.6301839814134524,0.023112435008443306,0.0,-0.1270650337171918,-0.1268443785673194,-0.08456502960004446,-0.0422793489672757,-0.08471072421599785,0.6215873658799363,0.12768575571299323,-0.9999999999999996,0.12768575571299318,-0.8723142442870064,4,4,0.9999999999999997,0.9982595761373616,0.0810218608326957,-0.0007682630466345763,0.16412996533708246,NO_HIT
241,4,1,0.0020524074522695495,2.010759096574261,7.0161867021484155e-06,0.0,-0.8871861928856137,-0.8869379184334528,-0.5804258492390884,-0.30651206919436125,-0.5731270899677992,3.958566493577795,0.2527590927460113,-0.9999999999999978,0.25275909274601077,-0.747240907253987,4,4,0.9999999999999999,0.9978567565974263,0.013844998344563748,-8.586618069328367e-05,0.0018964976614782743,NO_HIT
242,4,2,0.03999999999999959,2.0455850996689366,0.002290268215760938,1.1102230246251565e-16,-0.4363660958464374,-0.4331151889373939,-0.28282233850121635,-0.15029285043617913,-0.28375996764895006,2.1428302502297183,0.2279712868398807,-1.0000000000000007,0.22797128683988083,-0.7720287131601198,4,4,0.9999999999999999,0.9924846477711535,0.03076646200526279,-0.00023906245041738217,0.03730648409876891,NO_HIT
243,4,3,0.22970565863157466,2.702106611892595,0.025948775101527582,1.1102230246251565e-16,-0.03994009464175743,-0.03994050012785607,-0.026642464438971107,-0.013298035688886378,-0.026641955914414515,0.7933615082579737,0.15782091876590693,-0.9999999999999983,0.15782091876590668,-0.8421790812340917,4,4,0.9999999999999997,0.9999521616159757,0.060038242523001974,-0.00016586704354937254,0.1978672443738301,NO_HIT
244,4,0,0.13078543726109232,2.4196491591830074,0.005455751889942656,0.0,-0.03230366326123381,-0.032301130253962716,-0.021535621125591316,-0.010765509128373096,-0.021537298575747675,0.5895162625645934,0.10463568717453309,-1.000000000000001,0.1046356871745332,-0.8953643128254679,4,4,1.0,0.9999215586005762,0.06298238537070555,-0.0002155973279047707,0.12876637002358543,NO_HIT
245,4,1,0.00010000000000021103,1.4976811957712721,2.194816297002047e-06,0.0,-1.9858805437048173,-1.7817704058520865,-1.2276008700671746,-0.5541695357848795,-1.3617731785753753,7.04503967266194,0.1859898320547442,-0.9999999999999998,0.18598983205474418,-0.8140101679452556,4,4,0.9999999999999997,0.8880536235332185,0.0014129970245834575,-1.779336619822658e-06,8.308405660484297e-05,NO_HIT
246,4,2,0.039999999999999855,2.4481313420138333,0.007632549371614047,0.0,-0.8227445374775126,-0.8195396731344641,-0.5468524320978763,-0.2726872410365866,-0.5483627116199168,4.170955482716159,0.31104639146192015,-0.9999999999999994,0.31104639146192,-0.6889536085380794,4,4,1.0,0.9960171627078565,0.032964733455021676,-0.0004579517652016918,0.035785478106324896,NO_HIT
247,4,3,0.14881499510209273,2.5506794738013285,0.012313078245355073,0.0,-0.042565673082589635,-0.04255854876323473,-0.028365811812376886,-0.01419273695085721,-0.02837051828827396,0.4220066636332044,0.08702471239688234,-0.9999999999999974,0.08702471239688211,-0.9129752876031153,4,4,1.0,0.9998234681270227,0.07346382515848515,-0.0004037150306048787,0.1385227119343705,NO_HIT
248,4,0,0.11023832875271235,2.296841984779948,0.0022362495364903847,0.0,-0.15951987115207983,-0.15930947315708574,-0.10640516385238213,-0.052904309304704356,-0.10654265485964268,1.0531553531917204,0.1646764211507492,-1.000000000000001,0.1646764211507494,-0.8353235788492517,4,4,1.0000000000000004,0.9986780903891198,0.037394516896503735,-0.00014192255747325078,0.10363469323131792,NO_HIT
249,4,1,0.016408371297299218,1.7985068608804735,0.0005690071365635676,0.0,-1.8929254662132462,-1.8338275950102807,-1.3077207238538904,-0.5261068711563893,-1.3201589742159872,4.840020919843329,0.28048525872029995,-1.0000000000000002,0.2804852587203,-0.7195147412797003,4,4,1.0000000000000002,0.9657081223528905,0.009389628442078902,-8.135797165320646e-05,0.016201032207390068,NO_HIT
250,4,2,0.039999999999999813,2.485728107477503,0.00869717333333333,0.0,-1.394629506766461,-1.7215347989507233,-1.1030368354086109,-0.6184979635421122,-0.8748640727053135,2.865372506230972,0.3244256965965352,-0.9999999999999989,0.32442569659653486,-0.675574303403464,4,4,0.9999999999999999,0.9861829913844399,0.0404873817666417,-0.0014468300543835078,0.03598876585216759,NO_HIT
251,4,3,0.26568547282030996,2.58953272659324,0.01833572937366766,0.0,-0.23510766442270892,-0.23300536284171988,-0.15587387874946762,-0.07713148409225234,-0.15726495088364156,0.6052124719800969,0.12290266759136212,-0.9999999999999984,0.12290266759136192,-0.8770973324086365,4,4,0.9999999999999997,0.9909976655865343,0.05712874980422791,-0.00047056263829103884,0.22344319603064133,NO_HIT
252,4,0,0.13998183392488628,2.518272781855039,0.01078701876643371,0.0,-0.18863080297360588,-0.188564207164967,-0.12621271835970366,-0.06235148880526353,-0.12624048788997025,0.828572972956343,0.1504667578507231,-0.9999999999999982,0.15046675785072283,-0.8495332421492754,4,4,1.0,0.9994281038836198,0.04396576145908995,-0.0002148682403237956,0.12397586834439722,NO_HIT
253,4,1,0.0027215333486662052,1.1455346068806644,6.910935574342432e-08,0.0,-0.46088230823265947,-0.4607110871033845,-0.31434894285259846,-0.14636214425078808,-0.3144594918691493,4.857596867627044,0.1749911218447217,-0.9999999999999984,0.17499112184472143,-0.825008878155277,4,4,0.9999999999999998,0.9996283682866863,0.001104240337474822,-2.91493101656215e-07,0.002523679993872374,NO_HIT
254,4,2,0.039999999999999925,2.064066035136166,0.002708436687439301,2.220446049250313e-16,-0.2630412036372316,-0.262718356035942,-0.17662459823148507,-0.08609375780445827,-0.17651083611278798,2.373040291928512,0.22401025331255608,-1.0,0.22401025331255608,-0.7759897466874439,4,4,1.0000000000000002,0.9983822354267903,0.025709705428423296,-0.00010044564972622183,0.03774033228107676,NO_HIT
255,4,3,0.19199475540476207,2.4399546422036344,0.0070404607446583195,2.220446049250313e-16,-0.010915546094134239,-0.01091566174679877,-0.007277888297913754,-0.0036377734488859392,-0.007277809859179448,0.15807199274909806,0.03133673745562824,-0.9999999999999989,0.031336737455628205,-0.9686632625443707,4,4,1.0,0.9999939117188225,0.050493843954616174,-9.269648563137167e-05,0.1631096214668195,NO_HIT
256,4,0,0.10594108426061422,2.308461363200725,0.0077767656462062506,0.0,-0.012941984640014188,-0.012942529464660254,-0.00861951115237085,-0.004323018312289095,-0.008619142737429718,2.3531817366867713,0.24054659966613556,-1.000000000000001,0.24054659966613584,-0.7594534003338653,4,4,1.0000000000000002,0.9999980687889842,0.05872698925222162,-0.00035278098664814905,0.10115340100398962,NO_HIT
257,4,1,0.0793132405814303,1.8877759257587083,0.0008658022153593706,1.1102230246251565e-16,-0.03259951637540911,-0.03259807231865608,-0.021747213287362795,-0.010850859031294569,-0.021748162954132663,0.4526958900584768,0.07116197047628092,-0.9999999999999991,0.07116197047628085,-0.9288380295237183,4,4,0.9999999999999998,0.9999556543713264,0.019365271591157026,-1.3102716636126388e-05,0.06680165460016319,NO_HIT
258,4,2,0.039999999999999813,2.2933664540449463,0.00869717333333333,2.220446049250313e-16,-0.44575862609536715,-0.4451030721408573,-0.2953889346325768,-0.1497141375082815,-0.295708842540675,3.6940790951316997,0.28148283812411795,-0.9999999999999994,0.2814828381241178,-0.7185171618758817,4,4,1.0,0.9983833928811608,0.07689232197642465,-0.0016053896985530614,0.03766754171216613,NO_HIT
259,4,3,0.09341502907223609,2.6156587524827053,0.015699772982884122,0.0,-0.013115289644202595,-0.013112724071144912,-0.008741840370540115,-0.004370883700604344,-0.008743534966378065,1.1093112234347153,0.17955276264701484,-1.0000000000000009,0.179552762647015,-0.8204472373529859,4,4,0.9999999999999999,0.9998043283622923,0.08437163962476013,-0.0004528070900429171,0.0883763781908693,NO_HIT
260,4,0,0.10025405034992185,2.407780414090134,0.004311574398705515,0.0,-0.6406329652127261,-0.6368665176744445,-0.426278833233496,-0.2105876844409469,-0.42832898593979063,2.808288625477828,0.3154727374262182,-1.0000000000000004,0.31547273742621834,-0.6845272625737822,4,4,0.9999999999999998,0.9939556937239569,0.03558782523526845,-0.0004292801883001296,0.09252071052106936,NO_HIT
261,4,1,0.005342933068364087,2.063280145051296,0.0004693903853603927,0.0,-1.8434257481549399,-1.7993622336258983,-1.3577329610055588,-0.44162927262033735,-1.2971679132372964,5.204810162022618,0.27383847572097353,-1.0000000000000009,0.27383847572097375,-0.7261615242790271,4,4,0.9999999999999998,0.9745508693418795,0.006293903857629746,-3.600975672668483e-05,0.004864624150294449,NO_HIT
262,4,2,0.04000000000000034,2.4316069261233486,0.006525319785531219,2.220446049250313e-16,-0.31922735611740827,-0.31905399821239827,-0.21248530922851583,-0.10656868898388416,-0.2124279543262067,4.020801418782292,0.28255946922726877,-1.000000000000002,0.2825594692272693,-0.7174405307727327,4,4,0.9999999999999997,0.9994082193006684,0.023135950971769327,-9.774528757144907e-05,0.03653431551225328,NO_HIT
263,4,3,0.21834326570732285,2.62590228230772,0.025713889300025137,1.1102230246251565e-16,-0.08964091659171035,-0.08963967906471586,-0.05976078373930799,-0.02987889532540755,-0.05976126295663274,0.7430970013475594,0.1424431383990892,-0.9999999999999986,0.142443138399089,-0.8575568616009095,4,4,1.0000000000000002,0.9999732635544867,0.07172889957868796,-0.0004576173936454708,0.20533421186301895,NO_HIT
264,4,0,0.13604065332649595,2.170726541529683,0.002250184827948248,0.0,-0.08073933730711415,-0.08066255299137116,-0.05384944685701598,-0.026813106134352616,-0.05390036770816446,0.41946417994558055,0.07293887375362877,-1.0000000000000018,0.0729388737536289,-0.9270611262463728,4,4,1.0,0.9990483710106762,0.0382592307279495,-9.707276832271461e-05,0.12519352726710076,NO_HIT
265,4,1,0.005593332273920226,2.16410183576928,0.0001300523609779205,2.220446049250313e-16,-1.7843970425998754,-1.6291373894873942,-1.042830613326513,-0.5863067761608822,-1.1172004507803786,2.181818880368611,0.2269157052839361,-0.9999999999999998,0.22691570528393604,-0.7730842947160638,4,4,1.0000000000000002,0.7904044532378109,0.013650962816619944,-0.00015235695095627833,0.0050918721211491436,NO_HIT
266,4,2,0.039999999999999813,2.4473629317569436,0.008697173333333301,0.0,-1.7471448978357604,-2.0375414941468417,-1.3446833198675012,-0.6928581742793377,-1.1291555086942635,2.88273774603853,0.32366122649384377,-1.0000000000000007,0.323661226493844,-0.6763387735061567,4,4,1.0,0.9936192068809693,0.03393599985294236,-0.0011877398301249897,0.03405442380785503,NO_HIT
267,4,3,0.14109849190860718,2.6060096958392793,0.011181832070153472,1.1102230246251565e-16,-0.02042856152069921,-0.020425471297248157,-0.013618924528991647,-0.00680654676825565,-0.013620973121797315,0.7236541383886803,0.14279174446944773,-1.0000000000000007,0.1427917444694478,-0.8572082555305529,4,4,1.0000000000000002,0.9998486950464543,0.05572074536424818,-0.00012894693460241413,0.1262034996960246,NO_HIT
268,4,0,0.27679347515529584,2.6732411736533557,0.025695921389020666,1.1102230246251565e-16,-0.008121834038600265,-0.008121384418811481,-0.005414568054776517,-0.0027068163640358023,-0.005414867134748677,0.5571329734798476,0.11973637216504077,-0.9999999999999993,0.11973637216504068,-0.8802636278349587,4,4,1.0000000000000002,0.9999446379367514,0.07283908702393684,-0.0002608562852346452,0.2680848782134739,NO_HIT
269,4,1,0.1537341427331126,2.603447885275409,0.013622034677218188,0.0,-0.039055569756700007,-0.03905181985389354,-0.026035072658256518,-0.013016747195637612,-0.026037554927701732,0.3403648341183688,0.0691173486987584,-1.000000000000001,0.06911734869875848,-0.9308826513012426,4,4,1.0,0.9999038380608721,0.07707934021974525,-0.000407917564548832,0.14181858577700224,NO_HIT
270,4,2,0.04,2.133249360376661,0.002503264088415422,0.0,-0.7756609102323473,-0.7755696576053579,-0.5073076193462465,-0.2682620382591123,-0.5071332942989334,1.9808153303308003,0.24205322674499982,-1.0000000000000009,0.24205322674500004,-0.7579467732550008,4,4,0.9999999999999998,0.9993637344502033,0.03209359196030471,-0.00043284111953401094,0.035840285653863414,NO_HIT
271,4,3,0.17319504778155134,2.622704380624743,0.018120393222405155,0.0,-0.09582626483522025,-0.09581572493567979,-0.06388018898501235,-0.031935535950667004,-0.06388648211379591,0.6972171657655221,0.13903871265270284,-0.9999999999999989,0.13903871265270268,-0.8609612873472963,4,4,1.0000000000000002,0.9998111082669128,0.07437059146345126,-0.0005428111554941495,0.16223355020383867,NO_HIT
272,4,0,0.18372699001111403,2.6169074099919953,0.015949452138953654,2.220446049250313e-16,-0.18626326543549437,-0.18506052633253287,-0.12341464939328337,-0.0616458769392485,-0.12421119295434728,0.2470065344410498,0.05253429647385494,-1.0000000000000004,0.05253429647385496,-0.9474657035261455,4,4,0.9999999999999997,0.9892700337816177,0.05467260358864001,-0.0003618308780506396,0.15626993164977895,NO_HIT
273,4,1,0.07841924087020935,2.5779707615175473,0.013350237316401949,0.0,-0.031074422341299385,-0.031073559272404773,-0.020698538310227013,-0.010375020962178183,-0.02069899183521367,2.091834810870125,0.28090678730961083,-1.0000000000000007,0.280906787309611,-0.7190932126903897,4,4,1.0,0.9999722182562638,0.046813122470684615,-0.0001085615231932735,0.0749220762631605,NO_HIT
274,4,2,0.04000000000000015,2.513946726913672,0.00869717333333333,0.0,-1.7433990286476362,-1.7133190669851683,-1.11886074952015,-0.5944583174650178,-1.1230052997027453,3.2547629967270977,0.33365866932546573,-0.9999999999999984,0.33365866932546523,-0.6663413306745332,4,4,0.9999999999999998,0.9262203180105134,0.03541285379076244,-0.0010905830852090403,0.03608012704392192,NO_HIT
275,4,3,0.20734682786561695,2.716831939052147,0.027358382953377818,0.0,-0.28742496691542424,-0.2856625353815613,-0.19059459343330495,-0.0950679419482543,-0.19169914259486717,0.8127137624222613,0.163305540113194,-0.9999999999999982,0.16330554011319373,-0.8366944598868045,4,4,1.0,0.9936799058282335,0.059602694930769466,-0.0006196620423386534,0.1911662605069563,NO_HIT
276,4,0,0.20015644737029037,2.6558210641225775,0.027818185825333207,1.1102230246251565e-16,-0.01938021868541588,-0.01937896840223375,-0.012919029741425218,-0.006459938660805964,-0.01291985705658061,0.44694036841301626,0.08903309694049145,-1.0000000000000013,0.08903309694049158,-0.9109669030595098,4,4,0.9999999999999994,0.9999338703788669,0.06712167784520232,-0.00025415983046173096,0.18677646048681074,NO_HIT
277,4,1,0.00044514165930809035,1.9236547071926573,3.281600255044557e-05,1.1102230246251565e-16,-1.632794731742842,-1.6076573380991859,-1.0456474576179307,-0.5620098804812557,-1.0556188991590747,5.9529898650675825,0.2675253671054741,-1.000000000000001,0.26752536710547437,-0.7324746328945267,4,4,0.9999999999999997,0.9813566220386832,0.014304064768344851,-0.00016517184474551527,0.00039319361747658377,NO_HIT
278,4,2,0.03999999999999992,2.4911750489448083,0.00869717333333333,2.220446049250313e-16,-1.071542763981627,-1.0478661648616754,-0.6935928669867506,-0.3542732978749267,-0.7069654450516011,3.943240985293867,0.32528000345945574,-1.0000000000000007,0.32528000345945596,-0.6747199965405447,4,4,1.0,0.9767409487188884,0.0240384620832471,-0.00031016501722636036,0.034638370182397626,NO_HIT
279,4,3,0.22793568660643393,2.637647659695049,0.021211116074065853,0.0,-0.015675971577742403,-0.01567602123039796,-0.010451444860236456,-0.00522457637016327,-0.010451406115327496,0.9392573667526464,0.17995991393623512,-0.9999999999999998,0.1799599139362351,-0.8200400860637647,4,4,1.0000000000000007,0.9999906301004389,0.059424266923122096,-0.00014260827178524949,0.19290394822550577,NO_HIT
280,4,0,0.1813332379847865,2.433399873075058,0.008907626853585125,0.0,-0.17722720065750744,-0.17702431176487007,-0.11777468821032533,-0.05924962355454433,-0.1179036887831611,0.38758117184546803,0.07411690392832827,-1.0000000000000009,0.07411690392832834,-0.9258830960716725,4,4,1.0000000000000002,0.9986862413124368,0.0683427598941308,-0.0006947194947111157,0.16844827868318446,NO_HIT
281,4,1,0.005341688540424383,1.9825711426977866,9.238315588254014e-05,0.0,-0.11712030490220944,-0.116872480750375,-0.07788325421811627,-0.03898922653225981,-0.07804246587422277,1.620457463460318,0.16700273921779565,-1.0,0.16700273921779565,-0.8329972607822044,4,4,0.9999999999999996,0.9978702677837415,0.027535870421802135,-4.992417397708948e-05,0.005061599041379927,NO_HIT
282,4,2,0.039999999999999925,2.282948771114589,0.006173789488105335,0.0,-1.6590955492650423,-1.6509532783949896,-1.0993963095763015,-0.551556968818689,-1.0995127994326401,2.6736857068287536,0.29134612412455946,-0.9999999999999991,0.2913461241245592,-0.7086538758754399,4,4,1.0,0.9839621513733159,0.0440574584911613,-0.0016318277220519484,0.03498550992982644,NO_HIT
283,4,3,0.13346821131406678,2.675435564484515,0.01628815484655568,1.1102230246251565e-16,-0.4799838645223204,-0.4783963830700892,-0.3190472866415966,-0.15934909642849182,-0.31997400922805114,0.7839520268857604,0.1544965272617551,-0.9999999999999998,0.15449652726175508,-0.8455034727382447,4,4,0.9999999999999998,0.9904652114366039,0.04834523379510744,-0.0005925492478700001,0.11548382031541879,NO_HIT
284,4,0,0.14156818571168123,2.648708766218715,0.013475422905674923,0.0,-0.14414928365236493,-0.14406037363447244,-0.09602754012752004,-0.048032833506952755,-0.09607980554296804,0.6220332564887152,0.12351373180931921,-1.0000000000000009,0.12351373180931932,-0.8764862681906815,4,4,0.9999999999999997,0.9991497260251546,0.06107455289901891,-0.0003935155289571668,0.13129221049504486,NO_HIT
285,4,1,0.00028563606313971256,1.6982887412008907,5.0437063494741595e-06,1.1102230246251565e-16,-4.329153015382,-3.3803210610284515,-2.604003531193938,-0.7763175298344613,-2.1228869665376955,13.538392037655852,0.1048599965840535,-1.0000000000000004,0.10485999658405354,-0.8951400034159469,4,4,1.0000000000000002,0.7286342713879684,0.005163919111037342,-4.5125904800213945e-05,0.00028136457107196,NO_HIT
286,4,2,0.04000000000000004,2.4569823273698073,0.008082685303546222,0.0,-1.8599558957170892,-1.7575278994551484,-1.1757846002684467,-0.5817432991867,-1.2269385462519786,3.561545357784468,0.31723652094066385,-0.9999999999999988,0.31723652094066346,-0.6827634790593353,4,4,0.9999999999999999,0.939235170203387,0.057380866128768415,-0.002972234804365481,0.035382550391394374,NO_HIT
287,4,3,0.09305784739355927,2.6210630179471304,0.013973102597572229,0.0,-0.10578699877114342,-0.10549902533214532,-0.07031634763507609,-0.0351826776970679,-0.0705032842576358,1.0153189952192458,0.17041926040378863,-1.0000000000000004,0.1704192604037887,-0.8295807395962117,4,4,1.0,0.99726716688367,0.06697670828734963,-0.00039809311392557944,0.08368076295913496,NO_HIT
288,4,0,0.30391617932976445,2.6729968389630354,0.02243932583693359,0.0,-0.005768113686947614,-0.005768088897984191,-0.0038454141878197555,-0.001922674710164718,-0.003845430686965755,0.053069505492737666,0.012273739630050944,-1.000000000000001,0.012273739630050958,-0.9877262603699501,4,4,0.9999999999999999,0.9999957023638241,0.07947234895390923,-0.0003599198371713186,0.2817270404322392,NO_HIT
289,4,1,0.0038105970479823917,2.2916912982131823,0.0006546826338415561,0.0,-0.7677097031409256,-0.764277800595868,-0.5157563447806222,-0.2485214558152471,-0.5150350541504715,6.340100715485543,0.21263841479534384,-0.9999999999999992,0.21263841479534368,-0.7873615852046556,4,4,0.9999999999999999,0.9948013349505367,0.02069676472423576,-0.00017049192693230353,0.003538367320100065,NO_HIT
290,4,2,0.039999999999999876,2.237875700465123,0.005668821881832204,2.220446049250313e-16,-0.8581328561694684,-0.8563797217800623,-0.5759761252509206,-0.28040359652914226,-0.5745161142578751,2.9320591676647276,0.2813741967562773,-1.0000000000000013,0.2813741967562777,-0.7186258032437236,4,4,1.0,0.9978803890156479,0.0207044692867805,-0.00018986588705427465,0.036196682459559405,NO_HIT
291,4,3,0.08072917306401636,2.61532846733207,0.01174932855408386,2.220446049250313e-16,-0.02673341797597872,-0.02673184478870871,-0.017821305460520128,-0.008910539328188916,-0.017822336136673743,1.018443112594026,0.1696551513040429,-0.999999999999999,0.16965515130404274,-0.8303448486959563,4,4,0.9999999999999998,0.9999410874997243,0.0899076743426698,-0.0006195026117405966,0.07829674997670204,NO_HIT
292,4,0,0.09329137474298499,2.281574078386763,0.002792720564601598,0.0,-0.5061424449568387,-0.5036790330750553,-0.3392823928145603,-0.1643966402604944,-0.34054603670155564,2.9611882604906934,0.298428728825184,-0.9999999999999989,0.2984287288251837,-0.7015712711748152,4,4,0.9999999999999999,0.9950677844750648,0.026002545299790587,-0.0001807318500315347,0.07816089621691534,NO_HIT
293,4,1,0.05394330217679387,1.756792503992473,0.0013750566331960903,0.0,-0.24758969728085908,-0.24663153957048115,-0.1655948487479152,-0.08103669082256593,-0.1662128962260496,1.3271336831255491,0.1481699830942023,-1.0000000000000007,0.1481699830942024,-0.8518300169057983,4,4,0.9999999999999999,0.9961187185465327,0.021237020687485453,-6.267887370614567e-05,0.05051606220637449,NO_HIT
294,4,2,0.03999999999999979,2.0754364489033894,0.0028068180717336294,0.0,-0.19493199189252522,-0.1942705038007516,-0.12944098365994158,-0.06482952014081045,-0.1298634449869632,2.891519181303843,0.2538264353460893,-1.0000000000000018,0.25382643534608973,-0.746173564653912,4,4,0.9999999999999997,0.9965855425888493,0.05462784000026699,-0.00038507457242742404,0.036340189501942954,NO_HIT
295,4,3,0.11917812050865972,2.4801077253157784,0.015761062991963913,0.0,-0.033707233362872305,-0.0336873660551472,-0.022458163348122756,-0.011229202707022878,-0.022471388979039986,0.38033249749611026,0.07221683186339602,-0.9999999999999982,0.07221683186339589,-0.9277831681366023,4,4,0.9999999999999998,0.9994101499417141,0.04818290671229436,-0.0001263388737271498,0.1107094423843148,NO_HIT
296,4,0,0.08741169266255727,2.595304654125962,0.009632221551063056,0.0,-0.008743867508611303,-0.008743647271998101,-0.005829319992233833,-0.002914327279765594,-0.005829466138347023,1.2119332003787258,0.19515146942221834,-1.0000000000000009,0.1951514694222185,-0.8048485305777824,4,4,1.0000000000000004,0.9999748091044136,0.05272962591037809,-7.276884852691623e-05,0.08309674573839627,NO_HIT
297,4,1,0.04582062472294569,2.334357865126555,0.0019380244589300463,3.3306690738754696e-16,-1.0151137140180178,-1.0072624659843867,-0.6969068307787378,-0.31035563520565024,-0.7003330464237251,2.4273713651390163,0.30520379866060215,-0.9999999999999993,0.30520379866060193,-0.6947962013393973,4,4,1.0000000000000002,0.9914438777303404,0.012006184276569904,-7.35716699864497e-05,0.037551585225195284,NO_HIT
298,4,2,0.03999999999999959,2.549762400561918,0.008697173333333346,0.0,-1.4039266116106839,-1.3802179210564842,-0.8884395659123567,-0.49177835514412654,-0.8917034739506317,3.454351143659952,0.34234823850742735,-0.9999999999999996,0.3423482385074272,-0.6576517614925723,4,4,0.9999999999999999,0.9779305475779048,0.06146631462338514,-0.0027234932370481246,0.037502965433221146,NO_HIT
299,4,3,0.20421552713433966,2.635550012887464,0.02816170993687353,0.0,-0.17414987404715232,-0.2212803611142293,-0.14714440101883738,-0.0741359600953928,-0.11579252072133502,0.7958323993005897,0.1519199093312874,-0.9999999999999999,0.15191990933128738,-0.8480800906687125,4,4,0.9999999999999999,0.9984535783751014,0.06670559906772654,-0.0006982203781005225,0.17271647266951284,NO_HIT
300,4,0,0.29062307133259,2.6347454882696124,0.01711589343910963,1.1102230246251565e-16,-0.004583933662193739,-0.004583926370122503,-0.0030559993075202265,-0.0015279270626005204,-0.0030560040808157636,0.31891384455090926,0.07109807208076445,-0.9999999999999993,0.07109807208076441,-0.928901927919235,4,4,0.9999999999999999,0.99999840522559,0.06577231087986894,-0.0001926543713608453,0.2397259397161668,NO_HIT
301,4,1,0.001367610850208919,1.4641116238330336,4.5944530777776913e-05,0.0,-6.7229003789349004,-12.67575569884214,-4.744820302242945,-7.930935396599189,-2.416330344406255,8.868346521690329,0.26359610389843685,-1.0000000000000016,0.26359610389843724,-0.7364038961015643,4,4,0.9999999999999999,0.9774905985934957,0.01521489914836479,-0.001468335293443479,0.0012522906669727265,NO_HIT
302,4,2,0.040000000000000036,2.5177694118198666,0.00869717333333333,0.0,-1.0072359839864595,-1.0036887750040568,-0.6475108687411296,-0.3561779062629278,-0.645878575310491,3.42836102476166,0.35198069999251236,-0.9999999999999987,0.3519806999925119,-0.6480193000074868,4,4,0.9999999999999997,0.9956073180952056,0.0314852178132835,-0.0005118775015184873,0.03480389333457434,NO_HIT
303,4,3,0.18458534472159016,2.5074969938528318,0.010832839266217743,0.0,-0.035862925799590495,-0.035862803244475355,-0.023924374800710926,-0.01193842844376558,-0.023924292581894276,0.31481613927040314,0.06527829552412412,-0.9999999999999999,0.0652782955241241,-0.9347217044758758,4,4,1.0,0.9999951050267262,0.04773909371430324,-0.00010991749511823912,0.16493752360873826,NO_HIT
304,4,0,0.2510021961021942,2.7260541438322194,0.03286020816514667,1.1102230246251565e-16,-0.0027546150195838434,-0.0027546119463420743,-0.0018364104580120566,-0.0009182014883291068,-0.001836412476455062,0.34698085317972366,0.07708787881030572,-1.0000000000000027,0.07708787881030593,-0.9229121211896967,4,4,1.0000000000000002,0.9999988842083495,0.08665635931626822,-0.00047253662394641793,0.24118528085117175,NO_HIT
305,4,1,0.00019799347517222528,1.802035495551772,2.3667735602135202e-07,0.0,-5.731137542678638,-4.118039740852556,-4.336101683440355,0.2180619425880071,-2.5905147642166124,13.165495542377386,0.20703129851803065,-1.0,0.20703129851803065,-0.7929687014819693,4,4,1.0000000000000004,0.09352072957876748,0.0066434329005951,-9.08799327852261e-05,0.00015955599613214191,NO_HIT
306,4,2,0.03999999999999959,2.514915576357514,0.008697173333333362,1.1102230246251565e-16,-0.921121854676617,-0.9187129244386336,-0.6027187364772488,-0.31599418796138523,-0.6019666566875196,3.5577402740227764,0.3200614195318245,-1.0000000000000007,0.3200614195318247,-0.6799385804681759,4,4,0.9999999999999999,0.9959475874128009,0.02253645354752051,-0.00024016260887815832,0.03478232121025464,NO_HIT
307,4,3,0.0753439178854316,2.5346567973431107,0.008855420777724958,0.0,-0.005942810230664983,-0.005942244415398232,-0.003961481090827138,-0.001980763324572421,-0.003961856696846121,0.97254299596026,0.14804215280495003,-0.9999999999999994,0.14804215280494995,-0.8519578471950495,4,4,0.9999999999999999,0.9999047801481995,0.08018536123587278,-0.0003545680611498625,0.07232922249228779,NO_HIT
308,4,0,0.08640815625036592,2.2267810899050726,0.0028129989136428083,2.220446049250313e-16,-0.035286047941071284,-0.03528057156673416,-0.023534505138454898,-0.011746066428280022,-0.023538085656426847,0.4008330129106302,0.07027150978274158,-1.000000000000001,0.07027150978274166,-0.9297284902172595,4,4,1.0,0.9998404401848967,0.03306937988788987,-4.175344032208983e-05,0.07718127096027672,NO_HIT
309,4,1,0.006685307473769164,1.9411561856217583,0.00014841929145682734,0.0,-4.712738317501874,-3.8079512762082386,-3.716814887366348,-0.09113638884185782,-2.3640011848724507,7.0676391373366165,0.2863551449645665,-1.0000000000000018,0.286355144964567,-0.7136448550354348,4,4,0.9999999999999997,0.3470298171224522,0.014120015967159102,-0.0003797716180078403,0.006000423492235305,NO_HIT
310,4,2,0.039999999999999925,2.4459713764667175,0.00869717333333333,0.0,-1.723022983929351,-1.5684865062599131,-1.0245274050641076,-0.5439591011958052,-1.1143458012106362,3.1107376504341144,0.3401264711552998,-1.0000000000000013,0.34012647115530026,-0.6598735288447011,4,4,1.0000000000000002,0.8953725271521658,0.047265135446342976,-0.0017944727669769733,0.0371290203265191,NO_HIT
311,4,3,0.21128558745529977,2.5071056710965607,0.00968128197702289,2.220446049250313e-16,-0.034116399353403694,-0.03411356065136331,-0.02274689690015621,-0.01136666375120754,-0.022748751868546076,0.3766616186686936,0.08016304314392907,-0.9999999999999998,0.08016304314392905,-0.9198369568560707,4,4,1.0,0.9999167265950625,0.04882932297754309,-0.00011252877106837644,0.17271843942777318,NO_HIT
312,4,0,0.09126947948697361,2.546529911012547,0.010142537562992337,0.0,-0.14138845969712388,-0.1413833773986629,-0.0942523113810373,-0.04713106601762401,-0.09425453855721524,0.7497112689796464,0.12866221093167673,-1.0000000000000004,0.1286622109316768,-0.8713377890683236,4,4,0.9999999999999998,0.9999608671168253,0.08047459040084261,-0.0007967811497811006,0.08607361701685035,NO_HIT
313,4,1,9.999999999995101e-05,1.7584617601948138,1.1167204094260804e-05,0.0,-6.362109994924306,-7.485591234928734,-4.188634142830508,-3.296957092098218,-2.64652965821018,10.235092441698194,0.2757842576692719,-0.9999999999999996,0.2757842576692718,-0.7242157423307278,4,4,1.0000000000000002,0.7034409662027776,0.005555512676705246,-0.00011552906871514779,9.365742838816071e-05,NO_HIT
314,4,2,0.040000000000000036,2.427282608379735,0.008697173333333339,1.1102230246251565e-16,-0.52099831322538,-0.5198949172934474,-0.3457139723934229,-0.17418094490002378,-0.3448034099575424,4.191546821083186,0.24898213901216038,-0.999999999999997,0.24898213901215963,-0.7510178609878374,4,4,0.9999999999999999,0.9976242821933011,0.024248555073418044,-0.00016816680285902663,0.037456504150915254,NO_HIT
315,4,3,0.20272323998566055,2.5892710181439513,0.014157227194828271,0.0,-0.28301594285338694,-0.28224383806451075,-0.18877838866913393,-0.09346544939537615,-0.18926555550324636,0.5677179475301475,0.11713497398746879,-0.9999999999999987,0.11713497398746864,-0.88286502601253,4,4,0.9999999999999998,0.9949218925033955,0.048922221567274694,-0.00038184107890915087,0.17075513695347833,NO_HIT
316,4,0,0.08964821643073673,2.4577788455525296,0.004480381455923279,1.1102230246251565e-16,-0.3906163056599334,-0.39057993295913024,-0.2601843940381324,-0.13039553892099914,-0.26014126888933536,1.7188600981229831,0.24819579862641203,-0.9999999999999993,0.24819579862641186,-0.7518042013735875,4,4,1.0000000000000002,0.999839261445396,0.06204080869672327,-0.0008927057149330508,0.08323931957454382,NO_HIT
317,4,1,0.0018501788061239999,2.055167487419462,0.0001003514441657774,0.0,-0.9140017866472898,-0.9094636061575117,-0.6581187177848709,-0.25134488837264257,-0.6409135799846716,8.893153741673503,0.20568990383644725,-0.9999999999999987,0.20568990383644697,-0.7943100961635516,4,4,1.0,0.992430845229096,0.017274904218874138,-0.00013738249899741817,0.0018447954288597587,NO_HIT
318,4,2,0.039999999999999876,2.4671390014295014,0.008697173333333317,0.0,-0.8799713450288175,-0.8722462552207723,-0.5820748646311851,-0.290171390589587,-0.5860732760116064,3.873012515640519,0.34901403827785843,-1.0,0.34901403827785843,-0.6509859617221416,4,4,1.0,0.9910455896975381,0.03367620493956896,-0.0005123962855506647,0.03565986644362651,NO_HIT
319,4,3,0.1403142776756241,2.47526105905687,0.007596117071993285,0.0,-0.0007510266645862901,-0.0007510263274183635,-0.0005006875759057689,-0.00025033875151186935,-0.0005006877986605693,0.4117183132841899,0.07667836483748308,-1.0,0.07667836483748308,-0.9233216351625169,4,4,1.0,0.9999995509916031,0.06403317296798905,-0.00016347796989713004,0.13240138386250483,NO_HIT
320,4,0,0.13960490898478428,2.126106937385252,0.002007432086544657,1.1102230246251565e-16,-0.030358355563070195,-0.03035462801068744,-0.020245950293736478,-0.010108677716951231,-0.020248422082173412,0.2831777600493676,0.04956816781004228,-1.0000000000000009,0.04956816781004232,-0.9504318321899585,4,4,1.0000000000000002,0.9998771510844211,0.033053635959591585,-4.1321899946211715e-05,0.11479856139176914,NO_HIT
321,4,1,9.999999999987796e-05,2.0673155419996476,6.1633489417030224e-06,2.220446049250313e-16,-5.859084257057703,-6.131316960440646,-3.4385735747259267,-2.692743385714918,-2.354602857903838,12.953626057439816,0.2828449426614938,-0.9999999999999905,0.28284494266149107,-0.7171550573384994,4,4,1.0,0.8342808816033295,0.004760539150667112,-6.948407449414162e-05,9.401500627637116e-05,NO_HIT
322,4,2,0.039999999999999813,2.3772266705589873,0.006329893227665391,0.0,-0.8642718592101856,-0.8612710032791674,-0.5733324437771702,-0.2879385595019963,-0.574764821656728,3.5790642155997685,0.30450322003194163,-1.0000000000000016,0.30450322003194213,-0.6954967799680594,4,4,1.0000000000000002,0.9962631878986989,0.04102343756579162,-0.0007516707373813603,0.03415892837803228,NO_HIT
323,4,3,0.15115928748812302,2.608898014730635,0.01346436954034429,0.0,-0.11361294866023439,-0.11360523862881572,-0.07570988459314605,-0.03789535403566935,-0.07571279763455471,0.6380629672533318,0.12868114536663597,-1.0000000000000004,0.12868114536663602,-0.8713188546333644,4,4,1.0000000000000002,0.9997925849508498,0.08047831851213938,-0.0007425689552023051,0.14246257355173775,NO_HIT
324,4,0,0.1962441241162753,2.5848876890571018,0.018839766378290546,0.0,-0.030208077245962483,-0.030206993866470695,-0.020137854195115146,-0.010069139671356142,-0.020138563557771848,0.26489637859212023,0.056726523811701304,-0.9999999999999996,0.05672652381170128,-0.9432734761882983,4,4,1.0,0.9999466596354322,0.08489080535153498,-0.0005295880369273753,0.1899461213082428,NO_HIT
325,4,1,0.06718258829129975,2.5081965173199157,0.010756257583483343,2.220446049250313e-16,-0.7472552631043583,-0.7280112061387607,-0.4825818136989178,-0.24542939243984285,-0.4934457479972691,2.4691057415012665,0.3008033721144566,-1.0000000000000004,0.30080337211445674,-0.6991966278855437,4,4,0.9999999999999999,0.9733219984935181,0.06352344480352724,-0.0016010255219840452,0.06239483128307122,NO_HIT
326,4,2,0.03999999999999998,2.3406197663941577,0.0034771810892514593,0.0,-0.5671600152618693,-0.5634978812444752,-0.37208336385473684,-0.19141451738973947,-0.37407950496913,3.219127540267349,0.2984549379267774,-1.000000000000001,0.29845493792677774,-0.7015450620732233,4,4,1.0000000000000002,0.9931725067493864,0.04052038150699735,-0.0004933015582326838,0.034842326073840635,NO_HIT
327,4,3,0.11917224836525692,2.517136434890119,0.007674557994125038,0.0,-0.2049306862185866,-0.2031833808536802,-0.13541506247094628,-0.06776831838273267,-0.13655386789038496,0.3751201792186899,0.07513179711690628,-0.9999999999999996,0.07513179711690625,-0.9248682028830933,4,4,1.0000000000000002,0.9912877117858762,0.04665443487530147,-0.0002700189732425251,0.10258860796067054,NO_HIT
328,4,0,0.1340327443896435,2.6812144150784913,0.01739910493003238,2.220446049250313e-16,-0.14049906125237593,-0.140434402131288,-0.0936307703618752,-0.04680363176941427,-0.09367136654251941,1.5532367289028575,0.25343207154066427,-0.9999999999999996,0.25343207154066416,-0.7465679284593354,4,4,1.0000000000000002,0.9995383815349622,0.07345332475341676,-0.0006263462887359239,0.12471857967892495,NO_HIT
329,4,1,0.00257082141750454,2.317603696471582,0.0012238001942671307,0.0,-0.22261587404931826,-0.2224699635882788,-0.1619946042094305,-0.06047535937884785,-0.15719079817188192,6.009228970584377,0.1840697100640298,-1.0000000000000004,0.1840697100640299,-0.8159302899359706,4,4,0.9999999999999999,0.9990977312855134,0.04577546476590261,-0.00029312968742489787,0.0025351777831758376,NO_HIT
330,4,2,0.040000000000000015,2.4017756248295754,0.007572514570497831,0.0,-0.6774992392656423,-0.677059310537347,-0.4427276318231129,-0.23433167871423666,-0.44068651323091795,3.3258018096105437,0.32905851886633725,-1.0000000000000002,0.3290585188663373,-0.6709414811336629,4,4,0.9999999999999996,0.9988923336990928,0.04276610576143208,-0.0006546005703711444,0.03525166564887408,NO_HIT
331,4,3,0.17139458899044946,2.5198967087073436,0.012848946280771552,0.0,-0.051542855191490725,-0.05153987848295002,-0.034364555407142845,-0.017175323075808158,-0.034366451161797595,0.3679195661225905,0.08028755913041544,-1.0000000000000013,0.08028755913041555,-0.9197124408695858,4,4,1.0000000000000002,0.9999389307785131,0.0493009575611276,-0.00014229317556369026,0.15132774978973518,NO_HIT
332,4,0,0.09384886154882177,2.620114265300053,0.011714139627168885,1.1102230246251565e-16,-0.06589751908602873,-0.06586561944863432,-0.04388665529692858,-0.021978964151704083,-0.04390755423213306,1.70956473100621,0.2593679379505997,-1.000000000000001,0.2593679379506,-0.7406320620494011,4,4,1.0,0.9995118088396177,0.06147714199885393,-0.00023688890284923048,0.08545321108864223,NO_HIT
333,4,1,0.0026672758737754506,2.2760903928746012,3.745056408292132e-05,0.0,-1.7617708910430694,-1.736392829019269,-1.262043941953211,-0.4743488870660699,-1.1957903757663622,6.419788975273663,0.2955923156872961,-0.9999999999999994,0.29559231568729594,-0.7044076843127035,4,4,0.9999999999999998,0.9760112938778163,0.04318281444451535,-0.0016631499731278865,0.002589599710843436,NO_HIT
334,4,2,0.03999999999999995,2.389219639458785,0.006242818558284535,0.0,-1.6929384541833212,-1.6150151729367865,-1.0603897576092935,-0.554625415327493,-1.1034851939307395,3.440516315410455,0.2991069656342619,-1.0000000000000002,0.299106965634262,-0.7008930343657382,4,4,1.0000000000000002,0.9355569097456446,0.031393134732013564,-0.0008145746411822863,0.036749393029216815,NO_HIT
335,4,3,0.11913660428498352,2.4375189959681416,0.010953831550662896,0.0,-0.015706343559951336,-0.015705777515780624,-0.010469799962846395,-0.005235977552936255,-0.010470175081176824,0.22796729959495254,0.042952564122159156,-1.0000000000000007,0.042952564122159184,-0.9570474358778415,4,4,1.0,0.9999634557738298,0.052491634286094435,-0.0001548632026855401,0.1131454859129512,NO_HIT
336,4,0,0.16333553803612047,2.6147666972404484,0.012970838071767417,0.0,-0.04271578570451037,-0.042682494686723936,-0.02845300007859209,-0.014229494608132498,-0.028475077721443087,0.3542617818201062,0.0740131463131101,-0.9999999999999996,0.07401314631311007,-0.9259868536868895,4,4,0.9999999999999998,0.9992201205420366,0.06940020058134026,-0.00028926559023512155,0.14999088835975058,NO_HIT
337,4,1,0.012938644092294727,1.540742052334586,1.672107032447426e-05,0.0,-1.140573388005304,-1.1097370268105207,-0.7554597111834367,-0.3542773156270851,-0.7744271915240464,2.052005328913981,0.19852601306647302,-1.0000000000000016,0.19852601306647333,-0.8014739869335282,4,4,0.9999999999999997,0.9631528938927624,0.004101315926142524,-9.426663445610828e-06,0.010420806269482163,NO_HIT
338,4,2,0.039999999999999813,2.3505428209354156,0.00869717333333333,2.220446049250313e-16,-1.6109624503148918,-1.7643502501472337,-1.133019773714949,-0.6313304764322849,-1.019127306174718,2.901401702883825,0.3060721288444232,-1.0,0.3060721288444232,-0.6939278711555767,4,4,1.0,0.9983774442769049,0.03262285986008038,-0.0009519733894824967,0.03383766281926231,NO_HIT
339,4,3,0.11180963427723789,2.506988932424476,0.006802220583608526,0.0,-0.3310208564838336,-0.316888393216212,-0.21118691466958986,-0.10570147854662326,-0.2205874598044075,0.3484825337985918,0.06911388643670663,-1.0000000000000013,0.06911388643670673,-0.9308861135632946,4,4,0.9999999999999999,0.9555534713588975,0.0542102383247916,-0.0005375616701521757,0.10066237510307985,NO_HIT
340,4,0,0.16175642830675707,2.2396766118418157,0.0034400947012153214,2.220446049250313e-16,-0.0019922924057315834,-0.001992287086475731,-0.0013282638838206296,-0.0006640232026562387,-0.0013282674085631132,0.127130617134563,0.02507835852898604,-1.0000000000000007,0.02507835852898606,-0.9749216414710146,4,4,1.0,0.9999973300494072,0.04047000259946744,-4.976031641135137e-05,0.13929317831271826,NO_HIT
341,4,1,0.008546401244319268,1.7392623963327232,3.689903097393199e-05,1.1102230246251565e-16,-2.627712773993022,-2.4440000946574867,-1.6085697641392256,-0.8354303305182609,-1.6798385806676748,4.49854043100353,0.2766744181818302,-0.9999999999999994,0.27667441818183003,-0.7233255818181694,4,4,1.0,0.9091603033635858,0.006798144943561008,-5.683771138942362e-05,0.007631810057685318,NO_HIT
342,4,2,0.040000000000000036,2.114497537149544,0.005672849147122884,0.0,-0.8940323170896578,-0.8661030933209676,-0.564859930909028,-0.3012431624119394,-0.5805978960902435,2.4318235331167832,0.24309021278687548,-0.9999999999999989,0.2430902127868752,-0.7569097872131236,4,4,1.0000000000000002,0.9668615426434896,0.04000560760598518,-0.0007222793719212639,0.03544024318480351,NO_HIT
343,4,3,0.20488866356060573,2.6490153448165685,0.03172512142943961,0.0,-0.03442941885164857,-0.034439456917825406,-0.022959594513505432,-0.011479862404320418,-0.022952815277832328,1.075711801643575,0.18615010258478176,-1.0000000000000022,0.18615010258478218,-0.8138498974152201,4,4,0.9999999999999999,0.9999303097006782,0.06247056967323066,-0.0001924776267845374,0.1879020653618214,NO_HIT
344,4,0,0.08796426812369018,2.392212297379042,0.009221088160772998,2.220446049250313e-16,-0.3158306038423796,-0.3156813289259325,-0.209651362752453,-0.1060299661734806,-0.20973543795008265,1.148898348436849,0.18791461226368764,-0.9999999999999987,0.1879146122636874,-0.8120853877363112,4,4,0.9999999999999998,0.9995046333478654,0.04466887070943612,-0.0003904382404176232,0.07899866622244756,NO_HIT
345,4,1,0.32964852314412907,2.7422922450429006,0.042608530086121046,2.220446049250313e-16,-0.04475015662453572,-0.0447262080640853,-0.029817429222525095,-0.014908778841557613,-0.029833341642298835,0.18527762135702916,0.043290797432098745,-0.9999999999999994,0.043290797432098724,-0.9567092025679007,4,4,0.9999999999999998,0.9994645920028272,0.09143444053259724,-0.0007441205829845643,0.30266093182194675,NO_HIT
346,4,2,0.03999999999999993,2.224764425703266,0.007698295964702054,1.1102230246251565e-16,-0.6312673974411639,-0.6314322133001355,-0.40868305441911035,-0.22274915888102376,-0.4056614877402055,2.560378636044907,0.267360124327163,-1.0000000000000007,0.26736012432716316,-0.7326398756728375,4,4,1.0000000000000002,0.9997405348392169,0.0630276275067949,-0.00139902986481788,0.03832150524580169,NO_HIT
347,4,3,0.18984622483580924,2.5608834235413536,0.010295786331767118,0.0,-0.13046295040265946,-0.13021226342406808,-0.08688450158283713,-0.04332776184123077,-0.08704939037254707,0.4631721613340703,0.09341301860097538,-0.9999999999999996,0.09341301860097534,-0.9065869813990242,4,4,0.9999999999999997,0.9980700711561196,0.06130514282489302,-0.0003816049828464507,0.17458936203353426,NO_HIT
348,4,0,0.18941670764808416,2.6514404928897646,0.01697211560092426,1.1102230246251565e-16,-0.8758272178034329,-0.8434926221480357,-0.5688420961707294,-0.2746505259773051,-0.589298903519122,1.0810333942319332,0.20006929362453993,-1.0000000000000022,0.20006929362454037,-0.7999307063754618,4,4,1.0000000000000004,0.9614329352470083,0.061721715129206545,-0.0017168456070759675,0.1821162922606958,NO_HIT
349,4,1,0.0009266197085880945,1.3363698728284785,1.7250117935033533e-06,0.0,-0.21431138677782932,-0.21242334112868344,-0.1396610164450941,-0.07276232468358934,-0.14088409743342778,0.9179791119153122,0.08337749142505023,-1.0000000000000002,0.08337749142505024,-0.91662250857495,4,4,0.9999999999999999,0.9910032927434961,0.005842835895481342,-3.684061774533731e-06,0.000872650121093943,NO_HIT
350,4,2,0.040000000000000105,2.3323777586670844,0.005360088754306749,0.0,-0.4970878527031953,-0.4955531455514958,-0.326282720958839,-0.16927042459265662,-0.3266531835297985,3.3895755949976683,0.3223408317911743,-0.9999999999999996,0.3223408317911741,-0.6776591682088254,4,4,0.9999999999999998,0.9968971581070208,0.0326746681879596,-0.00029021418333075033,0.0366511287128904,NO_HIT
351,4,3,0.09894663731731623,2.630435655781689,0.010672254507833186,0.0,-0.09575770542615308,-0.09573637438950743,-0.06382017210299165,-0.031916202286516204,-0.0638335432977017,0.930802058860136,0.1653113799532858,-0.9999999999999998,0.16531137995328576,-0.8346886200467141,4,4,1.0,0.9997750248171549,0.06715400726701566,-0.0003878772483276727,0.0924246717764653,NO_HIT
352,4,0,0.17694239288372188,2.68368377829942,0.03206091848067905,0.0,-0.35567625003131076,-0.3511372612892761,-0.23393275060572113,-0.11720451068355525,-0.23692804929850345,0.908688863343734,0.17292628502315083,-1.0000000000000004,0.1729262850231509,-0.8270737149768496,4,4,1.0000000000000002,0.9864243230691067,0.07879070280555085,-0.0013401210441719158,0.1648165196364938,NO_HIT
353,4,1,0.001979988062406308,2.5470277873448595,0.00019516624948410038,0.0,-1.076649003976501,-1.0715373517461408,-0.70459625623124,-0.36694109551489984,-0.7059993720184732,4.091927280312645,0.33373643477834725,-1.0000000000000007,0.33373643477834747,-0.6662635652216532,4,4,1.0000000000000002,0.9903338141742343,0.016214878604395366,-0.00014159613512143565,0.0017223655256312386,NO_HIT
354,4,2,0.04000000000000003,2.26707945962134,0.008697173333333317,0.0,-0.7621070828420918,-0.7555752008755209,-0.5018711585055522,-0.2537040423699688,-0.5050839492424919,3.061803958073596,0.28469322533772534,-0.9999999999999996,0.28469322533772523,-0.7153067746622743,4,4,1.0000000000000002,0.9910713551856566,0.04921631037752499,-0.0009677385996047505,0.03508459950023979,NO_HIT
355,4,3,0.2081886962948769,2.470815378362075,0.007752684862994166,0.0,-0.09600985183046667,-0.09587034355051471,-0.0639516678852004,-0.031918675665315255,-0.06404428348043804,0.23702658041484442,0.047975922101952714,-1.0000000000000016,0.04797592210195279,-0.9520240778980488,4,4,1.0000000000000002,0.99854547775214,0.059273067722586864,-0.0002983545026395973,0.1948372365341895,NO_HIT
356,4,0,0.1213889885807103,2.5604206921848185,0.015830740138490285,0.0,-0.5286419928686341,-0.5266574474682416,-0.34961051023472495,-0.17704693723351617,-0.3508216231338737,1.8923022939475371,0.2832216829052318,-1.000000000000001,0.28322168290523214,-0.716778317094769,4,4,0.9999999999999997,0.9961288385065512,0.06445937909050163,-0.0012739253848197407,0.10675618995624375,NO_HIT
357,4,1,9.999999999990962e-05,0.8103449365756067,2.4182929099165343e-06,2.220446049250313e-16,-2.8852047007348762,-2.880398457921975,-1.4059537342209543,-1.4744447237010359,-1.3918909550936964,9.465501398517391,0.15088344876809867,-0.9999999999999989,0.1508834487680985,-0.8491165512319003,4,4,0.9999999999999999,0.9980951825527999,0.0023660936797869968,-8.075713120336836e-06,9.56918844803987e-05,NO_HIT
358,4,2,0.040000000000000036,2.190020697182934,0.005307633445337953,0.0,-1.8285830590543912,-1.84678324817477,-1.1927278881807717,-0.6540553599940041,-1.159198472789587,2.2437563938310805,0.263287564192789,-0.9999999999999998,0.2632875641927889,-0.7367124358072108,4,4,1.0,0.9519274052897817,0.028821257531933882,-0.0007759391451340747,0.03413212883344163,NO_HIT
359,4,3,0.23503414816054813,2.6645079429860887,0.027243361465768372,2.220446049250313e-16,-0.4521893635867755,-0.4934997403125954,-0.32859662382430327,-0.16490311648829192,-0.3008918084634926,0.7116942094389608,0.1450824846724875,-1.0000000000000007,0.14508248467248758,-0.854917515327513,4,4,1.0,0.9571204602473857,0.06845280015908055,-0.0012711157015674601,0.21751619676447217,NO_HIT
360,4,0,0.12629668913473935,2.459471023411593,0.004810359148655525,0.0,-0.24848185557652122,-0.24813761504886028,-0.16561033200358077,-0.08252728304528079,-0.16579757461076366,1.3105631413344518,0.21139068307787323,-0.9999999999999991,0.21139068307787304,-0.7886093169221261,4,4,1.0000000000000002,0.9985852469909651,0.04122304662289662,-0.00024883507621975554,0.11170155779430246,NO_HIT
361,4,1,0.017933171018045813,1.997522676684134,0.0009728856504844072,0.0,-1.2127711818791578,-1.2005063129536802,-0.7832150742382469,-0.41729123871543217,-0.7862474416781513,3.958640991926481,0.3136169686256429,-1.0,0.3136169686256429,-0.6863830313743571,4,4,1.0000000000000002,0.9895829653440342,0.01592412218150953,-0.0001559377322486455,0.015576166479507436,NO_HIT
362,4,2,0.039999999999999813,2.4556794064184553,0.00869717333333327,1.1102230246251565e-16,-0.6533956004608238,-0.6511594459920933,-0.4347530613027215,-0.21640638468937046,-0.4356289073977478,4.070690000964684,0.3100977733960294,-1.0000000000000009,0.3100977733960297,-0.6899022266039712,4,4,0.9999999999999998,0.9964876300001261,0.049572235837064445,-0.0008527417597412601,0.035834978896369996,NO_HIT
363,4,3,0.11905986641218813,2.4036330663256855,0.006930087337496584,0.0,-0.008827750565938777,-0.008827640338206419,-0.005885519831057981,-0.0029421205071491485,-0.005885592869039524,0.19158258962320474,0.03143801487716787,-1.0000000000000004,0.03143801487716789,-0.9685619851228325,4,4,1.0000000000000002,0.99998730350559,0.04339989967111976,-7.019417177689391e-05,0.11222258321770606,NO_HIT
364,4,0,0.12725924986556975,2.284784846378761,0.0031137978658617154,1.1102230246251565e-16,-0.2683970871167877,-0.26782362261756776,-0.1789712916255291,-0.08885233099203882,-0.17933592903040954,0.41918452928984296,0.07282901783822827,-0.9999999999999991,0.0728290178382282,-0.9271709821617709,4,4,0.9999999999999998,0.9975128006460563,0.03753011593347658,-0.00021984906645666769,0.11300713826640853,NO_HIT
365,4,1,0.10334543076826158,2.2307718283647033,0.007947092140385198,0.0,-0.16232112075107505,-0.1621067710627763,-0.10847500610498664,-0.05363176495778921,-0.10860730376645447,1.8643801557664317,0.22226883144722825,-0.9999999999999998,0.2222688314472282,-0.7777311685527716,4,4,1.0000000000000004,0.998668680164701,0.039055261804995994,-0.0001574845949221526,0.10268613292843863,NO_HIT
366,4,2,0.0399999999999999,2.4323980501112388,0.0066990023992725325,2.220446049250313e-16,-1.8263650085807213,-1.944350290253022,-1.1869371482831308,-0.7574131419698911,-1.092099508344919,2.960448866061527,0.32384424762742176,-0.9999999999999984,0.32384424762742126,-0.6761557523725772,4,4,0.9999999999999999,0.9485465106369748,0.03476247413367419,-0.0011990775465955394,0.03667779805124128,NO_HIT
367,4,3,0.12666183133659692,2.5733122498208494,0.011763965030018073,0.0,-0.041314362948819086,-0.041305818545787805,-0.027528657539874744,-0.01377716100591364,-0.02753425354655426,0.5798253937628375,0.11510141381747803,-0.999999999999998,0.1151014138174778,-0.8848985861825203,4,4,1.0000000000000002,0.9997928280883331,0.06568447033810279,-0.0002789080338509997,0.11358277422589669,NO_HIT
368,4,0,0.1489453491465308,2.6317493354303787,0.014683390265264072,0.0,-0.323421598507157,-0.32282589505442194,-0.2150825027276096,-0.10774339232681229,-0.21546434959780666,1.0653982124416437,0.1954366528253129,-1.0,0.1954366528253129,-0.8045633471746871,4,4,0.9999999999999998,0.9981106942590555,0.05998758996430216,-0.0006983865663898747,0.13684964205553074,NO_HIT
369,4,1,0.008135212524521207,1.6307348528230212,0.00010520116399940843,0.0,-0.44145144388372104,-0.44091415336898016,-0.280055433354837,-0.16085872001414225,-0.28014193028803924,4.073010093239164,0.2972369532215563,-0.9999999999999989,0.29723695322155597,-0.7027630467784429,4,4,1.0,0.9987680514944066,0.02623340635366339,-0.00019693226376538142,0.007791526859813991,NO_HIT
370,4,2,0.040000000000000036,2.5397725915302303,0.008697173333333323,0.0,-1.5339649361910939,-1.5438878750281555,-1.0101622053163286,-0.5337256697118261,-0.9966251170121432,3.3503225401475945,0.3514964614574218,-1.0000000000000004,0.35149646145742197,-0.6485035385425785,4,4,1.0000000000000002,0.9847915812499924,0.031275872635068085,-0.0007674073897474543,0.03480184268360742,NO_HIT
371,4,3,0.20588004212511724,2.519870504720571,0.009661139127277635,2.220446049250313e-16,-0.05142261894187993,-0.05142249846375527,-0.034290490478108025,-0.0171320079856474,-0.0342903977091594,0.4225670931263945,0.08899235378272614,-1.000000000000001,0.08899235378272624,-0.9110076462172749,4,4,1.0000000000000002,0.9999975177940907,0.0526107714563002,-0.00016196792573985874,0.17261232016449157,NO_HIT
372,4,0,0.27159624987592457,2.6796183543691763,0.03155480762113403,2.220446049250313e-16,-0.002460544311831481,-0.002460544297840231,-0.0016403603393044576,-0.0008201839585360027,-0.0016403603294264928,0.06999729841727555,0.016409798411581945,-1.0,0.016409798411581945,-0.983590201588418,4,4,1.0000000000000002,0.9999999939846973,0.07561228993803638,-0.00032425822601123144,0.24981425658450207,NO_HIT
373,4,1,0.0011799647291266258,2.342781388439791,0.00013363060745349493,0.0,-1.4138658136757607,-1.416761003353576,-0.9515365202629003,-0.46522448309066355,-0.9271702462932419,4.200491017189085,0.2799296703391433,-1.000000000000001,0.2799296703391436,-0.7200703296608575,4,4,1.0,0.9986022045153539,0.019236836820053296,-0.00026328890831894824,0.0010643819086209039,NO_HIT
374,4,2,0.03999999999999996,2.0686391118958785,0.007591695702311887,1.1102230246251565e-16,-0.307455746532624,-0.3070135231852419,-0.20206549739971885,-0.10494802578552465,-0.2014090819141456,2.5724124884544914,0.20608408229339223,-1.0000000000000009,0.20608408229339242,-0.7939159177066084,4,4,0.9999999999999997,0.9985371307194402,0.023872013159562566,-0.00010198029978436551,0.036355104232761004,NO_HIT
375,4,3,0.1618368944137254,2.4646666336802063,0.009609831879610675,1.1102230246251565e-16,-0.003340037193574695,-0.0033400354294771274,-0.002226686376989321,-0.0011133490524883882,-0.002226687525458474,0.35247348541746226,0.06681638625051259,-1.0000000000000022,0.06681638625051274,-0.9331836137494894,4,4,1.0,0.9999994706232643,0.07523489633316127,-0.0003219014153841293,0.15925355030926203,NO_HIT
376,4,0,0.20291891904467796,2.4955648445187255,0.01046530350198095,2.220446049250313e-16,-0.0257357987855317,-0.025735668876517865,-0.01715823072982957,-0.008577438146688321,-0.01715830342862406,0.08488102674470704,0.017535686169306338,-1.0,0.017535686169306338,-0.9824643138306937,4,4,0.9999999999999998,0.9999831845352639,0.058004271143769215,-0.0001723708242571398,0.1800506779730945,NO_HIT
377,4,1,0.011616072544260144,2.051871465618447,8.147444732081056e-05,1.1102230246251565e-16,-1.5893891751646807,-1.550131237311861,-1.0651553223305892,-0.48497591498127035,-1.0417707841288062,3.4454933752975285,0.2682908985085824,-1.0000000000000004,0.2682908985085825,-0.7317091014914179,4,4,1.0,0.9628260470936684,0.035700619894490034,-0.0010020542992759118,0.009754229301960177,NO_HIT
378,4,2,0.039999999999999925,2.167403916198298,0.008697173333333292,0.0,-1.0118384643706448,-1.010273449783645,-0.6781929431483289,-0.3320805066353145,-0.6734204312168288,3.0373338566162458,0.2556036785774197,-1.0000000000000007,0.2556036785774199,-0.7443963214225808,4,4,1.0000000000000002,0.9981340604690406,0.025397800746319824,-0.0003392822338135204,0.037495406053453965,NO_HIT
379,4,3,0.1487947719580596,2.601812911963587,0.018978449793174767,0.0,-0.15843282140363996,-0.1575794786843551,-0.10483760502856207,-0.052741873655791416,-0.1053932770802668,0.6054503174649732,0.12303206762946049,-0.9999999999999998,0.12303206762946046,-0.8769679323705393,4,4,0.9999999999999997,0.9945866155386223,0.07422089177425606,-0.0007132992226388524,0.1338871540143221,NO_HIT
380,4,0,0.24447226441746317,2.6545619228270074,0.025697597260526794,0.0,-0.06751408589440887,-0.06747967390505111,-0.04495622954736041,-0.022523444357689715,-0.04497860533018153,0.6536502651865146,0.1351745324811688,-1.0000000000000002,0.13517453248116884,-0.8648254675188314,4,4,0.9999999999999997,0.9994776061351467,0.07836480253202871,-0.0005544055440522833,0.219113387915755,NO_HIT
381,4,1,0.003464353652853469,2.0218184174154192,0.001604676094777097,0.0,-0.5046873202413628,-0.5023150436546255,-0.344773966925367,-0.15754107672925866,-0.33905376636886825,6.204428563809611,0.19548281102587536,-1.0000000000000024,0.19548281102587584,-0.8045171889741266,4,4,0.9999999999999998,0.9944641663415004,0.04014309353120455,-0.00043394663039464376,0.0034259810494068343,NO_HIT
382,4,2,0.0399999999999997,2.178617766327435,0.004742165400410784,0.0,-1.1610671951659313,-1.167271533445228,-0.782228452621257,-0.3850430808239721,-0.7759251073963422,2.430008715167806,0.25643587672550117,-1.0000000000000018,0.2564358767255016,-0.7435641232745002,4,4,1.0,0.996415126622776,0.03567712108402359,-0.0007577085877836787,0.03386763355477203,NO_HIT
383,4,3,0.1108019833014092,2.469957325838588,0.008289683897866648,0.0,-0.0003145035534899009,-0.0003145035351268307,-0.00020966922479194323,-0.00010483431033392332,-0.00020966923702329693,0.4586518103869487,0.07828521707949825,-0.9999999999999994,0.0782852170794982,-0.9217147829205012,4,4,1.0000000000000002,0.9999999416139588,0.05719235106648971,-0.00011417873747143759,0.106765353384867,NO_HIT
384,4,0,0.08451955899591113,2.206228742565049,0.0020856910844164788,2.220446049250313e-16,-0.39966288059617633,-0.3960635827900618,-0.2644882361369083,-0.131575346653154,-0.2668587431355617,0.6805472392643288,0.10241938168551117,-1.0000000000000004,0.10241938168551121,-0.8975806183144892,4,4,1.0,0.9909181992268653,0.051943965123248406,-0.0006117427995193658,0.08337942616930549,NO_HIT
385,4,1,0.0001000000000000445,1.745267226589728,2.7799520717131387e-05,0.0,-0.08702219391357668,-0.08700690160617292,-0.057653464318685885,-0.02935343728748578,-0.056791045130020194,7.9897892574234834,0.12448954008815603,-1.0000000000000158,0.12448954008815799,-0.8755104599118577,4,4,1.0,0.9997464684698287,0.029799403247649972,-4.516148350131033e-05,9.405475676561859e-05,NO_HIT
386,4,2,0.039999999999999813,2.423968334523829,0.008645850321602753,0.0,-0.717486680265589,-0.7173983279126588,-0.4773142730308543,-0.24008405488180262,-0.4771401515456044,3.794416172927571,0.33790321946375346,-1.0000000000000013,0.3379032194637539,-0.6620967805362474,4,4,1.0000000000000004,0.9998359783557911,0.03390765960506819,-0.00042999068261240225,0.035305599499998216,NO_HIT
387,4,3,0.14735691449755287,2.4875379107119406,0.013173646708092884,0.0,-0.02093401102323885,-0.020930946199948283,-0.013959092691643913,-0.006971853508302317,-0.013961106864889257,0.3921549276848952,0.06892063155770788,-1.0000000000000004,0.0689206315577079,-0.9310793684422926,4,4,0.9999999999999999,0.9998535439610308,0.047056824187319574,-9.493012312011828e-05,0.13638646568618504,NO_HIT
388,4,0,0.08765509390160005,2.5724988356060483,0.007678754886350179,2.220446049250313e-16,-0.07391342009845299,-0.07389652205154082,-0.049257506301694766,-0.024639015749843063,-0.04926841668283708,1.701090943066347,0.2628631993617765,-1.0000000000000009,0.2628631993617767,-0.7371368006382242,4,4,0.9999999999999998,0.999770709838459,0.06454896194728009,-0.00026182427840648614,0.08532563470452025,NO_HIT
389,4,1,0.004662517355985577,0.7448410632383898,1.1604742468354107e-06,0.0,-1.4951943831871248,-1.490790059784647,-1.3821699311594164,-0.10862012862523285,-1.3746529577358022,10.90514373282683,0.08161133576636025,-0.999999999999999,0.08161133576636016,-0.9183886642336389,4,4,1.0,0.9969356121586258,0.0017872872372937647,-2.424746134876976e-06,0.004067038611153116,NO_HIT
390,4,2,0.03999999999999991,2.51429422966834,0.008697173333333317,0.0,-2.024225743487184,-2.3469290890384293,-1.5285326498863963,-0.8183964391520342,-1.2805277334953256,3.1768197462008074,0.3354088277583505,-0.9999999999999999,0.33540882775835046,-0.6645911722416494,4,4,0.9999999999999998,0.9756078713704156,0.02143273534680492,-0.0005435581650283794,0.03412061574538905,NO_HIT
391,4,3,0.1099014529695116,2.663741550172395,0.014916721506561793,2.220446049250313e-16,-0.04972802102380415,-0.04971031940848056,-0.03314549038772935,-0.01656482902075007,-0.033156787990163444,0.877718678487935,0.1658118716051085,-0.9999999999999992,0.16581187160510835,-0.8341881283948909,4,4,1.0,0.999642960369784,0.0786250581820809,-0.00047025004816481086,0.10055179330839611,NO_HIT
392,4,0,0.11479109997071668,2.597589904019964,0.009985099805625126,0.0,-0.0617967901767836,-0.061795258056362636,-0.04119913615847767,-0.020596121897885844,-0.041200105938027407,0.8084526713783367,0.14570803398460772,-0.9999999999999999,0.1457080339846077,-0.8542919660153923,4,4,1.0,0.9999748367707658,0.06904169589842804,-0.0003416391847252953,0.10815850837836094,NO_HIT
393,4,1,0.0001000000000005441,1.2708316414089988,1.023640353302708e-08,0.0,-1.8121009872536655,-1.7009107468111084,-1.1645410539256995,-0.5363696928854229,-1.2389509318912517,5.005118814275505,0.174009350564512,-1.0000000000000009,0.17400935056451217,-0.8259906494354887,4,4,0.9999999999999999,0.9350336993905936,0.001080938285842337,-9.938765013206563e-07,8.41485150143706e-05,NO_HIT
394,4,2,0.03999999999999915,2.3044538507742605,0.005832839763631924,1.1102230246251565e-16,-1.5272941533612034,-1.7006071412699473,-1.1360972081074108,-0.5645099331625341,-1.0093585403344045,2.6040509184494947,0.2877702667718419,-0.9999999999999993,0.28777026677184175,-0.7122297332281575,4,4,1.0000000000000002,0.9823985047189925,0.03449828008297003,-0.0010262944981227484,0.03389870879336215,NO_HIT
395,4,3,0.17843337275924584,2.647676943859792,0.01734481841242677,0.0,-0.13756081773700388,-0.1378204902193565,-0.09188402250392116,-0.04593646771543636,-0.09170770321031457,0.795811461424897,0.153025916682756,-1.0,0.153025916682756,-0.846974083317244,4,4,0.9999999999999998,0.9999524156128944,0.06550288025648747,-0.00045895687173302946,0.15414176102384086,NO_HIT
396,4,0,0.17722629537301016,2.569135067340016,0.01178132613736471,0.0,-0.16113264600022403,-0.16098019642992306,-0.10746756518183287,-0.0535126312480918,-0.10756606885127121,0.49030852367835387,0.10178235614419562,-0.9999999999999998,0.10178235614419559,-0.8982176438558042,4,4,1.0000000000000002,0.9990368461524815,0.04903904064155446,-0.00026473803560955744,0.15047392642718393,NO_HIT
397,4,1,0.08719136188357701,2.171537531808381,0.0031434821845165153,0.0,-0.8136136961532984,-0.8135828470708898,-0.5409720493377373,-0.2726107977331538,-0.5404157142383714,1.2599203272922566,0.1896881847313829,-1.0000000000000013,0.18968818473138316,-0.8103118152686182,4,4,1.0000000000000002,0.9994844092130425,0.02917285185444417,-0.0003616499605638701,0.07604290901346866,NO_HIT
398,4,2,0.03999999999999998,2.483962622135307,0.008524692081336977,1.1102230246251565e-16,-1.421373804978499,-1.4210249122346204,-0.9289025397165136,-0.49212237251810786,-0.9174033932337534,3.3550405466894797,0.34241210936530975,-1.000000000000001,0.34241210936531014,-0.657587890634691,4,4,1.0,0.9988976274686316,0.04277560323780553,-0.0013334278291941004,0.03464118279333744,NO_HIT
399,4,3,0.13138796650900764,2.637503568807819,0.019743363917483044,0.0,-0.07645691164636251,-0.07643880145638539,-0.05096242708926068,-0.025476374367124244,-0.050974361945166115,0.9650171184755726,0.1725348735511635,-1.0000000000000016,0.1725348735511638,-0.8274651264488377,4,4,1.0000000000000002,0.9997629466666568,0.07408401064163757,-0.0004677269641653048,0.12811542399465692,NO_HIT
400,5,0,0.08293674645103948,3.2560566886635396,0.005204637877926493,2.220446049250313e-16,-0.05014932070534201,-0.050147388884477215,-0.03342982936075767,-0.01671755952371773,-0.03343090033924848,0.7887059432479888,0.14016433559707125,-0.9999999999999996,0.1401643355970712,-0.8598356644029284,5,5,1.0000000000000002,0.9998304578134608,0.08506692577799199,-0.0005751637094024709,0.08219685648611752,NO_HIT
401,5,1,0.012803347508242413,2.8387098399844564,0.0005571164272277905,1.1102230246251565e-16,-1.1065773619288641,-1.0971178429574244,-0.7864595525371073,-0.3106582904203181,-0.7810577386191822,6.5881281846955355,0.3700878535019911,-1.0,0.3700878535019911,-0.6299121464980089,5,5,1.0000000000000002,0.9902230703022429,0.010941115370639243,-6.654206369738347e-05,0.012134722037798418,NO_HIT
402,5,2,0.039999999999999925,3.232251439534757,0.0037843199999999895,1.1102230246251565e-16,-0.8560918312101016,-0.8465403435238089,-0.5472996510142624,-0.2992406925095457,-0.5516560695149328,3.0703205973245318,0.3424990786318984,-0.9999999999999993,0.34249907863189816,-0.6575009213681011,5,5,1.0,0.9870226784735194,0.055926446189254464,-0.001402485480189064,0.037099304376000036,NO_HIT
403,5,3,0.18230177669224845,3.3106392570147976,0.010449577398364645,0.0,-0.040030988754622035,-0.040018374516327684,-0.026668854606856,-0.013349519909473084,-0.026676954822307565,0.4869172050169662,0.10303300448958003,-0.9999999999999989,0.10303300448957992,-0.8969669955104189,5,5,1.0000000000000002,0.9994971238692457,0.07782124946917626,-0.00044290507166966364,0.16335520370155732,NO_HIT
404,5,0,0.09437769535325924,2.924952957511926,0.0012364032011061893,0.0,-0.0977167484681789,-0.09747971292077418,-0.06491187044750339,-0.0325678424732716,-0.06506785693324398,1.4555521670782843,0.22696173660955388,-0.9999999999999999,0.22696173660955385,-0.773038263390446,5,5,0.9999999999999999,0.9975671266538091,0.05166703501363745,-0.0002192543556112092,0.08440343388510585,NO_HIT
405,5,1,9.999999999981551e-05,1.9800081117804225,6.475743747202715e-10,0.0,-7.650794631545336,-7.1502725482653435,-6.120186683744626,-1.0300858645208728,-2.4475825147122885,19.16776545499743,0.16634300283996464,-0.9999999999999978,0.16634300283996428,-0.8336569971600335,5,5,1.0,0.10937091252624563,0.006165568925657892,-0.00013593267711975443,8.330762696140415e-05,NO_HIT
406,5,2,0.039999999999999925,2.9903782823057714,0.0017064800920909742,2.220446049250313e-16,-0.8785634887079091,-0.8817021543004199,-0.5872526660649416,-0.294449488235478,-0.5826706550668108,2.4773104242661477,0.2928599099946419,-1.0000000000000002,0.29285990999464195,-0.7071400900053583,5,5,0.9999999999999999,0.9774795520820311,0.04907084505564483,-0.001109399180431403,0.03761577671212083,NO_HIT
407,5,3,0.22659006334974374,3.307297209914472,0.008647366034397112,2.220446049250313e-16,-0.01850817822942389,-0.018509000862721895,-0.012339847606531458,-0.006169153256188942,-0.01233928729713983,0.5391491436649558,0.11444058381750384,-0.9999999999999982,0.11444058381750363,-0.8855594161824946,5,5,1.0000000000000002,0.9999643648228744,0.07071080476320925,-0.0002668345412817352,0.21229739388221305,NO_HIT
408,5,0,0.0994378601877387,3.0077832287076034,0.00289169493387387,2.220446049250313e-16,-0.03915228994314142,-0.039146763176166756,-0.026099544305238094,-0.013047218870928745,-0.0261032031407637,0.7870615442125091,0.15170794867333792,-1.0000000000000009,0.15170794867333806,-0.8482920513266629,5,5,0.9999999999999998,0.9998586603733136,0.05933184936987529,-0.00020286036742600544,0.09653959140302038,NO_HIT
409,5,1,0.00010000000000010001,2.650216549510045,1.1371490229187907e-06,0.0,-1.6989870373850813,-1.6345109527562487,-1.1267123619776327,-0.507798590778714,-1.1170114489173713,7.352292304979581,0.21401542785157557,-0.9999999999999992,0.2140154278515754,-0.7859845721484238,5,5,0.9999999999999999,0.9454250863131003,0.0027924812529018794,-6.373922107449914e-06,8.482833758416408e-05,NO_HIT
410,5,2,0.04000000000000001,3.1704189565946996,0.0035651457445457996,0.0,-0.4277805488333211,-0.4276308087122698,-0.28501131834231047,-0.14261949036995775,-0.285070296854297,3.0104031041054533,0.33852070631861264,-1.000000000000001,0.33852070631861303,-0.661479293681388,5,5,0.9999999999999999,0.9993341163214221,0.03993721124232944,-0.000364032986550189,0.03507354379679817,NO_HIT
411,5,3,0.157787003305759,3.209636959516954,0.00465864153740876,0.0,-0.009244373094770438,-0.009244338481912053,-0.006162735250110889,-0.0030816032318015107,-0.006162757215141433,0.38316043453503446,0.07636998789076979,-0.9999999999999982,0.07636998789076965,-0.9236300121092286,5,5,0.9999999999999993,0.9999962498815682,0.07450884223602951,-0.0003273910748671227,0.15228704986673636,NO_HIT
412,5,0,0.10892316656506752,3.251490531491479,0.007492023340533632,0.0,-0.054709588034650446,-0.054699660039443224,-0.036478995478683135,-0.018220664560760103,-0.036485367195937694,1.5817326982148832,0.24959952619555056,-0.9999999999999993,0.2495995261955504,-0.750400473804449,5,5,1.0,0.9997976586967257,0.06222415298276526,-0.00021642308668656796,0.10435386650816998,NO_HIT
413,5,1,0.002626833785122181,2.7781728570596913,0.0001557923436427784,0.0,-0.361837828510147,-0.3592613089046168,-0.24392346037740728,-0.11533784852720719,-0.24344095420022388,5.8129415577013015,0.25407543521750464,-0.9999999999999982,0.2540754352175042,-0.745924564782494,5,5,1.0000000000000002,0.9921612506779258,0.03586831535745432,-0.0002432477300717828,0.002607706602925421,NO_HIT
414,5,2,0.04,3.1887249337066015,0.0037843199999999994,0.0,-0.38447195330103767,-0.38291037409719686,-0.25513121418312734,-0.1277791599140693,-0.2560412252114875,3.5762569957233676,0.34247445054232206,-1.0000000000000004,0.34247445054232223,-0.6575255494576782,5,5,1.0000000000000004,0.9951867704266383,0.06479762936071233,-0.0009522050135206683,0.03740397168547305,NO_HIT
415,5,3,0.11655840427075059,3.3158897776808036,0.007540419154128779,2.220446049250313e-16,-0.017868395287535047,-0.017867037752179852,-0.01191121769624704,-0.005955820055932204,-0.01191211461127303,0.6863026126767028,0.1318375895651265,-0.9999999999999998,0.13183758956512648,-0.8681624104348733,5,5,1.0000000000000004,0.9999239112324007,0.0827935232621431,-0.0004394164467487194,0.11224706786327376,NO_HIT
416,5,0,0.11620769856796909,3.349645452218494,0.00775250936046056,0.0,-0.055446687697069785,-0.05544415734630787,-0.0369619868959174,-0.018482170450390967,-0.03696357962253987,0.9683634334762912,0.17659627230347233,-0.9999999999999974,0.17659627230347189,-0.8234037276965256,5,5,1.0,0.9999501843961592,0.07549295031562148,-0.0004253469408124211,0.10748844888314513,NO_HIT
417,5,1,9.999999999965592e-05,2.8711877961625007,4.380411314406806e-06,0.0,-4.142666461755183,-3.1940082368795344,-3.0061369007932663,-0.1878713360862464,-2.1909581507641316,9.977785834364,0.36481610096477335,-1.0000000000000027,0.36481610096477435,-0.6351838990352283,5,5,1.0000000000000007,0.4078962772406764,0.004070556431230055,-2.646329388289459e-05,8.534179257990715e-05,NO_HIT
418,5,2,0.0399999999999997,2.8594339270697793,0.0024564347478138256,1.1102230246251565e-16,-0.24395369735557035,-0.24285389087357337,-0.16152757945914395,-0.08132631141442959,-0.16219427917249074,2.747305006615469,0.2774031036347034,-0.9999999999999988,0.27740310363470305,-0.7225968963652958,5,5,0.9999999999999998,0.9953785729618086,0.05835510816904943,-0.0005206904354357889,0.03695909968371247,NO_HIT
419,5,3,0.2556748907599232,3.359159943135653,0.011974470618396692,0.0,-0.07849712642974763,-0.07846558697196733,-0.05230250727938629,-0.026163079692582247,-0.05232274071432734,0.5871208069268343,0.12375296657549612,-0.9999999999999991,0.123752966575496,-0.8762470334245032,5,5,1.0,0.9995105849655425,0.08028705525834921,-0.0006311691340616932,0.23690192088741135,NO_HIT
420,5,0,0.18021228040989115,3.4360028524853394,0.017162862509445757,0.0,-0.021781969206417246,-0.021780778930622104,-0.014520553305270856,-0.007260225625350669,-0.014521338034459035,0.5787234911523913,0.12337250762043725,-1.0000000000000009,0.12337250762043736,-0.8766274923795635,5,5,1.0,0.9999452464210165,0.08867602467005038,-0.0005838827298934035,0.16895677446937013,NO_HIT
421,5,1,0.10777042831042327,3.130409402202985,0.0020719708292998196,0.0,-0.010532099326433236,-0.0105395662653832,-0.0070264842066867575,-0.0035130820586957157,-0.007021503702140529,0.529611790745034,0.10137575566321666,-0.9999999999999992,0.10137575566321658,-0.8986242443367827,5,5,1.0,0.9998512678571321,0.07940191520137052,-0.0002882455098522918,0.10615140792058297,NO_HIT
422,5,2,0.039999999999999925,2.9917338895885464,0.002998006132154375,0.0,-0.2025152406850569,-0.20209873309418608,-0.13463950866227828,-0.067459224431907,-0.13489352442197808,2.9848033641454994,0.3101399714607351,-0.9999999999999996,0.31013997146073496,-0.6898600285392646,5,5,0.9999999999999998,0.9979334308293855,0.05897893831635262,-0.00046614368401742823,0.03611332416948965,NO_HIT
423,5,3,0.20519786871328294,3.2823868988608953,0.005786794869512622,2.220446049250313e-16,-0.11092711169559229,-0.11089633148077725,-0.0739613307676345,-0.03693500071314326,-0.07397940823865386,0.41426100173769304,0.0883599792115635,-0.9999999999999993,0.08835997921156344,-0.9116400207884359,5,5,1.0000000000000002,0.9987615096808428,0.0601863951610167,-0.0003312425983219569,0.18511523264926977,NO_HIT
424,5,0,0.2584184996516804,3.352990682205524,0.012989169969148109,0.0,-0.021253437397800366,-0.021251170387146964,-0.014167406857224642,-0.007083763529922571,-0.014168909737218106,0.45737275101140085,0.09711198271452251,-1.0000000000000009,0.0971119827145226,-0.9028880172854783,5,5,0.9999999999999999,0.9998917688281345,0.08708035530524307,-0.0005479628520248525,0.24154320968245713,NO_HIT
425,5,1,0.000393570310607827,2.8987675082448066,4.741466919752202e-06,1.1102230246251565e-16,-0.21470920162058366,-0.2144905979853743,-0.14287213856213893,-0.07161845942323516,-0.1429917425384123,3.7152527900785675,0.31725554084570995,-1.0000000000000016,0.31725554084571045,-0.682744459154291,5,5,1.0000000000000002,0.9988835098909852,0.02507815092327799,-7.144033520489756e-05,0.00034266719575370974,NO_HIT
426,5,2,0.03999999999999948,3.2211524298847047,0.0037843199999999457,0.0,-0.19014040739411237,-0.18993122229257625,-0.12661264916281492,-0.06331857312976208,-0.1267455511189907,3.9909507476802717,0.33655233844866467,-1.0000000000000004,0.33655233844866483,-0.6634476615513356,5,5,0.9999999999999999,0.9988954333424307,0.06162630031477542,-0.000493921297226585,0.036965906473590104,NO_HIT
427,5,3,0.1890938573757252,3.320899486997693,0.007212964037106602,0.0,-0.008922316927803708,-0.008922425385204921,-0.0059484016894016355,-0.0029740236958033517,-0.005948328256415907,0.8196742245577937,0.16013682681237115,-1.0000000000000002,0.16013682681237118,-0.839863173187629,5,5,1.0000000000000002,0.9999974845054562,0.06612675051641782,-0.00018437185607256268,0.1753830804539507,NO_HIT
428,5,0,0.10468582354178001,3.278933091639864,0.005248370325300232,2.220446049250313e-16,-0.013986103909593334,-0.013986042177626244,-0.009324304067418014,-0.004661738110207647,-0.009324342221714079,1.0162888786456177,0.18102791166097731,-1.0000000000000004,0.1810279116609774,-0.818972088339023,5,5,1.0000000000000002,0.9999955821345119,0.07096574220438016,-0.00027437541348529493,0.10404728671082883,NO_HIT
429,5,1,9.999999999976694e-05,2.6393184732148143,9.625615499896992e-07,0.0,-0.1785546611301106,-0.17845199041437548,-0.12770051344353306,-0.05075147697084237,-0.12696517098388002,7.96324845790628,0.2780044366728809,-1.0000000000000022,0.2780044366728815,-0.7219955633271207,5,5,1.0,0.9993973214806142,0.018840930612567357,-3.417920871617852e-05,8.622176115280489e-05,NO_HIT
430,5,2,0.04000000000000013,3.158123756574526,0.0027749387674140995,0.0,-0.9608864776965435,-0.9525275048031979,-0.6243299853467832,-0.32819751945641396,-0.6269996170270085,2.8838612835617945,0.3329903351506269,-0.9999999999999996,0.33299033515062676,-0.6670096648493729,5,5,1.0000000000000002,0.9844255629982904,0.041622126126723065,-0.0008525243575223662,0.03494930091069515,NO_HIT
431,5,3,0.13569084168987666,3.2160877179658445,0.004848161551888922,0.0,-0.03521695585738822,-0.03529219086413584,-0.023525962682049255,-0.011766228182086724,-0.023475775912713142,0.3381351393524533,0.06465170850979941,-0.9999999999999973,0.06465170850979925,-0.935348291490198,5,5,1.0000000000000002,0.9999771628395723,0.07491772180499837,-0.0003797469427371247,0.1250612420963375,NO_HIT
432,5,0,0.1328544531380489,3.1426347145042106,0.0032788494385883158,1.1102230246251565e-16,-0.2101510546162296,-0.2112094449053859,-0.14084451771713347,-0.07036492718825416,-0.14012898658917572,0.7747715652803454,0.1502259493907257,-0.9999999999999987,0.1502259493907255,-0.8497740506092731,5,5,1.0,0.9934636623501943,0.05831266816571558,-0.00044013222185412815,0.1284462637949073,NO_HIT
433,5,1,9.999999999994905e-05,2.3098426994808516,4.835854266060119e-08,0.0,-0.5155886533232749,-0.5154490385160999,-0.34620726497390836,-0.1692417735421932,-0.34603556200680197,2.730526833232233,0.19826424482279378,-1.0000000000000007,0.19826424482279392,-0.8017357551772067,5,5,0.9999999999999999,0.9995765884517968,0.001182240623027033,-3.6032027628252195e-07,8.245330835652722e-05,NO_HIT
434,5,2,0.03999999999999998,2.892121534062578,0.0006187098935845972,0.0,-0.7544881673838971,-0.7653598571955353,-0.5047313816404491,-0.26062847555508556,-0.49667524260244833,2.1624377824124745,0.2687049296213009,-0.9999999999999997,0.26870492962130077,-0.7312950703786989,5,5,0.9999999999999996,0.9763933138110353,0.038028826169903905,-0.0005743909553768134,0.03402907737276206,NO_HIT
435,5,3,0.08870340896089687,3.2238275641612155,0.003724992381716298,1.1102230246251565e-16,-0.015665911566471607,-0.015665401437265077,-0.010443642620957993,-0.005221758816306821,-0.010443981972163653,0.6649374939231737,0.11377850158877963,-0.9999999999999987,0.11377850158877947,-0.8862214984112192,5,5,0.9999999999999999,0.9999673966288728,0.07566226034384173,-0.0003142147151713459,0.08503768727584297,NO_HIT
436,5,0,0.2213300607251637,3.2191594950935167,0.004050917756208977,0.0,-0.10114545511336766,-0.10084082109233275,-0.06727647861666916,-0.03356434247566176,-0.06747899181845624,0.28014867241026403,0.05907003271007397,-0.999999999999998,0.059070032710073855,-0.9409299672899242,5,5,0.9999999999999999,0.9969113863965803,0.060027890163451836,-0.00029602810731343965,0.19483199018817654,NO_HIT
437,5,1,0.0002401531382791654,2.4171902707903694,3.197954893240104e-06,0.0,-2.512128875687987,-2.5263716269778405,-1.5810007313502012,-0.9453708956276268,-1.5315163090645567,11.512119335007965,0.30500585961570265,-0.9999999999999933,0.3050058596157006,-0.6949941403842927,5,5,1.0000000000000002,0.9990106550424739,0.01186385138722236,-0.00017817046444834617,0.0002182471238365097,NO_HIT
438,5,2,0.03999999999999981,3.1715253435232755,0.002996898803494712,0.0,-0.8034968357759135,-0.7913511867953805,-0.5252181070767892,-0.26613307971859085,-0.53088287182985,2.711836481017518,0.3313187723499949,-1.0000000000000016,0.3313187723499954,-0.6686812276500061,5,5,1.0,0.9806848908784461,0.054225287363273804,-0.0012258210201339104,0.0364042515415271,NO_HIT
439,5,3,0.1824381816264794,3.3206842279603457,0.00961810228512317,0.0,-0.023491822369364937,-0.023491300740117273,-0.015662381386653254,-0.007828919353464858,-0.01566271712466407,0.513700124476817,0.10829723142570016,-0.9999999999999988,0.10829723142570002,-0.8917027685742988,5,5,0.9999999999999998,0.9999777562739023,0.06666356355793118,-0.00023825219706408163,0.18007075269661071,NO_HIT
440,5,0,0.13831906543758388,3.160625142352151,0.005941923031672407,1.1102230246251565e-16,-0.22364705078093886,-0.22009598078504508,-0.14725461992740757,-0.0728413608576381,-0.14957308167026334,0.9050690080726069,0.16119064308286668,-1.0,0.16119064308286668,-0.8388093569171333,5,5,1.0000000000000004,0.9836606516849326,0.059258777491199066,-0.0004996308005926764,0.13418063416866033,NO_HIT
441,5,1,0.001433641882570679,2.6271255219052536,1.0100813000381735e-06,0.0,-1.3052653135294885,-1.3042679056819484,-0.8538813363348178,-0.45038656934712856,-0.8425245924441244,5.701678372264032,0.35526181402002227,-0.9999999999999981,0.3552618140200216,-0.6447381859799766,5,5,1.0000000000000002,0.9965311953753426,0.02984265129906793,-0.0005915657679480546,0.00126057679165563,NO_HIT
442,5,2,0.03999999999999995,2.910254655332857,0.002306265126532182,0.0,-0.687941220515951,-0.652053652432516,-0.43071317981753543,-0.22134047261498302,-0.45358592325693164,2.225863865117059,0.27511472752486066,-0.9999999999999986,0.27511472752486027,-0.7248852724751382,5,5,0.9999999999999999,0.9409135724051159,0.03259334674364989,-0.0003561842994819209,0.0343588537838543,NO_HIT
443,5,3,0.12809852351420165,3.278745930425805,0.004152913499095106,0.0,-0.030906960249417026,-0.030900142641663134,-0.020596177783692847,-0.010303964857969028,-0.02060064422345363,0.5777683589005479,0.11406437245410583,-0.9999999999999988,0.1140643724541057,-0.8859356275458931,5,5,0.9999999999999999,0.9997786552693346,0.06723250056844114,-0.00024066457038740552,0.1183262912430861,NO_HIT
444,5,0,0.1250266534746419,3.213463685687435,0.004262322374989735,0.0,-0.03863858670851609,-0.038627678534034926,-0.02575205339342045,-0.0128756251406148,-0.025759233745672044,0.32027964371244977,0.06316939899353413,-0.9999999999999982,0.06316939899353402,-0.9368306010064642,5,5,1.0,0.9997171521847964,0.06907262747741642,-0.00029553098064249994,0.11939873976844732,NO_HIT
445,5,1,0.12041717904969718,3.2054696979859734,0.002806689827074251,2.220446049250313e-16,-0.24075095807342908,-0.23917584290073687,-0.15989227789821803,-0.0792835650025161,-0.16092282391649496,1.7180231242512138,0.2713481285479354,-1.0000000000000002,0.27134812854793544,-0.7286518714520648,5,5,1.0,0.9933877545080125,0.04256980784475916,-0.00024988694499317177,0.10950843261710291,NO_HIT
446,5,2,0.04000000000000001,3.178375000230884,0.0037843199999999994,2.220446049250313e-16,-1.1007718589303208,-1.0729747236521807,-0.7149575121341979,-0.3580172115179838,-0.7317186820608494,2.7667471996835973,0.33235186416667434,-0.9999999999999986,0.33235186416667384,-0.6676481358333247,5,5,1.0000000000000002,0.963850484602418,0.037159041720736044,-0.0007556885150470372,0.034590914848420695,NO_HIT
447,5,3,0.21141697527175826,3.2148559305511073,0.006253914720550658,0.0,-0.03075407304153509,-0.030751164162680235,-0.020499922753665495,-0.010251241409014678,-0.020501774380664462,0.3283300170135739,0.06437765761761353,-0.9999999999999971,0.06437765761761335,-0.9356223423823837,5,5,1.0000000000000004,0.9998890118684778,0.0866147247310517,-0.0005838571523733016,0.20774089016985184,NO_HIT
448,5,0,0.24942893150712586,3.35851624974731,0.008841205987998136,0.0,-0.03947479403273556,-0.03946508817657942,-0.026316177055490445,-0.013148911121088958,-0.026322592920542134,0.38304774723181123,0.0840094763800345,-0.9999999999999998,0.08400947638003449,-0.9159905236199652,5,5,1.0000000000000002,0.9997500912063011,0.0675740736162183,-0.00020700185287125805,0.22688094871300346,NO_HIT
449,5,1,0.0010104483170360183,2.421667507432904,1.161285057350331e-05,0.0,-1.0516347258137784,-1.0520009304359643,-0.7659939303061856,-0.28600700012978036,-0.7597031694172046,10.290887304323299,0.3038165670738635,-1.0000000000000024,0.30381656707386423,-0.6961834329261383,5,5,0.9999999999999998,0.9999834029309577,0.0018620810338403774,-1.8327261921413651e-06,0.0009005412245701246,NO_HIT
450,5,2,0.03999999999999992,3.1762353451293817,0.003199383628671318,2.220446049250313e-16,-0.952308890478216,-0.955166480492046,-0.6228960556216007,-0.3322704248704443,-0.6196034113744221,2.7809982241702715,0.3333710573676549,-1.0000000000000009,0.33337105736765515,-0.6666289426323457,5,5,1.0000000000000002,0.9811043228961244,0.05706543400372075,-0.001620741546407789,0.03716910606609081,NO_HIT
451,5,3,0.20317625775458148,3.336867658466772,0.009124200379647682,0.0,-0.10356859561244822,-0.10352615059998621,-0.06904375667574636,-0.034482393924238686,-0.0690699013059907,0.5680427736815175,0.11963049327622434,-0.9999999999999992,0.11963049327622424,-0.880369506723775,5,5,0.9999999999999997,0.9995305744606408,0.06637608338901815,-0.00040174062955378176,0.19964156509089703,NO_HIT
452,5,0,0.1002680935092307,3.126149547430214,0.004192812660310083,0.0,-0.036696254986213865,-0.036695104434814545,-0.02445441314115984,-0.012240691293651462,-0.02445494782368744,0.8520790756048152,0.1421916478883499,-1.0000000000000022,0.1421916478883502,-0.857808352111652,5,5,0.9999999999999997,0.9999139445156103,0.08121367164067358,-0.0005497102240648033,0.09806367047423707,NO_HIT
453,5,1,9.999999999943388e-05,2.7754090822955453,3.4371849959839005e-06,0.0,-1.1575959045187039,-1.1545723621384298,-0.7115922691428214,-0.4429800929955503,-0.708761755499186,4.547057412275931,0.32207436212574114,-0.9999999999999976,0.32207436212574037,-0.6779256378742572,5,5,0.9999999999999998,0.996389461253879,0.008988832836771534,-4.6751417018153774e-05,9.521466595441286e-05,NO_HIT
454,5,2,0.03999999999999995,3.069684669984489,0.002260409574310659,0.0,-0.6678943696140377,-0.6876750992785026,-0.45636227098760335,-0.23131282829089966,-0.44194518330633614,2.5835825872148415,0.3131899201348384,-0.9999999999999997,0.31318992013483826,-0.6868100798651614,5,5,0.9999999999999998,0.998287597389249,0.036011042339205275,-0.00046104837701399504,0.03456735732279584,NO_HIT
455,5,3,0.1466694590297701,3.1504099699414336,0.003075646778379918,0.0,-0.00014958805113045898,-0.00014958804831416523,-9.972539886261393e-05,-4.986264945228136e-05,-9.972540073884152e-05,0.3149630405984295,0.05929144809434728,-1.0000000000000013,0.05929144809434735,-0.940708551905654,5,4,1.0,0.999999981171241,0.07517685537621167,-0.00028974112466251256,0.1457415938890417,NO_HIT
456,5,0,0.1243016405716455,3.128559023619654,0.0055085768505905765,0.0,-0.058242149054797264,-0.05823185148414357,-0.038823725038585846,-0.019408126445556673,-0.03883049259165787,0.9126997213342103,0.17080686142684162,-1.0000000000000022,0.170806861426842,-0.8291931385731602,5,5,1.0000000000000002,0.9998063912837769,0.053751499468775325,-0.00017930323332926434,0.11474066127554083,NO_HIT
457,5,1,0.005429120108373719,2.347927159388068,0.0004996858491921523,0.0,-0.1111439009495617,-0.11093406191616127,-0.07392364958871657,-0.03701041232744395,-0.07405889994741822,3.6598416699347163,0.1608065623698719,-1.000000000000003,0.1608065623698724,-0.8391934376301307,5,5,1.0000000000000004,0.9980793697061378,0.05191986425328642,-0.00021728756306149677,0.005264653430768596,NO_HIT
458,5,2,0.03999999999999997,3.062422353491333,0.003784319999999993,0.0,-0.8237241025498798,-0.8216721827278286,-0.5445284304788411,-0.2771437522489886,-0.5438334851561788,2.871882376733805,0.31174616692116675,-0.9999999999999997,0.31174616692116663,-0.688253833078833,5,5,1.0,0.9893774169275886,0.05298975145145808,-0.0012030492640251467,0.03615010410531616,NO_HIT
459,5,3,0.12268946326287122,3.2917872085635524,0.005896222097735793,0.0,-0.01420294702527707,-0.014202832313686568,-0.00946827808184138,-0.004734554231845656,-0.009468349226677874,0.5334116673467254,0.10533843702517692,-1.0000000000000013,0.10533843702517706,-0.8946615629748242,5,5,1.0000000000000002,0.9999917127380561,0.08623228528532535,-0.0005359976912595599,0.11574181449022536,NO_HIT
460,5,0,0.11854902404259471,3.304239927997113,0.005211031821851078,0.0,-0.1423034601028024,-0.1421117885911197,-0.09472313993239735,-0.0473886486587205,-0.09484599718240895,1.3543981715785123,0.23331615283650275,-1.0000000000000007,0.23331615283650292,-0.7666838471634978,5,5,1.0000000000000002,0.9986354406595372,0.06518361548825186,-0.0004206303003120304,0.11112035675171295,NO_HIT
461,5,1,0.00799720677576421,2.418379531780136,0.00015339583717204405,1.1102230246251565e-16,-0.29072092780780007,-0.29035594992926733,-0.19605066392380724,-0.09430528600546195,-0.19621297284303907,4.741527260628166,0.25883766228596916,-1.0000000000000013,0.2588376622859695,-0.7411623377140318,5,5,1.0,0.9987082125537744,0.024192742291504966,-9.48666882321092e-05,0.007965166240858856,NO_HIT
462,5,2,0.04,3.1070103584853044,0.003688262520801216,0.0,-0.05575519099356965,-0.055746820447601396,-0.03716164671482507,-0.01858517373277585,-0.037167076778138464,3.7841314177701433,0.35049743586340504,-1.0000000000000004,0.3504974358634052,-0.6495025641365952,5,5,1.0,0.9998497235437542,0.0575163548939476,-0.00020255237928523684,0.03845575193846714,NO_HIT
463,5,3,0.24251416426840747,3.285788039586083,0.005369032901441417,0.0,-0.011880550596416206,-0.011880442878214987,-0.00792105069421013,-0.003959392184003985,-0.007921114595304,0.42159964664446764,0.09058743342741597,-0.999999999999999,0.09058743342741588,-0.9094125665725832,5,5,1.0,0.9999908800433234,0.06314333964214539,-0.0001838272232124183,0.2093180979855843,NO_HIT
464,5,0,0.18085170555209562,3.3862748470664386,0.010063304385953974,0.0,-0.009451941474938315,-0.009451903029697619,-0.006301282762516092,-0.003150620267180715,-0.006301307064372023,0.4432771854851036,0.09405567135329336,-0.9999999999999976,0.09405567135329312,-0.9059443286467044,5,5,0.9999999999999998,0.9999959318496949,0.08618533289195932,-0.00048281560629082065,0.17636207950531713,NO_HIT
465,5,1,0.00790239290970729,2.3545920868982133,2.65173859089343e-05,0.0,-1.4735627668668208,-1.4367390133907922,-0.8955424268586651,-0.5411965865321287,-0.8958541565202918,5.419691076536925,0.29439259793022016,-1.0000000000000018,0.29439259793022066,-0.7056074020697811,5,5,0.9999999999999994,0.960610880131698,0.029129928704724407,-0.000623890098613078,0.007306943867453453,NO_HIT
466,5,2,0.040000000000000036,2.6760914331261145,0.001578187343462267,1.1102230246251565e-16,-0.6462065571548863,-0.6475758590683327,-0.43122637784780143,-0.21634948122053022,-0.43005151216499066,1.9742916312560415,0.21405487106969578,-1.0000000000000002,0.21405487106969584,-0.7859451289303043,5,5,1.0,0.9985602801112083,0.034383894246883144,-0.0003968730923116226,0.03441011998834649,NO_HIT
467,5,3,0.24398513363842633,3.28661385530461,0.008580363239453053,0.0,-0.08691386500950592,-0.08689055817759458,-0.05793033181056818,-0.02896022636702661,-0.057945019725560286,0.46648417803653786,0.09707172268135293,-1.000000000000002,0.09707172268135313,-0.9029282773186489,5,5,1.0000000000000002,0.999644258650921,0.07274571180841453,-0.00045122378113315875,0.2415558660340782,NO_HIT
468,5,0,0.14185888782425737,3.255909694382014,0.007741430311977473,1.1102230246251565e-16,-0.4054106843200911,-0.40558042452377396,-0.27046640230697394,-0.1351140222167979,-0.2701355251961975,1.6232835669917571,0.2641242600128989,-1.0000000000000004,0.264124260012899,-0.7358757399871014,5,5,0.9999999999999998,0.9980124519006789,0.04800287425030808,-0.0005239924590521028,0.14005619074341102,NO_HIT
469,5,1,0.018123372779868696,2.5926756382439606,0.00024976669992451245,1.1102230246251565e-16,-0.9677761048917304,-0.966987400001546,-0.5970561346877972,-0.3699312653137503,-0.5960619004390375,4.962498766353974,0.354171722545428,-0.9999999999999992,0.3541717225454277,-0.6458282774545715,5,5,0.9999999999999999,0.9989622709999526,0.026382422003884187,-0.0003768760500562074,0.01588666285202596,NO_HIT
470,5,2,0.04000000000000002,2.8450391983123957,0.0015471883290508164,1.1102230246251565e-16,-0.39445456124199857,-0.393749237605547,-0.2622290986715503,-0.13152013893399617,-0.262564349179388,2.1883946759667494,0.26378005555590134,-1.0000000000000013,0.26378005555590167,-0.7362199444440997,5,5,1.0000000000000002,0.9980687737925861,0.04084002568646376,-0.0003591944269087932,0.03789873727646461,NO_HIT
471,5,3,0.24067677673829047,3.369546831296523,0.009794440893556744,1.1102230246251565e-16,-0.044656031202412766,-0.044632094267562226,-0.029765613184275355,-0.014866481083287808,-0.029781431680443834,0.5952971917405331,0.12601607980089335,-1.0000000000000007,0.12601607980089344,-0.8739839201991072,5,5,1.0,0.9994620802126675,0.06480384223211372,-0.00024398377298062712,0.23239252387015547,NO_HIT
472,5,0,0.15134051079577396,3.300374714373122,0.010155812302868727,1.1102230246251565e-16,-0.36275208606478426,-0.384529069308419,-0.2563295126390308,-0.12819955666938776,-0.2416514510365574,1.3826280473959456,0.23642179167578,-0.9999999999999984,0.23642179167577965,-0.7635782083242189,5,5,1.0000000000000004,0.9987669298300196,0.04712556824177765,-0.00047774363846908585,0.13649405814620386,NO_HIT
473,5,1,0.0008985059667355744,2.267186866126818,2.5819192340409663e-05,1.1102230246251565e-16,-2.6362971093358847,-2.642649007128875,-1.4886884305604757,-1.1539605765683953,-1.429367469370742,6.95161603433101,0.34192584871906323,-1.0000000000000018,0.34192584871906384,-0.6580741512809379,5,5,0.9999999999999996,0.9994336355262823,0.0034725861270725926,-1.5950637484607455e-05,0.0007794699502183811,NO_HIT
474,5,2,0.04000000000000011,3.1981028617291,0.003112035521724147,1.1102230246251565e-16,-0.537336293684616,-0.5371211269480866,-0.3599164165143086,-0.1772047104337804,-0.3596519879347992,3.125562903838748,0.33890571092437727,-0.9999999999999996,0.3389057109243771,-0.6610942890756224,5,5,0.9999999999999999,0.9993037095787393,0.0402875508410988,-0.0004547220445538791,0.03531964440186186,NO_HIT
475,5,3,0.23877115540548388,3.324734358317225,0.007531524463103613,0.0,-0.0870868927182905,-0.08692294289350463,-0.05796041280060501,-0.02896253009289973,-0.05806933929413382,0.48690069467953134,0.10432204589389638,-0.9999999999999987,0.10432204589389624,-0.8956779541061024,5,5,1.0,0.9981103771462625,0.0678569072062034,-0.00038030474942818415,0.2156987492735895,NO_HIT
476,5,0,0.08594077770468676,3.2279008918464616,0.008292155282398968,0.0,-0.2689937536781932,-0.26903472513074056,-0.179270032902028,-0.08976469222871153,-0.17921632135516521,1.5769892378753498,0.24986878473495958,-0.9999999999999992,0.24986878473495938,-0.7501312152650399,5,5,1.0,0.9998772299287954,0.0507872607472582,-0.00040562526924059483,0.07602007897351892,NO_HIT
477,5,1,0.01977509245834607,1.1220520511053107,2.0058730679205928e-07,2.220446049250313e-16,-0.011062784899676105,-0.01106264013279214,-0.007379230760661086,-0.0036834093721310355,-0.007379325998105295,0.5609447732979974,0.03629575902985111,-1.0000000000000009,0.036295759029851146,-0.9637042409701497,5,5,1.0000000000000002,0.9999869136301044,0.007004213518699386,-7.606971899054571e-07,0.017379772424909224,NO_HIT
478,5,2,0.039999999999999813,3.2345637789446005,0.0037843199999999994,0.0,-0.6220170218449093,-0.6168489841037798,-0.41143342448826825,-0.20541555961550984,-0.4146801722848528,3.309251122426721,0.36003441159419286,-1.0000000000000004,0.360034411594193,-0.6399655884058074,5,5,1.0000000000000004,0.9903587050728613,0.031086295892524065,-0.00030647940408945473,0.0339981200996685,NO_HIT
479,5,3,0.12615318609420667,3.328742817746998,0.006055690532350784,0.0,-0.027614957786563272,-0.02843194747613501,-0.01895171845509637,-0.009480229021039843,-0.0184070265980536,0.7116888419679345,0.13840289047805246,-0.999999999999998,0.13840289047805218,-0.8615971095219458,5,5,1.0,0.9996214003232792,0.08415598112758486,-0.0005075335648729862,0.11968287199633076,NO_HIT
480,5,0,0.15351860391546412,3.076585385293188,0.001835596252890746,0.0,-0.1119220706021643,-0.11191770469814255,-0.07462385224199865,-0.03729385245614364,-0.07462599427188367,0.7186693274207872,0.1319906771312681,-0.9999999999999982,0.1319906771312679,-0.8680093228687303,5,5,0.9999999999999999,0.9999426145006924,0.05280470654336114,-0.00023211812632428774,0.1362469717692557,NO_HIT
481,5,1,0.055692668158830096,2.438477255707374,0.00025304161514995145,0.0,-0.7020409885144245,-0.6958863175409957,-0.4686658931765338,-0.22722042436446233,-0.4724635684550236,2.466830382164381,0.24826291281053967,-0.9999999999999999,0.24826291281053964,-0.7517370871894602,5,5,0.9999999999999996,0.991065964484197,0.021505058668649074,-0.00016809086340874302,0.049741136555753934,NO_HIT
482,5,2,0.03999999999999989,3.0183449770962874,0.0024442533580875375,0.0,-0.2666929554096438,-0.266480769146853,-0.1767728382453567,-0.08970793090149742,-0.17685784490529793,2.6105471222031285,0.29242978611502934,-0.9999999999999986,0.2924297861150289,-0.7075702138849697,5,5,1.0,0.9991500974325562,0.029482211994048227,-0.0001331823079251393,0.03636848585300623,NO_HIT
483,5,3,0.19909842387454024,3.301462363744527,0.00787116535099127,2.220446049250313e-16,-0.045704763944745604,-0.04568748178234026,-0.030454105270223006,-0.015233376512117647,-0.0304650938333726,0.5068750684867944,0.10682463021050378,-1.0000000000000004,0.10682463021050383,-0.8931753697894966,5,5,1.0000000000000002,0.999371764507102,0.08462367190813169,-0.0006060100534570623,0.18959624923604446,NO_HIT
484,5,0,0.22715845915295768,3.394660629472102,0.013366408781186669,0.0,-0.03323761680361628,-0.033237720176345506,-0.02215777524565353,-0.01107994493069231,-0.02215765043702872,0.45683092821339955,0.09998406046356759,-0.9999999999999978,0.09998406046356736,-0.9000159395364304,5,5,1.0,0.9999632289952634,0.07655200084860544,-0.0002955498306356219,0.20555712938911683,NO_HIT
485,5,1,0.024396952434090124,2.6364968398006257,0.001709201011428497,0.0,-0.06863650377663351,-0.06861228106439031,-0.0457631470005157,-0.022849134063874565,-0.0457780439123096,2.4951793979113615,0.20190149011278574,-1.0000000000000004,0.20190149011278583,-0.7980985098872146,5,5,1.0,0.9996455869693195,0.04427371293000073,-0.00010434992053864889,0.022200789443728497,NO_HIT
486,5,2,0.04000000000000009,3.2462669750860114,0.003784319999999996,0.0,-0.4880944277484103,-0.4852690114291607,-0.3229921659422599,-0.16227684548690105,-0.32453058348782493,3.3786123742350354,0.35055734502443137,-1.0000000000000002,0.3505573450244314,-0.6494426549755687,5,5,0.9999999999999997,0.9940858671035272,0.06059367559232465,-0.0010038046541915868,0.03577731387713756,NO_HIT
487,5,3,0.1633307728402403,3.2916294712293475,0.005274870269431402,0.0,-0.057543783397378985,-0.05754354262033069,-0.03834328164740207,-0.019200260972928374,-0.03834335719140837,0.47277033383374095,0.09895264131352574,-0.9999999999999978,0.09895264131352552,-0.9010473586864722,5,5,0.9999999999999999,0.99996720423874,0.07280006730674793,-0.00032168806313581655,0.15996303688528904,NO_HIT
488,5,0,0.08060121404417983,3.2988672071048706,0.003900911385602398,0.0,-0.3657280939321596,-0.3729442379649961,-0.24823681819670945,-0.12470741976828714,-0.24337183085540734,2.011894193560807,0.2898934864141506,-0.9999999999999999,0.2898934864141505,-0.7101065135858493,5,5,1.0,0.9977372887088215,0.05331510895425078,-0.0006014745254705467,0.0726859606178536,NO_HIT
489,5,1,0.0016648894699277106,2.8709017531110974,2.436879066870333e-06,0.0,-1.3409013614134764,-1.3049455423708916,-0.8816583842038055,-0.4232871581670993,-0.8558317411555049,5.80769084570463,0.345256009063252,-1.0,0.345256009063252,-0.6547439909367481,5,5,0.9999999999999999,0.9469261413921422,0.014208164568708477,-0.00013229465734232448,0.001447448394791384,NO_HIT
490,5,2,0.04000000000000008,3.043158271703807,0.003028239086940465,0.0,-0.29203097269573053,-0.2920365182967407,-0.1941616910429208,-0.09787482725382102,-0.19409650120362396,2.884358726199845,0.30533664659953375,-0.9999999999999986,0.3053366465995333,-0.6946633534004653,5,5,0.9999999999999997,0.9998000112891318,0.03766104652022309,-0.00022684322995036865,0.034585465706064134,NO_HIT
491,5,3,0.15168437194004875,3.4202770673619365,0.014445842921040014,0.0,-0.02069145097991292,-0.020690723177780354,-0.01379436722054485,-0.006896355957234868,-0.013794811325771919,0.7234727583506657,0.1485047092102756,-1.0000000000000022,0.14850470921027592,-0.8514952907897263,5,5,1.0,0.9999592930752493,0.0824755772049942,-0.00044846190956482346,0.14204913954342643,NO_HIT
492,5,0,0.16508156130559332,3.256861794049641,0.006025783041695739,1.1102230246251565e-16,-0.10051020028831098,-0.10045894664335175,-0.06706096500920691,-0.03339798163414609,-0.06708907864654816,1.4175657131931334,0.22830602394786856,-0.9999999999999983,0.22830602394786817,-0.7716939760521302,5,5,0.9999999999999997,0.9994868997928774,0.05359495428844768,-0.00022849299218474783,0.1527071412461242,NO_HIT
493,5,1,0.0018181130281547167,2.596407510661545,2.4438550765530434e-05,0.0,-2.4248211805677102,-2.353728567464585,-1.8389059409662423,-0.5148226264983512,-1.6748408986021857,9.092647280482309,0.25677005820570886,-0.9999999999999997,0.25677005820570875,-0.7432299417942909,5,5,0.9999999999999998,0.9529925955430232,0.008650179214620473,-8.829175131275235e-05,0.0018054962991677637,NO_HIT
494,5,2,0.03999999999999915,2.9148246876665547,0.0007445219687009869,2.220446049250313e-16,-0.6981590965898636,-0.7188117802677658,-0.4634462236017569,-0.2553655566660096,-0.4483129852375833,2.1590679212816433,0.2699073173253561,-1.0000000000000004,0.2699073173253562,-0.7300926826746442,5,5,1.0,0.9975419056060264,0.03556261615961345,-0.0004840958614380497,0.037362242511214325,NO_HIT
495,5,3,0.1525153685638896,3.2994591038909507,0.00788380784166019,0.0,-0.02015755232859123,-0.02015555753295072,-0.013435608444549918,-0.006719949088401789,-0.013436933400012781,0.6641042230260191,0.12459900075926295,-0.9999999999999996,0.12459900075926289,-0.8754009992407367,5,5,0.9999999999999998,0.9999007066874448,0.09291288660761918,-0.0006042252720579455,0.1516141735362423,NO_HIT
496,5,0,0.18161282263449163,3.3615993295436755,0.013661290583557126,0.0,-0.012127305255835143,-0.012126267406635234,-0.008084634232806785,-0.004041633173828663,-0.00808532267019723,0.7436704820433772,0.15107226538554647,-1.0000000000000027,0.15107226538554688,-0.8489277346144558,5,5,1.0,0.9999144051308306,0.0745853532904712,-0.00031524877389843553,0.17775603258053874,NO_HIT
497,5,1,0.021556191094231535,3.002607344158651,0.0002659445615096097,2.220446049250313e-16,-0.3263079370594645,-0.3250053169741701,-0.21673571694863766,-0.1082696000255326,-0.21756158658023098,1.850205613776968,0.23923441786953692,-1.0000000000000009,0.23923441786953714,-0.7607655821304637,5,5,1.0,0.9943099492046097,0.018459467070013603,-5.6851319637285513e-05,0.018293008085756204,NO_HIT
498,5,2,0.03999999999999926,2.84577790580117,0.0007868008096926664,0.0,-0.43710183335464176,-0.436992842844505,-0.2888562768920522,-0.1481365659524542,-0.28878736307206565,2.0707541376872345,0.26022940329872635,-0.9999999999999981,0.26022940329872585,-0.7397705967012722,5,5,1.0,0.9993369034163854,0.03110141555269747,-0.00023737030329140651,0.036699844444248564,NO_HIT
499,5,3,0.2061783573691398,3.280036163942826,0.007560264973242711,1.1102230246251565e-16,-0.02149559923754919,-0.021494738445784808,-0.014327422139034249,-0.007167316306748717,-0.014327961926232724,0.4074457047560891,0.08771113716496207,-1.0000000000000007,0.08771113716496212,-0.9122888628350385,5,5,1.0000000000000002,0.9999592774435839,0.06893263212731532,-0.0002988622030950516,0.1912901855410751,NO_HIT
500,5,0,0.23800285712907487,3.2319248560473275,0.004919463182780009,0.0,-0.005352930714419096,-0.005352892792625732,-0.003568740021680725,-0.0017841527709447913,-0.003568765188261631,0.21054231190042905,0.04766550772519461,-1.0000000000000022,0.04766550772519471,-0.9523344922748075,5,5,0.9999999999999992,0.999992865518131,0.05569084315572995,-0.00012025486235645033,0.2010946089891018,NO_HIT
501,5,1,0.002615005047630714,2.417498724367521,0.00045418789775732925,2.220446049250313e-16,-0.05287932738370664,-0.05269421292947598,-0.035419821063834143,-0.017274391865643057,-0.03551909494147415,4.436560387947402,0.17135862890422845,-1.0000000000000002,0.17135862890422848,-0.8286413710957717,5,5,1.0000000000000004,0.9964861108443375,0.03416989402709513,-6.158156068103438e-05,0.0025894061504757103,NO_HIT
502,5,2,0.04000000000000014,2.918334866960918,0.002205934394320066,2.220446049250313e-16,-0.3394236258483458,-0.34219851332910206,-0.2261100917164734,-0.11608842161262767,-0.2241597102669174,2.3849510293152423,0.26628233552955527,-1.0000000000000004,0.2662823355295554,-0.7337176644704451,5,5,0.9999999999999998,0.994437634151849,0.05686301603487927,-0.0006389639612978115,0.03713378116590915,NO_HIT
503,5,3,0.16286042053469352,3.308099663993204,0.005991890473503255,0.0,-0.03768655224099065,-0.03767727052568385,-0.025121301079418238,-0.012555969446267135,-0.025127447384613935,0.5217368161969084,0.10581476890111932,-1.0000000000000033,0.10581476890111967,-0.8941852310988837,5,5,0.9999999999999997,0.9997527833857062,0.06791947922011676,-0.00025169312164941005,0.1497719955927852,NO_HIT
504,5,0,0.11939643094250263,3.069424931700076,0.0028525621222009216,0.0,-0.05046000315616315,-0.05044772318766575,-0.03363997427664842,-0.01680774891101766,-0.03364798546204943,0.4593482367537949,0.09616117693929435,-0.999999999999998,0.09616117693929416,-0.9038388230607038,5,5,0.9999999999999998,0.9997465210418176,0.05095791493166446,-0.00014114231784345677,0.10695180159729144,NO_HIT
505,5,1,9.99999999995449e-05,2.6796098277407476,4.633774822946776e-08,0.0,-1.9055439176742641,-2.19038355274022,-1.3948090682078644,-0.7955744845323683,-1.1764409865268282,4.362654885393054,0.3182501040460073,-1.0000000000000024,0.31825010404600806,-0.6817498959539944,5,5,1.0000000000000002,0.9292284825560215,0.0012813673111781853,-1.7982490723156275e-06,8.232880209579907e-05,NO_HIT
506,5,2,0.040000000000000036,3.0784663070219604,0.0023831448132674276,0.0,-0.5427182254933921,-0.5383292799741163,-0.3590819191989557,-0.17924736077515968,-0.3613000207387282,2.591068476890266,0.3102568736580689,-0.9999999999999993,0.3102568736580687,-0.6897431263419307,5,5,1.0,0.991075886624928,0.029926525206356625,-0.0002528394483074514,0.03539071689606384,NO_HIT
507,5,3,0.13556672637581968,3.1859835931172613,0.0032846352604099984,2.220446049250313e-16,-0.013611749872690317,-0.013608344407615384,-0.009072496535813795,-0.004535847871803167,-0.009074755918351057,0.3018330674144848,0.05947676213801234,-1.0000000000000002,0.059476762138012354,-0.9405232378619879,5,5,0.9999999999999998,0.9997487575437844,0.0662534822679571,-0.0001971340504054453,0.12459042117180677,NO_HIT
508,5,0,0.1575369649115056,3.363400809736212,0.011398511822498228,0.0,-0.19739743934093695,-0.19720016352832428,-0.13143840186846167,-0.06576176165986153,-0.13155762885239405,0.9321184808120961,0.18031449204143168,-0.9999999999999998,0.18031449204143166,-0.8196855079585681,5,5,1.0000000000000002,0.998647831200881,0.07055100530635527,-0.0007025235437261301,0.1473778534918453,NO_HIT
509,5,1,0.011882041582775005,2.3895011910438755,3.5247686848316017e-06,1.1102230246251565e-16,-0.8644680903469792,-0.8651760495335229,-0.5724809050884542,-0.2926951444450685,-0.5705963809570296,3.174332564876501,0.25695765978566115,-0.9999999999999999,0.2569576597856611,-0.7430423402143388,5,5,1.0,0.9988152984494733,0.028248714041778214,-0.00035269995938058685,0.011218169110663654,NO_HIT
510,5,2,0.03999999999999996,3.2054329311322176,0.0037843199999999994,1.1102230246251565e-16,-0.7290818408277188,-0.7214193015816264,-0.4763033940889543,-0.2451159074926723,-0.48034513814718177,2.6800923530814798,0.3300736820603757,-0.9999999999999991,0.3300736820603754,-0.6699263179396238,5,5,0.9999999999999997,0.9770206648308128,0.0386555135254896,-0.0005575568142193177,0.034531196965359064,NO_HIT
511,5,3,0.17080981369744297,3.3053926322266967,0.008351072662978423,0.0,-0.08558450963200707,-0.08553945491096049,-0.05701531160764482,-0.028524143303316096,-0.057044569627988206,0.4331692089252891,0.0913945802211645,-1.0000000000000004,0.09139458022116455,-0.9086054197788359,5,5,1.0,0.9993546775708125,0.07312745541454112,-0.0004639831860022703,0.15189137578590017,NO_HIT
512,5,0,0.10539666622197885,3.3838296023929675,0.012065218917368475,2.220446049250313e-16,-0.20805394988836953,-0.2058917459751072,-0.13797991198420098,-0.0679118339909075,-0.13937075515284308,1.1372643102738866,0.21069326518735204,-0.9999999999999987,0.21069326518735176,-0.7893067348126469,5,5,1.0000000000000002,0.9894955032389435,0.07077892817331792,-0.0007215050173705606,0.10035182684929989,NO_HIT
513,5,1,9.999999999988223e-05,2.4103067588225615,1.2411813667681827e-06,0.0,-1.0794199257619321,-1.060521960364274,-0.69590855795131,-0.36461340241294954,-0.7019618296204101,7.973191272650764,0.2906977433160091,-0.9999999999999993,0.29069774331600895,-0.7093022566839904,5,5,0.9999999999999997,0.9822207824762529,0.01138257284865217,-6.934670757630101e-05,9.585449892482271e-05,NO_HIT
514,5,2,0.03999999999999966,3.1151611738923584,0.002578233911476685,0.0,-0.3237675163408569,-0.3234652926255147,-0.21551295127577114,-0.1079523413497428,-0.21566378152716387,2.9275298248014447,0.31844073600576656,-0.9999999999999997,0.31844073600576644,-0.6815592639942332,5,5,1.0,0.9989423556735594,0.053581862423737706,-0.000540689694048968,0.03727630540020943,NO_HIT
515,5,3,0.17742690117210996,3.3290716614235802,0.005682499010043343,0.0,-0.06631152375221203,-0.06628777180843633,-0.04419203653263054,-0.022095735275805717,-0.04420761001698993,0.574789987436776,0.11840373514498188,-1.0000000000000024,0.11840373514498218,-0.8815962648550203,5,5,1.0,0.9996412741227573,0.07021031402849286,-0.00036988999822584745,0.16377427723799323,NO_HIT
516,5,0,0.13233402387354087,3.2578723433451153,0.005904004695403549,4.440892098500626e-16,-0.028680373212435908,-0.028678882897176718,-0.019119900111100024,-0.009558982786077141,-0.019120866373234638,0.7887335920891885,0.14820853726230046,-1.000000000000002,0.14820853726230077,-0.8517914627377012,5,5,1.0000000000000002,0.9999470977742814,0.06440108212416604,-0.0002135915303678182,0.12318366968163418,NO_HIT
517,5,1,9.999999999998899e-05,3.0246910263815474,1.066925094231597e-05,1.1102230246251565e-16,-1.1451415412075205,-1.158000628317243,-0.7663777737785303,-0.3916228545385752,-0.7507548816175031,8.937401830819573,0.2746463943161894,-1.0,0.2746463943161894,-0.7253536056838106,5,5,1.0000000000000004,0.9994622275254783,0.0033397789529572073,-6.475272731787385e-06,9.038115493509302e-05,NO_HIT
518,5,2,0.03999999999999948,3.2360663354360506,0.0037843199999999526,0.0,-0.5666987651844042,-0.5617422069428315,-0.37247386607503746,-0.18926834086779332,-0.3749183409897034,3.2263054885337406,0.35133699676430624,-0.999999999999999,0.3513369967643059,-0.648663003235693,5,5,0.9999999999999999,0.9900635966329169,0.039000000565023306,-0.00044769317150095134,0.034861079477155,NO_HIT
519,5,3,0.23051675949874034,3.3253333560391214,0.010550603788818877,4.440892098500626e-16,-0.041185735682339894,-0.041170551677116286,-0.027450973458076483,-0.01371957821904024,-0.027461049079835164,0.5967299234837055,0.12593865539030683,-0.9999999999999998,0.1259386553903068,-0.874061344609693,5,5,1.0000000000000002,0.9996311335416082,0.06540883628378712,-0.000268712549159833,0.21658551448305247,NO_HIT
520,5,0,0.13108626349753183,3.258655148471016,0.0068780185234388926,2.220446049250313e-16,-0.011558616207756419,-0.011558533962327413,-0.007705661414708477,-0.003852872547620234,-0.007705714843378464,0.8868824771900233,0.15941202212906064,-1.0000000000000013,0.15941202212906086,-0.8405879778709404,5,5,1.0000000000000002,0.9999928821990629,0.08775077151853763,-0.0005299971344507881,0.12691929878861297,NO_HIT
521,5,1,0.002925060698198201,2.801709656856876,0.0001642311302989465,0.0,-2.4931868365781047,-2.364038385806467,-1.5642512066129954,-0.7997871791934743,-1.5237252601103104,5.335739104180028,0.3768040470465263,-1.0000000000000018,0.376804047046527,-0.6231959529534747,5,5,1.0,0.8870297027799435,0.017060616430679267,-0.00034612229127084504,0.0026563345745036493,NO_HIT
522,5,2,0.04000000000000004,3.0888631870713343,0.0024331393231155603,0.0,-1.0086176282056205,-1.0050605064001807,-0.6647968317241101,-0.34026367467607166,-0.6652216971500937,2.945306801250178,0.3219455647335107,-0.9999999999999996,0.32194556473351055,-0.678054435266489,5,5,1.0,0.9697372553851722,0.04883409502556811,-0.0012371043516146152,0.03578719266619648,NO_HIT
523,5,3,0.13619547036274493,3.1586252529128105,0.003347436317314945,1.1102230246251565e-16,-0.0038676623905691517,-0.0038676445890459075,-0.002578459238836375,-0.0012891853502099426,-0.002578471018298589,0.27742608313993844,0.052338177980070504,-0.9999999999999998,0.05233817798007049,-0.9476618220199293,5,5,0.9999999999999998,0.9999951424378738,0.05819092943298278,-0.00012886023566638372,0.12986381367987665,NO_HIT
524,5,0,0.19632308757081196,3.392852442419579,0.013234399546310094,2.220446049250313e-16,-0.006087709538711455,-0.006087719544332561,-0.004058481518894932,-0.0020292380254368636,-0.004058474626180986,0.4315714245457021,0.09166134328943354,-1.000000000000001,0.09166134328943364,-0.9083386567105675,5,5,0.9999999999999999,0.9999983400698517,0.08490988042088848,-0.0004477592412519549,0.18693091663380426,NO_HIT
525,5,1,0.0008009111929629942,2.9858370207636957,2.4885645864338793e-06,0.0,-1.9254046341331268,-1.9575952681158932,-1.1619354993645121,-0.7956597687513782,-1.111926961108363,6.641107994860401,0.35428330457879514,-1.0000000000000004,0.3542833045787953,-0.6457166954212051,5,5,1.0000000000000002,0.9985607672683294,0.021646624506166504,-0.000461055071656169,0.0006946647289539643,NO_HIT
526,5,2,0.04000000000000008,2.9481485854282714,0.0015812923644356242,0.0,-0.7805455226667147,-0.8057543115144649,-0.5296304236151017,-0.2761238878993614,-0.5106562837237931,2.4343849384226783,0.27660063190855233,-0.9999999999999998,0.2766006319085523,-0.7233993680914474,5,5,1.0,0.981328733025116,0.03922744430481752,-0.0006410466451538532,0.03505278624004731,NO_HIT
527,5,3,0.19485140719881355,3.357590300398622,0.010615100427452612,1.1102230246251565e-16,-0.05587134315272803,-0.05585565280647714,-0.03723940384337693,-0.018616248963099546,-0.037249725523223164,0.5954382591653363,0.12599256438524453,-1.000000000000002,0.12599256438524478,-0.8740074356147572,5,5,1.0,0.999712345598503,0.06506122829479487,-0.0002906068677011042,0.1738343555405183,NO_HIT
528,5,0,0.18531244477177078,2.9714735581581135,0.0029221100809080874,1.1102230246251565e-16,-0.008731128567946476,-0.008730917333038239,-0.0058214903336297735,-0.002909426999409437,-0.005821630641997432,1.0347799360553769,0.18045375096185676,-1.0000000000000004,0.18045375096185684,-0.8195462490381435,5,5,0.9999999999999999,0.9999758048444033,0.03955289017651042,-5.161299921185858e-05,0.15099917291088916,NO_HIT
529,5,1,9.999999999987796e-05,2.30703839271109,1.0242803038470589e-06,2.220446049250313e-16,-1.9023139002530378,-1.9032550754359432,-1.0378664226697123,-0.8653886527663788,-1.0308179009886054,14.307300810853944,0.23220500753266715,-1.0000000000000013,0.23220500753266746,-0.7677949924673338,5,5,1.0000000000000002,0.9991990354715553,0.0063225198615156535,-3.819099872881537e-05,9.548969201322866e-05,NO_HIT
530,5,2,0.03999999999999959,3.0148011187709667,0.0037843199999999994,2.220446049250313e-16,-0.08388778147833421,-0.08384426901586377,-0.055891386786187186,-0.027952882229676568,-0.05591840535911736,3.267106851667604,0.3320187834230348,-0.9999999999999996,0.33201878342303465,-0.667981216576965,5,5,1.0,0.9994792911291914,0.07265667698406302,-0.0004278061587372761,0.03840719646203544,NO_HIT
531,5,3,0.1711307688259346,3.2712003316853524,0.004756762955462776,1.1102230246251565e-16,-0.05536040132848113,-0.055351291523135594,-0.03690398774985381,-0.018447303773281076,-0.03690982628130108,0.4464599497545279,0.09432698484117069,-1.0000000000000002,0.09432698484117072,-0.9056730151588295,5,5,1.0,0.9998277433720444,0.061601187613407986,-0.00024643070984531334,0.15803229315603962,NO_HIT
532,5,0,0.20914329759058126,3.363351885475022,0.010942675717040877,0.0,-0.06817528345272668,-0.06820713354564473,-0.04546276319906673,-0.022744370346576392,-0.045440646897030146,0.5778673642878263,0.12110819417789097,-0.9999999999999999,0.12110819417789095,-0.8788918058221089,5,5,1.0,0.9998631052164321,0.06621096347720562,-0.0003184976222740943,0.1864173384474147,NO_HIT
533,5,1,0.0010640785398251529,2.9785469547715673,4.1793258685029484e-05,0.0,-1.1328649328734313,-1.118655522469339,-0.7146376081209818,-0.4040179143483611,-0.7207308420442016,5.389109068945311,0.37864958317697256,-0.9999999999999999,0.3786495831769725,-0.6213504168230274,5,5,0.9999999999999998,0.9868694836641655,0.024797288277612118,-0.00035195638685481256,0.0009641170895944295,NO_HIT
534,5,2,0.039999999999999813,2.9657070634936114,0.0023526375352320053,0.0,-0.42923922395987,-0.42725042048928913,-0.2865343946077944,-0.14071602588149434,-0.28763752991373165,2.4374381790876347,0.2759110360418451,-1.0000000000000009,0.2759110360418453,-0.7240889639581556,5,5,0.9999999999999998,0.9951848542813811,0.02002435730236629,-8.999865571901466e-05,0.03630289115862706,NO_HIT
535,5,3,0.1903411423996998,3.3298267540537174,0.011433882002616772,0.0,-0.033585522302611436,-0.03358444057651667,-0.02238808387755087,-0.011196356698966459,-0.022388781626360103,0.5471481551823597,0.1162645962369795,-1.0000000000000009,0.1162645962369796,-0.8837354037630213,5,5,0.9999999999999997,0.9999651627972053,0.06954178824039252,-0.00030275194969364705,0.1657887139159666,NO_HIT
536,5,0,0.22792382959742358,3.340838439802846,0.009875260144534001,0.0,-0.18717794430407508,-0.18720431581396324,-0.12481076710427941,-0.062393548709684055,-0.12478773424068079,0.347875520565658,0.07693911204981022,-0.9999999999999991,0.07693911204981015,-0.9230608879501889,5,5,0.9999999999999999,0.9979362449029054,0.0730714734076121,-0.0007063186187243886,0.22058679914815285,NO_HIT
537,5,1,0.03748034707375775,2.8313668087236987,0.0006424253729233513,1.1102230246251565e-16,-0.7170597928161101,-0.7098626746297553,-0.484035200430848,-0.2258274741989057,-0.48799936123627224,2.87377052511759,0.3082893961339545,-0.9999999999999994,0.30828939613395434,-0.6917106038660451,5,5,1.0,0.9686479200128816,0.015799998087714144,-8.985000625738593e-05,0.030835443220486414,NO_HIT
538,5,2,0.039999999999999716,2.888504475595453,0.0023006321643266768,0.0,-0.8382720338425288,-0.8401333902441012,-0.5596972356943862,-0.280436154549713,-0.5561349075158788,2.281874207966865,0.26736669509093364,-1.0000000000000002,0.2673666950909337,-0.7326333049090665,5,5,0.9999999999999996,0.9949476736753592,0.051358490316543395,-0.0011619682190597835,0.03590906039230565,NO_HIT
539,5,3,0.2595340380965804,3.2879173985668593,0.006089921659055715,0.0,-0.012652696406140867,-0.012652655747110398,-0.008435300663185078,-0.00421735508392429,-0.008435324548444003,0.5125613684197611,0.11011275037808757,-0.9999999999999994,0.11011275037808751,-0.8898872496219119,5,5,1.0000000000000002,0.9999929730981133,0.06357689880028596,-0.00018771141289830595,0.21685588794568234,NO_HIT
540,5,0,0.20647194296730143,3.1283142866023828,0.003063553065209191,0.0,-0.033770667209369255,-0.03376253452957652,-0.022528828851283374,-0.011233705678294403,-0.022534151373608383,0.935063978407767,0.17549511205468374,-0.9999999999999996,0.17549511205468366,-0.8245048879453158,5,5,1.0,0.9997589479848872,0.0497957267280665,-0.00012044128528909681,0.1817087536970038,NO_HIT
541,5,1,9.999999999976694e-05,1.210451495901614,1.1029933377680747e-13,2.220446049250313e-16,-11.73522421192985,-11.671900865617971,-11.185600663364509,-0.4863002022557221,-2.3108468336123775,27.470131223016015,0.022897856287654623,-1.0000000000000007,0.022897856287654637,-0.977102143712346,5,5,1.0,0.9935187829206312,0.0001822892948733369,-1.940524876342664e-07,9.148801322591998e-05,NO_HIT
542,5,2,0.0400000000000001,2.989459727270101,0.003599963349881466,2.220446049250313e-16,-0.1634745970859554,-0.16335368780305073,-0.10886874465242617,-0.05448494315062369,-0.10893648619409822,3.151828503598426,0.29472292215737605,-0.9999999999999998,0.294722922157376,-0.7052770778426238,5,5,0.9999999999999999,0.9992365914814959,0.058802108864707325,-0.0003963138930145327,0.03793771448751034,NO_HIT
543,5,3,0.1949807069205369,3.3665734498701854,0.007656735034785054,1.1102230246251565e-16,-0.03294684473871602,-0.0332678623691786,-0.022183712290847684,-0.011084150078332855,-0.021969467278116817,0.5541926234416612,0.11716286113149457,-0.9999999999999991,0.11716286113149448,-0.8828371388685047,5,5,0.9999999999999994,0.9998446729658621,0.06486102766070347,-0.00022999945399160282,0.17194106350757715,NO_HIT
544,5,0,0.23398976210827105,3.3190371809801285,0.007547356716236705,1.1102230246251565e-16,-0.00794891334022245,-0.007948767615894583,-0.005299206386099852,-0.0026495612297944837,-0.005299302349434388,0.4370144838737174,0.09211379562603543,-0.9999999999999991,0.09211379562603535,-0.9078862043739637,5,5,0.9999999999999998,0.9999760903328913,0.07368665905948384,-0.0002791615038146844,0.21740580437434287,NO_HIT
545,5,1,0.000134933810588711,2.7848796335888,8.644356668419727e-08,2.220446049250313e-16,-2.8133686753851017,-2.527132605684593,-1.641421670203864,-0.8857109354806469,-1.6726818523340454,8.159165752311454,0.3085788260137625,-1.0000000000000018,0.3085788260137631,-0.6914211739862387,5,5,0.9999999999999998,0.8489393884621248,0.0041961602983117165,-2.2252110045251072e-05,0.0001192392362840966,NO_HIT
546,5,2,0.04000000000000026,3.1557014542313073,0.0030894979365137906,0.0,-0.30529589711946925,-0.30457803852693227,-0.20241742111003308,-0.10216061741689952,-0.20277521647842128,3.061866555289393,0.32599949847513987,-0.9999999999999984,0.32599949847513937,-0.6740005015248591,5,5,0.9999999999999999,0.997492994627215,0.029898484658939975,-0.00015625871244928646,0.03774728075408096,NO_HIT
547,5,3,0.1508045499785582,3.3132196760508332,0.008730050421145845,2.220446049250313e-16,-0.03507367758272454,-0.03505592298279876,-0.023371042523566973,-0.011684880459233105,-0.02338274147924838,0.6101352557670895,0.12022171780894307,-0.9999999999999984,0.12022171780894289,-0.8797782821910556,5,5,1.0000000000000004,0.9994915434056918,0.06912790624809578,-0.0002772531611938689,0.137598925771802,NO_HIT
548,5,0,0.08320232692026419,3.0706093067521927,0.002915970295996011,0.0,-0.355527413280659,-0.35555229702170804,-0.2361397287561727,-0.11941256826553631,-0.2359143295762887,1.4266730169480921,0.21959446332092583,-1.0000000000000002,0.2195944633209259,-0.7804055366790743,5,5,1.0000000000000002,0.9989321018682308,0.06437291259327288,-0.0008874429784473392,0.07720407173064792,NO_HIT
549,5,1,9.99999999995449e-05,2.284981347106771,3.0021465231466768e-09,2.220446049250313e-16,-5.949029026499214,-6.584249855968913,-4.145033502238917,-2.4392163537300746,-2.6388427886986072,14.204519996536156,0.3279232462788751,-1.0000000000000044,0.32792324627887653,-0.6720767537211279,5,5,1.0,0.5461411668943633,0.01686872309971929,-0.0009372952572928028,9.082856628050973e-05,NO_HIT
550,5,2,0.040000000000000084,3.24581813283068,0.003784319999999993,0.0,-0.2203579371483561,-0.22001950500617928,-0.1466623677979611,-0.07335713720821857,-0.14687507948117545,3.836811567931569,0.37598214207016667,-0.999999999999999,0.3759821420701663,-0.6240178579298328,5,5,0.9999999999999999,0.9984481917058693,0.06579879566530969,-0.0006298279507883642,0.037079934668402,NO_HIT
551,5,3,0.17080574193120768,3.237104401098787,0.004536442198858796,0.0,-0.024937417715753904,-0.025211854869850787,-0.016811004434530034,-0.008400850435319351,-0.01662799845236891,0.31109123061935356,0.06563869974606518,-1.000000000000002,0.0656386997460653,-0.9343613002539367,5,5,0.9999999999999999,0.9999153952531209,0.05148616608504201,-0.00011538043678394061,0.15105533379674319,NO_HIT
552,5,0,0.11026032856994328,3.044827494016941,0.0026277213181040374,0.0,-0.4132399770660511,-0.43043085754548294,-0.2848624839780327,-0.14556837356744995,-0.2733163145469016,1.2342495993899882,0.20740875609961407,-1.0000000000000004,0.20740875609961415,-0.7925912439003863,5,5,1.0,0.9963289721135202,0.048532461849128496,-0.0005934514823398018,0.09807887550984043,NO_HIT
553,5,1,0.0013766031693315968,2.748168202280045,1.583843058033441e-05,0.0,-0.06345639776214321,-0.0634553169943788,-0.043067474140941385,-0.020387842853438087,-0.04303192136114249,2.6865781772922426,0.23337061684422145,-0.9999999999999976,0.23337061684422086,-0.7666293831557767,5,5,1.0,0.9999514098908412,0.07932913991303811,-0.0005099760992743896,0.0013102230215617193,NO_HIT
554,5,2,0.039999999999999813,3.058947839590812,0.0022671902785023645,0.0,-0.7497617196783676,-0.7746295916408173,-0.5084237210404121,-0.26620587060040457,-0.4908624956124793,2.395196145743293,0.2970016012683317,-1.0000000000000002,0.29700160126833175,-0.7029983987316685,5,5,1.0,0.9971865108434141,0.04292755984658933,-0.0007405534502353817,0.03599780246229484,NO_HIT
555,5,3,0.1539805143673575,3.342768439772078,0.008802792567621506,0.0,-0.07300135477441848,-0.07299068552576675,-0.04865707966817972,-0.02433360585758848,-0.04866370760986793,0.7532858852861378,0.14788628439523976,-1.0000000000000009,0.1478862843952399,-0.852113715604761,5,5,1.0,0.9996947439630494,0.07375165966626689,-0.00046352092204848816,0.14177086649307835,NO_HIT
556,5,0,0.14124052473425955,3.405054582960985,0.013262785385910717,2.220446049250313e-16,-0.042866310681816545,-0.042853798281199576,-0.028560151440949963,-0.01429364684025014,-0.02856801524455446,0.7602174332690921,0.15532333484813557,-0.999999999999999,0.1553233348481354,-0.8446766651518636,5,5,1.0000000000000002,0.9996983484370325,0.07456727428859314,-0.0003754833891829179,0.1273653660110302,NO_HIT
557,5,1,0.01795193446605392,3.0371232082311295,0.0009795397071249191,4.440892098500626e-16,-1.7873098723973735,-1.7495064380425773,-1.1524913244667938,-0.5970151135757833,-1.1626874399307021,4.031138491002638,0.36805752279083404,-0.9999999999999999,0.368057522790834,-0.631942477209166,5,5,1.0000000000000004,0.9662857647156973,0.01963432673365959,-0.0003390139771521916,0.015490269714330651,NO_HIT
558,5,2,0.039999999999999994,2.96187196531295,0.0022812303462615125,0.0,-0.5445687062152526,-0.5445639758874753,-0.3559376391916131,-0.18862633669586426,-0.3550267081548708,2.2328014499853306,0.28028847498438114,-0.9999999999999976,0.2802884749843805,-0.7197115250156171,5,5,1.0000000000000002,0.9948190854771354,0.038553975688755626,-0.0004297065976373027,0.03680502687321063,NO_HIT
559,5,3,0.145357075465948,3.377051824124627,0.00800681778493174,0.0,-0.06850280065629329,-0.06850260172945177,-0.0456593482371193,-0.022843253492332627,-0.04565870169887548,0.655963467138092,0.13413251955068298,-0.9999999999999986,0.13413251955068278,-0.8658674804493158,5,5,1.0,0.9995749133993231,0.06561629528142542,-0.0002951041747021321,0.127911153041109,NO_HIT
560,5,0,0.09114383261459535,3.238658911379959,0.0026221204382367385,0.0,-0.21435113130332706,-0.2140379946228686,-0.14242027513086508,-0.07161771949200268,-0.14258005617442818,1.4017891995796554,0.23445200826476958,-0.9999999999999992,0.2344520082647694,-0.7655479917352298,5,5,1.0,0.998460431717666,0.059096872224077106,-0.0004898264679606967,0.09074414451040724,NO_HIT
561,5,1,0.0023784702103167854,2.7097405296387267,2.130681855302483e-06,0.0,-1.5720183226019617,-1.5747645219936275,-1.0558666756516442,-0.518897846341969,-1.033573934972165,5.1025872927502185,0.29325735784017887,-0.9999999999999996,0.29325735784017876,-0.7067426421598209,5,5,1.0,0.992105163027329,0.03406654872893426,-0.000924236591515637,0.0022336188265756896,NO_HIT
562,5,2,0.039999999999999626,3.288908227021123,0.003784319999999996,0.0,-1.5034462770049513,-1.3553275674692433,-0.8737487312137715,-0.48157883625547243,-0.9559777137683046,3.040128095365451,0.35402215819864014,-1.0,0.35402215819864014,-0.6459778418013599,5,5,1.0000000000000002,0.8314269920956686,0.06887542257968841,-0.003309793401671257,0.034701862911641346,NO_HIT
563,5,3,0.2068174039209063,3.347204088283178,0.011506687903882748,2.220446049250313e-16,-0.1019946527691737,-0.10198837349599,-0.06798039875890113,-0.034007974737088165,-0.06798361891205837,0.5903860666835267,0.12346485502303577,-0.9999999999999986,0.12346485502303559,-0.8765351449769629,5,5,1.0,0.9999337743924892,0.07585942272988808,-0.0005951718281953511,0.20293515887986913,NO_HIT
564,5,0,0.31919397727417265,3.363079318970696,0.010849379168619692,0.0,-0.001809688553655289,-0.0018096863427986439,-0.001206465839045401,-0.0006032205037524996,-0.0012064673025259786,0.15304718459071326,0.03605903183435082,-0.9999999999999988,0.03605903183435078,-0.963940968165648,5,5,1.0,0.999998778006152,0.072056088156054,-0.0002550596939645544,0.27389727599738645,NO_HIT
565,5,1,0.0012085980830990328,1.8003984859768403,1.255071039525543e-06,0.0,-6.301076419590621,-6.317264477964588,-2.7984181011338944,-3.5188463768307523,-2.3689338106764692,12.26667232238554,0.2116856130303223,-1.0000000000000013,0.21168561303032257,-0.7883143869696787,5,5,1.0,0.995417772413685,0.009244033959793374,-0.0002685904283385998,0.0011458568849949113,NO_HIT
566,5,2,0.03999999999999937,3.1954049386299688,0.0036940204761755258,0.0,-0.9749956049822784,-0.9756063576497215,-0.646302218241877,-0.32930413940784525,-0.644627771532309,2.7382549085886816,0.3293605834865637,-0.9999999999999989,0.32936058348656333,-0.6706394165134355,5,5,1.0000000000000004,0.993306874651584,0.036490015330760094,-0.00066672415322655,0.034031537379807686,NO_HIT
567,5,3,0.15920618886940519,3.2720439206395624,0.00533611337623381,1.1102230246251565e-16,-0.06355553559800456,-0.06353039068455482,-0.042347884795158636,-0.021182505889395853,-0.0423641429821885,0.5655124626949831,0.10827831653870092,-1.0000000000000009,0.10827831653870101,-0.8917216834612999,5,5,1.0000000000000002,0.9995000910731858,0.06753807674496343,-0.0003414469459399605,0.14621247957611394,NO_HIT
568,5,0,0.0971207249369525,3.259004295804313,0.005781611897563237,0.0,-0.11107225219597025,-0.11108330891295919,-0.0740298424909267,-0.037053466422030334,-0.07401915207691,1.0391676966904166,0.1795747159495709,-0.9999999999999984,0.1795747159495706,-0.8204252840504278,5,5,0.9999999999999997,0.9999983624257722,0.07680406343413208,-0.0006360594694352351,0.09434064155237866,NO_HIT
569,5,1,0.07657450554449596,2.971874705979599,0.0031142480791940446,2.220446049250313e-16,-0.13557883122641018,-0.13555927506185309,-0.09048691547211957,-0.0450723595897356,-0.09049117280406319,1.5679435711803202,0.22681643592235648,-0.9999999999999999,0.22681643592235645,-0.7731835640776434,5,5,1.0,0.9997320056211159,0.054898850796574195,-0.0002881929772002856,0.07332513956231212,NO_HIT
570,5,2,0.040000000000000036,3.1835767279687173,0.003242792114185244,0.0,-0.873183751147992,-0.8640616693010423,-0.5759752370180655,-0.288086432282976,-0.5790470774166371,2.973036200515971,0.3326453266370625,-1.0000000000000016,0.332645326637063,-0.6673546733629385,5,5,1.0000000000000002,0.9849280987950912,0.06803112803974458,-0.0021406810366615403,0.038034460712743634,NO_HIT
571,5,3,0.1621260892775298,3.3604749847240356,0.008879719540420135,2.220446049250313e-16,-0.01041627519279837,-0.010415898247968148,-0.006943796037152658,-0.0034721022108174515,-0.006944046041365822,0.7761659271098418,0.15079448357418168,-1.0000000000000009,0.15079448357418182,-0.8492055164258191,5,5,1.0,0.9999636940452706,0.08753458464452117,-0.0005360098176305783,0.15448776161772237,NO_HIT
572,5,0,0.12524487213082042,3.1729429600438044,0.003414198732836452,0.0,-0.17484296735940047,-0.1744003385735348,-0.11627028343452807,-0.05813005513900657,-0.11656044673363596,1.0259520956301402,0.18756718994744723,-1.0000000000000004,0.1875671899474473,-0.8124328100525531,5,5,0.9999999999999998,0.9974372126761178,0.06572470256299294,-0.0005152656559879176,0.11557517018692451,NO_HIT
573,5,1,0.00010000000000010001,2.564723687944227,2.6143869631980415e-06,0.0,-5.667727015854744,-5.692043643602873,-2.7838883208211076,-2.908155322781756,-2.3050871753145725,12.582858463241777,0.30649405573510297,-1.0000000000000013,0.30649405573510335,-0.693505944264898,5,5,0.9999999999999998,0.9536248714078999,0.002029933029004286,-1.1730721904079644e-05,9.481608541950237e-05,NO_HIT
574,5,2,0.03999999999999993,2.721967632136603,0.0024723996911566403,1.1102230246251565e-16,-0.03656951934280415,-0.03654622625595826,-0.024364553191515877,-0.012181673064440846,-0.024379768569086226,3.0288744393648384,0.24905502021499615,-1.0000000000000004,0.24905502021499626,-0.7509449797850042,5,5,0.9999999999999998,0.9993624889876325,0.053537487005633405,-0.0001346254248373313,0.03690258555218151,NO_HIT
575,5,3,0.18918540218572943,3.183816234102633,0.0037495219485331366,0.0,-0.019741430246960113,-0.01974005035223679,-0.013160565288458445,-0.0065794850637784785,-0.013161477806348324,0.23201774683391846,0.04857060268564736,-0.9999999999999999,0.048570602685647356,-0.9514293973143525,5,5,0.9999999999999998,0.9999297854781523,0.06159069515953505,-0.00018288769539642757,0.16816013304452815,NO_HIT
576,5,0,0.11016351746802114,3.0607737928508962,0.0026124819017589833,0.0,-0.34625357808521046,-0.3461507047108312,-0.22946285072083572,-0.11668785398999404,-0.2293854763637873,1.7467405681717763,0.2571747250748336,-1.0000000000000016,0.25717472507483397,-0.7428252749251676,5,5,0.9999999999999993,0.99950859702273,0.04580091374300704,-0.00040816957098677165,0.10434332117208844,NO_HIT
577,5,1,0.00010000000000006423,2.874566423178767,2.6467920398055608e-05,0.0,-1.9519800505376756,-1.9359970303131842,-1.2711379222317651,-0.664859108081405,-1.2060280809529835,9.603567775207091,0.2793476594931231,-1.000000000000007,0.2793476594931251,-0.720652340506882,5,5,0.9999999999999997,0.9662118828745526,0.010195581280288456,-0.00010073377747810142,9.533301481401048e-05,NO_HIT
578,5,2,0.04000000000000024,3.057246242744073,0.003784319999999996,0.0,-0.7013794189855439,-0.6976226750988697,-0.46630876883104827,-0.23131390626782516,-0.4673791023800774,3.108648743916062,0.30508665318673667,-1.0,0.30508665318673667,-0.6949133468132633,5,5,1.0,0.9889990340551958,0.03547433660290045,-0.0004563754243722684,0.038076507378570934,NO_HIT
579,5,3,0.2182808429465939,3.1556895794596977,0.0031936594610776766,0.0,-0.008809815793901823,-0.008809707461512148,-0.005873518232306537,-0.0029361892292066316,-0.005873588890486758,0.14573452742847107,0.03090421447049431,-0.9999999999999998,0.030904214470494303,-0.9690957855295055,5,5,0.9999999999999998,0.9999869648718258,0.06254330234938218,-0.0001736172831567906,0.2004528739926193,NO_HIT
580,5,0,0.19215639467207993,2.9899564503107263,0.001529948392907385,2.220446049250313e-16,-0.03983568649405272,-0.03982273684801474,-0.026559437821676128,-0.0132632990263373,-0.026568010106087118,0.22739920294492436,0.045268982661808996,-0.9999999999999997,0.04526898266180898,-0.9547310173381907,5,5,1.0,0.9996592559324149,0.049239306203076566,-0.00011956199226625941,0.16027678160764783,NO_HIT
581,5,1,0.00559497006893106,2.9657491731722754,0.00027727013364435413,0.0,-0.5342262721268474,-0.5185175841254672,-0.3466419653558267,-0.17187561876964086,-0.35610429386458653,4.9191378088379745,0.353783244073094,-0.9999999999999998,0.35378324407309397,-0.6462167559269059,5,5,1.0000000000000007,0.9670839525016292,0.043505538267735545,-0.0005121842827446876,0.0051820086581737534,NO_HIT
582,5,2,0.0400000000000002,3.125410214457774,0.003784319999999993,1.1102230246251565e-16,-1.067820883881871,-1.0527176027607235,-0.6968335675538673,-0.3558840352068573,-0.7046072747207798,2.6016334920973936,0.31928151472415595,-0.9999999999999997,0.31928151472415583,-0.6807184852758439,5,5,1.0,0.9752509383389285,0.04234031809840357,-0.0009724064569800461,0.034220210303613774,NO_HIT
583,5,3,0.1371146277250494,3.2682042470304826,0.009096649748322253,0.0,-0.044248264387275194,-0.04417188442928575,-0.02946075586250969,-0.0147111285667757,-0.029511546058728577,0.6055926015871198,0.1122478807486615,-0.9999999999999997,0.11224788074866146,-0.8877521192513382,5,5,1.0,0.9982650456859143,0.07649419740010316,-0.0003954429692929473,0.132401249538411,NO_HIT
584,5,0,0.11916726139047978,3.239835129103877,0.004306387991856586,0.0,-0.026318000999033093,-0.02631612575882659,-0.017544159291963988,-0.008771966466865067,-0.017545365458936698,0.637797768168711,0.11677568233817548,-0.9999999999999984,0.1167756823381753,-0.8832243176618232,5,5,0.9999999999999998,0.999928648140255,0.08282695083439616,-0.0004736032723702266,0.1183826135697783,NO_HIT
585,5,1,0.02541861795806614,3.319200021608951,0.0023339050429912337,0.0,-0.11850532065207667,-0.118376838643406,-0.07895534624979975,-0.03942149239360759,-0.07903552102384316,1.823562230190092,0.24315676941900133,-0.9999999999999996,0.24315676941900122,-0.7568432305809983,5,5,1.0000000000000004,0.9989087561882359,0.06657465449570586,-0.0004317120210042269,0.023570201687964,NO_HIT
586,5,2,0.040000000000000036,2.989293248583091,0.002300838188605935,1.1102230246251565e-16,-0.3764332273245026,-0.3738974541958452,-0.24832806041275265,-0.12556939378309237,-0.2499516950531813,2.6275932517362364,0.29770590285945064,-0.9999999999999983,0.29770590285945014,-0.7022940971405482,5,5,1.0,0.9927570626899963,0.045148061624394845,-0.0004141862495412596,0.034915682418773714,NO_HIT
587,5,3,0.1763073406485429,3.1516370575281094,0.004176564012280787,0.0,-0.014717584480352718,-0.01483304984322969,-0.009888934767540367,-0.004944115075691258,-0.009811952155443946,0.17520746289221456,0.03584153466974337,-1.0000000000000018,0.035841534669743436,-0.9641584653302584,5,5,0.9999999999999996,0.9999622013469547,0.06168672784486651,-0.00018131055083703274,0.15776715408822906,NO_HIT
588,5,0,0.13097242435088316,3.15634157916958,0.0031863588701311002,0.0,-0.010278915830162471,-0.01027889632843056,-0.006852784279696528,-0.0034261120487357744,-0.006852794684992915,0.5536294685369464,0.10880140131899282,-1.0000000000000016,0.10880140131899299,-0.8911985986810086,5,5,0.9999999999999998,0.9999980517289512,0.060219738725810636,-0.00016359588741066133,0.1277999098789228,NO_HIT
589,5,1,0.0015536753581846395,2.9222721696401512,0.00010368593958515445,0.0,-3.2377787993046354,-2.832081686860221,-1.826823501268586,-1.0052581855916367,-1.8214947825444923,7.535325803207512,0.3805958184197084,-0.9999999999999996,0.38059581841970824,-0.6194041815802913,5,5,1.0,0.8335489976165594,0.005030989252619526,-3.587907245350408e-05,0.001321688030987538,NO_HIT
590,5,2,0.03999999999999959,3.118641016530687,0.000752478411190281,0.0,-0.41975113182307244,-0.4190498336979359,-0.27887326576261867,-0.14017656793531752,-0.27907982430200434,2.6416228671337825,0.30844079469402946,-1.0000000000000007,0.3084407946940297,-0.6915592053059709,5,5,1.0,0.9974595762858055,0.052879003440139974,-0.0006513244644543725,0.036566497190936444,NO_HIT
591,5,3,0.16867389236177488,3.332813786550621,0.007430539800227125,1.1102230246251565e-16,-0.02324050511084156,-0.02324017396292954,-0.015493871218540506,-0.007746302744390754,-0.015494080083441683,0.6206622833306578,0.12425117043385261,-1.0000000000000013,0.12425117043385278,-0.8757488295661485,5,5,0.9999999999999997,0.9999842453931944,0.06971122361342945,-0.00025864895100946583,0.1568346238509193,NO_HIT
592,5,0,0.19173053877066082,3.2981454526613554,0.005862314553818802,0.0,-0.07348136010663263,-0.07345983943290153,-0.04900638334669365,-0.024453456086207748,-0.04901961757316639,0.6946606875912248,0.13831004729812568,-0.9999999999999999,0.13831004729812565,-0.8616899527018742,5,5,1.0000000000000002,0.9992743460429824,0.05878918327387625,-0.00023120867802362,0.17921141842452526,NO_HIT
593,5,1,9.999999999975027e-05,2.8573415380439697,7.951976212057134e-08,0.0,-2.763687983039222,-2.781028091720934,-2.0232029813528727,-0.757825110368298,-1.7450186536361545,11.604262240531511,0.2674913496033912,-1.0000000000000069,0.26749134960339305,-0.7325086503966138,5,5,0.9999999999999999,0.9716849175371021,0.010696355931803932,-0.0001593178118226568,9.066183509064692e-05,NO_HIT
594,5,2,0.03999999999999984,2.769041763305943,0.002176194836781001,0.0,-0.4627214968879534,-0.4598472222370985,-0.304960082685269,-0.15488713955182964,-0.30680055886802904,3.018152389411121,0.26442332063303015,-0.9999999999999997,0.26442332063303003,-0.7355766793669696,5,5,0.9999999999999998,0.9922208862042273,0.027984898953800824,-0.00020306685756077414,0.03637837700388191,NO_HIT
595,5,3,0.19345932974824676,3.137833845263266,0.0034110436149448675,2.220446049250313e-16,-0.0038814048291267713,-0.003881371142805024,-0.002587629478115778,-0.0012937416646900957,-0.0025876518263448873,0.14008747413239486,0.028109931758370038,-1.0000000000000004,0.028109931758370052,-0.9718900682416304,5,5,0.9999999999999998,0.9999912525754928,0.06513225114860835,-0.00019010096664207055,0.18419406610494807,NO_HIT
596,5,0,0.21433253569379673,3.433748935155511,0.01678342282446559,4.440892098500626e-16,-0.2063279151072016,-0.2035442421311459,-0.13584179101206084,-0.0677024511190858,-0.1376922555062434,0.6791418960393527,0.14211552046300346,-1.0000000000000024,0.14211552046300382,-0.8578844795369986,5,5,1.0,0.9860913650119089,0.07431321639846593,-0.0007615228992516876,0.1960891206303208,NO_HIT
597,5,1,0.001464294239126035,2.372279712553206,2.7355360642077978e-06,1.1102230246251565e-16,-0.7625438537873884,-0.760477623407973,-0.4808173316789948,-0.279660291728979,-0.47938036121257893,6.724513555022123,0.26091766345866646,-1.0,0.26091766345866646,-0.7390823365413335,5,5,1.0,0.9969536592711148,0.023422843295328382,-0.00023365305765121747,0.0012677868059677625,NO_HIT
598,5,2,0.03999999999999985,3.287683130003221,0.003784319999999993,0.0,-0.8406685766148317,-0.8113499113705034,-0.5397343427620782,-0.27161556860842617,-0.5571078870321764,3.186210611984772,0.35760869722372296,-0.9999999999999983,0.35760869722372235,-0.642391302776276,5,5,1.0,0.9620882928032517,0.045258148878000615,-0.0008643830268066921,0.035044245051814985,NO_HIT
599,5,3,0.1922015712203556,3.274117937998075,0.00777847673486157,0.0,-0.08219747437799829,-0.08220141898361312,-0.05480925089185028,-0.027392168091762592,-0.05480544970815104,0.3990199100521603,0.08421934647487765,-1.000000000000001,0.08421934647487775,-0.9157806535251234,5,5,1.0000000000000002,0.9996409279640993,0.05862247318380881,-0.0002674944217568864,0.17693329966974455,NO_HIT
600,6,0,0.1094605500953987,3.592533133344568,0.0003621843014810085,0.0,-0.08177104985129727,-0.08185207414566548,-0.05461367014029862,-0.027238404005368366,-0.054558677929781425,0.4539982887959874,0.08424920297318719,-1.0000000000000007,0.08424920297318725,-0.9157507970268134,6,6,1.0000000000000004,0.999938564585489,0.04220557825156043,-0.00011375967365934159,0.10072049698845856,NO_HIT
601,6,1,0.0032292030705388663,3.054252238884568,1.0305433646186202e-05,0.0,-0.9854454117573135,-0.9818607954178518,-0.6575346481235581,-0.32432614729428777,-0.642715894113738,8.206767700305726,0.3597463029331206,-1.0000000000000007,0.3597463029331208,-0.6402536970668798,6,6,1.0000000000000004,0.9957876690316396,0.015497646774969835,-0.00012009662920675623,0.003206324962791829,NO_HIT
602,6,2,0.0400000000000003,3.7637178711203525,0.0016122145406975966,3.3306690738754696e-16,-0.2562460094446557,-0.25561951214138623,-0.169991732785227,-0.08562777935615973,-0.17035852923319164,2.9846729521975934,0.31848850778745486,-1.0000000000000018,0.3184885077874554,-0.6815114922125464,6,6,0.9999999999999999,0.9967149816868849,0.041640432072073116,-0.000256289339421123,0.03669969093880654,NO_HIT
603,6,3,0.1675583349999334,4.028090962485195,0.0034645623749848414,1.1102230246251565e-16,-0.01743129921086098,-0.017430526125903536,-0.011620246075899192,-0.005810280050005084,-0.011620757400939683,0.5835937969946606,0.11471858551120262,-0.9999999999999999,0.1147185855112026,-0.8852814144887973,6,6,1.0000000000000002,0.9999515691343259,0.0861939223423468,-0.0005038371887762239,0.1660416235295991,NO_HIT
604,6,0,0.08814205965550848,3.6615440430561854,0.0002712705475513361,2.220446049250313e-16,-0.3145755907495269,-0.31661664152811153,-0.21260011922763775,-0.10401652230047453,-0.2111356198187608,1.5822076293986136,0.25377529898629053,-1.0000000000000009,0.25377529898629075,-0.7462247010137102,6,6,0.9999999999999999,0.999261721329288,0.0372710481736222,-0.00023760253378668494,0.07932702556493376,NO_HIT
605,6,1,0.0305944998134261,3.713346870697232,0.00023086019006138034,0.0,-0.7350195243827224,-0.7423997526089482,-0.49933125694999225,-0.24306849565895638,-0.4929374722180065,2.7221460606036705,0.3365553070342408,-0.9999999999999996,0.33655530703424064,-0.6634446929657589,6,6,0.9999999999999997,0.9791280596629884,0.028568621674899593,-0.0003092472168728655,0.0277476050581843,NO_HIT
606,6,2,0.03999999999999959,3.85168598643153,0.0016122145406975966,0.0,-0.13507058414784934,-0.13507327207690417,-0.08991198066930145,-0.04516129140760228,-0.0898904313324036,2.980581391206514,0.336749351447499,-1.0000000000000013,0.33674935144749946,-0.6632506485525018,6,6,0.9999999999999998,0.9999801619424666,0.06048224274107555,-0.0003628575424796665,0.038649670870988806,NO_HIT
607,6,3,0.18831889702675458,4.009608226543836,0.0027587864428903265,0.0,-0.07965138435981459,-0.07950346313705345,-0.05300044572634262,-0.026503017410711704,-0.05309819166140792,0.44780852028847107,0.0928218460028515,-0.9999999999999998,0.09282184600285148,-0.9071781539971483,6,6,0.9999999999999997,0.9978069303237521,0.07249972574081463,-0.0004143377925274194,0.17819871759030054,NO_HIT
608,6,0,0.12278961274739245,3.457669941855103,0.00013226213881004803,2.220446049250313e-16,-0.02242212127963657,-0.022420932251422453,-0.014952450008038366,-0.007468482243382812,-0.014953236126805556,1.8100868321818961,0.27324569744590543,-1.0000000000000009,0.27324569744590566,-0.7267543025540952,6,6,1.0000000000000002,0.9999468756142521,0.029230715359958928,-2.8367686951025206e-05,0.10525256452650959,NO_HIT
609,6,1,0.03629524087895205,3.686753162488582,0.0003619800452603358,1.1102230246251565e-16,-0.168703395661333,-0.16799511685838667,-0.11180517930946407,-0.056189937548922764,-0.1122680399755612,2.6933622252088423,0.32316391540945455,-0.9999999999999994,0.3231639154094544,-0.676836084590545,6,6,1.0,0.9957722775407091,0.0632333555876525,-0.0004987455479876779,0.03532697148466171,NO_HIT
610,6,2,0.039999999999999925,4.001710803718122,0.001612214540697598,2.220446049250313e-16,-0.7410104748269567,-0.718643228701393,-0.4797311634457906,-0.23891206525560182,-0.4935592100073475,2.656216023963287,0.3512285973970338,-1.000000000000003,0.35122859739703494,-0.6487714026029682,6,6,0.9999999999999998,0.964738950721155,0.03975645215206418,-0.000583287818567868,0.03662321554780046,NO_HIT
611,6,3,0.22667805322486936,4.008312213839581,0.004559212959166202,0.0,-0.002230942857694279,-0.002230940988284744,-0.0014873023832565097,-0.0007436386050254651,-0.0014873036216359727,0.5861998896208777,0.12004712895281301,-1.0000000000000004,0.12004712895281307,-0.8799528710471873,6,6,1.0000000000000004,0.9999991611128143,0.06612543581519213,-0.00019195011417139085,0.2110471062879146,NO_HIT
612,6,0,0.23375175147596827,4.06283759007862,0.0034558882481758816,0.0,-0.06225140434297171,-0.06266820565061956,-0.04178645683083429,-0.020881748819785106,-0.041508284761861,0.7526925657438002,0.15443802632737524,-1.0,0.15443802632737524,-0.8455619736726248,6,6,0.9999999999999997,0.999905772760692,0.06528600156538045,-0.0002679786642465487,0.20084910654357135,NO_HIT
613,6,1,0.0019032009545489892,2.8627734119353843,7.194657841136843e-06,0.0,-0.6072649188878737,-0.6099694239869745,-0.40240960352505495,-0.20755982046192079,-0.39874263117502473,4.296290662963575,0.2788902782374336,-0.9999999999999993,0.27889027823743345,-0.7211097217625659,6,6,0.9999999999999998,0.9924367209761241,0.0056538133413149595,-9.778474320043529e-06,0.0016318529646528468,NO_HIT
614,6,2,0.03999999999999926,3.9074917934119626,0.0010709303003633179,0.0,-0.6841704481865831,-0.7345484810312805,-0.4751563720941046,-0.25939210893717296,-0.44068586361162904,2.382550122828927,0.3266931590729953,-0.9999999999999979,0.3266931590729946,-0.6733068409270033,6,6,0.9999999999999999,0.9962313154325159,0.037985448760520395,-0.0005485945487699873,0.034299329348653096,NO_HIT
615,6,3,0.15542178147239594,4.00558989511076,0.0037013556763122527,0.0,-0.0129986003559411,-0.012998455657315562,-0.00866562703579999,-0.004332828621516072,-0.008665720853998466,0.6521190567921916,0.12529932488640283,-1.0000000000000007,0.1252993248864029,-0.8747006751135977,6,6,1.0000000000000002,0.9999885957902036,0.0894038108282511,-0.000571412350864442,0.15491620577665555,NO_HIT
616,6,0,0.13355452173803706,3.903352359553822,0.001978657939125738,2.220446049250313e-16,-0.2210991895263898,-0.21980961542033364,-0.1464760764777785,-0.0733335389425541,-0.1473071498612191,1.1566048001829043,0.20466334545519496,-1.0000000000000004,0.20466334545519504,-0.7953366545448054,6,6,1.0000000000000002,0.9939187466155761,0.07981766815150916,-0.0010082639388269143,0.12368870350429262,NO_HIT
617,6,1,0.000385542090761847,2.8460603146271977,7.003814281539863e-07,0.0,-1.3839420416577828,-1.4214906401724121,-0.9335122944320259,-0.4879783457403857,-0.7815349786608026,5.394989268217631,0.33344395277781597,-0.9999999999999974,0.33344395277781513,-0.6665560472221823,6,6,0.9999999999999998,0.9921145560934279,0.0018311870434951907,-2.383756752877275e-06,0.0003221009861195642,NO_HIT
618,6,2,0.040000000000000036,3.885925383934146,0.0016122145406976024,0.0,-0.3044328867329901,-0.3037657873608825,-0.20232984952052294,-0.10143593784035598,-0.2027340529440791,2.98442536264958,0.35215483667100717,-1.0000000000000024,0.352154836671008,-0.6478451633289944,6,6,1.0000000000000002,0.9972858256936207,0.04852995250450705,-0.00040188172697908087,0.034862365998431774,NO_HIT
619,6,3,0.23099504125836698,4.1068167065758825,0.005506244611053431,0.0,-0.037581640395395965,-0.037580798610549505,-0.025053904366859815,-0.012526894243692188,-0.025054436972599126,0.5494519565030571,0.11916775248789511,-1.0000000000000013,0.11916775248789527,-0.8808322475121061,6,6,0.9999999999999999,0.9999767082857371,0.08213578669701102,-0.0004999410381589797,0.22760753003585793,NO_HIT
620,6,0,0.09499139443034776,3.899558279704216,0.002078635556552153,0.0,-0.4480835033326009,-0.44809042410358885,-0.2977065515925569,-0.15038387251103114,-0.2974392923241639,2.2049451558618753,0.3205457214110335,-1.0000000000000009,0.32054572141103377,-0.6794542785889671,6,6,1.0000000000000002,0.9990536086258182,0.0581705600189391,-0.000889328594416483,0.08996829144807328,NO_HIT
621,6,1,0.00010000000000004035,3.431552285782306,1.2925623166846419e-08,0.0,-1.0350627145165365,-0.9965184119732973,-0.6520150890407146,-0.34450332293262714,-0.6620129857420282,7.353980536700101,0.33666425971137626,-1.0000000000000016,0.33666425971137676,-0.6633357402886249,6,6,1.0000000000000002,0.9516643711429539,0.00454394399238895,-1.0293245414239038e-05,9.587053391086862e-05,NO_HIT
622,6,2,0.039999999999999813,3.691852588118871,0.0013781743489521862,2.220446049250313e-16,-0.5605595517137106,-0.5654853360269837,-0.3773447654620208,-0.18814057056496208,-0.37304918765528966,2.18344961299394,0.2891316202744218,-1.0000000000000013,0.2891316202744222,-0.7108683797255791,6,6,0.9999999999999998,0.9857704663811198,0.04699361028389791,-0.0006603218878176165,0.03607600304946035,NO_HIT
623,6,3,0.22004780950980837,4.019570003368356,0.004385365076186885,2.220446049250313e-16,-0.021258516776792507,-0.021257515927636486,-0.014172425030482695,-0.007085090897153756,-0.0141730826137304,0.5810852364018639,0.12075762590833083,-0.9999999999999969,0.12075762590833046,-0.8792423740916664,6,6,1.0000000000000002,0.9999471814325575,0.06930880189823076,-0.00024506613186225934,0.21645767748231134,NO_HIT
624,6,0,0.14003824757837519,3.900596195721934,0.003074259293902809,0.0,-0.056461089801333464,-0.05645133918031004,-0.037632358851270725,-0.01881898032903928,-0.0376385476885024,0.6766665271834933,0.1302332747600127,-0.9999999999999984,0.1302332747600125,-0.8697667252399859,6,6,1.0000000000000002,0.9998127981072554,0.07512607161345514,-0.0004122135348478828,0.13472997290642597,NO_HIT
625,6,1,0.028168265832428485,2.673700820663552,4.3035530063805816e-07,2.220446049250313e-16,-0.4732255455913548,-0.4726360367823936,-0.3192136240477195,-0.15342241273467372,-0.31946674650733675,4.995084506379637,0.35212922712026024,-1.000000000000001,0.3521292271202606,-0.6478707728797405,6,6,1.0000000000000002,0.9987190538269745,0.010338793709152486,-2.6208292013496504e-05,0.02526631585807626,NO_HIT
626,6,2,0.03999999999999991,3.598119959281746,0.0011735626012726742,0.0,-0.14513127347789148,-0.14477240400568983,-0.09631772567862468,-0.04845467832706529,-0.09654812870957241,2.7209042148027236,0.29499098241999877,-1.0000000000000004,0.2949909824199989,-0.7050090175800016,6,6,1.0000000000000002,0.9975046799723502,0.07134762815519173,-0.0005627032519450736,0.03836934495944539,NO_HIT
627,6,3,0.18447338966278048,3.954305969670846,0.003008920194152487,2.220446049250313e-16,-0.004955564675289979,-0.004955575356147802,-0.0033037169208974585,-0.0016518584352502308,-0.0033037095853863754,0.3337865937021305,0.06985229814265266,-1.0000000000000002,0.06985229814265267,-0.9301477018573475,6,6,0.9999999999999996,0.999998071898974,0.09183861804918192,-0.0005925526049965768,0.17738967967189356,NO_HIT
628,6,0,0.11574662240828087,3.5960175407092447,0.00042193047422277405,2.220446049250313e-16,-0.054842010026559654,-0.05483996072875361,-0.036551060488479455,-0.01828890024027377,-0.03655221897418876,0.5598282825580875,0.10526658567463362,-0.9999999999999991,0.10526658567463353,-0.8947334143253656,6,6,1.0,0.999962113301511,0.058921908568083416,-0.00024321679515493244,0.1123234184492285,NO_HIT
629,6,1,0.00010000000000007988,3.0692262013423077,6.589107860944361e-09,2.220446049250313e-16,-2.4687372794013505,-2.3434026649635373,-1.4189299490047314,-0.9244727159587923,-1.3652837422374269,8.368273062731976,0.3923431410168956,-1.0000000000000007,0.3923431410168959,-0.6076568589831048,6,6,0.9999999999999999,0.938672914322962,0.0029906920468848967,-1.0483502436819947e-05,9.360395990883256e-05,NO_HIT
630,6,2,0.040000000000000174,3.681234167938193,0.000420665370646481,0.0,-0.1506412213822891,-0.15061235927260969,-0.10020999502645106,-0.05040236424616129,-0.10021562772601673,2.2204453424854185,0.2834673327656743,-1.0000000000000004,0.28346733276567443,-0.716532667234326,6,6,0.9999999999999996,0.9997611527231506,0.03397669574878861,-0.00010746501369141015,0.036742152426728125,NO_HIT
631,6,3,0.1454454909020566,3.9590407143728474,0.004103575084897543,0.0,-0.010685875991166313,-0.01068550314751659,-0.007123616790591761,-0.0035618863569251147,-0.00712385793684742,0.39307651301744473,0.07752555702944557,-0.9999999999999999,0.07752555702944555,-0.9224744429705544,6,6,1.0000000000000004,0.9999645664932794,0.08912971143412612,-0.0005561443127812815,0.1361155210164408,NO_HIT
632,6,0,0.08613178626033591,3.7237779234379067,0.0008316237160207262,0.0,-0.04514191593735696,-0.0451571254356965,-0.03010728325845708,-0.01504984217723987,-0.03009709326781086,0.7143376289617225,0.11746374923153952,-1.0000000000000009,0.11746374923153963,-0.8825362507684613,6,6,0.9999999999999999,0.9999541578995349,0.059184448041594666,-0.00019785446629150272,0.0827284777511541,NO_HIT
633,6,1,9.999999999992858e-05,3.5883507629248816,4.915493571608295e-07,0.0,-0.40543967195222025,-0.4106120659119842,-0.26336280639268755,-0.14724925951929912,-0.2588968093023154,2.15326148334567,0.2609144427225309,-1.0000000000000002,0.26091444272253095,-0.7390855572774693,6,6,0.9999999999999998,0.9958212647752361,0.003373654859616741,-2.3381277634015873e-06,9.096160116299727e-05,NO_HIT
634,6,2,0.039999999999999945,3.885647208621676,0.0016122145406975994,0.0,-0.6652467707521047,-0.6596512547135823,-0.44072702340860015,-0.21892423130498123,-0.4441296013918488,2.563749470139835,0.33435799549036055,-1.0000000000000009,0.3343579954903608,-0.6656420045096401,6,6,1.0,0.9745052491566053,0.03933037519729138,-0.0005304067429561243,0.035243835535923695,NO_HIT
635,6,3,0.1848067953428963,3.9104026349603482,0.001746887802329329,0.0,-0.0067168491016216915,-0.00671676589789072,-0.004477957202989171,-0.002238808694901895,-0.004478011984427808,0.2327939431257784,0.04991709098137952,-0.9999999999999984,0.04991709098137944,-0.950082909018619,6,6,1.0000000000000002,0.9999874138602126,0.06780553187313533,-0.0002183271970999101,0.17236910636196018,NO_HIT
636,6,0,0.2588134572638451,4.0332589969164525,0.0036489544999978732,2.220446049250313e-16,-0.007402704871630682,-0.007402610845158093,-0.004935085106877092,-0.002467525738279852,-0.004935147338863313,0.21772930320808198,0.048911040289095875,-1.0000000000000002,0.04891104028909589,-0.9510889597109043,6,6,1.0,0.999986494718365,0.07912360468019014,-0.0003500447497319925,0.23284135482635082,NO_HIT
637,6,1,0.00010000000000000922,2.586866899113443,1.4245308353302726e-10,2.220446049250313e-16,-1.470329363210142,-1.4629635617213612,-1.1112573019936312,-0.3517062597278947,-1.0759686572925267,13.838011853855216,0.2981312374109064,-1.000000000000002,0.298131237410907,-0.7018687625890949,6,6,0.9999999999999999,0.9948038201788886,8.829724796155255e-05,-5.703158834080568e-09,8.025479645085802e-05,NO_HIT
638,6,2,0.039999999999999994,3.6289768882432747,0.0014367692543102032,2.220446049250313e-16,-0.23174766431454233,-0.23091637734466874,-0.15337467464121723,-0.07754170270345351,-0.15387982344191506,2.6707949825415596,0.2897041949029134,-1.000000000000002,0.28970419490291394,-0.710295805097088,6,6,1.0,0.9953411422404682,0.046474402189090935,-0.0003045420592897585,0.03708714218158993,NO_HIT
639,6,3,0.2576327849236735,3.8224438910825667,0.0013537341282332388,2.220446049250313e-16,-0.0005673901778303995,-0.0005673899782109668,-0.0003782615863323625,-0.00018912839187834596,-0.0003782617187428669,0.08091244957548749,0.01830155296138862,-1.0000000000000009,0.018301552961388638,-0.9816984470386122,6,6,0.9999999999999997,0.9999996369009443,0.06498805136679436,-0.00018226506895269168,0.22647872868756172,NO_HIT
640,6,0,0.11871604736120622,3.73372037417737,0.00050507531207803,2.220446049250313e-16,-0.09752978424371163,-0.10079193301453737,-0.067258019997398,-0.03353391301713948,-0.06507897416832555,0.8705288689225876,0.15851964881383795,-1.0000000000000002,0.15851964881383798,-0.8414803511861623,6,6,0.9999999999999997,0.996607898013037,0.045336103279823146,-0.00014827014420326634,0.10981399878849285,NO_HIT
641,6,1,0.012048703722697507,3.5907662968284213,7.643611715778792e-05,1.1102230246251565e-16,-0.3536881867728809,-0.35266926599069753,-0.2351848623282775,-0.11748440366242063,-0.23575237553192355,4.112682709538959,0.3788396327671091,-1.000000000000001,0.3788396327671095,-0.6211603672328916,6,6,1.0,0.9970406739694689,0.024232317178512798,-0.00010697859437547308,0.0104610626206314,NO_HIT
642,6,2,0.03999999999999998,3.8758560617878155,0.0016122145406975953,2.220446049250313e-16,-0.6445335846544752,-0.640235514261666,-0.42616032978702634,-0.2140751844746383,-0.42864184868092414,2.7161404855656657,0.3438613587824149,-1.0000000000000002,0.34386135878241497,-0.6561386412175853,6,6,1.0000000000000002,0.991431187710935,0.03426601143944088,-0.00038719484325344666,0.03432598524087582,NO_HIT
643,6,3,0.23050469638001547,3.942031377709794,0.0023200154896138854,0.0,-0.022173453034778277,-0.022171728139550047,-0.014782107298428998,-0.007389620841123268,-0.01478324535050253,0.27869690289827637,0.061503291890547214,-1.000000000000001,0.06150329189054728,-0.9384967081094538,6,6,0.9999999999999999,0.9999210228530757,0.06925088824011798,-0.00026398358331380933,0.2124349033859524,NO_HIT
644,6,0,0.12707519930477562,4.014678372742203,0.004004274346157318,0.0,-0.07966036760294973,-0.0795837140478682,-0.053157301589105456,-0.02642641245876287,-0.05320474381357038,1.5194213544901822,0.2608138370480825,-1.0,0.2608138370480825,-0.7391861629519175,6,6,1.0000000000000002,0.9988529052099425,0.055994919223306884,-0.0002044858609426825,0.12248589420778588,NO_HIT
645,6,1,0.0018615067138285646,3.13908646615507,9.524973720606835e-07,0.0,-0.3108631567090372,-0.31047360704460153,-0.20695725797398265,-0.1035163490706219,-0.20711540798216116,2.7180053074769956,0.23150035443114944,-1.0000000000000004,0.23150035443114955,-0.7684996455688509,6,6,0.9999999999999997,0.9980453764841757,0.010476771190655225,-1.7195765814825847e-05,0.001598279002438252,NO_HIT
646,6,2,0.03999999999999999,3.821669171473494,0.001266098611327001,2.220446049250313e-16,-0.5192459429199426,-0.5155460292023297,-0.3433222554275153,-0.17222377377481557,-0.3455173348137123,2.6666740994738274,0.32846447356011593,-1.0000000000000013,0.3284644735601164,-0.671535526439885,6,6,0.9999999999999998,0.9918636945063682,0.051795914378025366,-0.0007451255596446771,0.03743044926424582,NO_HIT
647,6,3,0.18446127383340932,4.039262035175005,0.004531656484305684,1.1102230246251565e-16,-0.012057026610515663,-0.012056786783336592,-0.008037554387662611,-0.004019232395672256,-0.008037711016872702,0.5747556265065786,0.11638263097103635,-1.0000000000000022,0.11638263097103661,-0.8836173690289656,6,6,0.9999999999999999,0.9999799673143901,0.08156662100499054,-0.00042130417031049916,0.1771329463585465,NO_HIT
648,6,0,0.15708968387158273,4.0749098743443,0.005931723805144673,1.1102230246251565e-16,-0.1459714328845993,-0.14562819483849995,-0.09713333760774598,-0.0484948572307532,-0.09735793487063449,1.2491158569677356,0.2280280933048062,-1.0000000000000007,0.22802809330480633,-0.7719719066951943,6,6,1.0,0.9976358547753452,0.0695187392014769,-0.0005490450776690636,0.15320547832564602,NO_HIT
649,6,1,0.00010000000000017914,3.8665100602307625,1.0741028793815356e-06,1.1102230246251565e-16,-0.044712530999453624,-0.04492161592872964,-0.029864457452012556,-0.015057158476718624,-0.029715529392801178,3.0806011787795153,0.1985368550118159,-1.0000000000000004,0.19853685501181598,-0.8014631449881845,6,6,0.9999999999999999,0.9998022129742694,0.017328195352545938,-7.412285437879973e-06,8.578338366896555e-05,NO_HIT
650,6,2,0.03999999999999968,3.795671847099844,0.0013613516740516173,1.1102230246251565e-16,-0.3534835742253928,-0.355576649981682,-0.23708549417020652,-0.11849115581147583,-0.23558753804369975,2.4744613904833717,0.310579983009858,-0.9999999999999996,0.3105799830098579,-0.6894200169901417,6,6,0.9999999999999998,0.9954502472313705,0.0577182290118079,-0.0006725278566626081,0.03702605130272807,NO_HIT
651,6,3,0.2135490512045203,4.0281489935718255,0.004811330468781619,0.0,-0.01632129370419581,-0.01631974405753466,-0.010881971947660087,-0.005437772109875283,-0.010882989672099615,0.5196401558245745,0.11052895925588585,-0.9999999999999991,0.11052895925588575,-0.8894710407441133,6,6,0.9999999999999999,0.9999034414131258,0.07082088204563237,-0.0002682443038342086,0.20871768498934865,NO_HIT
652,6,0,0.08147659723543756,3.465661468963807,0.00011318759870132585,0.0,-0.30395804626479905,-0.3032454854125521,-0.20055275620747126,-0.10269272920508113,-0.20095271116184904,1.39272478411911,0.2126628131170786,-0.9999999999999984,0.21266281311707827,-0.7873371868829202,6,6,0.9999999999999999,0.9972642924205599,0.033881869081946826,-0.00019500609876388353,0.0709246311027112,NO_HIT
653,6,1,0.0002232499167839075,3.3641823320011137,3.886060353538517e-09,0.0,-1.7437240337277347,-1.6672083749094904,-1.0908095130121738,-0.576398861897311,-1.1317438519725411,8.769084992347612,0.38151170874144785,-1.0000000000000029,0.38151170874144896,-0.6184882912585539,6,6,1.0000000000000002,0.9483894160998321,0.011732954650199735,-0.00011500755826654441,0.00018777056128194136,NO_HIT
654,6,2,0.039999999999999876,3.961269366217126,0.0016122145406975994,1.1102230246251565e-16,-0.21009838361440508,-0.21192359839890032,-0.14141478389471657,-0.07050881450418348,-0.14009508068541432,2.8232544899827,0.3404175425357108,-1.0,0.3404175425357108,-0.6595824574642892,6,6,1.0000000000000002,0.9993322610939441,0.040222733658445496,-0.000191118880854102,0.03562190737173643,NO_HIT
655,6,3,0.1728818834424443,3.9787198689755483,0.0023322653873996484,1.1102230246251565e-16,-0.02959640122340267,-0.02959374174224572,-0.01972912432092086,-0.009864617421322996,-0.019730863562566515,0.33748202032328417,0.07283233296373999,-0.9999999999999993,0.07283233296373995,-0.9271676670362594,6,6,0.9999999999999997,0.9998996074994175,0.08331341665355267,-0.000498752231609334,0.1705270210742244,NO_HIT
656,6,0,0.18669729447762007,3.902577044048368,0.0026267309477224876,0.0,-0.02379946898294793,-0.023795977059874383,-0.01585991459944204,-0.00793606246043152,-0.01586222047167213,0.49026559435444955,0.0994599508326675,-1.0000000000000007,0.09945995083266757,-0.9005400491673331,6,6,1.0000000000000002,0.999852820333933,0.08568671665546249,-0.0006050074420036466,0.17921036856534792,NO_HIT
657,6,1,0.008485203792076507,2.957123692433532,1.0785517903285693e-05,2.220446049250313e-16,-2.5830860292176663,-2.466903069247232,-1.7025942886356673,-0.7643087806115687,-1.6467623561703253,8.564542368091459,0.37470839298453573,-1.0000000000000013,0.37470839298453623,-0.625291607015465,6,6,0.9999999999999996,0.9458106594246953,0.013243077478109197,-0.00021801907357676953,0.00833331061193361,NO_HIT
658,6,2,0.039999999999999813,3.8757219499963034,0.0016122145406975794,0.0,-0.33020687997398585,-0.32995443847673733,-0.21987310345294084,-0.11008133502379458,-0.21997384830230307,2.9920215290115606,0.34024437824661796,-1.0000000000000013,0.3402443782466184,-0.6597556217533829,6,6,1.0,0.9985209883341254,0.037947293382067954,-0.00025546945687793254,0.03462193026935878,NO_HIT
659,6,3,0.23227530921722428,4.004164966648477,0.0039909145714656985,0.0,-0.0321112921252553,-0.03211061015745986,-0.021407577741361337,-0.010703032416098546,-0.02140791120775556,0.4161417671581984,0.08922358353346221,-0.9999999999999994,0.08922358353346216,-0.9107764164665373,6,6,1.0,0.999894661953113,0.07004653305084485,-0.00029082444452654954,0.2015544790494217,NO_HIT
660,6,0,0.09864565845471422,3.859614563442329,0.0007453117101710133,2.220446049250313e-16,-0.14737060881615585,-0.14720483451610844,-0.09813828251899204,-0.049066551997115404,-0.09824573901929023,0.9871399497178251,0.18142740947336722,-1.0000000000000007,0.18142740947336733,-0.8185725905266333,6,6,0.9999999999999997,0.997652740297867,0.07641544079985113,-0.0006685971271065405,0.09540079987329934,NO_HIT
661,6,1,0.03926916136299701,3.814604994904595,0.00045408490325937295,0.0,-0.42926284231212664,-0.43116092099966385,-0.2873183159952539,-0.1438426050044092,-0.28438970844546996,2.8500405252504315,0.3437638901840439,-1.000000000000001,0.3437638901840443,-0.6562361098159568,6,6,1.0000000000000002,0.9991558176790813,0.05157886822120561,-0.0006441058065820293,0.0385132606847215,NO_HIT
662,6,2,0.03999999999999959,3.9066669834222036,0.0016122145406975994,2.220446049250313e-16,-0.3394999001586656,-0.33758015963005406,-0.22440586781801322,-0.11317429181203989,-0.22546752072180443,2.620112134878345,0.3356033875982162,-0.9999999999999999,0.3356033875982161,-0.6643966124017837,6,6,1.0000000000000002,0.9932730185069245,0.053236175877970596,-0.0005362920615286093,0.03662897774545703,NO_HIT
663,6,3,0.23672309764499222,3.854746107520214,0.001661355161016805,0.0,-0.0012063130313332618,-0.001206353075038399,-0.0008042361970994821,-0.00040211687793673123,-0.0008042094977839848,0.16984545208303004,0.03711590960022535,-0.9999999999999984,0.037115909600225296,-0.9628840903997732,6,6,1.0,0.9999983232448482,0.08358041068299774,-0.0004112875652069192,0.23025447617466643,NO_HIT
664,6,0,0.15038809813691967,3.918248004939603,0.0021666075280342557,0.0,-0.01369453019319097,-0.013694354071361424,-0.00912901994877912,-0.004565334122585085,-0.009129132239389702,0.4773552107143932,0.09745390132510916,-1.0000000000000013,0.09745390132510928,-0.9025460986748921,6,6,1.0,0.9999869021747779,0.06691146138740427,-0.0002483300814408729,0.14264718529221976,NO_HIT
665,6,1,9.99999999995449e-05,3.354670016704643,2.335615887463551e-06,0.0,-1.3135346246098378,-1.3221082421950487,-0.8754272206204674,-0.44668102157459627,-0.8564579346287581,6.4016203331121355,0.35516576617676116,-0.9999999999999982,0.35516576617676054,-0.6448342338232377,6,6,1.0000000000000002,0.9989441074654327,0.008866741068231973,-5.2029341365500414e-05,9.505954825461682e-05,NO_HIT
666,6,2,0.03999999999999978,3.8136988888740007,0.0013972613335679908,0.0,-0.5953503278936539,-0.5984546820239517,-0.39717871849571346,-0.201275963528239,-0.39459015265375613,2.3662359469617913,0.3142881486214278,-0.9999999999999982,0.31428814862142723,-0.6857118513785709,6,6,1.0,0.9996142129883606,0.045499008842225575,-0.0006623368498184234,0.03648147430761761,NO_HIT
667,6,3,0.20458831518092643,4.087213629722066,0.00866971654079906,0.0,-0.021623031861429994,-0.021622809449051417,-0.014415174194653236,-0.007207635254396827,-0.014415292480007749,0.6482761063229481,0.13310556689835945,-1.0000000000000013,0.13310556689835962,-0.8668944331016417,6,6,1.0,0.9999790875048132,0.08995430058074362,-0.0006143739023274364,0.19488439992272513,NO_HIT
668,6,0,0.1561405506962995,3.904452412493718,0.0018366689340862982,0.0,-0.0024646000263269826,-0.0024645978653886243,-0.0016430744865916596,-0.0008215233787976228,-0.0016430758532856799,0.2351896007698119,0.05009107321240603,-1.0000000000000009,0.05009107321240607,-0.9499089267875949,6,6,1.0,0.999998736957492,0.07038762481938615,-0.00022831233584019728,0.14801013422842796,NO_HIT
669,6,1,0.007764427558367815,3.316306898318003,6.157195567591907e-06,0.0,-0.2018177663096782,-0.20175813103093118,-0.1355771838020169,-0.06618094722891468,-0.1355837122139227,2.6661409004098693,0.3258112954190342,-1.0000000000000004,0.32581129541903436,-0.674188704580966,6,6,1.0,0.9996278009769499,0.0067062090725317144,-4.6081940450193315e-06,0.0063957161732344225,NO_HIT
670,6,2,0.039999999999999813,3.880160586047132,0.0008980616752504856,1.1102230246251565e-16,-0.3880194332760696,-0.38845649209646854,-0.25714324649929965,-0.13131324559716684,-0.2567552545966037,2.347488864853079,0.3173412202859524,-1.0000000000000009,0.3173412202859527,-0.6826587797140482,6,6,1.0000000000000002,0.9985112654579518,0.039784536300173284,-0.0003383128295717519,0.03639625578454398,NO_HIT
671,6,3,0.23426525461056333,4.065884084172755,0.006021844853306335,0.0,-0.016313702578396663,-0.016312982473965586,-0.010875027299547623,-0.005437955174418141,-0.010875499786223933,0.5292309913624823,0.1145342031295679,-0.9999999999999989,0.11453420312956777,-0.8854657968704311,6,6,1.0000000000000002,0.9999552100063975,0.07826784464605714,-0.0003607804137608639,0.20676018404143354,NO_HIT
672,6,0,0.2274926699179053,4.0591229922509005,0.005222773659134178,2.220446049250313e-16,-0.021455090981316254,-0.0214545010513809,-0.014304434792712309,-0.007150066258668264,-0.014304801813492278,0.6510982866024114,0.13527364360986716,-1.0000000000000007,0.13527364360986724,-0.8647263563901334,6,6,0.9999999999999999,0.9999721720024073,0.06823744312537196,-0.0002486114906838921,0.20926910538312438,NO_HIT
673,6,1,0.0008616287993827854,2.915479047267217,3.925581403464154e-07,0.0,-1.8898699131463947,-1.8654193216224084,-1.3915074430141645,-0.47391187860824674,-1.3819270980912275,13.616636725698033,0.26680947003594135,-0.9999999999999991,0.26680947003594113,-0.733190529964058,6,6,0.9999999999999998,0.985670771699775,0.002525014858495134,-5.952059380476271e-06,0.0008563844179430014,NO_HIT
674,6,2,0.03999999999999965,3.770000749656732,0.0016122145406975994,2.220446049250313e-16,-0.46302579509039843,-0.4537950364437612,-0.30149092924787624,-0.1523041071958851,-0.30709518666464447,2.563201604246625,0.31088257013744375,-0.9999999999999983,0.31088257013744325,-0.6891174298625551,6,6,1.0000000000000004,0.9778525306185571,0.05003181092412587,-0.0006118395548462274,0.035557898273184,NO_HIT
675,6,3,0.1939858025620218,3.95790955530072,0.0022837589579707746,0.0,-0.009044824537414613,-0.009044758690597515,-0.006029954965128806,-0.0030148037254686955,-0.006029998427131669,0.4043263808651894,0.08425196198415413,-1.0000000000000013,0.08425196198415424,-0.9157480380158471,6,6,0.9999999999999997,0.999992715377086,0.06665960346428566,-0.00021327684241612133,0.18095082865985368,NO_HIT
676,6,0,0.20305773052116835,3.9497356880831465,0.0022801375828788374,0.0,-0.01116799222967579,-0.011167846485931459,-0.007445265669791885,-0.0037225808161411855,-0.007445360042820151,0.40087556316211326,0.0885306337454296,-1.0000000000000018,0.08853063374542976,-0.911469366254572,6,6,0.9999999999999999,0.9999852136426656,0.07373596076783377,-0.00026969034966883854,0.18121894712498057,NO_HIT
677,6,1,0.0012863172942994459,2.9389895504385377,4.1017220780036404e-06,2.220446049250313e-16,-1.0738053062585324,-0.9917581097488051,-0.6310237390200129,-0.36073437072879755,-0.6640857433176736,5.948808611733669,0.278214750782964,-0.9999999999999983,0.27821475078296354,-0.7217852492170348,6,6,0.9999999999999999,0.9158681623592433,0.008062542115522752,-3.231978924178591e-05,0.0012717773000761675,NO_HIT
678,6,2,0.03999999999999926,3.5859995375377425,0.0007812353829583057,1.1102230246251565e-16,-0.23350074290404194,-0.23312839908317032,-0.15520429519920637,-0.07792410388396587,-0.1553931981085109,2.7018146524386015,0.2859050690272504,-0.9999999999999981,0.2859050690272498,-0.7140949309727482,6,6,0.9999999999999999,0.9975075943824115,0.04980720921734867,-0.00034356073834374,0.03617353347494012,NO_HIT
679,6,3,0.21770488197903115,3.889296528953924,0.0019846891474801323,1.1102230246251565e-16,-0.0029470553134115594,-0.002947027083444057,-0.001964716991533131,-0.0009823100919106598,-0.0019647357732857453,0.26795639087031103,0.060362509011026876,-1.0000000000000016,0.06036250901102697,-0.9396374909889745,6,6,1.0000000000000002,0.9999904120967935,0.0703665257670824,-0.00022750691805129009,0.2170261863994678,NO_HIT
680,6,0,0.08517301146529943,3.667126979234019,0.00019589075351149582,0.0,-0.1196096306349004,-0.1196067108124058,-0.07972620008665457,-0.03988051072575072,-0.07972643087774822,1.5660398191281677,0.23885366840891267,-0.9999999999999996,0.23885366840891256,-0.761146331591087,6,6,1.0,0.9998749210008487,0.05904869137015746,-0.0003129394124083973,0.08274177536593541,NO_HIT
681,6,1,0.0014537270673486476,3.6587216118609796,7.4206371552400965e-06,0.0,-0.497612821510211,-0.49368021330623024,-0.3282763977487415,-0.16540381555748834,-0.33056642772704886,6.34576303316717,0.3556542404406369,-0.9999999999999983,0.3556542404406363,-0.644345759559362,6,6,0.9999999999999998,0.9917555269841768,0.019858365229317117,-9.889190271517023e-05,0.0013203379154254743,NO_HIT
682,6,2,0.039999999999999925,3.7915595895913157,0.001612214540697601,0.0,-0.7733915817372495,-0.8367736687266896,-0.5531576440371033,-0.283616024689586,-0.5092759405463173,2.4385427655234926,0.31474148354478954,-0.999999999999998,0.3147414835447889,-0.6852585164552091,6,6,1.0000000000000002,0.9719594266482923,0.03186399600571695,-0.0004349233679108444,0.03540444605858756,NO_HIT
683,6,3,0.1749793163866735,4.040157347176092,0.00477223593817814,0.0,-0.023415228135046776,-0.023410459926129317,-0.015607222052372173,-0.007803237873757141,-0.015610361564132973,0.5115237960224712,0.10673628635743283,-1.0000000000000018,0.10673628635743303,-0.8932637136425687,6,6,1.0000000000000002,0.9997960885760265,0.0903110495082371,-0.0006333088154386601,0.1684885877301677,NO_HIT
684,6,0,0.08420619691691782,3.6307839878978845,0.0010652751879595167,2.220446049250313e-16,-0.4245580308592857,-0.4214367613044574,-0.2824805603122271,-0.13895620099223116,-0.2836772571721123,2.520801203009436,0.32861968779773376,-0.9999999999999993,0.32861968779773354,-0.6713803122022658,6,6,0.9999999999999997,0.9923076962954905,0.03721617575321936,-0.00032255863395658224,0.08348937063900903,NO_HIT
685,6,1,9.999999999965592e-05,2.830052542127354,1.6721689849883325e-07,0.0,-2.9436385926213933,-3.0164850453127054,-2.3977557915151078,-0.6187292537975961,-1.9944912742398995,11.343320379067576,0.3023191997219264,-0.9999999999999998,0.30231919972192633,-0.6976808002780734,6,6,1.0,0.9982548558784258,0.0016983795192800242,-4.354135285211669e-06,8.154012588945658e-05,NO_HIT
686,6,2,0.039999999999999813,3.707252963361136,0.0016122145406975822,0.0,-0.4367685588939579,-0.4360092576083232,-0.29010699616835744,-0.14590226143996493,-0.29041535692080744,2.3567733015858363,0.29349503932379856,-1.0000000000000024,0.2934950393237993,-0.7065049606762032,6,6,1.0000000000000002,0.9959243899749982,0.038337951751699545,-0.0003398125030313892,0.03548493290265853,NO_HIT
687,6,3,0.19810307019243192,3.9260707823295604,0.0021099607846550186,2.220446049250313e-16,-0.005137131913424601,-0.005137017253042703,-0.0034246759738774998,-0.001712341279165308,-0.003424752097977454,0.33023248879312,0.07038716429490516,-0.9999999999999987,0.07038716429490506,-0.9296128357050936,6,6,0.9999999999999998,0.9999775771481662,0.08131139158561153,-0.00038517065726306754,0.1952100449761503,NO_HIT
688,6,0,0.1263350345280222,3.939984030464505,0.0015516856940669594,0.0,-0.2739835935695677,-0.2853914401508917,-0.19007627186273288,-0.09531516828815845,-0.182421352541706,1.1774875314868436,0.2111545489574439,-0.9999999999999997,0.21115454895744382,-0.7888454510425559,6,6,0.9999999999999999,0.9997330516318075,0.06344383129956824,-0.0007212619534002762,0.12060888792591473,NO_HIT
689,6,1,0.00016804801783498746,3.548921797074816,1.2527761053737778e-06,0.0,-0.9709757581315025,-0.9678955597899208,-0.6460882659906741,-0.32180729379925,-0.6455538722611055,6.2561416887577606,0.3372227843308208,-1.000000000000001,0.3372227843308212,-0.6627772156691799,6,6,1.0000000000000002,0.9917242774582522,0.007028237556743019,-2.3928320242561085e-05,0.00014540528630935246,NO_HIT
690,6,2,0.04000000000000002,3.929453969119626,0.001612214540697598,0.0,-0.43589758047777477,-0.4356173486925018,-0.2899614195495066,-0.1456559291429947,-0.28997145012518066,3.0773926644533773,0.34849828991429666,-1.0000000000000007,0.3484982899142969,-0.6515017100857038,6,6,1.0,0.9981367997781503,0.06042228591116469,-0.0008906896512002049,0.035289461948715184,NO_HIT
691,6,3,0.224576891295741,4.078421192593612,0.0056727882822318835,0.0,-0.01534038118179285,-0.015347215795016519,-0.010231535889795921,-0.0051156799052214375,-0.010226976470510803,0.6171673399158781,0.13011938797686587,-1.000000000000001,0.130119387976866,-0.869880612023135,6,6,0.9999999999999999,0.999975190719276,0.07713009751721195,-0.0003408239756792497,0.21142768371396065,NO_HIT
692,6,0,0.09352169724842285,3.3499006986881854,0.000413127402436971,2.220446049250313e-16,-0.012311917241196051,-0.012311355563317689,-0.00821757908121499,-0.004093776482102324,-0.008217933637559174,1.6461312909498427,0.22808199613467903,-0.9999999999999987,0.22808199613467872,-0.77191800386532,6,6,1.0000000000000002,0.999954351319584,0.04010838879092776,-5.120857558482683e-05,0.0933209565821056,NO_HIT
693,6,1,0.0030844321583570755,2.634049909145057,1.2047210869683082e-08,0.0,-0.5609019582928034,-0.559631570759019,-0.36862935326315094,-0.19100221749586815,-0.36914922233983544,4.961277751954786,0.3299812779421209,-1.0000000000000018,0.3299812779421215,-0.6700187220578803,6,6,1.0,0.9977205767336179,0.007285061702700358,-1.5122289982905102e-05,0.0029585946754271397,NO_HIT
694,6,2,0.0399999999999999,3.834544894959742,0.0010324351520754032,1.1102230246251565e-16,-0.11110690771333782,-0.111151293899118,-0.07398229896181895,-0.03716899493729764,-0.07394700719780904,2.8108991279919455,0.3436605689306446,-0.9999999999999979,0.3436605689306439,-0.656339431069354,6,6,1.0000000000000002,0.9997052727744475,0.05317752001748534,-0.00023504399496410144,0.036031446680796435,NO_HIT
695,6,3,0.21886654802674216,3.988419512003878,0.004334509829995606,0.0,-0.028167455552536472,-0.028166593439558546,-0.018780099047873325,-0.009386494391681932,-0.018780659069689568,0.4356134202749292,0.09255604342349372,-0.9999999999999998,0.0925560434234937,-0.9074439565765061,6,6,1.0,0.9999689591335487,0.06028407082127696,-0.00018873832937105206,0.2029129423580231,NO_HIT
696,6,0,0.12814287326464824,3.9080831336715542,0.0018660603590476732,0.0,-0.02525219398842925,-0.02528057033008999,-0.01684824470967341,-0.008432325620417819,-0.01682929213344971,1.0000243221271796,0.19241654084044324,-0.999999999999999,0.19241654084044305,-0.807583459159556,6,6,1.0000000000000002,0.9999913099082176,0.07114350283439487,-0.00028967098170529226,0.11906389248619065,NO_HIT
697,6,1,0.0001000000000000844,2.9883309003977407,9.178979827141966e-08,2.220446049250313e-16,-4.610810186119084,-4.131196516242419,-2.583385509814035,-1.5478110064283794,-2.3584397038929645,11.222302540959731,0.3797260183050629,-1.0,0.3797260183050629,-0.6202739816949371,6,6,1.0000000000000002,0.8505882272675447,0.000533732942815733,-5.884447920045943e-07,8.049476409911858e-05,NO_HIT
698,6,2,0.03999999999999989,3.8627114287449977,0.0016122145406975994,1.1102230246251565e-16,-0.4124786718188118,-0.41168215114442863,-0.27399822977075133,-0.1376839213736773,-0.2743581306015253,2.995270506804981,0.340809421851683,-1.0000000000000002,0.34080942185168306,-0.6591905781483172,6,6,0.9999999999999998,0.9971219653292278,0.04068780217752661,-0.000366659749808651,0.03488952899097164,NO_HIT
699,6,3,0.11005526979566116,4.00656301654559,0.0036342507910725017,0.0,-0.016257125727175477,-0.016255237263144057,-0.010836823159321416,-0.005418414103821878,-0.010838076553467328,0.5619671521376047,0.10994458473162771,-0.9999999999999979,0.10994458473162748,-0.8900554152683704,6,6,1.0,0.9998835090145642,0.08683283585761284,-0.0005200272382364091,0.10926299477277268,NO_HIT
700,6,0,0.08674000447579744,3.8082724599451456,0.0016299009518390096,0.0,-0.6021137943302971,-0.5965562802436095,-0.4006158091850942,-0.19594047105851614,-0.4039641814600819,2.696312273501666,0.3443861731451485,-0.9999999999999987,0.3443861731451481,-0.6556138268548506,6,6,0.9999999999999999,0.9886001247032847,0.04335912906576048,-0.0005947646938047058,0.08174633266001659,NO_HIT
701,6,1,0.0007041374181541801,2.9101307028137096,1.605117045767281e-05,0.0,-0.030329567147470708,-0.03029091711991125,-0.02187636751519239,-0.008414549604721433,-0.021790302201474536,10.039675127762061,0.13719806927307288,-0.9999999999999971,0.1371980692730725,-0.8628019307269246,6,6,1.0,0.9987064288136364,0.02178938273260374,-1.4397884729788757e-05,0.0007036362688890471,NO_HIT
702,6,2,0.0399999999999997,3.79374411025188,0.0010443989330622982,0.0,-0.12694168717280419,-0.1269556317417273,-0.0842598856769043,-0.0426957460648236,-0.08424217702376938,2.5822516106672895,0.3257757793747014,-0.999999999999999,0.3257757793747011,-0.674224220625298,6,6,0.9999999999999999,0.9995668148406961,0.04452453193558308,-0.00017794586017050307,0.036059861935047205,NO_HIT
703,6,3,0.10469796531307607,4.077088156216764,0.003846918331135842,1.1102230246251565e-16,-0.039528033806700384,-0.03951812045805363,-0.02634490843990365,-0.013173212018150304,-0.026351332224082574,0.5498291201750982,0.11508482442741173,-1.0000000000000027,0.11508482442741204,-0.8849151755725906,6,6,0.9999999999999999,0.9997355349389899,0.08337200543491641,-0.0004939756660728989,0.09812928605623117,NO_HIT
704,6,0,0.11135755853619722,3.88171242749645,0.002185875669034868,2.220446049250313e-16,-0.11241216959666474,-0.11242315922551824,-0.0749298606960367,-0.03749329852948158,-0.07492165020828033,0.8999081854355531,0.17098298425155767,-1.0000000000000029,0.17098298425155817,-0.8290170157484447,6,6,0.9999999999999999,0.9999438985020779,0.05892416913383274,-0.0003110893274644866,0.09781605205919008,NO_HIT
705,6,1,0.0003731465945450152,2.6834710869547527,4.720750925401027e-08,2.220446049250313e-16,-0.24462825224189344,-0.24476776944370893,-0.1656870978766677,-0.07908067156704313,-0.16552246733538853,3.9017732110105516,0.3462406094854917,-0.9999999999999999,0.3462406094854916,-0.6537593905145083,6,6,1.0,0.9991140050265668,0.001101189902931532,-1.485449354632351e-07,0.00031194570504322616,NO_HIT
706,6,2,0.040000000000000216,3.7594722384121653,0.0016122145406975994,2.220446049250313e-16,-0.7038402821536813,-0.6879282338578713,-0.45576458562822875,-0.23216364822964344,-0.46518026308260174,2.247547588555308,0.301855373027049,-0.9999999999999992,0.3018553730270488,-0.6981446269729504,6,6,0.9999999999999999,0.967328064984187,0.04394621506381827,-0.0006944534665898061,0.036576530970460874,NO_HIT
707,6,3,0.22658547823588102,4.023118842432327,0.005095739256184495,0.0,-0.0076293532809375625,-0.007629316215709328,-0.005086219273753636,-0.002543096941954648,-0.005086242723555251,0.5769676985755727,0.12170182199171602,-1.0000000000000022,0.12170182199171628,-0.8782981780082859,6,6,1.0000000000000002,0.9999922296239911,0.07707219320686304,-0.00027945098768356047,0.2210144707843731,NO_HIT
708,6,0,0.13423172180813217,3.922500379778885,0.0018020808070209609,2.220446049250313e-16,-0.16480893111697986,-0.16477749445362297,-0.10991492722190734,-0.054862567231715675,-0.10992720715738419,1.0550214818423902,0.19417488645059455,-1.0000000000000024,0.19417488645059502,-0.8058251135494074,6,6,1.0000000000000004,0.9994966566495403,0.058914650674891655,-0.0003949964222282887,0.11988722734501148,NO_HIT
709,6,1,0.00010000000000008644,3.5164637319099556,7.68556016075172e-07,0.0,-1.8419421928622495,-1.84244957065752,-1.309361988359883,-0.5330875822976487,-1.2751721562098435,10.867422992886013,0.3597272311942441,-0.9999999999999993,0.3597272311942439,-0.6402727688057555,6,6,0.9999999999999999,0.9972260497573882,0.00909483598909293,-7.637373470625874e-05,8.520404741629929e-05,NO_HIT
710,6,2,0.04000000000000006,3.570275968094606,0.0006122458803654706,0.0,-0.26106752634470326,-0.2610005492693892,-0.17378255998565068,-0.08721798928373793,-0.17377418329712985,2.3481802797009115,0.2864441998495885,-1.0000000000000009,0.2864441998495888,-0.7135558001504121,6,6,0.9999999999999996,0.9995253091175846,0.05227581485251224,-0.00043098473363256673,0.03691571559084372,NO_HIT
711,6,3,0.21610111801265972,4.056909137622821,0.005848329440025532,2.220446049250313e-16,-0.02278484846107972,-0.02278346680147523,-0.015188207785611143,-0.007595259015864553,-0.015189117818551506,0.4719598698768377,0.10352459835154695,-1.0000000000000018,0.10352459835154713,-0.8964754016484546,6,6,1.0000000000000002,0.9999347830338784,0.08087483551885227,-0.0004605925546155021,0.20007833373375894,NO_HIT
712,6,0,0.1763482636897925,3.9073289419220583,0.0017301613464705311,0.0,-0.06511609770509644,-0.08991345667635658,-0.059958364041334526,-0.029955092635020858,-0.043421722367906514,0.4785536989903066,0.09924251026410917,-1.0,0.09924251026410917,-0.9007574897358909,6,6,0.9999999999999996,0.9995777085904637,0.057093343356420335,-0.00025902985178527516,0.15633289207645307,NO_HIT
713,6,1,0.03950729442318057,3.5972862359511897,0.00042556291277282265,0.0,-0.8327022196376935,-0.8302307164626329,-0.6266009598814759,-0.20362975658115756,-0.5704857777360913,4.268364969724906,0.38924925171757985,-1.0000000000000016,0.38924925171758046,-0.610750748282421,6,6,0.9999999999999998,0.9963707800684053,0.0171477299279565,-0.0001250514857185081,0.03948483037140338,NO_HIT
714,6,2,0.03999999999999948,3.887738698606401,0.0016122145406975937,0.0,-0.15670892203165906,-0.15654283377028613,-0.10429492789127895,-0.05224790587900596,-0.10439198819318442,3.264736090370524,0.3545787212624817,-1.0000000000000009,0.354578721262482,-0.6454212787375189,6,6,1.0000000000000004,0.9988988231004307,0.06062364226252921,-0.0003974230703018833,0.035865416336158,NO_HIT
715,6,3,0.2777293295636389,3.881878597237988,0.0016408810954509404,0.0,-0.003663917063614574,-0.003663873353240064,-0.0024426281826891586,-0.0012212451705491123,-0.0024426572625872007,0.23856680130639138,0.05367356323097056,-0.9999999999999999,0.053673563230970556,-0.9463264367690294,6,6,0.9999999999999998,0.9999880205926005,0.06830645305326039,-0.00021260455002947154,0.24238990442310646,NO_HIT
716,6,0,0.09364547785880159,3.8524501259427266,0.0015075123538046695,0.0,-0.12299810374581513,-0.1228590316522494,-0.08184863954329026,-0.04101039210895974,-0.0819314956050493,0.8290362381798915,0.15719184319101742,-1.0000000000000004,0.1571918431910175,-0.8428081568089829,6,6,0.9999999999999999,0.9988350781744322,0.0583831679937174,-0.0003245194473819879,0.09011415759101826,NO_HIT
717,6,1,0.0002997480763071714,3.367478391028337,1.129406919197347e-05,1.1102230246251565e-16,-1.1492655958197362,-1.146867787765979,-0.7470462032711306,-0.39982158449484795,-0.7446450884791792,5.8440878054461916,0.36627916041428277,-1.0000000000000004,0.36627916041428293,-0.6337208395857175,6,6,1.0000000000000002,0.9928955571613519,0.006224472229186161,-2.225268114308676e-05,0.00029095471106566073,NO_HIT
718,6,2,0.040000000000000153,3.6231683834786415,0.001418080752980769,1.1102230246251565e-16,-0.39528319982481597,-0.384651239815504,-0.25612699807484807,-0.12852424174065735,-0.26317862088613,2.6861326957001217,0.29965645834510474,-1.0000000000000009,0.299656458345105,-0.7003435416548959,6,6,1.0,0.9719764867642315,0.061895733363400623,-0.0008498890247632396,0.03704056412961321,NO_HIT
719,6,3,0.22302811322847768,4.020988471899356,0.003304742485662799,1.1102230246251565e-16,-0.0093440096383432,-0.009343971760256465,-0.006229400638394608,-0.003114571121860532,-0.006229423882239652,0.4566191100092037,0.09972666749946375,-1.0000000000000016,0.0997266674994639,-0.9002733325005376,6,6,0.9999999999999996,0.9999950210833054,0.07053392095106363,-0.0002540831972552837,0.20372643481059652,NO_HIT
720,6,0,0.27780701762088267,4.027273570824024,0.0040129876803348934,2.220446049250313e-16,-0.015258523319196565,-0.01525740212688222,-0.010171332069591222,-0.005086070057290476,-0.010172076130470392,0.18467927300942621,0.04270396863445682,-1.0000000000000009,0.04270396863445686,-0.9572960313655441,6,6,0.9999999999999997,0.9999250709155678,0.08541962133525809,-0.0005262932433547363,0.26132439333055024,NO_HIT
721,6,1,0.0003245353210878122,3.281975393526529,3.0839488127270373e-07,1.1102230246251565e-16,-2.0223024273359065,-2.0531426840145204,-1.3335079939744674,-0.7196346900400625,-1.2761418166018266,10.195351047841823,0.37585673097452627,-1.0000000000000007,0.37585673097452654,-0.6241432690254741,6,6,1.0000000000000002,0.9999107029931708,0.010980283011684834,-0.0001243618427082538,0.000299149292010347,NO_HIT
722,6,2,0.039999999999999813,3.517412299301699,0.0006642144159389128,0.0,-0.031766248742210214,-0.031765595919769386,-0.021175144497779862,-0.01059045142199011,-0.02117548670547513,2.928901875661218,0.29261368316987313,-0.9999999999999992,0.2926136831698729,-0.7073863168301263,6,6,1.0000000000000002,0.9999791387823649,0.06528639592999286,-0.0002587765805550646,0.03921809061597383,NO_HIT
723,6,3,0.1204432897732492,3.997317792154787,0.0027440551185464127,0.0,-0.04358735527782707,-0.043573595811512926,-0.029046937926263353,-0.014526657885249372,-0.02905559436178465,0.44099996126357327,0.08997024649555205,-1.0,0.08997024649555205,-0.9100297535044479,6,6,1.0,0.9996746762549964,0.07777391778281739,-0.0004196859730325464,0.11102608434625282,NO_HIT
724,6,0,0.12758042590622595,3.896363767692997,0.002535017832091293,2.220446049250313e-16,-0.027472118920844425,-0.02746342153915045,-0.01831133988653854,-0.009152081652611166,-0.018317109769865315,0.7600386918679017,0.1461696865292766,-0.9999999999999984,0.14616968652927637,-0.8538303134707221,6,6,1.0,0.9996818938954419,0.05267171281661331,-0.00011935950808794615,0.11555875844815922,NO_HIT
725,6,1,0.00010000000000001284,2.3757571318147557,2.2815637708016945e-09,0.0,-0.06465912762503111,-0.06480633631714794,-0.043490522489017476,-0.021315813828129748,-0.043352717813848696,1.382418183295169,0.11028636360453425,-0.9999999999999996,0.1102863636045342,-0.8897136363954654,6,6,1.0000000000000002,0.9984823110515374,0.00041901483855366845,-5.690020010717944e-09,8.022309300545873e-05,NO_HIT
726,6,2,0.03999999999999959,3.7520576649973476,0.0014011196579509346,2.220446049250313e-16,-0.3856603955853851,-0.3950431806843805,-0.2626621603589,-0.1323810203254807,-0.2562950604358427,2.9008281913776894,0.3162252702914932,-1.0000000000000009,0.3162252702914935,-0.6837747297085074,6,6,1.0000000000000007,0.9924492650997492,0.027500878570893134,-0.00015559355868521862,0.03455661294562207,NO_HIT
727,6,3,0.27775717085477575,3.7923467812172955,0.0012214235889698828,1.1102230246251565e-16,-0.0010058919141394565,-0.0010064272762423216,-0.0006709544629135592,-0.00033547281332985124,-0.0006705975519367729,0.02428336028794127,0.005294846450079526,-0.9999999999999997,0.005294846450079525,-0.9947051535499202,6,6,0.9999999999999998,0.999999864164249,0.06529327568430131,-0.00018682504169120762,0.2416893960378429,NO_HIT
728,6,0,0.13846301467731773,3.926295968145792,0.0023700947063579995,0.0,-0.06946625335635864,-0.06945662839733775,-0.04630729573154972,-0.023149332665788613,-0.04631359924778427,1.1627596370015407,0.20828936697241587,-1.0000000000000004,0.20828936697241596,-0.7917106330275845,6,6,1.0000000000000004,0.9998600202553602,0.07228870325461477,-0.00041952416260482295,0.13433723652740595,NO_HIT
729,6,1,0.0004483977555245211,3.3180949028817954,1.5665109822826724e-08,0.0,-4.529606861285756,-3.3992651635014117,-2.730940499552381,-0.6683246639491175,-2.3173143077246197,13.838288015073456,0.3273085955657875,-0.9999999999999999,0.32730859556578745,-0.6726914044342125,6,6,1.0,0.5741292314141345,0.007259566817015894,-8.96080835448565e-05,0.0004266470721087101,NO_HIT
730,6,2,0.03999999999999998,3.8602202921293,0.0016122145406976024,0.0,-0.165739479504921,-0.16549962214322692,-0.11038342859126601,-0.05511619355196151,-0.11053524614744296,2.9196441347294217,0.32836487549765236,-0.9999999999999969,0.32836487549765137,-0.6716351245023455,6,6,0.9999999999999999,0.9984454990581285,0.03101986703377346,-9.029259334702999e-05,0.03667719808291517,NO_HIT
731,6,3,0.19143868377854345,3.9731541087496596,0.002921145797001428,0.0,-0.035840003446236834,-0.035876171527444475,-0.023920547509619645,-0.011955624017824018,-0.023896367326851044,0.36086706294389115,0.07814488764656319,-0.9999999999999996,0.07814488764656315,-0.9218551123534364,6,6,1.0000000000000002,0.9999362471731291,0.05703696501376474,-0.0001777058241207996,0.16737020576724448,NO_HIT
732,6,0,0.1113730955374764,3.648433413021973,0.000648916109360543,0.0,-0.1275490693568105,-0.14951001485798296,-0.09954454184095449,-0.04996547301702878,-0.08491893304455166,0.6797611378511796,0.122544296734474,-1.0000000000000022,0.12254429673447428,-0.8774557032655279,6,6,0.9999999999999998,0.9993493962974658,0.07474960417400721,-0.0006837428153358971,0.10874977544141853,NO_HIT
733,6,1,0.00010000000000000105,3.2583313177781963,8.234469786018772e-10,0.0,-0.6242712449858226,-0.615219282379444,-0.39472810135146685,-0.22049118102797646,-0.39274125390751524,4.364357603670106,0.31325020879459436,-1.000000000000003,0.31325020879459536,-0.6867497912054077,6,6,1.0000000000000002,0.9753641244345479,0.0027518930798002142,-2.330240645331827e-06,8.342762229438818e-05,NO_HIT
734,6,2,0.039999999999999925,3.7831240744639842,0.001538369987529226,0.0,-0.26945717305871,-0.2671334278490499,-0.1779524693540236,-0.089180958495027,-0.1794556182948604,2.835042983326461,0.3276546608925643,-0.9999999999999986,0.3276546608925638,-0.6723453391074348,6,6,1.0,0.9911911549103165,0.05242654901131444,-0.00041461613194249125,0.03688391326908924,NO_HIT
735,6,3,0.2756927094986494,4.058245201112814,0.005460110560039625,0.0,-0.007378726542370225,-0.007378777483534376,-0.004919165611628654,-0.00245961187190602,-0.004919131230075597,0.46721401644311833,0.10205014378150795,-1.0000000000000004,0.102050143781508,-0.8979498562184924,6,6,1.0,0.9999953050234084,0.0811888821630466,-0.0003958650727655666,0.26016872100030625,NO_HIT
736,6,0,0.12162329326564096,3.9739333288992147,0.002455480410776796,0.0,-0.08064172682991684,-0.08061203013435182,-0.053739456294546496,-0.026872573839805236,-0.05375734996955119,1.5332015480154741,0.259840575556404,-1.0,0.259840575556404,-0.7401594244435961,6,6,1.0,0.9996238386292121,0.06596657387096773,-0.00034625050888115183,0.11561168700785598,NO_HIT
737,6,1,0.006008686344501418,3.4099047215654696,4.11795032988019e-05,0.0,-0.19009714194904043,-0.18958844302542185,-0.125281648325603,-0.06430679469981815,-0.12557127022018133,3.7224213960702537,0.33120142185764884,-1.0000000000000022,0.33120142185764956,-0.6687985781423527,6,6,1.0000000000000002,0.997302645433949,0.0439270581550614,-0.0002476392842698516,0.005626807518861336,NO_HIT
738,6,2,0.039999999999999813,3.566496459821574,0.00032733239112925534,1.1102230246251565e-16,-0.3196548205264748,-0.3181803699430599,-0.2118161934603868,-0.10636417648267134,-0.21275594642997844,2.15989776431814,0.2861050886879329,-1.000000000000001,0.2861050886879332,-0.7138949113120678,6,6,1.0,0.9953182016480002,0.027332704610901832,-0.00013528091024772593,0.03737711476781014,NO_HIT
739,6,3,0.18635745600009745,4.067865028315919,0.006986065975058858,0.0,-0.029854035531781446,-0.02985186253480177,-0.019901046966008872,-0.009950815568794735,-0.0199024781871288,0.5242264728448054,0.11171070310992688,-0.999999999999999,0.11171070310992677,-0.8882892968900722,6,6,0.9999999999999999,0.9999264476527845,0.08093326119567681,-0.0004515940928362383,0.1704810993178364,NO_HIT
740,6,0,0.08541527524671677,3.650873067578157,0.00040649964824485363,0.0,-0.03260408562108663,-0.032607004342823424,-0.02174739572631969,-0.010859608616505034,-0.021745382195335256,0.8082871037763577,0.14003492129914544,-0.9999999999999988,0.14003492129914527,-0.8599650787008535,6,6,1.0000000000000002,0.9999953217099828,0.03851730427522407,-5.850991561029417e-05,0.08092721330797203,NO_HIT
741,6,1,9.999999999997119e-05,2.5889759158848036,3.617290950378143e-10,1.1102230246251565e-16,-1.2721576722657397,-1.2598921444363327,-0.8571390870015737,-0.40275305743476064,-0.8596416074343612,6.286846012433452,0.36933945600144724,-1.0000000000000022,0.3693394560014481,-0.6306605439985542,6,6,0.9999999999999997,0.9872565404483281,0.0005102843893584578,-1.6403614599980187e-07,8.17076110434365e-05,NO_HIT
742,6,2,0.04000000000000003,3.741733055327777,0.0008105282181547912,1.1102230246251565e-16,-0.17962058388057145,-0.17951262248978853,-0.11978560268167979,-0.059727019808109336,-0.11982389509127085,2.390874091546999,0.2989834495590172,-1.000000000000001,0.2989834495590175,-0.7010165504409835,6,6,1.0,0.9993644542210732,0.04640518021615712,-0.000238979712136711,0.037610342085967474,NO_HIT
743,6,3,0.18332531342016004,3.988570612561049,0.0030204565288996805,2.220446049250313e-16,-0.0017714552041128988,-0.0017714531488716293,-0.0011809620388310432,-0.000590491110040503,-0.001180963402076175,0.785988318381563,0.15089342551009138,-1.0000000000000007,0.1508934255100915,-0.8491065744899091,6,6,1.0000000000000002,0.9999988351641174,0.0851523471116892,-0.00046539531066080997,0.17524581853277651,NO_HIT
744,6,0,0.19057448293526702,4.035714116247359,0.003885604893529894,1.1102230246251565e-16,-0.07467179256046642,-0.07454276697454375,-0.0497157098229163,-0.024827057151626697,-0.049801442392096634,0.565139338496869,0.12000097306387858,-1.0000000000000009,0.12000097306387869,-0.8799990269361222,6,6,1.0000000000000004,0.9982616647308561,0.05762395724096614,-0.0002289079584700815,0.16364892729541425,NO_HIT
745,6,1,0.0064788859081031935,3.7251398276537113,8.188601147178441e-05,2.220446049250313e-16,-0.6691808710080578,-0.6699711455618109,-0.4456254056424219,-0.2243457399193886,-0.44456527888102576,3.553911331210659,0.35194587313974013,-0.9999999999999989,0.35194587313973974,-0.6480541268602591,6,6,1.0,0.993659803895652,0.037956485769069966,-0.0004994398035131908,0.005771902721632527,NO_HIT
746,6,2,0.0400000000000002,3.7813816743952957,0.0010574475920819115,1.1102230246251565e-16,-0.597784444928752,-0.5966391893053898,-0.3952147245721026,-0.20142446473328923,-0.3953102816780889,2.4322457816674445,0.3115830574104284,-1.0000000000000009,0.3115830574104287,-0.6884169425895722,6,6,0.9999999999999999,0.9909118136462661,0.03376734251492375,-0.0003540089103397648,0.03484724073825474,NO_HIT
747,6,3,0.22735291544202965,3.953512224765953,0.0035602135467171954,2.220446049250313e-16,-0.02229255624475813,-0.02229188047361663,-0.0148608567443142,-0.007431023729302544,-0.014861279972949221,0.3454249078464347,0.07696090098779877,-1.0000000000000009,0.07696090098779884,-0.923039099012202,6,6,0.9999999999999999,0.9998872172530756,0.08636288718867668,-0.0005320196396421117,0.21146518528033095,NO_HIT
748,6,0,0.1272619918884724,3.70395472958873,0.001518047310667027,0.0,-0.06809106441725957,-0.06809019969776807,-0.04537263649462175,-0.02271756320314866,-0.045372680760288095,1.9314008110877252,0.28462247027561366,-1.0000000000000024,0.2846224702756144,-0.7153775297243881,6,6,1.0,0.9999856283289142,0.061860637125963736,-0.0003266469099800773,0.12491799610714222,NO_HIT
749,6,1,0.00042036060631023275,2.974905350720153,4.9493481415023377e-08,4.440892098500626e-16,-1.7076265170413085,-1.7252991780952531,-1.1591338771131567,-0.5661653009819628,-1.1081983985398332,10.03400731665383,0.2673774926068817,-0.9999999999999977,0.2673774926068811,-0.7326225073931165,6,6,1.0,0.9930720004588931,0.022240449476747706,-0.00042938056165109373,0.00041263085613441053,NO_HIT
750,6,2,0.039999999999999765,3.709458383328235,0.0008700031590815527,0.0,-0.36249220599592996,-0.3592098113184665,-0.24041674181433892,-0.11879306950412905,-0.24246920715215015,2.4500692927268117,0.30030920376705084,-0.9999999999999993,0.3003092037670506,-0.6996907962329487,6,6,0.9999999999999999,0.9899008097182602,0.06916309170359831,-0.0009878780671885856,0.0366995122359538,NO_HIT
751,6,3,0.25552914940719496,3.970294451459504,0.0024576017362271368,0.0,-0.018057002377459913,-0.017979558360510902,-0.01198765970475326,-0.005991898655756778,-0.012039281307162137,0.3256986887795503,0.07283657589627394,-0.9999999999999991,0.07283657589627388,-0.9271634241037252,6,6,0.9999999999999998,0.9956906713450541,0.06599495378609518,-0.00022455367455131992,0.23380067029847806,NO_HIT
752,6,0,0.09416593815903564,3.711956979233407,0.000628678752988793,0.0,-0.04287216902193275,-0.042869630615262215,-0.028586014652282034,-0.01428361596297928,-0.028587625097341,0.48840384545359733,0.08776147828158241,-0.999999999999997,0.08776147828158215,-0.9122385217184148,6,6,1.0,0.9999074156531736,0.04842756664464549,-0.00011831480861523858,0.0918118113942994,NO_HIT
753,6,1,0.01629325341859879,3.4292374145700606,8.63794665533459e-05,0.0,-0.30899778412702966,-0.30800655884274114,-0.20564180864109577,-0.10236475020164815,-0.20617981069873254,2.5037004382826966,0.294348647987523,-1.0000000000000007,0.29434864798752325,-0.7056513520124774,6,6,1.0,0.996239927112826,0.019154905535836292,-5.844571486735006e-05,0.013951392843120808,NO_HIT
754,6,2,0.03999999999999915,3.63387374092535,0.0009216119518234612,0.0,-0.40523257789459693,-0.4014983285105726,-0.2674092880616601,-0.1340890404489133,-0.2697599520649915,2.0602167037830066,0.2753262599262298,-1.0,0.2753262599262298,-0.7246737400737702,6,6,1.0,0.9901756809971163,0.048203076456202865,-0.000501325113608786,0.03562082215127643,NO_HIT
755,6,3,0.1733827368761347,3.8694687424737135,0.0016504106918693196,1.1102230246251565e-16,-0.004623086848491824,-0.0046231163928981975,-0.0030820939845518716,-0.0015410224083451385,-0.0030820742398914884,0.20408686469632223,0.042070094779405556,-1.0000000000000002,0.04207009477940556,-0.9579299052205946,6,6,0.9999999999999997,0.9999995699213325,0.07504397607982123,-0.0002967804619999903,0.17075011367046855,NO_HIT
756,6,0,0.12546529522015148,3.3266444831947135,0.0001694214615999713,2.220446049250313e-16,-0.0012281822846782378,-0.0012281809318343898,-0.0008188076945223914,-0.0004093732373138259,-0.0008188085924341496,0.20205659848536098,0.04203334095527031,-1.0000000000000013,0.042033340955270365,-0.957966659044731,6,6,1.0000000000000002,0.9999988984403503,0.039638070225481575,-4.479504034460291e-05,0.11480969057817336,NO_HIT
757,6,1,0.0169066803646738,3.378734129550728,5.849238528451943e-05,4.440892098500626e-16,-0.8001509208698586,-0.7951098404437014,-0.5234885475507527,-0.27162129289294956,-0.5246821366664489,3.4590419597698725,0.33013652459564163,-0.9999999999999992,0.33013652459564136,-0.6698634754043579,6,6,1.0,0.9736317268961167,0.029517501418029796,-0.00035198181303819354,0.014377814578689474,NO_HIT
758,6,2,0.039999999999999675,3.827139848830601,0.0014098803023223309,2.220446049250313e-16,-0.4376823499275517,-0.43698949773863477,-0.290947080764854,-0.14604241697378312,-0.291320037154469,2.5728590933322693,0.3273222496959514,-1.0,0.3273222496959514,-0.6726777503040486,6,6,0.9999999999999998,0.9979329389746584,0.043456828343452845,-0.0004445354870799001,0.034522621792509756,NO_HIT
759,6,3,0.14072597758099437,3.8710955711092554,0.0020704947742547697,2.220446049250313e-16,-0.009064705307563798,-0.009064433679203667,-0.006043037081490164,-0.0030213965977143875,-0.006043217197144698,0.21410436673431124,0.04203132200734198,-1.0000000000000002,0.042031322007341984,-0.9579686779926583,6,6,1.0,0.9999688984877437,0.0792401651554705,-0.0003601042704124424,0.13963834811410358,NO_HIT
760,6,0,0.09308984715649693,3.6787154058221647,0.0006659935150409208,0.0,-0.02746287853383199,-0.02745528812653117,-0.018322123280000095,-0.009133164846528263,-0.018327041273842028,1.342075510183228,0.22208957765473034,-1.0000000000000022,0.22208957765473084,-0.7779104223452714,6,6,1.0,0.9997219521425786,0.034732286517447274,-3.7991313670548976e-05,0.07963542810543967,NO_HIT
761,6,1,0.00010000000000032205,2.14489011970754,9.008798381673568e-10,0.0,-0.3148217690060731,-0.3072130909982924,-0.21519693470770693,-0.09201615629058368,-0.21836997902266994,4.752246497151528,0.2884448118050399,-0.9999999999999993,0.2884448118050397,-0.7115551881949596,6,6,1.0,0.9737474304725132,0.00013503667519080924,-2.8012632213858524e-09,8.040775737117034e-05,NO_HIT
762,6,2,0.03999999999999985,3.9432660504716615,0.0016122145406975994,2.220446049250313e-16,-0.2855712220554515,-0.2872056579901091,-0.19111949277765303,-0.09608616521245567,-0.18999914833444537,3.2949013297737535,0.3469381378349537,-0.9999999999999978,0.3469381378349529,-0.6530618621650448,6,6,0.9999999999999999,0.9995237272547257,0.05770926182330943,-0.000548067959926346,0.03636691787169688,NO_HIT
763,6,3,0.2795811229110694,3.993387096066296,0.004222043768242386,0.0,-0.01403268572431197,-0.01403104683028312,-0.009354800124541648,-0.00467624670574307,-0.009355889672849102,0.40536409858748906,0.08894450572653538,-1.0000000000000004,0.08894450572653542,-0.911055494273465,6,6,1.0,0.999883111423549,0.0694478751125857,-0.00025051373579199065,0.2608378022788411,NO_HIT
764,6,0,0.1500534371908403,4.095836024821417,0.006750737995183511,0.0,-0.07033507653085694,-0.07033779992058611,-0.046893058605963364,-0.023444741314622597,-0.04689056530169937,1.0829265171570628,0.20417391869583543,-1.0000000000000007,0.20417391869583557,-0.7958260813041651,6,6,0.9999999999999999,0.9998286769078312,0.08057952680264938,-0.0005508696598148788,0.14270877792458567,NO_HIT
765,6,1,0.00010000000000010001,3.7403493009753497,2.4680834211681183e-06,2.220446049250313e-16,-1.4635502551375135,-1.4459604201251208,-0.9768968092098336,-0.4690636109152374,-0.9737403950077205,6.476739721685645,0.394876593746378,-1.0000000000000022,0.3948765937463789,-0.6051234062536233,6,6,0.9999999999999999,0.9773300632449119,0.008460606509941359,-5.179936487120784e-05,8.741255086530675e-05,NO_HIT
766,6,2,0.039999999999999925,3.818456897359624,0.0014425735047556964,0.0,-0.4603637273378388,-0.45399158331353967,-0.30162191184890436,-0.15236967146463493,-0.3055758677962154,2.5050435481048137,0.3177373828501367,-1.0000000000000002,0.31773738285013675,-0.6822626171498635,6,6,1.0,0.983240899055411,0.04760149907552256,-0.0005563087948150525,0.03497335395324633,NO_HIT
767,6,3,0.12690803175976972,4.042926564579318,0.003297081781439769,0.0,-0.006688314717097472,-0.006688276771042522,-0.0044588165657939716,-0.002229460205247724,-0.004458841478084931,0.6383537535011665,0.13142196428818795,-0.9999999999999998,0.13142196428818792,-0.8685780357118118,6,6,0.9999999999999999,0.9999925086841016,0.07403937944482973,-0.0002692597556386289,0.12167977354691795,NO_HIT
768,6,0,0.10257496333844807,3.7816942180115074,0.0018340151212606296,2.220446049250313e-16,-0.10073384285326034,-0.10096741041187292,-0.06730115224791053,-0.033666258163960516,-0.06714298663247312,0.9049432265041529,0.15812049170047437,-0.9999999999999996,0.1581204917004743,-0.8418795082995253,6,6,0.9999999999999999,0.9998145434278657,0.06952807959766608,-0.0004362161327247094,0.0957692708451503,NO_HIT
769,6,1,0.00015363017826652836,2.5963865361830463,3.314867719252686e-09,0.0,-0.8090855121059283,-0.8643436634146979,-0.5678051091386405,-0.2965385542760577,-0.5293809749739076,3.0197772398009133,0.2412414451707906,-1.0000000000000013,0.24124144517079094,-0.7587585548292104,6,6,1.0,0.9873196206267996,0.00038139620169719,-6.286625797713441e-08,0.0001233190358143066,NO_HIT
770,6,2,0.04000000000000023,3.7750658450641152,0.0016122145406975994,2.220446049250313e-16,-0.3077750555863367,-0.3070395003144203,-0.20455034780103265,-0.10248915251338708,-0.2049615849253781,2.8970988541276186,0.32816656801380817,-0.9999999999999997,0.32816656801380806,-0.6718334319861916,6,6,1.0000000000000007,0.9969760606640765,0.043730487947897016,-0.00032807230585252256,0.037911334352029695,NO_HIT
771,6,3,0.2011161677094847,4.026100045023795,0.0025742105299163885,4.440892098500626e-16,-0.02565833426058893,-0.027225531415466762,-0.018150919292844795,-0.00907461212262295,-0.017106059052761923,0.3835719152972733,0.08383325096642029,-0.9999999999999999,0.08383325096642028,-0.9161667490335796,6,6,1.0000000000000004,0.9999877086997542,0.06584395822977375,-0.00022801936432159664,0.18063951872105782,NO_HIT
772,6,0,0.23384945221848563,3.8918846886637364,0.00172287296436268,0.0,-0.007080798653811356,-0.007080724160011306,-0.00472059172202443,-0.0023601324379877164,-0.004720640878579711,0.27062351055949413,0.05884425528733315,-0.9999999999999996,0.05884425528733312,-0.9411557447126664,6,6,0.9999999999999994,0.9999857632656803,0.068081134451219,-0.00022507428528362183,0.22240414038340584,NO_HIT
773,6,1,0.003825412385992559,2.831342910249953,7.087493151637002e-07,0.0,-0.3805348633247346,-0.37715563728950346,-0.2725779417581956,-0.1045776955313098,-0.27333059358146744,6.0298140974543335,0.2970140806936503,-0.9999999999999991,0.29701408069365004,-0.702985919306349,6,6,1.0,0.9908833060106093,0.0027252443057605505,-1.4031256121427305e-06,0.0031068533293406794,NO_HIT
774,6,2,0.03999999999999937,3.9109862329771623,0.0013537586601485327,0.0,-0.4466472846723651,-0.45032749113871967,-0.29788292616457285,-0.1524445649741477,-0.2949746608077546,2.4714446126997496,0.32411519963575114,-0.9999999999999997,0.32411519963575103,-0.6758848003642486,6,6,1.0,0.996263228228931,0.04286316089790309,-0.0004379690405493797,0.03508152210847387,NO_HIT
775,6,3,0.23523224983725805,4.029253587901592,0.004921420881771628,2.220446049250313e-16,-0.01243345149102915,-0.012433442880350077,-0.008288943118504396,-0.004144499761845388,-0.008288944788075698,0.5438207724026136,0.11604973054574935,-0.9999999999999998,0.11604973054574932,-0.8839502694542505,6,6,0.9999999999999998,0.9999984647984088,0.08075253681009373,-0.0003931950456577127,0.21861481162531257,NO_HIT
776,6,0,0.18332822620105182,3.923488799083077,0.002393506542091437,2.220446049250313e-16,-0.03938076844219723,-0.039406978826433084,-0.026268971807474555,-0.013138007018958509,-0.02625137122603849,0.744244525090356,0.14759819304947988,-1.0000000000000007,0.14759819304948,-0.8524018069505207,6,6,0.9999999999999998,0.9999764658829194,0.07405296510000571,-0.00037492407720796095,0.1637321530835818,NO_HIT
777,6,1,0.022261265909826952,3.2753676777280356,3.780415302169837e-05,0.0,-0.0728935270134234,-0.07287144320546783,-0.04871541889965023,-0.024156024305816537,-0.04872927529986352,2.6992129103519757,0.2621892707286285,-0.9999999999999991,0.2621892707286283,-0.7378107292713708,6,6,1.0000000000000002,0.9996883780432003,0.025175157497293696,-3.286015344983184e-05,0.021261719432733677,NO_HIT
778,6,2,0.0399999999999997,3.783171652820003,0.001231790498447047,0.0,-0.5941176985794536,-0.7335089477729346,-0.4855484628014768,-0.24796048497145595,-0.3927858992656456,2.502801999407513,0.31367604663751775,-1.0000000000000004,0.3136760466375179,-0.6863239533624825,6,6,0.9999999999999997,0.9868799785493073,0.03797968562458361,-0.0005485839695777983,0.036411135442693254,NO_HIT
779,6,3,0.09968909572195558,4.098913805430517,0.004109349163289333,0.0,-0.0787476813988768,-0.07866593276803481,-0.05249052642206647,-0.026175406345967905,-0.0525395305596069,0.6041833638775753,0.12613672010005053,-0.9999999999999996,0.12613672010005048,-0.873863279899949,6,6,1.0,0.995846384982606,0.07982776039344378,-0.0005211268472544717,0.09071548982219446,NO_HIT
780,6,0,0.11063025328522513,3.987556594401674,0.0038098885790660707,1.1102230246251565e-16,-0.03153795852304095,-0.031537923628474344,-0.02102622626506436,-0.010511697363409955,-0.021026230565831253,1.4477906733840313,0.24626045409249783,-0.9999999999999997,0.24626045409249775,-0.7537395459075019,6,6,1.0000000000000002,0.9999985674533948,0.06575014213147744,-0.00024451049042628625,0.11057468263441039,NO_HIT
781,6,1,0.0008609059130488005,3.2904137297898366,1.6593195048446453e-07,1.1102230246251565e-16,-1.438234159136572,-1.4148104118840414,-0.956910530065222,-0.45789988181881647,-0.9581871688620817,8.279011945865058,0.36039991341106886,-1.0000000000000004,0.36039991341106903,-0.6396000865889314,6,6,0.9999999999999999,0.9804390036219844,0.012970630403736236,-0.00011929528920129329,0.0008092895012142022,NO_HIT
782,6,2,0.039999999999999813,3.8337995330582118,0.0012302796731406584,0.0,-0.37730159748850783,-0.37257347268476043,-0.24596034543730932,-0.12661312724745133,-0.24877208068583473,2.6200972909125197,0.3221294075115387,-1.0000000000000004,0.32212940751153885,-0.6778705924884616,6,6,0.9999999999999997,0.9871659020177229,0.04596870347576978,-0.0004284134508711901,0.03620764045634278,NO_HIT
783,6,3,0.2417842010923903,4.032795007924268,0.0038459915553336267,0.0,-0.020464207124225045,-0.020480548640749326,-0.013653460298947599,-0.006827088341802234,-0.013642550570552517,0.4596875955242062,0.09879764126925654,-0.9999999999999991,0.09879764126925646,-0.9012023587307426,6,6,1.0,0.9999425708242913,0.07589835178513366,-0.0003405816306756293,0.21776318473484935,NO_HIT
784,6,0,0.11576780074135784,3.9370339464989543,0.0038296278949870462,0.0,-0.05701921594287649,-0.05700574189705138,-0.03799089806080358,-0.01901484383624724,-0.037998953148810806,1.203327984644579,0.21282279624959285,-1.0000000000000007,0.212822796249593,-0.7871772037504077,6,6,0.9999999999999998,0.9997423291327717,0.07074905293238855,-0.000351694224357324,0.10709371155652447,NO_HIT
785,6,1,0.002602283173868458,3.112055779913013,9.566068937967583e-06,0.0,-0.679936062175178,-0.6764054363845797,-0.4166330162116508,-0.25977242017293145,-0.4127265930536358,3.5274729463710575,0.339711997559334,-1.0000000000000013,0.33971199755933446,-0.6602880024406669,6,6,1.0,0.993547493966972,0.019297543759876325,-0.00012936873161795148,0.002161985165078817,NO_HIT
786,6,2,0.03999999999999991,3.917625437694073,0.001612214540697598,0.0,-0.7545662738936951,-0.7834404379304897,-0.5226883699752893,-0.26075206795519923,-0.5006197264626403,2.5093466966991267,0.3343168407797031,-1.0,0.3343168407797031,-0.665683159220297,6,6,0.9999999999999994,0.9727537940412724,0.032595244835194326,-0.00042490948760187663,0.03528147422248357,NO_HIT
787,6,3,0.13174396420402903,4.0809339251291075,0.004049787707577636,0.0,-0.0049359129518704754,-0.004935815671135361,-0.003290538090351568,-0.001645277580783533,-0.00329060284853198,0.7178373611374959,0.14417294865509309,-0.9999999999999999,0.14417294865509306,-0.8558270513449069,6,6,1.0,0.9999802825920102,0.08849288198836454,-0.0005165870030818809,0.12642552317744607,NO_HIT
788,6,0,0.16264806791772024,3.9539192846238227,0.004038238904769647,2.220446049250313e-16,-0.0639463921555709,-0.06394546289739318,-0.04263630087279439,-0.021309162024596373,-0.04263624598806907,0.9288774459509173,0.17672346405589878,-1.0000000000000013,0.176723464055899,-0.8232765359441023,6,6,1.0000000000000002,0.9999565210795289,0.05910880227668661,-0.00022133934738066685,0.14489708478446883,NO_HIT
789,6,1,0.012347223970125443,3.5626052853302372,7.185013265446875e-05,0.0,-0.7293380021315408,-0.7141077314980403,-0.5045851519739607,-0.20952257952408315,-0.5071115248921629,4.384378835771476,0.3362797675235058,-0.9999999999999979,0.3362797675235051,-0.6637202324764928,6,6,0.9999999999999999,0.9774244874951158,0.022693657196246983,-0.00018690076606642236,0.01230952827102394,NO_HIT
790,6,2,0.039999999999999335,3.6540900645662595,0.0009973806598033415,1.1102230246251565e-16,-0.4920639764783654,-0.5041277084774345,-0.3327526343600881,-0.17137507411734645,-0.32417367495692284,2.2253160527167317,0.2848188013597492,-1.000000000000001,0.2848188013597495,-0.7151811986402516,6,6,0.9999999999999997,0.99024083560978,0.04626358340267076,-0.0005809088194141943,0.0353536386943888,NO_HIT
791,6,3,0.20756039950493696,3.8561879519490185,0.0015409610647317286,0.0,-0.006227125683413327,-0.0062270631838429414,-0.004151503479101958,-0.0020755597047402707,-0.0041515445811311225,0.1667709112326708,0.03473656761225052,-0.9999999999999991,0.03473656761225049,-0.9652634323877486,6,6,0.9999999999999998,0.999987972597479,0.06579828321107681,-0.00019267293232116955,0.1983350536793541,NO_HIT
792,6,0,0.19932029378762145,3.8019811259419902,0.001106686178146788,0.0,-0.017795797115022906,-0.01779543381564003,-0.011864989639702391,-0.005930444175936717,-0.011865228162841992,0.33233697161552106,0.07039743848457508,-1.0000000000000018,0.0703974384845752,-0.9296025615154265,6,6,1.0,0.9999655452156715,0.05182543228194652,-0.00011201599285382002,0.18295974683521082,NO_HIT
793,6,1,0.00040122295454081414,3.5533162746939793,3.322361215730377e-07,4.440892098500626e-16,-1.1138064669232857,-1.105076165962312,-0.72974359963465,-0.375332566327657,-0.7320429386798004,6.923900140080561,0.3535915706175715,-1.0000000000000009,0.35359157061757185,-0.646408429382429,6,6,1.0000000000000002,0.989919088871313,0.0032843550667268837,-5.961677628008033e-06,0.00033174125273227606,NO_HIT
794,6,2,0.03999999999999926,3.646055172892754,0.0010623685839011884,0.0,-0.13721860556232912,-0.13665311764598967,-0.09084912010004359,-0.04580399754594828,-0.09115075502715426,2.431176276563261,0.27454143640244416,-0.9999999999999997,0.27454143640244405,-0.7254585635975557,6,6,0.9999999999999999,0.9950310732104062,0.0636299256290438,-0.00036437880470430173,0.03697096804280601,NO_HIT
795,6,3,0.2146832648889223,4.044863233284977,0.00532076861315016,0.0,-0.02500005062106192,-0.024997467812059027,-0.0166658418925702,-0.008331625919491437,-0.016667539620380804,0.445234378413457,0.09738410379404225,-1.0000000000000002,0.09738410379404228,-0.902615896205958,6,6,1.0,0.9998831673511481,0.06596359361397008,-0.0002311444108036298,0.19030281170085706,NO_HIT
796,6,0,0.1292781850411855,4.073253673807741,0.005470006180967191,0.0,-0.20751673143524166,-0.3278209095394971,-0.21858648226516805,-0.10923442727432997,-0.13833655701657094,0.8652955119882058,0.17114970799875298,-1.0000000000000027,0.17114970799875343,-0.8288502920012493,6,6,1.0000000000000002,0.977081022621917,0.07152573625891266,-0.001083219206918784,0.1177221559131375,NO_HIT
797,6,1,0.009306260359755148,3.1157525039318408,8.039581084703576e-06,1.1102230246251565e-16,-1.922923726725601,-1.899865780739966,-1.371681291461625,-0.5281844892783438,-1.3489953315774137,7.952517993332586,0.3731209215467207,-0.9999999999999997,0.3731209215467206,-0.6268790784532791,6,6,1.0,0.9862605626018359,0.015233761645732188,-0.00022237338033725962,0.009248186032710194,NO_HIT
798,6,2,0.03999999999999989,3.793597598260804,0.001612214540697598,0.0,-0.3984187594912582,-0.38550212128316474,-0.2572096262539437,-0.12829249502922108,-0.26561793314441606,2.6539005532783193,0.3263624938314433,-1.0000000000000013,0.3263624938314437,-0.6736375061685576,6,6,0.9999999999999999,0.9653582134838737,0.05262573584002586,-0.0005772109798232172,0.03584540554679949,NO_HIT
799,6,3,0.19169350285454168,3.9951976984650113,0.004908444041684767,0.0,-0.006813948716548112,-0.006813664095076894,-0.004542489874399992,-0.0022711742206764363,-0.004542678853800232,0.4104019249505457,0.08595119958733262,-1.0,0.08595119958733262,-0.9140488004126673,6,6,0.9999999999999999,0.9999580971245751,0.08699943099097118,-0.0004895237765829563,0.18663180806943486,NO_HIT
800,7,0,0.22238211981965017,4.6748185706472265,0.0016818254773224288,0.0,-0.010925272089990312,-0.0109251893655136,-0.007283319046771002,-0.0036418703187418577,-0.0072833728163704415,0.533663312457084,0.1136724796378827,-0.9999999999999999,0.11367247963788268,-0.8863275203621173,7,7,1.0000000000000004,0.9999921000250711,0.07314893721675389,-0.00031614897288978483,0.2159944717111259,NO_HIT
801,7,1,0.00014467587664790393,3.1515535447685266,5.352761341988458e-10,0.0,-1.946568269107038,-1.9470727029467503,-1.027471930809209,-0.9196007721370036,-1.0090929907749766,14.385452348338665,0.37243135751491585,-0.9999999999999998,0.3724313575149158,-0.6275686424850839,7,7,0.9999999999999999,0.9975819055796973,0.010448904075169005,-0.00010780612179628335,0.0001394944991471858,NO_HIT
802,7,2,0.039999999999999813,4.597735521334386,0.0006772273072286964,0.0,-0.23037060780993748,-0.23080534499919486,-0.15297611743643855,-0.07782922756275695,-0.15263583430330882,2.403749981966239,0.3301693539789159,-1.0000000000000009,0.33016935397891617,-0.6698306460210848,7,7,1.0000000000000002,0.9993962713346991,0.053191615690848015,-0.00039638588131207797,0.03652356800643186,NO_HIT
803,7,3,0.25027915996375316,4.759269724968474,0.0029078389625329377,2.220446049250313e-16,-0.011780627264242893,-0.011780644804836116,-0.007853639368848891,-0.003927005435987896,-0.007853623456247606,0.3852342630707617,0.0860759015365414,-0.9999999999999993,0.08607590153654135,-0.913924098463458,7,7,0.9999999999999998,0.99999878172803,0.08800624627166136,-0.0005534883850817351,0.23457373120073943,NO_HIT
804,7,0,0.1687627661903277,4.76435015137722,0.0027184329333383613,0.0,-0.020781488214880753,-0.02078228955535103,-0.013852698272651034,-0.00692959128269921,-0.013852142499134081,0.7375755093951849,0.1504016610414208,-0.9999999999999991,0.15040166104142066,-0.8495983389585784,7,7,0.9999999999999999,0.999981179629736,0.08361970789716223,-0.0003925220319418443,0.15865492450027988,NO_HIT
805,7,1,0.00010000000000021103,3.1576299435287933,1.416028743269023e-11,0.0,-2.199401021491755,-2.173974416516598,-1.701373975549116,-0.4726004409673843,-1.6589620748005764,16.089168204524498,0.26760982264633343,-1.0000000000000024,0.2676098226463341,-0.7323901773536683,7,7,1.0,0.987285763278404,3.7566243956267235e-05,-1.5341896641984931e-09,8.0091388625525e-05,NO_HIT
806,7,2,0.039999999999999813,4.090285890869425,0.00016718574817959974,1.1102230246251565e-16,-0.28363593912155854,-0.28570881268146875,-0.19025047326039832,-0.09545833942107002,-0.1888261779573856,1.7647412051590958,0.23455188766622592,-1.0,0.23455188766622592,-0.7654481123337741,7,7,1.0,0.9990557689896727,0.06542523670392933,-0.0007440719402671547,0.03808840821861303,NO_HIT
807,7,3,0.1162306795312177,4.736004182526821,0.001952436622833361,2.220446049250313e-16,-0.0010465567601351867,-0.0010465521965805664,-0.000697704967260933,-0.00034884722931965984,-0.0006977079624065469,0.8621441361550783,0.1602227194011458,-1.0,0.1602227194011458,-0.8397772805988541,7,7,1.0,0.9999956382809226,0.08785729131082942,-0.0004931167336517106,0.11423921843860364,NO_HIT
808,7,0,0.08597854481951737,4.416718616475097,0.00037973187021890417,0.0,-0.025173596937718683,-0.025163721267566334,-0.016778720402210297,-0.008385000865355069,-0.016785227860731382,1.9360309855759668,0.26458632417369377,-0.9999999999999998,0.2645863241736937,-0.7354136758263061,7,7,0.9999999999999999,0.9996034994056252,0.06269630185516095,-0.00018714146673293186,0.08461385154070068,NO_HIT
809,7,1,0.002207251565023216,3.847370926326955,3.161609710008968e-08,2.220446049250313e-16,-1.3660569326951455,-1.3690119138010497,-0.868548075802193,-0.5004638379988602,-0.8598669917727398,6.252422941899454,0.42145040869384504,-1.0000000000000002,0.42145040869384515,-0.5785495913061551,7,7,0.9999999999999997,0.9932381217636035,0.008158950990000817,-4.5651694346116045e-05,0.0018885324183821606,NO_HIT
810,7,2,0.040000000000000153,4.332830935602429,0.00046864962672504265,1.1102230246251565e-16,-0.057060880395699023,-0.05704734660627168,-0.03802856830920691,-0.019018778297068106,-0.03803731370469869,2.789284633524288,0.3000739523144922,-1.0000000000000009,0.30007395231449246,-0.6999260476855085,7,7,1.0000000000000002,0.9997602328450679,0.07531936168153303,-0.00045234847858477423,0.03796709064239007,NO_HIT
811,7,3,0.23420583396200356,4.71567648240017,0.0022670294120314513,0.0,-0.009507010759588003,-0.009506900413416694,-0.006338154421949727,-0.0031687459914668814,-0.0063382266794941595,0.32951992655065465,0.0749832707342912,-0.9999999999999977,0.07498327073429102,-0.9250167292657067,7,7,1.0,0.9999880903460789,0.06371532050497643,-0.00019196760059703166,0.2112652241388202,NO_HIT
812,7,0,0.12388573894238658,4.558165733490595,0.000935463873586915,2.220446049250313e-16,-0.039345828793262067,-0.03932354934097945,-0.02624189199050484,-0.013081657350473258,-0.02625641242425169,1.0911324687906203,0.1994504264574178,-1.0000000000000016,0.19945042645741812,-0.8005495735425834,7,7,1.0,0.9994143064528207,0.059113993604729215,-0.00019094404954245192,0.12036361939170433,NO_HIT
813,7,1,0.002831794215416683,4.043256968567617,3.935545972262648e-06,0.0,-0.4226757494576462,-0.42445979945636453,-0.2933196856390505,-0.13114011381731389,-0.29074861412086594,4.876517826915269,0.365894997467856,-1.0,0.365894997467856,-0.634105002532144,7,7,1.0,0.9998004797895764,0.04183336060687243,-0.0003972375505005843,0.0025225979694979417,NO_HIT
814,7,2,0.0399999999999997,4.453037472370211,0.00038156754542896916,0.0,-0.14313382039072714,-0.14312855073578284,-0.09526056440070377,-0.04786798633507905,-0.09526004854226329,3.039665976169253,0.3351311317896412,-0.999999999999999,0.3351311317896409,-0.6648688682103581,7,7,1.0000000000000002,0.999899090761163,0.05347752418393829,-0.0002964155173872385,0.03608618884165393,NO_HIT
815,7,3,0.2539625708356883,4.768760227945442,0.0031277386284278784,0.0,-0.00844516969592594,-0.00844526090107598,-0.005630264601557104,-0.002814996299518424,-0.0056302031839438535,0.4305176208322806,0.09475617651785637,-1.0000000000000009,0.09475617651785645,-0.9052438234821445,7,7,0.9999999999999999,0.9999986791926526,0.07146642361984144,-0.0002518661872805694,0.24319840764647604,NO_HIT
816,7,0,0.11523980007316104,4.742114860622706,0.0019449554790497805,0.0,-0.14789180127563475,-0.14787133222956877,-0.0986156418926869,-0.0492556903368806,-0.09861369722377084,1.243498284142387,0.22551790082313633,-0.9999999999999996,0.22551790082313622,-0.7744820991768633,7,7,0.9999999999999999,0.9996268284892134,0.08009400562689706,-0.0007603279498109572,0.10710870115867788,NO_HIT
817,7,1,0.010088584509747922,3.558628060213551,4.096111699920238e-06,2.220446049250313e-16,-0.8344892141515643,-0.8140144829726897,-0.5831467494266325,-0.23086773354606338,-0.5873099913464356,6.289053055801253,0.35018256961332817,-0.9999999999999992,0.3501825696133279,-0.6498174303866713,7,7,1.0000000000000002,0.9673539546493417,0.0217265573134222,-0.00019571817549568493,0.009743832778106754,NO_HIT
818,7,2,0.03999999999999959,4.34320164396819,0.00048162001605799146,0.0,-0.09151424922808057,-0.09141033376373993,-0.06092422106858637,-0.030486112695154555,-0.06099151564202954,2.6579526479974427,0.32293143400801433,-1.000000000000001,0.32293143400801466,-0.6770685659919864,7,7,1.0,0.9988558677608387,0.07627971421910987,-0.0005655651550995344,0.03886652036403404,NO_HIT
819,7,3,0.19867387677010034,4.680581041263647,0.0013362463483088997,0.0,-0.006216252964731502,-0.006216244362677664,-0.0041441740653959756,-0.002072070297281292,-0.004144179438473466,0.5294414355184126,0.10875354692299138,-1.0000000000000016,0.10875354692299155,-0.89124645307701,7,7,1.0,0.9999983898462084,0.0858091402769528,-0.0004661842012367856,0.1977792193294171,NO_HIT
820,7,0,0.18173324052251738,4.505578912938981,0.00043365938966107514,2.220446049250313e-16,-0.014095830467310269,-0.014095699171379008,-0.009396630955339949,-0.004699068216039937,-0.009396712536370536,0.4954130545136582,0.10124862891752236,-0.9999999999999996,0.10124862891752232,-0.8987513710824773,7,7,0.9999999999999994,0.9999906603946703,0.06854801449933409,-0.0002681520812384264,0.17497301127330045,NO_HIT
821,7,1,0.00010000000000010927,4.003997764010134,4.962179717252611e-08,2.220446049250313e-16,-1.8735824082943224,-1.7558575270319459,-1.1978739187707466,-0.5579836082611979,-1.1890589800242268,8.801348851115362,0.4253802585888043,-0.9999999999999982,0.4253802585888035,-0.5746197414111947,7,7,1.0000000000000002,0.9248188616371033,0.0023418890265488575,-4.8154350791307365e-06,8.381234624650296e-05,NO_HIT
822,7,2,0.03999999999999944,4.487481737781096,0.0006077621856877759,0.0,-0.29779679603406856,-0.2972957431967941,-0.1978791673308069,-0.09941657586598651,-0.1981521542585844,2.507919243846972,0.3291435628629729,-0.9999999999999989,0.3291435628629725,-0.6708564371370264,7,7,0.9999999999999999,0.9981795722562841,0.042739673613735235,-0.00030616630507473985,0.03686175134302773,NO_HIT
823,7,3,0.1593854834739075,4.749510563548187,0.0018465457900139178,0.0,-0.0062177278574795745,-0.006217717550362413,-0.004145150650573531,-0.002072566899788325,-0.0041451572118165044,0.4556318186162402,0.09855877927259271,-1.0000000000000009,0.0985587792725928,-0.9014412207274081,7,7,1.0000000000000002,0.9999983260658578,0.08412159598022965,-0.00043656958621518527,0.1559845619413042,NO_HIT
824,7,0,0.10567620082542661,4.553069802906786,0.0016070824502515807,1.1102230246251565e-16,-0.023605373256030657,-0.023605055448320904,-0.015736739853482055,-0.007868315594839859,-0.015736919893843643,1.0393366090485412,0.18424684801924898,-1.000000000000003,0.18424684801924957,-0.8157531519807535,7,7,0.9999999999999997,0.9999603411823198,0.07349186801602818,-0.0003195428609084061,0.10187534565788975,NO_HIT
825,7,1,0.0033977921799710487,3.6033240737019074,1.3539805122655658e-08,0.0,-0.5679442793433717,-0.5669612054205331,-0.3813399630009084,-0.18562124241962386,-0.38115015956574255,4.546156327583072,0.35688935683342393,-1.0000000000000004,0.3568893568334241,-0.6431106431665763,7,7,1.0000000000000002,0.9956915633863842,0.011947310645249086,-4.1191612895730145e-05,0.0032671496995475557,NO_HIT
826,7,2,0.039999999999999813,4.322013304270801,0.00021420049181698785,0.0,-0.19475137631640044,-0.1947717196808904,-0.12990116477656938,-0.06487055490432038,-0.12985533564243057,2.0840679566811273,0.28804921737334754,-1.0000000000000007,0.2880492173733477,-0.7119507826266529,7,7,1.0000000000000002,0.9996050338388126,0.05978986371030394,-0.00044330373068568463,0.03602232293844158,NO_HIT
827,7,3,0.1491758534891783,4.691521546360247,0.001781184252176223,0.0,-0.004444828476270991,-0.004444763044134806,-0.0029631839306585115,-0.001481579113478071,-0.002963227256435939,0.4825669410244361,0.10078606342991171,-1.0000000000000024,0.10078606342991196,-0.8992139365700905,7,7,1.0000000000000002,0.9999852290464435,0.09114900784732174,-0.0005753915593507131,0.14607489339444227,NO_HIT
828,7,0,0.13268814731600564,4.588059185843457,0.0004289776880484601,2.220446049250313e-16,-0.10737335361990778,-0.12688577367750262,-0.08454670802354886,-0.04233906565395423,-0.07154083678443383,1.1310979338592237,0.2025674704188477,-0.9999999999999996,0.20256747041884762,-0.797432529581152,7,7,1.0000000000000002,0.9997318820679963,0.06409218871292782,-0.00040234205048594873,0.12457704426841365,NO_HIT
829,7,1,0.00010000000000021103,3.0435952176907604,2.0501796878242333e-11,2.220446049250313e-16,-1.2333068945610755,-1.2322287411799084,-0.9305103944209706,-0.30171834675893905,-0.9262352851841729,10.391223925275293,0.3267003880329955,-1.0000000000000007,0.3267003880329957,-0.6732996119670049,7,7,0.9999999999999999,0.9980878872307615,0.0004000780439604636,-9.8644525881042e-08,8.57898460225881e-05,NO_HIT
830,7,2,0.03999999999999937,4.48329504449365,0.0005317535526935358,0.0,-0.24272392871320556,-0.24166430435300038,-0.16105457416752006,-0.08060973018548001,-0.16169362247230848,2.829186777251441,0.3243173222826604,-1.000000000000001,0.32431732228266075,-0.6756826777173404,7,7,1.0,0.9954102932920191,0.05586584441076242,-0.00046245331399141776,0.03786769320434521,NO_HIT
831,7,3,0.15762048445543086,4.579250539436414,0.0006432547436800845,0.0,-0.0026766326737650333,-0.002676605588272309,-0.0017844167896009862,-0.0008921887986706317,-0.0017844347896150464,0.20702968452265583,0.04387818079645062,-1.0000000000000002,0.04387818079645063,-0.9561218192035496,7,7,1.0,0.9999898221964356,0.07555166806171107,-0.00028682326937268243,0.14998398876902763,NO_HIT
832,7,0,0.09597787688224524,4.184936370215412,0.00010990245114401155,0.0,-0.062048515700878874,-0.06204629935837479,-0.041396116226541886,-0.020650183131833977,-0.04139681964782467,0.9887035642014554,0.170929278510411,-1.0000000000000018,0.17092927851041131,-0.8290707214895905,7,7,1.0000000000000002,0.999824405616423,0.03972321534200264,-8.278352349400109e-05,0.08636998799359896,NO_HIT
833,7,1,0.0007476427558028576,4.402337508003569,9.94063014622388e-07,2.220446049250313e-16,-0.06187118594577582,-0.06180585200589083,-0.04118643877396849,-0.02061941323192107,-0.04122629532216898,4.4300788387028955,0.36627377923429616,-0.9999999999999991,0.3662737792342958,-0.6337262207657033,7,7,1.0000000000000002,0.9989277012729287,0.028803337535864434,-3.1294556047001265e-05,0.0006864964171784393,NO_HIT
834,7,2,0.04000000000000006,4.378313600093161,0.00027973624881194543,0.0,-0.32208037980822407,-0.32300532257775005,-0.21511231031876088,-0.1078930122589897,-0.2143399211540049,2.057821382805542,0.2898252603042697,-0.9999999999999988,0.28982526030426936,-0.7101747396957294,7,7,0.9999999999999999,0.9971446045854774,0.04353957489030461,-0.00034100059071739963,0.037209069424920194,NO_HIT
835,7,3,0.22354936256700275,4.75067135662139,0.0017409024400206344,0.0,-0.02345319101601696,-0.0234494199331812,-0.01563284759587169,-0.007816572337308314,-0.0156353400732461,0.3933250009824717,0.0870642362548458,-1.0000000000000016,0.08706423625484594,-0.9129357637451556,7,7,1.0000000000000002,0.9997939104220606,0.0874707523904231,-0.0005540105434524989,0.2150983481668652,NO_HIT
836,7,0,0.11873634384813546,4.677541270772125,0.0015615376903151373,0.0,-0.041961852878712576,-0.04195599341286005,-0.027971376578221383,-0.013984616834638836,-0.027975193964928168,1.4291983582132501,0.24246218276587847,-0.9999999999999989,0.2424621827658782,-0.7575378172341207,7,7,1.0000000000000002,0.999852582086188,0.06548159588266154,-0.00025980870426245417,0.11807805496728047,NO_HIT
837,7,1,0.00010000000000021103,3.589357724227559,1.3295262972054567e-11,1.1102230246251565e-16,-7.889213747483115,-8.905334134218771,-4.547006524233719,-4.358327609985051,-2.2345162837954335,18.953512134738585,0.3137324863464004,-1.0000000000000018,0.31373248634640094,-0.6862675136536008,7,7,0.9999999999999998,0.4524666886111391,0.013562140276286168,-0.0008196529255450891,9.682858119286486e-05,NO_HIT
838,7,2,0.04000000000000035,4.484141808005017,0.0004048979651046401,0.0,-0.26195796208445127,-0.3870281596109205,-0.25808199418888345,-0.12894616542203574,-0.1745945675068131,2.423958412901813,0.30862528936587286,-0.9999999999999983,0.30862528936587236,-0.6913747106341259,7,7,1.0,0.9982246201848477,0.04719962711095166,-0.00048826635581455946,0.03747847349904998,NO_HIT
839,7,3,0.2401741954873634,4.828256221894822,0.003923341548523193,2.220446049250313e-16,-0.009918295446699487,-0.009918999740802641,-0.006612688805998565,-0.003306310934807044,-0.006612217330896705,0.6319549202408921,0.13347567844625746,-1.0000000000000007,0.13347567844625755,-0.8665243215537431,7,7,1.0000000000000002,0.9999917170564055,0.08313712607456414,-0.00042429935888144144,0.21878233814018155,NO_HIT
840,7,0,0.1745609370536648,4.644229897395885,0.0006069845067504802,0.0,-0.08385032093544921,-0.08384888231472692,-0.05590038995882635,-0.027948492355899912,-0.055900151792832725,0.8642324644392367,0.16652280893141796,-0.9999999999999999,0.16652280893141794,-0.833477191068582,7,7,0.9999999999999998,0.9995347245276799,0.07033895612035532,-0.00038556403220013635,0.15921659388217865,NO_HIT
841,7,1,0.00020682839254570405,3.3206242338422287,1.2488550849745846e-09,4.440892098500626e-16,-0.6602800798841177,-0.659173645412972,-0.4389898719935481,-0.22018377341942874,-0.43906258983161073,5.071473653553066,0.39287304783906046,-1.0000000000000004,0.39287304783906063,-0.6071269521609398,7,7,1.0000000000000004,0.9974691673543588,0.001473985621764838,-7.163389605935322e-07,0.00018022953259863686,NO_HIT
842,7,2,0.03999999999999959,4.5325416744274065,0.0006781862494814809,0.0,-0.4523036840393601,-0.4464310350985857,-0.29767356405231576,-0.14875747104627146,-0.30109942843235177,2.562948445134613,0.3262258506997006,-0.9999999999999997,0.3262258506997005,-0.6737741493002991,7,7,0.9999999999999997,0.9841101733494453,0.05045991028661289,-0.0006201940325336608,0.03655153572494181,NO_HIT
843,7,3,0.21790717991509542,4.636014127928523,0.001385459464037631,1.1102230246251565e-16,-0.014573844789293765,-0.014574055472038704,-0.00971570679199342,-0.004858348680045366,-0.009715564039622622,0.27254651257280293,0.06038880152305968,-0.9999999999999992,0.06038880152305963,-0.9396111984769396,7,7,1.0,0.9999976675165587,0.09104245757599438,-0.0006720557127151139,0.21318423614756216,NO_HIT
844,7,0,0.10184004864827116,4.214963839814669,0.00017542117350674688,0.0,-0.017260308208548177,-0.017259958606609793,-0.011509118316151012,-0.005750840290460413,-0.011509346321567302,0.7762338241322795,0.14373765877252473,-1.000000000000002,0.143737658772525,-0.856262341227477,7,7,1.0,0.9999787351823487,0.03684394465136514,-4.2672731511039785e-05,0.09173182958623463,NO_HIT
845,7,1,0.0002692609819796255,4.261799116813695,8.950315008127137e-08,0.0,-0.18814460572500635,-0.1868810743187426,-0.12334904333796323,-0.0635320309807792,-0.12403064383177315,3.3085540868859162,0.27168479080339547,-0.9999999999999982,0.27168479080339497,-0.7283152091966032,7,7,1.0000000000000002,0.9870018343514773,0.010332385303722333,-1.0120083324238749e-05,0.00023976724035768538,NO_HIT
846,7,2,0.03999999999999992,4.592515028286026,0.0006781862494814797,0.0,-0.19963137115398932,-0.1993547270913175,-0.13291412687138116,-0.06644060021993536,-0.13308198762791185,2.529927121459663,0.3358903369173437,-0.9999999999999991,0.33589033691734344,-0.6641096630826557,7,7,0.9999999999999999,0.9978821153413326,0.07102180105598564,-0.0006608229144227096,0.03815064362907106,NO_HIT
847,7,3,0.24249704599508104,4.74909802575588,0.002434842314202538,0.0,-0.017391187364881343,-0.01756355293006035,-0.0117089967516474,-0.005854556178412074,-0.011594074987576109,0.37186619691453615,0.08332941677463482,-0.9999999999999993,0.08332941677463476,-0.9166705832253645,7,7,1.0000000000000002,0.9999848405047551,0.08240984433404795,-0.0004359440409666959,0.23131643356466852,NO_HIT
848,7,0,0.09241855918957985,3.779812236682658,1.7665699197854404e-05,0.0,-0.009279119180945462,-0.009278983462780097,-0.006186675980358486,-0.003092307482422091,-0.006186765030797051,0.8356390091502433,0.15309729153045404,-0.9999999999999988,0.15309729153045384,-0.846902708469545,7,7,0.9999999999999999,0.9999852457815873,0.040408080185728126,-4.355960904334211e-05,0.08456390525958311,NO_HIT
849,7,1,0.002191692159972522,4.040175840360154,1.751235389254974e-05,0.0,-0.5081078665898687,-0.5023885553318402,-0.3344008792820989,-0.16798767604974052,-0.3376307665737748,5.187794543903202,0.3690817268927627,-0.9999999999999986,0.36908172689276214,-0.6309182731072365,7,7,1.0,0.9863038721092248,0.045027655776443666,-0.0005328613934594273,0.0019999047144007008,NO_HIT
850,7,2,0.04000000000000006,4.5178727071807785,0.00048716003966299835,1.1102230246251565e-16,-0.36894317876953003,-0.37189047060417346,-0.2482921835207877,-0.1235982870833866,-0.24614730736238477,2.4233482163167803,0.32476600815038087,-1.0000000000000002,0.3247660081503809,-0.6752339918496193,7,7,0.9999999999999998,0.9984726791540073,0.05119145119472393,-0.000529141912389619,0.03784289405109874,NO_HIT
851,7,3,0.2459577660146949,4.672573318925416,0.001127073834787719,1.1102230246251565e-16,-0.008898845101328596,-0.008898760743406004,-0.0059326738783405525,-0.002966086865066414,-0.00593272979760642,0.330525784842828,0.07338025579772064,-1.0000000000000007,0.0733802557977207,-0.92661974420228,7,7,1.0000000000000002,0.9999904747718167,0.06557319432475876,-0.00019575817244898985,0.21802499593005356,NO_HIT
852,7,0,0.16013065163853754,4.645362192303482,0.0009586449805840571,0.0,-0.08026365828960204,-0.0802108511102482,-0.05347730812656151,-0.02673354298368629,-0.053510927531917635,0.778084393890011,0.15531562595373646,-0.9999999999999994,0.15531562595373638,-0.8446843740462631,7,7,0.9999999999999999,0.9982189560326896,0.08332070339856101,-0.0006614765813557355,0.14932723288154895,NO_HIT
853,7,1,0.0023834946487193134,4.316254442689144,2.164868733591974e-06,1.1102230246251565e-16,-1.1483765901904441,-1.168458287886973,-0.7729421309553659,-0.3955161569316148,-0.7541887767979875,6.365515011934328,0.4078904072905112,-1.000000000000001,0.4078904072905116,-0.5921095927094895,7,7,1.0000000000000002,0.9996307994107998,0.017508535155971564,-0.00017990690909197582,0.0020965976363135964,NO_HIT
854,7,2,0.04000000000000016,4.368517162086311,0.00033005107577108406,1.1102230246251565e-16,-0.194748129893326,-0.1944755380440773,-0.1292923921899596,-0.065183145854117,-0.1294438759100077,2.3359544872074403,0.3098992007644416,-0.9999999999999999,0.30989920076444155,-0.6901007992355583,7,7,1.0,0.9978390086931831,0.0439213622866734,-0.00021033518153679154,0.03537463263905409,NO_HIT
855,7,3,0.1429214986174473,4.744086581103321,0.0022354828135092834,1.1102230246251565e-16,-0.00041428789133513385,-0.0004142878878492086,-0.00027619198327101665,-0.00013809590457902754,-0.00027619198548715104,0.5612997589532507,0.11609845442285696,-0.9999999999999996,0.1160984544228569,-0.8839015455771426,7,7,1.0,0.9999999915777744,0.08790931721905543,-0.0004929178007344603,0.14252436570500748,NO_HIT
856,7,0,0.13051945878617627,4.548210829313441,0.0005452428557337352,0.0,-0.10659113111701361,-0.10647025988905681,-0.07113310025512283,-0.035337159633933246,-0.07120844471788598,1.4351690356321463,0.24188707535753937,-0.999999999999998,0.2418870753575389,-0.7581129246424592,7,7,1.0000000000000002,0.9988436952690746,0.05060963729242621,-0.00021265460270658565,0.12908428919441844,NO_HIT
857,7,1,9.999999999996934e-05,3.500455755787275,1.699731884810635e-12,0.0,-3.0326321536472016,-3.0893223169087642,-1.9347782888075002,-1.1545440281012813,-1.7879512677282556,11.451845314895976,0.41273827660579443,-1.0,0.41273827660579443,-0.5872617233942056,7,7,1.0000000000000002,0.9846658332467023,0.004741277669217322,-3.4729820134415945e-05,8.75075046449538e-05,NO_HIT
858,7,2,0.039999999999999716,4.410334804355031,0.00028473742381802746,0.0,-0.09241255911390603,-0.09239270754976257,-0.06161775322926641,-0.030774954320496206,-0.061629853511149295,2.92753067726712,0.33866782566004844,-1.000000000000001,0.3386678256600488,-0.6613321743399523,7,7,1.0000000000000002,0.9997772339383638,0.034610608315382034,-7.268755383549319e-05,0.03535153568002565,NO_HIT
859,7,3,0.17712220729832748,4.804726204463999,0.002958561738848173,0.0,-0.009190109188821337,-0.009190076941306746,-0.006126652091961093,-0.0030634248493462968,-0.006126671518504299,0.5392593124937437,0.11744598020088856,-1.0000000000000004,0.11744598020088862,-0.8825540197991119,7,7,1.0000000000000002,0.9999963740995574,0.09368829497824044,-0.0006801843469572688,0.17586231482910872,NO_HIT
860,7,0,0.09799726365592021,4.6127479068785195,0.0009861729763078197,2.220446049250313e-16,-0.09835471904240622,-0.0983969103562941,-0.06558962677448922,-0.03280728358180644,-0.06555969034032555,1.3275462892860683,0.23107259091788288,-1.0000000000000022,0.23107259091788337,-0.7689274090821189,7,7,1.0000000000000002,0.99975636307885,0.061462507981301186,-0.00027514687678653615,0.09784361495216043,NO_HIT
861,7,1,9.999999999991568e-05,3.5950078320420387,1.5266793732295092e-08,0.0,-2.0747496893384483,-2.197193385360971,-1.5781391433782497,-0.6190542419827363,-1.4437066456457848,9.44612619327686,0.3512064714433795,-0.9999999999999997,0.3512064714433794,-0.6487935285566202,7,7,1.0,0.9962968169754688,0.00018458467210977678,-3.743395726729659e-08,8.180205282492988e-05,NO_HIT
862,7,2,0.03999999999999959,4.516908777052962,0.0005387022570935355,2.220446049250313e-16,-0.15319963695629985,-0.15321346937918776,-0.10215481809231707,-0.051058651286870926,-0.10214087938160923,2.918986903134846,0.3415968244201572,-1.000000000000001,0.3415968244201576,-0.6584031755798435,7,7,0.9999999999999998,0.9999861363892922,0.06140004657472469,-0.0004128902875697449,0.03938525060744391,NO_HIT
863,7,3,0.266605369337758,4.7267851398291025,0.0023046182015813645,0.0,-0.018699322813600216,-0.018698740960282435,-0.012465112828603055,-0.006233628131679214,-0.012465490904637432,0.417367368625684,0.09249206521281639,-1.0,0.09249206521281639,-0.9075079347871836,7,7,1.0000000000000002,0.9999368056981112,0.08406464810596063,-0.0005063363276729405,0.25475606860039535,NO_HIT
864,7,0,0.2862758107885599,4.731311685040485,0.0018259815781074666,0.0,-0.004073790697663148,-0.0040737691181562865,-0.0027158466181712317,-0.001357922499986397,-0.002715860946641879,0.18124884749097578,0.041927024650166386,-0.9999999999999983,0.04192702465016632,-0.958072975349832,7,7,0.9999999999999999,0.9999946854930091,0.09239430188008421,-0.0006038092387239402,0.2822359198139833,NO_HIT
865,7,1,0.00042590933210462367,2.9189738403831984,8.277522812388085e-11,0.0,-0.5631497969398188,-0.5599546598156371,-0.38521357913749876,-0.17474108067813354,-0.38661158882304736,7.794413861664866,0.3184754380893131,-0.9999999999999969,0.3184754380893121,-0.6815245619106848,7,7,1.0,0.9941014530649454,0.002164444470484737,-1.3132013658712083e-06,0.00037432294181083403,NO_HIT
866,7,2,0.039999999999999925,4.69153225517964,0.0006781862494814809,2.220446049250313e-16,-0.3502636155190205,-0.3471519585940689,-0.23116510316543654,-0.11598685542863202,-0.23301210067497227,2.6172335866017447,0.35035327323898774,-1.0000000000000018,0.35035327323898835,-0.6496467267610134,7,7,0.9999999999999998,0.9812430293582678,0.0491921973390161,-0.0004671694317632813,0.03552438616447906,NO_HIT
867,7,3,0.20928957445682006,4.672574048461524,0.001659127461615397,0.0,-0.012883113084266025,-0.012882839958319636,-0.00858981392400233,-0.004293026034316361,-0.008589992344069278,0.2987390792989369,0.06506124452364746,-0.9999999999999989,0.0650612445236474,-0.9349387554763515,7,7,0.9999999999999997,0.9999547739328623,0.0534469459944849,-7.821979667888002e-05,0.18727334743127483,NO_HIT
868,7,0,0.11628138818311903,4.511773229520857,0.0010370239845717904,0.0,-0.04731485062180404,-0.04730684365516249,-0.03155412233623111,-0.01575272131893063,-0.031558685205056905,1.210285853414773,0.20458205307906754,-1.0000000000000009,0.20458205307906774,-0.7954179469209331,7,7,1.0,0.9998171781924938,0.07056703880308587,-0.00032688037942918413,0.11283712924557275,NO_HIT
869,7,1,0.001291800008721598,4.008518478471848,7.442431771444716e-07,0.0,-2.172420551868,-2.241341421008274,-1.2354758450612606,-1.0058655759470134,-1.17507697777561,7.290407901873109,0.4399299602172097,-1.0000000000000002,0.4399299602172098,-0.5600700397827905,7,7,0.9999999999999998,0.9962827696466493,0.0058342363983905614,-3.832614522281119e-05,0.0011604696679874658,NO_HIT
870,7,2,0.03999999999999959,4.555088444340095,0.0006781862494814803,0.0,-0.2858962411294327,-0.2861220909479036,-0.19082293765834546,-0.09529915328955649,-0.1906187003099367,2.7579335526100115,0.3433464953612911,-1.0,0.3433464953612911,-0.656653504638709,7,7,0.9999999999999999,0.9997490916727227,0.046533932716065755,-0.00035665764206349593,0.03893334649450342,NO_HIT
871,7,3,0.24381218202939817,4.740575940528936,0.002202620068834057,2.220446049250313e-16,-0.029109604187891883,-0.029169331616797804,-0.019450022279369587,-0.0097193093374279,-0.01941016744071164,0.3489094199152758,0.078401656300399,-0.9999999999999996,0.07840165630039896,-0.9215983436996006,7,7,0.9999999999999996,0.9997876686695047,0.08010559807911559,-0.0002901548440341628,0.24153326496824962,NO_HIT
872,7,0,0.14629009994105766,4.760571337969675,0.0024904146168702765,2.220446049250313e-16,-0.06903449624106264,-0.07000219360318931,-0.04665723466822424,-0.023344958934964313,-0.04601049741652642,0.6920008243830335,0.14344669140787672,-0.9999999999999998,0.1434466914078767,-0.8565533085921231,7,7,1.0000000000000002,0.9985149366203411,0.0819034781536305,-0.000566395720956514,0.13628101597181352,NO_HIT
873,7,1,0.000360232906041813,3.645776339635623,1.541395068553635e-08,1.1102230246251565e-16,-3.437964617378416,-3.4705598238604907,-1.9047567721932592,-1.5658030516672863,-1.6517709477149025,15.761594544787279,0.3506923922767074,-1.0000000000000016,0.35069239227670795,-0.6493076077232935,7,7,0.9999999999999998,0.9939507265505794,0.0075685497619784325,-9.952593633189011e-05,0.0003171138612765301,NO_HIT
874,7,2,0.04000000000000004,4.334179707726491,0.00039724588700991773,2.220446049250313e-16,-0.28568665337111854,-0.2874084279782308,-0.19119219410962426,-0.09621623386860981,-0.18999479591226795,2.362914346695524,0.3056836536001727,-1.0000000000000009,0.30568365360017297,-0.6943163463998279,7,7,1.0000000000000004,0.9963220887249042,0.04236617410105015,-0.000289953022846845,0.037106630475972735,NO_HIT
875,7,3,0.11424390768414627,4.775778404443146,0.0016059983816138236,0.0,-0.0028336760538319804,-0.00283365168959407,-0.0018891023006189036,-0.0009445493889757017,-0.0018891184453286383,0.5471421184447989,0.11667922280817243,-0.9999999999999978,0.11667922280817217,-0.8833207771918257,7,7,0.9999999999999994,0.9999913994411719,0.08284603249182655,-0.00038540716106449935,0.11077687966786653,NO_HIT
876,7,0,0.16662035206729278,4.655900342411062,0.0017472922474470636,1.1102230246251565e-16,-0.11313149064600529,-0.11347986032395256,-0.0756748534313758,-0.037805006892576154,-0.07543879891785205,1.380974893376395,0.2407122768886677,-1.0000000000000007,0.24071227688866786,-0.7592877231113329,7,7,1.0,0.9998926990215112,0.05867740319229654,-0.00030009280368226143,0.15833480799930139,NO_HIT
877,7,1,0.00031743442253475784,3.0793384705418445,7.403278893600258e-13,2.220446049250313e-16,-0.7036149840241478,-0.7009005779342727,-0.47109363616694455,-0.22980694176732064,-0.47139201352684906,8.49452332837705,0.3763222335972347,-0.9999999999999982,0.37632223359723405,-0.6236777664027642,7,7,1.0000000000000007,0.9946642469632273,0.003273915808456319,-3.7583052674428075e-06,0.0002906537436521939,NO_HIT
878,7,2,0.03999999999999959,4.478997912652105,0.0005029956367570126,0.0,-0.25394431622140357,-0.25940756503938955,-0.17344421760685924,-0.08596334743252909,-0.16969039065509162,2.2580224391856207,0.30573705069170637,-0.9999999999999994,0.3057370506917062,-0.6942629493082932,7,7,1.0000000000000002,0.9919609124715398,0.04935780422531574,-0.00035106581971611206,0.03594748035351146,NO_HIT
879,7,3,0.21479434601346925,4.733894940152454,0.002407886905109853,1.1102230246251565e-16,-0.0058804973415255615,-0.005880551681153256,-0.003920375417130199,-0.001960176264024227,-0.003920338796723564,0.3916389269573503,0.08494742588826633,-0.999999999999999,0.08494742588826625,-0.9150525741117328,7,7,1.0000000000000002,0.999990224832512,0.07985022232343392,-0.00035725734220637406,0.2136545340474234,NO_HIT
880,7,0,0.10651746895083081,4.622121470292537,0.0010891173262541887,0.0,-0.059062405579871156,-0.059050662398725653,-0.039378385306679614,-0.019672277092049217,-0.03938592856649244,0.8085860738972718,0.15864114138852584,-1.0000000000000009,0.15864114138852597,-0.8413588586114749,7,7,1.0000000000000002,0.9997993400311999,0.06232473536476649,-0.00025893152808098563,0.10491160916402476,NO_HIT
881,7,1,0.012575173170425002,3.2393058246743736,1.207171450253044e-07,0.0,-0.5365549921989444,-0.5343106493062536,-0.35928012755315897,-0.17503052175309464,-0.359569385954453,3.546320882002744,0.3159531890904657,-1.000000000000001,0.31595318909046605,-0.684046810909535,7,7,0.9999999999999999,0.994336886149167,0.012920040293195817,-4.515515528957792e-05,0.012201177188190582,NO_HIT
882,7,2,0.039999999999999813,4.519983395918235,0.0003554473718720548,0.0,-0.22364340690190282,-0.22307206917847883,-0.1486200032926812,-0.07445206588579714,-0.14897705897437027,2.3556922126626834,0.3181762151859506,-1.0000000000000002,0.31817621518595063,-0.6818237848140496,7,7,1.0000000000000002,0.9966897902856241,0.04185895954019609,-0.00022416033917593836,0.03653868489323164,NO_HIT
883,7,3,0.1454109020125547,4.701921661954659,0.0014982147941465008,2.220446049250313e-16,-0.006238223162885136,-0.006237969039612638,-0.004158634587380161,-0.0020793344522326562,-0.004158802862154118,0.3989817948522864,0.08414873437176455,-0.9999999999999981,0.0841487343717644,-0.9158512656282337,7,7,0.9999999999999999,0.9999589506497193,0.07940036229365402,-0.00034856797272642126,0.13721834608221728,NO_HIT
884,7,0,0.16117023215796822,4.720230207838249,0.0011321449673747644,0.0,-0.038185731760468106,-0.0381854634968584,-0.025457892425189713,-0.012727571071668553,-0.025457972090948123,0.7922488967910715,0.15797385183248858,-0.9999999999999969,0.15797385183248808,-0.8420261481675089,7,7,0.9999999999999994,0.9999903133404417,0.07571527937867142,-0.00038581562667161506,0.15984280953259233,NO_HIT
885,7,1,0.0021131131401349646,4.12071851125522,2.4704478047395198e-06,1.1102230246251565e-16,-0.8168641659531626,-0.8148666866214778,-0.5384360369236766,-0.2764306496978035,-0.538693986478078,9.333136209045328,0.4035945357209428,-1.0000000000000009,0.4035945357209431,-0.5964054642790577,7,7,1.0,0.9971262443596082,0.03097449304529581,-0.00039887654595638367,0.0020689978605800455,NO_HIT
886,7,2,0.039999999999999813,4.458430937174428,0.00024390504067358794,0.0,-0.34301061242366937,-0.34240258757165914,-0.22813946372991153,-0.11426312384174793,-0.22846066569845977,2.6136049154946353,0.339134211468225,-0.9999999999999998,0.3391342114682249,-0.6608657885317748,7,7,1.0000000000000004,0.9979333391337952,0.03448675360598656,-0.0002184733522776483,0.03486588450652131,NO_HIT
887,7,3,0.21432718676878681,4.651059359270614,0.0011214577116195983,2.220446049250313e-16,-0.008823899193046256,-0.008823798277779783,-0.0058826415335658175,-0.002941156744213802,-0.005882707609662559,0.2631548375024161,0.058153061347619626,-1.000000000000002,0.058153061347619744,-0.9418469386523822,7,7,1.0,0.9999726106270028,0.07043869848998464,-0.00023561354435042148,0.19485943134502395,NO_HIT
888,7,0,0.12644239071987262,4.661561165642856,0.0010611378960668854,0.0,-0.0027269839580148217,-0.002726964492599405,-0.0018179852432939733,-0.0009089792493040538,-0.0018179981810231836,0.8684212444811966,0.16342341811424518,-1.0000000000000016,0.16342341811424543,-0.8365765818857561,7,7,1.0000000000000002,0.9999928614975756,0.08408008123658615,-0.00042678540413909616,0.12631750552594684,NO_HIT
889,7,1,0.004686335483724657,4.148349107019433,7.564902757745527e-07,2.220446049250313e-16,-0.6177166894175076,-0.6176144746689439,-0.42146396807394115,-0.196150506595002,-0.4190164110409025,6.314943359999749,0.38836997223860004,-1.0000000000000024,0.388369972238601,-0.6116300277614015,7,7,0.9999999999999999,0.996532333630766,0.010983416770721349,-3.749490575799541e-05,0.004680034516174824,NO_HIT
890,7,2,0.04000000000000008,4.489288672505165,0.0005531224654787232,0.0,-0.11325855730838809,-0.11323255763323341,-0.075465630349208,-0.03776692728402642,-0.07548195141383016,2.6940599568232346,0.33102931870298163,-1.0000000000000002,0.3310293187029817,-0.6689706812970185,7,7,0.9999999999999998,0.9997681058809189,0.0682601570786445,-0.0004633255470807285,0.03778341545312092,NO_HIT
891,7,3,0.21233269369971008,4.64745569071772,0.0016743357077788118,3.3306690738754696e-16,-0.00732160849321309,-0.007321517647675511,-0.004881000167972475,-0.0024405174797049733,-0.004881059379469863,0.2828364920819347,0.06404169287973667,-0.9999999999999972,0.06404169287973649,-0.9359583071202607,7,7,0.9999999999999997,0.9999851306409284,0.08813476641593722,-0.0005139730032936995,0.2016410272586424,NO_HIT
892,7,0,0.20772801120595796,4.433692955256264,0.0003384676554575092,0.0,-0.01504634431754135,-0.015045449260327344,-0.010032979796998746,-0.005012469463329283,-0.010033571328441609,0.7190734728600664,0.14481114155320543,-0.9999999999999976,0.14481114155320507,-0.8551888584467925,7,7,1.0,0.9999400413439583,0.04688312133589831,-8.387277069932253e-05,0.17259855072217734,NO_HIT
893,7,1,0.0001842903929936135,4.315168868130809,7.260434271549983e-07,2.220446049250313e-16,-0.7896435295137517,-0.7911404165189839,-0.5456469867097018,-0.24549342980928496,-0.5289765092874728,5.603482644122442,0.3657314729337859,-1.000000000000002,0.3657314729337866,-0.6342685270662154,7,7,1.0000000000000002,0.9943697214427784,0.003424041620924356,-4.639009040907638e-06,0.00015312251098387186,NO_HIT
894,7,2,0.0399999999999999,4.386146441002296,0.00041746147426556784,1.1102230246251565e-16,-0.3103594510030087,-0.30982028060640476,-0.20637113973306395,-0.10344914087334198,-0.20669060190381078,2.066745300728291,0.29434647664552127,-0.9999999999999996,0.29434647664552116,-0.7056535233544784,7,7,1.0000000000000002,0.9959163265699675,0.04453480505799701,-0.0003387797448466401,0.03486928210883655,NO_HIT
895,7,3,0.20366987614747922,4.782684509782137,0.003696377161867148,0.0,-0.021065521970976123,-0.021062874000883757,-0.014042288841090312,-0.007020585159793424,-0.014044016378610717,0.4547458953872252,0.09857114769268743,-1.0000000000000004,0.09857114769268747,-0.901428852307313,7,7,1.0000000000000002,0.9998719790757086,0.08701138694512565,-0.0005420254309589367,0.19880659331881811,NO_HIT
896,7,0,0.12266584437491634,4.677619228484313,0.0007342756111063665,0.0,-0.11006086115246315,-0.10983331421114122,-0.07331876648666225,-0.03651454772447854,-0.07346520536863016,1.2864895716796816,0.22950288357753582,-1.0000000000000018,0.22950288357753623,-0.7704971164224655,7,7,1.0000000000000002,0.9977804533876458,0.0625902446932609,-0.00035352252205012036,0.11835495295004261,NO_HIT
897,7,1,0.011278958255854676,3.7403743751519953,1.850949670166738e-05,1.1102230246251565e-16,-0.40166322918704084,-0.4012539789050581,-0.2682955057027546,-0.1329584732023051,-0.2684728002390726,4.677528619687824,0.3179406052942078,-0.9999999999999992,0.3179406052942076,-0.6820593947057916,7,7,0.9999999999999999,0.997171961249566,0.028507137824687414,-0.0001749953925718195,0.010670490687314849,NO_HIT
898,7,2,0.040000000000000036,4.5503711637285615,0.0006737002394325626,0.0,-0.5894587326054954,-0.588696364623227,-0.39136642924509185,-0.197329935378135,-0.3915105476640651,2.3738359291155424,0.32201897093783866,-0.9999999999999976,0.3220189709378379,-0.6779810290621597,7,7,0.9999999999999999,0.9794079973819392,0.033452208170287406,-0.0003388631127805297,0.033619674683847744,NO_HIT
899,7,3,0.17853847153058067,4.564677040061276,0.0009884638346536617,0.0,-0.0018667031735710878,-0.001866722836787209,-0.001244487920480424,-0.0006222349163045315,-0.0012444748002094052,0.14623217535911548,0.03300562021682088,-1.0000000000000007,0.0330056202168209,-0.9669943797831798,7,7,0.9999999999999998,0.9999999969110688,0.07492604256820524,-0.00028703322450684965,0.1775437555110001,NO_HIT
900,7,0,0.10544495091367834,4.620176264232673,0.0006499752004096402,0.0,-0.1315582072128948,-0.13378750514555354,-0.08914635450272036,-0.04464115064283408,-0.08765648715445601,1.598359796614136,0.26724967526266064,-1.0000000000000007,0.2672496752626608,-0.7327503247373399,7,7,1.0000000000000002,0.9989567787712595,0.07028980349496246,-0.0005005572216685295,0.1024725330686529,NO_HIT
901,7,1,9.999999999976694e-05,4.415268866173296,4.2678927664367095e-06,0.0,-0.42992760055339496,-0.42733560096476286,-0.2858765003624151,-0.1414591006024185,-0.28387904730697194,4.65100367731242,0.2948783937663356,-1.0000000000000004,0.29487839376633573,-0.7051216062336647,7,7,0.9999999999999999,0.9849930750455455,0.008454390418041148,-1.532522710601114e-05,9.739470012226636e-05,NO_HIT
902,7,2,0.03999999999999959,4.250997384773249,0.0004310706488971143,0.0,-0.2475606014000986,-0.24614029653918074,-0.16410749469366012,-0.08203280184551964,-0.1650304940327664,2.190460694020622,0.27873929953859616,-0.9999999999999996,0.27873929953859605,-0.7212607004614036,7,7,1.0000000000000002,0.9933251323605244,0.05958359389494329,-0.0005112213594422599,0.0358992207008974,NO_HIT
903,7,3,0.21787091949424608,4.720965536826897,0.0023538349337525006,0.0,-0.01615353999276473,-0.016152631087688638,-0.010768487084147918,-0.005384144003537816,-0.010769088005976087,0.37118399745823677,0.08100369037508241,-1.0000000000000016,0.08100369037508254,-0.918996309624919,7,7,1.0,0.9999426328334875,0.08047316345159272,-0.00041413059820527565,0.20929917450420477,NO_HIT
904,7,0,0.08005714605335341,4.131595933182039,2.4340139447126844e-05,0.0,-0.5480887086717255,-0.5569789840910807,-0.38086543201293743,-0.1761135520781425,-0.3739952702196655,2.4017266025168986,0.3215674262344193,-0.9999999999999993,0.3215674262344191,-0.6784325737655803,7,7,1.0,0.9939973922319115,0.02238774377900049,-0.0001451081952925648,0.0678994468544053,NO_HIT
905,7,1,0.0012807064794261303,3.8814919929371126,1.3054410105300479e-05,0.0,-0.5724672668420918,-0.5599465070146578,-0.39055577986947293,-0.16939072714518413,-0.39203616205980407,5.053283733645361,0.31050277836153173,-0.9999999999999993,0.3105027783615315,-0.6894972216384678,7,7,1.0,0.9741576318392849,0.006853349468078685,-1.3230619076765038e-05,0.001244032001105455,NO_HIT
906,7,2,0.039999999999999654,4.595519172951753,0.0006781862494814809,2.220446049250313e-16,-0.18883547033754983,-0.18860122443665456,-0.12563536709578263,-0.06296585734087246,-0.12577953840794662,3.121714412101288,0.3534019767485158,-1.0000000000000004,0.353401976748516,-0.6465980232514845,7,7,0.9999999999999998,0.9978590464733524,0.06405423287385335,-0.0005314774813198753,0.03754307456078859,NO_HIT
907,7,3,0.20917658099007685,4.764966049958554,0.0029583069618619984,0.0,-0.0018799393771008887,-0.0018799386146914412,-0.0012532924176052187,-0.0006266461970859116,-0.0012532929192173054,0.5416007237438927,0.11688194816232651,-1.0000000000000016,0.1168819481623267,-0.8831180518376749,7,7,1.0000000000000004,0.9999995881233547,0.09105299747489032,-0.000562593683316237,0.20148504445283488,NO_HIT
908,7,0,0.10260723734553232,4.561703100906208,0.0005992364427976092,1.1102230246251565e-16,-0.048574448744171134,-0.04856668462536812,-0.032370526342270695,-0.01619615828309731,-0.03237545464405944,1.0463987299929876,0.18548541388553907,-1.0000000000000013,0.18548541388553932,-0.814514586114462,7,7,1.0000000000000004,0.9998277119433985,0.07806441999631497,-0.0004461741664867347,0.10125157798815432,NO_HIT
909,7,1,0.006829329168815746,3.999335120174397,1.320275877689612e-05,0.0,-0.2699948631602268,-0.28148976278056664,-0.18715696435832258,-0.09433279842224475,-0.17941697998517275,3.0684618961570345,0.2872365613869133,-1.0000000000000036,0.2872365613869143,-0.7127634386130892,7,7,1.0000000000000002,0.9994807856381874,0.05279951156256349,-0.00045369792788019225,0.006714185392560746,NO_HIT
910,7,2,0.04000000000000005,4.215048552027374,0.00018715014819408417,1.1102230246251565e-16,-0.13426746448832805,-0.13419867877951747,-0.08944578978516947,-0.04475288899434582,-0.08948730439342939,2.671521912281787,0.29664810648215706,-1.000000000000001,0.2966481064821574,-0.7033518935178438,7,7,1.0,0.999473034802487,0.04459070378018376,-0.0001794694922301332,0.03619220785529684,NO_HIT
911,7,3,0.12593330726446006,4.637876397002422,0.0008586360876125568,1.1102230246251565e-16,-0.0017468840604623749,-0.001746882026958525,-0.0011645906143822973,-0.0005822914125743206,-0.0011645919671702232,0.4611405118789881,0.0901715745932059,-0.9999999999999991,0.09017157459320582,-0.9098284254067933,7,7,1.0000000000000002,0.9999988349693149,0.08063607282582969,-0.00036688870759249426,0.12495065184066156,NO_HIT
912,7,0,0.1225915727919773,4.671051073931839,0.0014908556807172427,1.1102230246251565e-16,-0.042394272267234044,-0.04238323870344926,-0.028255472478248944,-0.014127766225199068,-0.028262696327762803,0.7376238254008463,0.14503642042522266,-1.0000000000000004,0.14503642042522272,-0.8549635795747778,7,7,1.0,0.9997366783874123,0.07542089942859198,-0.0003962371428096745,0.11860135131576344,NO_HIT
913,7,1,0.008050250060996042,4.184817163849918,2.166350373595371e-05,1.1102230246251565e-16,-0.31983017101245226,-0.31921539138646715,-0.2128726352587794,-0.10634275612768906,-0.21303629992533585,5.394349403678521,0.3806376982528633,-0.9999999999999994,0.3806376982528631,-0.6193623017471364,7,7,0.9999999999999994,0.9976840437696094,0.03548765249038508,-0.0002153819670906998,0.007062842372670686,NO_HIT
914,7,2,0.04000000000000012,4.3992818626764265,0.0005326052688967182,0.0,-0.13417451584515197,-0.13414577763906024,-0.08968313755343774,-0.044462640085621064,-0.08968527482194644,2.8388101621476283,0.3121590077464794,-1.0000000000000009,0.3121590077464797,-0.6878409922535211,7,7,0.9999999999999998,0.9995502832303212,0.020569632110260763,-3.2305328167225866e-05,0.036946198338906666,NO_HIT
915,7,3,0.21145866742969563,4.622613590280984,0.0010652173728945644,2.220446049250313e-16,-0.003705853100741998,-0.0037058460608835873,-0.0024705665875064077,-0.0012352794733756778,-0.002470571149273524,0.38994382255834503,0.08110491394802428,-1.0000000000000004,0.08110491394802433,-0.9188950860519761,7,7,1.0000000000000002,0.9999884038268194,0.08548172816029198,-0.0004471168330155706,0.19929547621881524,NO_HIT
916,7,0,0.12155535392456551,4.623391686648064,0.0008949050484251448,2.220446049250313e-16,-0.05034119178126752,-0.050339557018909666,-0.033554713528513386,-0.016784843490395662,-0.03355568288474137,1.5115445327285435,0.24609134784859385,-0.9999999999999992,0.24609134784859366,-0.7539086521514056,7,7,0.9999999999999997,0.9999588403196787,0.07998542826340058,-0.0005206805465327591,0.11391880302498936,NO_HIT
917,7,1,0.005724267936483618,3.0916906355784026,2.139142603047196e-08,0.0,-0.5912487342231847,-0.5883124438356212,-0.41630658330494663,-0.17200586053067246,-0.4159427035322713,7.729328876554061,0.30034767755857084,-0.9999999999999983,0.30034767755857034,-0.6996523224414279,7,7,1.0000000000000002,0.9946037661980055,0.008861483227877725,-2.3339836281000004e-05,0.005655695116220438,NO_HIT
918,7,2,0.03999999999999926,4.154214862619775,0.0004516356755362896,0.0,-0.23671790838196058,-0.23627436978215088,-0.1574321953744643,-0.07884217440768745,-0.15768891422622486,1.8927708227123266,0.24955893338450524,-1.0000000000000013,0.24955893338450558,-0.7504410666154957,7,7,0.9999999999999998,0.9958654123925832,0.05864817348260511,-0.0004985217959800892,0.03623695892701939,NO_HIT
919,7,3,0.11648174230603747,4.7094313479331396,0.0009727767822390645,1.1102230246251565e-16,-0.00815447483756167,-0.008154437493402375,-0.005436302384320834,-0.0027181351090818096,-0.005436327117676689,0.47649072893019495,0.10044071450772446,-0.9999999999999999,0.10044071450772445,-0.8995592854922755,7,7,0.9999999999999998,0.9999953467090252,0.08251029991706257,-0.0004142078837938712,0.1154221088278824,NO_HIT
920,7,0,0.1313179509025274,4.5315555893908215,0.0006126192141201953,0.0,-0.140384709523039,-0.140407145395912,-0.09363474659098638,-0.046772398804927895,-0.09361545611161518,0.9016614278082401,0.17444329013342041,-1.0,0.17444329013342041,-0.8255567098665796,7,7,0.9999999999999999,0.999299033517376,0.0573265978879762,-0.00032758110716279987,0.12332366885829782,NO_HIT
921,7,1,9.999999999993136e-05,3.431111940432959,3.1947878647334857e-12,0.0,-0.21905145799044637,-0.21935408896153968,-0.14621234040755582,-0.07314174855397937,-0.1458386273581546,2.7588943179323047,0.24807668710120515,-1.0000000000000018,0.2480766871012056,-0.7519233128987962,7,7,0.9999999999999997,0.9951685023347522,0.0004834200407850959,-2.5633574818328952e-08,8.040880107153553e-05,NO_HIT
922,7,2,0.03999999999999989,4.3803378940348265,0.0002594762874182426,0.0,-0.43948044806263,-0.44206538596578243,-0.29310154657362053,-0.14896383939216262,-0.29128579988513037,1.9801519171530457,0.2826109584193075,-1.0000000000000002,0.28261095841930756,-0.7173890415806927,7,7,1.0,0.9926507415956761,0.040017011556809416,-0.00038380056187126144,0.035622161477898984,NO_HIT
923,7,3,0.23718744682301063,4.782754699337149,0.002833736420287941,0.0,-0.0167075554003008,-0.016715275935666046,-0.011143511730080168,-0.005571764205585139,-0.01113835854363428,0.45694581694949904,0.09998451864779845,-1.0000000000000013,0.09998451864779859,-0.9000154813522028,7,7,1.0,0.9999964611837285,0.07778394344213402,-0.00035790716657135846,0.23341615503130675,NO_HIT
924,7,0,0.1354171294487175,4.664282087002487,0.0010238432517809437,2.220446049250313e-16,-0.004806691567222428,-0.004806842285343312,-0.003204550119819179,-0.001602292165525404,-0.0032044493584333037,0.4146707775051549,0.08564415527880859,-1.0000000000000002,0.0856441552788086,-0.9143558447211916,7,7,1.0,0.9999940700860338,0.0809408029084192,-0.0003687159115415284,0.1320067022044594,NO_HIT
925,7,1,0.0010109486915983457,3.657043750010387,1.096173452059195e-06,1.1102230246251565e-16,-0.6158951981687235,-0.6130038349636778,-0.42040343532447466,-0.19260039963920234,-0.4218246081071192,4.96775460914106,0.37861723950387294,-1.0000000000000013,0.37861723950387344,-0.621382760496128,7,7,1.0,0.9948672079633776,0.002544169467395701,-1.985572834151128e-06,0.0008280559038216229,NO_HIT
926,7,2,0.04000000000000001,4.58244595212545,0.0006781862494814815,1.1102230246251565e-16,-0.272778891002958,-0.27490989286948325,-0.18352754919291936,-0.09138234367656445,-0.1820205707565296,2.864507523818628,0.34397655317699555,-0.9999999999999984,0.343976553176995,-0.6560234468230035,7,7,0.9999999999999997,0.9987594736577899,0.03768145356729999,-0.00021412690285238511,0.03513973814374388,NO_HIT
927,7,3,0.24299534634551898,4.741821290339118,0.0026368703152570157,0.0,-0.013319968052711592,-0.013319565383953094,-0.00887944655184985,-0.0044401188321029905,-0.008879713482860584,0.39433488659234384,0.08709183432480491,-0.999999999999999,0.08709183432480483,-0.9129081656751942,7,7,1.0000000000000002,0.9999691623866684,0.08830471046485674,-0.000585883407000054,0.22308605952033791,NO_HIT
928,7,0,0.09618187866575734,4.37532107630607,0.0001492203610697195,0.0,-0.12443311646489355,-0.12420381452495308,-0.08315526655608875,-0.04104854796886337,-0.08330083720745227,1.555201329958311,0.25115009320058485,-0.9999999999999998,0.2511500932005848,-0.748849906799415,7,7,1.0000000000000002,0.9980777345840363,0.03713243675305843,-0.00011066163028417009,0.08755034258659611,NO_HIT
929,7,1,0.0001000000000005441,3.7029040205570225,4.2236997661729e-09,0.0,-0.5725635213015986,-0.6575085512284825,-0.4332721667528539,-0.22423638447562677,-0.3761589534124529,4.535644681534842,0.33841945231801374,-1.0000000000000004,0.3384194523180139,-0.6615805476819865,7,7,1.0000000000000002,0.9993800439229215,0.0007153279614988445,-1.6822938286864542e-07,8.078826335700118e-05,NO_HIT
930,7,2,0.04000000000000012,4.394755611771734,0.0004447498498033431,0.0,-0.2529533554341967,-0.2522453685172072,-0.1679952933072935,-0.08425007520991382,-0.16839850538332846,2.390521441342051,0.3078870969281721,-1.0,0.3078870969281721,-0.6921129030718278,7,7,0.9999999999999999,0.9966944442390449,0.04026668728064351,-0.0002258743752046044,0.036426223592858915,NO_HIT
931,7,3,0.24925654155859323,4.631984902096729,0.0011037084428375918,2.220446049250313e-16,-0.009740364921303611,-0.009740704010020286,-0.006493782992559496,-0.003246921017460741,-0.0064935549184222145,0.27485255024599703,0.06102088610330536,-0.9999999999999986,0.06102088610330527,-0.9389791138966933,7,7,1.0000000000000004,0.9999996482971464,0.07220314873122005,-0.0002866819122431252,0.2242921589960546,NO_HIT
932,7,0,0.18172675318139528,4.715033269538789,0.0025614840731108877,0.0,-0.015719434543844255,-0.01571824143242876,-0.010478660819758605,-0.00523958061267045,-0.010479447602680542,0.5085683338121405,0.10820367297225766,-1.000000000000003,0.108203672972258,-0.8917963270277451,7,7,1.0,0.9999192556122657,0.0811537519907562,-0.00035485638323784485,0.17429498842465221,NO_HIT
933,7,1,0.0001580731008694152,3.788888756083713,4.4163640259469035e-10,0.0,-1.454455765102124,-1.3866495612298733,-0.9216215296413692,-0.4650280315885196,-0.9487936373185525,10.617230628584934,0.3979921202346714,-1.0000000000000004,0.39799212023467156,-0.6020078797653289,7,7,0.9999999999999996,0.9474048745874846,0.0027089490747655223,-5.088839183819971e-06,0.00012859736103441841,NO_HIT
934,7,2,0.04000000000000031,4.476289320667153,0.0006781862494814797,1.1102230246251565e-16,-0.16362258950441452,-0.16368374202870734,-0.10883653234610166,-0.05484720968260581,-0.1087762314709901,2.0562221175695257,0.29416250235018093,-0.9999999999999984,0.2941625023501805,-0.705837497649818,7,7,0.9999999999999999,0.9997029770296698,0.03559561320196796,-0.00012130069334315152,0.034612613193598984,NO_HIT
935,7,3,0.16550656079388404,4.685712293057515,0.001764391441045921,0.0,-0.0219928814534942,-0.021992263948107174,-0.014661371839485819,-0.007330892108622311,-0.014661762328699987,0.4102578474957307,0.08397234837541673,-1.0000000000000004,0.08397234837541677,-0.9160276516245837,7,7,1.0,0.9998776821380473,0.08893207117854304,-0.0005873893376602268,0.1579239132068604,NO_HIT
936,7,0,0.08972925743826417,4.5917887674041875,0.0010020897406466788,2.220446049250313e-16,-0.06944851996285295,-0.06952248040809347,-0.046316010728253365,-0.023206469679841746,-0.046264951039310075,1.3811964264044723,0.23816647704756938,-0.9999999999999983,0.238166477047569,-0.7618335229524293,7,7,1.0000000000000002,0.9999035066695328,0.056117907632955204,-0.0001935940288255722,0.08249661782119892,NO_HIT
937,7,1,0.0011550124504959847,2.542495548205846,1.5664637277502779e-12,0.0,-1.446043630223039,-1.4447950460370675,-0.8584301928177456,-0.586364853219327,-0.8503288954352088,5.841913826660299,0.3145120072597095,-1.000000000000001,0.31451200725970985,-0.6854879927402913,7,7,0.9999999999999998,0.9984783598114845,0.0038180717016032847,-1.0541371646688447e-05,0.0009664751792425319,NO_HIT
938,7,2,0.04000000000000002,4.608064990718082,0.0006781862494814809,0.0,-0.18102693078857926,-0.18094077678838164,-0.12058289249413263,-0.06035788429424807,-0.12062012843257379,2.602305914841769,0.3415361481671334,-0.9999999999999984,0.34153614816713285,-0.6584638518328656,7,7,0.9999999999999999,0.9994595972517866,0.05172498064917143,-0.00030224630911845907,0.03566566705283798,NO_HIT
939,7,3,0.22668320986102397,4.805153840527897,0.0030424372586846256,0.0,-0.02907243416953038,-0.029070475764527908,-0.019379686865252765,-0.009690788899273883,-0.01938095016481399,0.47451700720018675,0.10493175690691622,-1.0000000000000018,0.1049317569069164,-0.8950682430930854,7,7,1.0,0.9998663540648439,0.08473283825068528,-0.0004286860341400356,0.2195008001245743,NO_HIT
940,7,0,0.1490253462131802,4.285966586409724,0.00022997415004571623,0.0,-0.04139141674227839,-0.04143133913401685,-0.027648954685039688,-0.013782384448979723,-0.027622072711558015,0.9555267866369508,0.17025585830345658,-0.9999999999999988,0.17025585830345638,-0.8297441416965424,7,7,1.0000000000000002,0.9999091656426655,0.038110388494599565,-6.279710863221766e-05,0.13058585692083147,NO_HIT
941,7,1,0.005622762435715023,4.231772417356693,3.388365915354848e-07,2.220446049250313e-16,-0.2577652653438933,-0.25726445808581033,-0.16932619598599852,-0.08793826209981379,-0.16863524601123722,4.289011228323549,0.35550381166193473,-1.0000000000000009,0.35550381166193507,-0.6444961883380658,7,7,1.0,0.9976659646937598,0.05373922832823447,-0.0004221141290985386,0.005402317541274293,NO_HIT
942,7,2,0.039999999999999945,4.492859739457662,0.0006781862494814784,0.0,-0.41527015582732263,-0.41827628815640105,-0.2782100576445925,-0.14006623051180764,-0.2760744836849654,2.536787816132358,0.3160627670071006,-0.9999999999999994,0.31606276700710045,-0.683937232992899,7,7,1.0000000000000002,0.9998710491927364,0.042707923862888304,-0.00040641862112344995,0.03557736321228973,NO_HIT
943,7,3,0.18229232723096583,4.6592393516677655,0.0012864990390795761,1.1102230246251565e-16,-0.007375472883941849,-0.007375404971916683,-0.004917031957053808,-0.002458373014863846,-0.004917076732956932,0.2826031431731122,0.06316125542649433,-0.9999999999999989,0.06316125542649426,-0.9368387445735047,7,7,1.0,0.9999906104505564,0.06949391732910373,-0.00023672734383417549,0.17532830224463175,NO_HIT
944,7,0,0.22838841126636444,4.671123084606523,0.0014280117069090693,0.0,-0.027925760477311788,-0.027925535040241516,-0.018622702400675428,-0.009302832639566438,-0.01862280223961098,0.5233600478636243,0.11262255392318889,-0.9999999999999994,0.11262255392318882,-0.8873774460768107,7,7,0.9999999999999997,0.9999610969548731,0.06346941410141024,-0.00017207744368707978,0.2267504933052732,NO_HIT
945,7,1,0.00010000000000000488,3.8248503919113745,6.454301688148879e-09,1.1102230246251565e-16,-1.1792731241428123,-1.1452251679330498,-0.7532922919152565,-0.39193287601769367,-0.7696102555122079,5.993091956344086,0.35538716189060937,-1.0000000000000022,0.35538716189061015,-0.6446128381093921,7,7,1.0000000000000004,0.9329933218709848,0.0025516256622486453,-3.7285458076574685e-06,8.989194054047264e-05,NO_HIT
946,7,2,0.04000000000000006,4.539979007970405,0.000513179303577161,0.0,-0.45682019868268126,-0.4574921040614048,-0.30475982692445713,-0.1527322771369482,-0.3041043361074596,2.2161376895137286,0.3159641440806297,-1.0000000000000016,0.3159641440806302,-0.6840358559193713,7,7,1.0000000000000002,0.9983264906014608,0.0332385831592472,-0.00026544285641616483,0.03656502225643099,NO_HIT
947,7,3,0.16696204758286515,4.726498350696636,0.0016986919549622948,0.0,-0.013098414594272894,-0.01309851953606263,-0.008732430725991953,-0.00436608881006853,-0.008732353778949098,0.41506596219895975,0.08823638940712299,-0.9999999999999994,0.08823638940712293,-0.9117636105928765,7,7,0.9999999999999998,0.9999874556709001,0.0775501890550121,-0.00033834838117119403,0.1598475091717757,NO_HIT
948,7,0,0.1728906493599726,4.7367685752592426,0.0018206879441439265,0.0,-0.033863616499953515,-0.033860682293552526,-0.022572274673356135,-0.01128840762019609,-0.0225741353715211,0.7150303588732397,0.14614262965462402,-1.000000000000001,0.14614262965462418,-0.8538573703453769,7,7,1.0,0.9999092002548082,0.07575984821799248,-0.0003724937090545666,0.16120189357164172,NO_HIT
949,7,1,0.0018171626990266532,4.034980838976321,1.2717998945804637e-07,0.0,-0.35042172221447593,-0.35101350738742665,-0.23182187736528095,-0.11919163002214894,-0.23099361967523815,4.632807938457417,0.3174893974844113,-1.0000000000000002,0.31748939748441135,-0.6825106025155889,7,7,1.0000000000000002,0.9954921003972667,0.03387325097559719,-0.0002122422493942011,0.0017633886289418754,NO_HIT
950,7,2,0.039999999999999564,4.18921691403649,0.0004230848217651258,0.0,-0.051509537123840626,-0.05150215973882516,-0.03432934912019571,-0.017172810618629297,-0.03433408327781732,2.5408911668787724,0.2864860315082755,-1.0,0.2864860315082755,-0.7135139684917244,7,7,0.9999999999999997,0.9998561362622744,0.07540393382285773,-0.00042938313221529967,0.03958989785915534,NO_HIT
951,7,3,0.2439752513398401,4.802982010540301,0.003959573341638737,0.0,-0.013000540962689043,-0.0129994602010669,-0.008666204976148402,-0.004333255224919619,-0.00866692082167773,0.4811612629077069,0.1057726896160789,-0.9999999999999999,0.10577268961607889,-0.894227310383921,7,7,1.0000000000000002,0.9999154031035814,0.08857341850759276,-0.0005345455171585911,0.23195589935337863,NO_HIT
952,7,0,0.1412180951723114,4.590796226325132,0.0004812325715751335,2.220446049250313e-16,-0.062449492248239896,-0.06245807030778101,-0.041635690611741646,-0.020822379696039173,-0.041629707591229324,1.2893223715063833,0.2192697562071138,-1.0000000000000004,0.21926975620711392,-0.7807302437928865,7,7,0.9999999999999999,0.9999480916353748,0.06781078402267553,-0.0003336199858114952,0.13491406192252994,NO_HIT
953,7,1,0.0032207187031618937,3.310070224376485,2.217760911046676e-09,0.0,-0.9692852081818984,-0.9581061309108904,-0.591208410289016,-0.3668977206218733,-0.5951707671845299,7.770672735486997,0.35323437228511256,-0.9999999999999991,0.35323437228511223,-0.6467656277148869,7,7,0.9999999999999998,0.9864990152389693,0.012653246959487425,-7.787454000940386e-05,0.002841100836832926,NO_HIT
954,7,2,0.03999999999999992,4.517042964820925,0.0006781862494814809,0.0,-0.37241464065605917,-0.3733105790249748,-0.24875327704136302,-0.1245573019836128,-0.24805275148941214,2.234075832704913,0.3118575377439362,-0.9999999999999994,0.31185753774393604,-0.6881424622560635,7,7,0.9999999999999999,0.9984882511179173,0.03398090268433841,-0.0002246675727350933,0.03414871112720553,NO_HIT
955,7,3,0.13098324463327113,4.751627744365951,0.0017734283377500992,2.220446049250313e-16,-0.019330319241631182,-0.019327052920988477,-0.012884662725701483,-0.006442390195286599,-0.012886818905586584,0.5164816036851653,0.11080565370065702,-1.0000000000000004,0.11080565370065708,-0.8891943462993434,7,7,1.0,0.9998093098191737,0.0826295040624097,-0.00043217469160694577,0.12460304780551372,NO_HIT
956,7,0,0.12181042983523595,4.6783378074655175,0.0012652921074940895,2.220446049250313e-16,-0.012712451718176082,-0.012712257700818916,-0.008474866688925713,-0.0042373910118935765,-0.008474986292186883,0.5726484975716561,0.11353544608643124,-1.0000000000000004,0.11353544608643129,-0.8864645539135692,7,7,0.9999999999999999,0.9999827272037073,0.07509347270451708,-0.00029678368971630675,0.11565401883858288,NO_HIT
957,7,1,0.0009317172928775541,3.67338088819748,7.807455393448575e-08,2.220446049250313e-16,-0.9606130430582135,-0.9539539557439507,-0.6347383160259416,-0.31921563971800926,-0.6318353424125583,7.109982300064255,0.3892547166598523,-0.9999999999999997,0.3892547166598522,-0.6107452833401474,7,7,1.0,0.988830711441845,0.008912312308849783,-3.798856817116558e-05,0.000929092318793276,NO_HIT
958,7,2,0.04000000000000016,4.43107970357423,0.0006781862494814815,2.220446049250313e-16,-0.4382932999697993,-0.4369811883809305,-0.291273171923371,-0.1457080164575601,-0.29192912479152766,2.1053665470811227,0.300818533426814,-0.9999999999999987,0.30081853342681364,-0.699181466573185,7,7,0.9999999999999996,0.9873054177121245,0.05991799964026462,-0.0008556849928735843,0.03706134680852957,NO_HIT
959,7,3,0.18748295503727674,4.656148121380954,0.0010707878080889947,0.0,-0.013249289083129282,-0.013249663723989967,-0.008833545734700052,-0.004416117989289869,-0.00883328930675432,0.2544921283836323,0.05673215925599562,-0.9999999999999998,0.056732159255995604,-0.9432678407440042,7,7,1.0,0.9999969853163085,0.06580296893725561,-0.00020262111350977108,0.1736142314760043,NO_HIT
960,7,0,0.12412221590935707,4.462472626653627,0.0006854090805576055,0.0,-0.09326112252796988,-0.09342242516226078,-0.06226369443195044,-0.031158730730309614,-0.062154332263128734,1.3628048300042512,0.22904700373059494,-0.9999999999999994,0.2290470037305948,-0.7709529962694046,7,7,1.0000000000000002,0.9999158890946632,0.052322464953883,-0.00021328561626887677,0.112595934628113,NO_HIT
961,7,1,0.0416991694476024,4.336947184001831,8.998835048003836e-05,1.1102230246251565e-16,-0.4377496578674057,-0.43314186367117447,-0.28841675668562733,-0.14472510698554908,-0.2913401863448617,3.0595790028870526,0.3585324980410546,-0.999999999999999,0.35853249804105425,-0.6414675019589448,7,7,0.9999999999999998,0.9841584841166753,0.041846087076466275,-0.00040153811442333875,0.037702919280462655,NO_HIT
962,7,2,0.039999999999999813,4.349766867484192,0.0003148211237627742,2.220446049250313e-16,-0.1834953638903194,-0.1856965131005252,-0.12449453087223075,-0.061201982228294566,-0.12298789374085259,2.3085158438745115,0.292009887174528,-0.9999999999999984,0.2920098871745276,-0.7079901128254709,7,7,1.0,0.9997178676251764,0.02674735917837791,-7.168039395821779e-05,0.03627029534743165,NO_HIT
963,7,3,0.17655847125477275,4.631918877744491,0.0010465880151821648,0.0,-0.004282814295385909,-0.0042827717632175554,-0.002855169619584832,-0.0014276021436342434,-0.002855197758627122,0.27691852443814163,0.058683365212483615,-1.0000000000000007,0.05868336521248366,-0.941316634787517,7,7,1.0,0.9999895463612494,0.08613881594753614,-0.0004753143465014986,0.17417566510644655,NO_HIT
964,7,0,0.10560548957319368,4.57390192623502,0.0006958851152577826,2.220446049250313e-16,-0.031112161375431126,-0.031115247611923774,-0.020742514810688888,-0.010372732801234644,-0.020740338081903894,0.8560211941083276,0.15985096240110286,-0.9999999999999991,0.15985096240110272,-0.8401490375988964,7,7,0.9999999999999999,0.9998142519088069,0.07686934657646635,-0.0003638115185244928,0.1007856704696629,NO_HIT
965,7,1,9.99999999995449e-05,3.4307774011266616,1.468218770021738e-14,2.220446049250313e-16,-0.6467771729478704,-0.6435314163618647,-0.4144051699148458,-0.22912624644702778,-0.4111039678841,8.773210775885413,0.31451932424403584,-0.9999999999999922,0.3145193242440334,-0.6854806757559588,7,7,1.0000000000000002,0.993714083635476,0.004678183771893682,-7.0460459324905855e-06,8.420487616667138e-05,NO_HIT
966,7,2,0.040000000000000056,4.607458982559423,0.0006781862494814821,2.220446049250313e-16,-0.3516454806976573,-0.35104508853853295,-0.23372012180564103,-0.11732496673289317,-0.23397987522232236,2.425667366922496,0.3327907639477452,-0.9999999999999997,0.3327907639477451,-0.6672092360522546,7,7,1.0000000000000004,0.9963082066025614,0.037158884820540146,-0.00025997258685794833,0.03567585421159902,NO_HIT
967,7,3,0.24775674634862344,4.711956160265665,0.0015890505399474713,3.3306690738754696e-16,-0.00837715900113882,-0.008377113416075001,-0.005584788790117132,-0.0027923246259579093,-0.005584817627843123,0.34826346908744604,0.07754197002497629,-0.9999999999999983,0.07754197002497616,-0.9224580299750221,7,7,0.9999999999999997,0.9999919797938034,0.07681370661992526,-0.00032010244135527444,0.2352078878467605,NO_HIT
968,7,0,0.30656708769283497,4.764592896212667,0.0026200794818559024,0.0,-0.005261187651738658,-0.0052613307656727915,-0.0035075886292661503,-0.0017537421364068329,-0.0035074930809433904,0.22129741011846935,0.0515686698082417,-1.0000000000000016,0.051568669808241784,-0.9484313301917597,7,7,1.0000000000000002,0.9999949250045097,0.07346182577288339,-0.0002739345599724885,0.26217363904982316,NO_HIT
969,7,1,0.12571894880704665,4.7202425032218525,0.0024953851776847737,1.1102230246251565e-16,-0.05176432766907441,-0.05172996106384082,-0.03449685576218363,-0.01723310530165592,-0.034519020028653834,1.2453821185475722,0.21594313127611617,-1.0000000000000007,0.2159431312761163,-0.7840568687238844,7,7,1.0000000000000002,0.9993274507198792,0.07762363064303346,-0.00044593522837121924,0.12392767507872145,NO_HIT
970,7,2,0.040000000000000036,4.373789758950531,0.0003939853467970953,2.220446049250313e-16,-0.14510127781475293,-0.14511363871616684,-0.09677116561056363,-0.0483424731056024,-0.09675828002605048,2.1259035937640176,0.28529806549755976,-1.0000000000000004,0.28529806549755987,-0.7147019345024406,7,7,0.9999999999999999,0.9998268864469251,0.04362552172794452,-0.0001713851673859068,0.037277371283928495,NO_HIT
971,7,3,0.25018755865764447,4.753749585350837,0.0019222837621956505,0.0,-0.02641419396096158,-0.02641388385216667,-0.017609533095065678,-0.008804350757101176,-0.01760971165901362,0.446208983933429,0.09905548232728947,-0.9999999999999997,0.09905548232728945,-0.9009445176727102,7,7,0.9999999999999997,0.9999817782009012,0.07794318301598148,-0.0003879333030116783,0.23211425975103403,NO_HIT
972,7,0,0.1449419570941083,4.594613147725282,0.0011633716030099227,2.220446049250313e-16,-0.0706368708341748,-0.07059868674448093,-0.047076167503253344,-0.023522519241227502,-0.047101295745990895,1.1202114661231075,0.20530975397956316,-1.0,0.20530975397956316,-0.7946902460204368,7,7,0.9999999999999998,0.9993215063922224,0.06595044945073009,-0.0002998969698833065,0.1350537552185143,NO_HIT
973,7,1,0.007766703478452932,3.5680203398916186,9.298913506536041e-07,0.0,-0.2359289168529056,-0.23619884565794821,-0.16174033144391486,-0.07445851421403238,-0.16125180354055568,6.052689036404528,0.3754066517807992,-0.9999999999999992,0.3754066517807989,-0.6245933482192003,7,7,0.9999999999999996,0.9998331731875589,0.008841830586665099,-9.973646713845596e-06,0.0074019340517664355,NO_HIT
974,7,2,0.039999999999999536,4.238922077791628,0.0003084258495193549,0.0,-0.18457583043153358,-0.1852672471839461,-0.12314818913900244,-0.062119058044943665,-0.12267195219066662,2.4499742067962695,0.2820947413217464,-0.9999999999999999,0.28209474132174633,-0.7179052586782535,7,7,1.0000000000000002,0.999601968990322,0.030595757464001495,-0.00010364308707799808,0.03800506771763057,NO_HIT
975,7,3,0.24998299355407438,4.6747438137108865,0.001597057549656448,2.220446049250313e-16,-0.020150874084470687,-0.020150993898403656,-0.013434370340064615,-0.006716623558338353,-0.013434276963586338,0.2865897676851571,0.06230089674419134,-1.0000000000000009,0.0623008967441914,-0.9376991032558095,7,7,0.9999999999999999,0.9999930748291121,0.07598791063467238,-0.0003392052216497632,0.24632969518679348,NO_HIT
976,7,0,0.11703002889198552,4.404369369064073,0.0002735127275148442,0.0,-0.023465454054177458,-0.023463881644058215,-0.015644863848555776,-0.007819017795501093,-0.015645879648600203,1.2611649847657154,0.21573321435713244,-1.000000000000002,0.21573321435713289,-0.7842667856428691,7,7,1.0000000000000002,0.9999329520940862,0.05637944510293973,-0.00014947012469956888,0.11489020817017867,NO_HIT
977,7,1,0.0051435113508291365,4.317417804765563,4.457782593409084e-05,0.0,-0.3233916011983024,-0.32348995700112365,-0.21537708268469843,-0.1081128743164253,-0.2152025652393563,3.0077551244052763,0.3174690401074788,-0.9999999999999993,0.31746904010747856,-0.6825309598925208,7,7,1.0000000000000004,0.9995941491170334,0.022816912303594963,-8.659561700063989e-05,0.004479721169708469,NO_HIT
978,7,2,0.03999999999999988,4.553813225031801,0.0005716616770877299,2.220446049250313e-16,-0.09605822282924766,-0.09605980430286219,-0.0640385953110282,-0.032021208991833416,-0.06403695956034457,2.9051536162797547,0.35060747929236413,-0.9999999999999984,0.3506074792923636,-0.6493925207076349,7,7,0.9999999999999998,0.9999979754552943,0.05975609746089014,-0.00027512349144398485,0.03704376130502254,NO_HIT
979,7,3,0.27338848592265597,4.70890932249881,0.0013681380313110708,0.0,-0.022436471880847648,-0.02243711294732694,-0.014958053273470984,-0.007479059673853372,-0.014957605006953536,0.3114087360267115,0.06993072749114516,-0.9999999999999992,0.06993072749114511,-0.9300692725088541,7,7,0.9999999999999994,0.9999834897129677,0.07944499365887575,-0.0003934357134394162,0.24342619961388035,NO_HIT
980,7,0,0.14130965741532334,4.672474580937301,0.0008509200590470444,0.0,-0.05336475228884314,-0.05334895020126269,-0.0355702027984449,-0.01777874740281593,-0.03558049602563481,0.864999335540932,0.17146157768789158,-0.9999999999999986,0.17146157768789133,-0.8285384223121073,7,7,1.0000000000000002,0.9996939246877706,0.052209381968739116,-0.00014549307655720156,0.12327295423984533,NO_HIT
981,7,1,0.0034710220043976787,4.255037839133159,3.611378117471446e-06,2.220446049250313e-16,-1.4371057579764484,-1.3851054364323245,-0.9339638585300597,-0.45114157790226495,-0.9355506385829925,6.040349474634756,0.40451550188999685,-1.0000000000000013,0.4045155018899974,-0.5954844981100039,7,7,0.9999999999999994,0.9517987775784938,0.011869165859425492,-9.791834170336244e-05,0.003093902481093148,NO_HIT
982,7,2,0.03999999999999937,4.436835570213473,0.000574134792250643,0.0,-0.387646958193744,-0.38759162218600385,-0.2582776298622488,-0.1293139923237569,-0.2580441509989946,2.3951497556582715,0.31489314095608584,-0.9999999999999996,0.31489314095608567,-0.6851068590439139,7,7,0.9999999999999998,0.9960720041868035,0.029435090396397325,-0.00017992464634453142,0.037219257865743205,NO_HIT
983,7,3,0.17601789777623586,4.698265151417212,0.0015808904609507122,0.0,-0.004062678995068816,-0.0040626464493548654,-0.002708409722837457,-0.0013542367265184374,-0.002708431255849944,0.360741694697107,0.08043095992830106,-1.0000000000000004,0.0804309599283011,-0.9195690400716994,7,7,1.0,0.9999919517229691,0.08784056982609112,-0.0005363429063400815,0.17348162724262775,NO_HIT
984,7,0,0.09313840262268863,4.761257865350903,0.001678143617032932,0.0,-0.11463020439268493,-0.114642936349549,-0.07642200136122859,-0.03822093498832138,-0.07641021394229203,1.7225577451144132,0.2824288640021993,-0.9999999999999993,0.28242886400219913,-0.7175711359978002,7,7,0.9999999999999998,0.9998878121230763,0.07091647808657434,-0.0004955057041033939,0.08479578387484293,NO_HIT
985,7,1,0.0006650348222601017,3.80978811300715,5.673186283898531e-07,0.0,-1.9706192020809352,-2.0233075623944985,-1.2399395326887996,-0.7833680297056929,-1.1632748624000313,10.073527574766493,0.36599942130854746,-1.0000000000000016,0.365999421308548,-0.6340005786914535,7,7,1.0000000000000002,0.9968512895837773,0.0030764932097329125,-9.583919676536823e-06,0.0005734412932862239,NO_HIT
986,7,2,0.040000000000000036,4.551430850301184,0.0006781862494814791,1.1102230246251565e-16,-0.15813631892571217,-0.15906200560381664,-0.10579801277364279,-0.053263992830173024,-0.10515042101399254,3.0909231520075697,0.3278505331659893,-1.000000000000001,0.32785053316598967,-0.6721494668340114,7,7,1.0,0.9995865945529355,0.054198093152391005,-0.00030793492405223333,0.038179816427597935,NO_HIT
987,7,3,0.18846930899531267,4.758274833458174,0.0018847701115510302,0.0,-0.005004378630320792,-0.005004356571833043,-0.003336232591390847,-0.001668123980441999,-0.0033362470529325877,0.4588224875278659,0.0996021645519651,-1.000000000000001,0.09960216455196522,-0.9003978354480359,7,7,1.0,0.9999944970799083,0.08115844981594703,-0.0003712349554545469,0.1791537014435728,NO_HIT
988,7,0,0.1295409641937718,4.727805220785486,0.0015317209592232495,0.0,-0.10807880791169512,-0.10791613730078833,-0.07203426714210186,-0.035881870158683604,-0.07213780522679644,1.0329789105171625,0.19843218688120923,-0.9999999999999988,0.19843218688120898,-0.8015678131187898,7,7,0.9999999999999998,0.9983028936088794,0.052109475317687504,-0.00021051507217606513,0.12622101526735352,NO_HIT
989,7,1,0.000487207479976129,4.294983997274665,1.4162573209140994e-06,2.220446049250313e-16,-0.6122958246852543,-0.6032735388794611,-0.39781831627320086,-0.2054552226062587,-0.4004148192019023,5.8244987582325285,0.3833509180867604,-1.0000000000000018,0.3833509180867611,-0.6166490819132406,7,7,1.0000000000000002,0.9745550748644525,0.0028338829727575566,-2.423170761822746e-06,0.0004763330456576995,NO_HIT
990,7,2,0.039999999999999813,4.527108842626011,0.0005416986097307411,0.0,-0.2300918434900118,-0.2300930716315528,-0.15351564408667281,-0.07657742754488217,-0.15343021671216575,2.2881975736440134,0.30914528199887037,-0.9999999999999993,0.30914528199887015,-0.6908547180011292,7,7,0.9999999999999999,0.9997924025088183,0.06259855186414284,-0.0005774038891841471,0.0383173726925643,NO_HIT
991,7,3,0.1358313514752391,4.764503930613463,0.0018697830175361699,4.440892098500626e-16,-0.010353645281128738,-0.01035330802999068,-0.0069021564277752245,-0.0034511516022145278,-0.006902380299756546,0.5260370074356511,0.11181142996994159,-0.9999999999999996,0.11181142996994153,-0.888188570030058,7,7,1.0,0.999967054888477,0.08515551468441054,-0.00048205239319187854,0.1351504839849693,NO_HIT
992,7,0,0.09924396206790231,4.495552763560475,0.0005708825637344217,0.0,-0.04274714541116263,-0.042733108372148644,-0.02848700552565827,-0.01424610284649111,-0.028496100801379487,1.2667028876690012,0.2089052943275216,-0.9999999999999981,0.20890529432752122,-0.7910947056724769,7,7,1.0000000000000004,0.9996694325906031,0.07343742302993111,-0.00035142043786073884,0.09309104136181046,NO_HIT
993,7,1,0.017156532007570946,3.755811942089008,2.2387184508344965e-06,1.1102230246251565e-16,-0.035419200180869435,-0.03539466314775481,-0.023630954414952183,-0.011763708732803302,-0.02364683626308534,0.9181740254371326,0.1146911267587135,-0.9999999999999991,0.1146911267587134,-0.8853088732412857,7,7,1.0,0.9992841256158409,0.018098992039889125,-8.07524541901472e-06,0.016314396806286546,NO_HIT
994,7,2,0.0399999999999997,4.521765762619131,0.0002354556697320238,0.0,-0.3756559813850042,-0.3736141411735965,-0.248509187057184,-0.12510495411641215,-0.2497247938369034,2.269260952146995,0.3174295410717816,-0.9999999999999983,0.31742954107178106,-0.6825704589282173,7,7,1.0,0.9928976666865338,0.038393714132450546,-0.0002935368560210705,0.03477158415451431,NO_HIT
995,7,3,0.21980776161992574,4.80368815936133,0.003869354984895452,0.0,-0.005360847058731732,-0.005360830055385859,-0.0035738827914802568,-0.0017869472639058248,-0.0035738939344719467,0.5148266798342969,0.11163612286235254,-1.0000000000000016,0.11163612286235272,-0.8883638771376489,7,7,0.9999999999999997,0.9999967596942739,0.08398390997043546,-0.0004284478075557985,0.2095872492002361,NO_HIT
996,7,0,0.10274608958071067,4.140129797392221,7.398677495274097e-05,2.220446049250313e-16,-0.007603598815562437,-0.007603518545718065,-0.005069742392394741,-0.002533776153321954,-0.005069794535316902,0.5499587029680659,0.10398552939752813,-1.0000000000000013,0.10398552939752827,-0.8960144706024731,7,7,1.0000000000000002,0.9999889712497655,0.04263433377047565,-5.184461408536123e-05,0.09482671607866963,NO_HIT
997,7,1,0.009500079955587104,4.286531106364224,1.9004547281214677e-05,0.0,-0.8697942903172803,-0.8557540074015902,-0.5908908678158834,-0.26486313958570484,-0.5981618986369762,4.931198087697471,0.4077193470093461,-0.9999999999999982,0.40771934700934537,-0.5922806529906528,7,7,0.9999999999999999,0.9797534269967387,0.017548540460057584,-0.0001328119689532059,0.008491221207534871,NO_HIT
998,7,2,0.039999999999999813,4.429066249108486,0.0005575876219820074,1.1102230246251565e-16,-0.419736840261968,-0.6590742908941258,-0.4379847483197702,-0.2210895425743557,-0.27873765567659586,2.4222948852191903,0.30959622088925376,-1.0,0.30959622088925376,-0.6904037791107462,7,7,1.0000000000000002,0.9940395899954574,0.05191037060903747,-0.0009624568550199442,0.03645308242484254,NO_HIT
999,7,3,0.20518038134622096,4.549047087014604,0.0006275493100926564,0.0,-0.000745158620789272,-0.0007451577596555821,-0.0004967755759706807,-0.0002483821836845035,-0.0004967761474424646,0.13321648346320059,0.029488523102959303,-0.999999999999999,0.029488523102959276,-0.9705114768970398,7,7,0.9999999999999998,0.9999988401439734,0.06542061904255929,-0.00018098633502550143,0.1902812686976959,NO_HIT
1000,8,0,0.10399376352975809,5.155018544037537,0.00036589333909501157,0.0,-0.05582192394532989,-0.055813452750757574,-0.03721116181235321,-0.01860229093840457,-0.03721669834457885,1.4006777376824657,0.23263621557523484,-1.0000000000000013,0.23263621557523514,-0.7673637844247662,8,8,0.9999999999999996,0.9998411392016133,0.06679017181240503,-0.0002952719277331539,0.10397874940786922,NO_HIT
1001,8,1,0.018812408191873242,4.215897927873677,2.0818591856407863e-07,0.0,-0.48873739188941373,-0.48764826821436175,-0.3399770200443454,-0.1476712481700181,-0.3401407641707578,5.5191277816039825,0.41053672912171574,-0.9999999999999982,0.410536729121715,-0.5894632708782832,8,8,1.0,0.9976794744206675,0.010955060172870547,-3.0139420793773297e-05,0.017507045646774855,NO_HIT
1002,8,2,0.039999999999999925,5.264808549102505,0.00021173405365615476,2.220446049250313e-16,-0.23803609447275342,-0.23964402640588686,-0.1591199789326772,-0.08052404747320985,-0.15798801555802117,2.548551054468218,0.3381137871075908,-1.0000000000000018,0.33811378710759143,-0.6618862128924103,8,8,0.9999999999999998,0.9980197842493415,0.04945175731800503,-0.0003480133174962319,0.035835862593854295,NO_HIT
1003,8,3,0.10260398610482357,5.414106792352554,0.0006155166452721172,0.0,-0.00452179622749703,-0.004521721694045543,-0.0030144749454536087,-0.0015072467485922197,-0.0030145240593797144,0.5260447094063377,0.10641359421839225,-0.9999999999999992,0.10641359421839217,-0.8935864057816071,8,8,0.9999999999999999,0.9999833774083765,0.08666295394666153,-0.0004705020463795506,0.09878737522580949,NO_HIT
1004,8,0,0.1263637578437602,5.104957715479746,0.0003340742357053095,0.0,-0.2020931317767201,-0.20197911633080307,-0.13464370380858373,-0.06733541252222025,-0.1346996180289225,1.532877961717312,0.24726383424307619,-0.9999999999999998,0.24726383424307613,-0.7527361657569236,8,8,1.0,0.9979638120582314,0.06443288511004186,-0.0005530827086657197,0.12050440664369644,NO_HIT
1005,8,1,0.00010000000000008152,3.9826436689001747,2.2017635459951368e-09,2.220446049250313e-16,-0.6420753102844211,-0.6381841962439342,-0.42152699106846986,-0.21665720517546722,-0.42288117672967046,12.061498833936788,0.3918343637660408,-1.0000000000000002,0.3918343637660409,-0.6081656362339594,8,8,1.0000000000000002,0.9919822265041278,0.0014684374181081665,-6.882635426030959e-07,8.221507790591643e-05,NO_HIT
1006,8,2,0.04000000000000006,5.252591317977964,0.00026366471300140053,2.220446049250313e-16,-0.207148642878356,-0.20334346412996618,-0.13562288213180285,-0.06772058199816192,-0.13811323161575945,2.470174729871615,0.33005202638204484,-1.0000000000000004,0.330052026382045,-0.6699479736179554,8,8,0.9999999999999997,0.9807560894140792,0.040522685550073226,-0.00018968178069211916,0.036619191068721246,NO_HIT
1007,8,3,0.2824806557176489,5.4529523945902,0.0011769122325389887,0.0,-0.008870114180385818,-0.008869884592699532,-0.005913357728318723,-0.002956526864377862,-0.005913509098471149,0.3611832806576267,0.0820690392257245,-1.000000000000001,0.0820690392257246,-0.9179309607742765,8,8,0.9999999999999998,0.9999723924868008,0.073407674463606,-0.0002801838383597044,0.24643805551578157,NO_HIT
1008,8,0,0.23577584628811374,5.271599462215312,0.00034702467141425354,2.220446049250313e-16,-0.0027127995164018324,-0.0027128093181550362,-0.0018085688616920794,-0.0009042404564623685,-0.0018085622631022601,0.18872691780732181,0.04200548152982803,-1.0000000000000002,0.04200548152982804,-0.9579945184701721,8,8,0.9999999999999999,0.9999989407013606,0.06644098827700858,-0.00019534915674146447,0.2173280869604261,NO_HIT
1009,8,1,0.00010000000000003338,4.454045080941844,1.3203335062852619e-08,0.0,-0.3069813531290232,-0.3066460293060891,-0.20051172874844947,-0.10613430055763917,-0.20045780410862182,4.892341038047256,0.3850526940323422,-1.0000000000000007,0.3850526940323425,-0.6149473059676582,8,8,0.9999999999999997,0.9981198259005116,0.001125742780304398,-1.9433393738665927e-07,8.076188477681968e-05,NO_HIT
1010,8,2,0.04000000000000003,5.080626886430803,9.87662297440373e-05,0.0,-0.0650206673359657,-0.06499420702294981,-0.04331882226601799,-0.021675384756931537,-0.04333606699659341,2.4312243055205633,0.31297220015920774,-1.000000000000002,0.31297220015920835,-0.6870277998407937,8,8,1.0000000000000002,0.999585214081822,0.08679213490525968,-0.0005866421618883066,0.03951242255458398,NO_HIT
1011,8,3,0.19937959038838216,5.418023896039504,0.0009016523163427742,1.1102230246251565e-16,-0.0027307915713294393,-0.0027391773016769714,-0.0018261290712762491,-0.0009130482304003928,-0.0018205384876844894,0.37344443485269474,0.08243172003952155,-0.999999999999997,0.0824317200395213,-0.9175682799604757,8,8,1.0000000000000002,0.9999989510334402,0.07653112256643119,-0.00029172377149322415,0.1974612168457195,NO_HIT
1012,8,0,0.08989994478412011,4.426462672931939,5.71560689926698e-06,0.0,-0.012800726618869747,-0.012800534414447529,-0.008534984746880435,-0.004265549667566981,-0.00853511070169466,0.40018750156126437,0.07251822009274723,-0.9999999999999984,0.07251822009274712,-0.9274817799072513,8,8,1.0,0.9999802450765829,0.033837384046569816,-3.168989619428686e-05,0.08079853843962403,NO_HIT
1013,8,1,0.029831982625744824,4.861297660317161,9.69618355508456e-05,0.0,-0.38362622783738887,-0.382599496121702,-0.255752911141799,-0.12684658497990164,-0.2561523563007928,3.089587083399109,0.34489788963002066,-1.0000000000000004,0.3448978896300208,-0.6551021103699797,8,8,0.9999999999999997,0.9943193029281931,0.03308631683437341,-0.00022633404526484213,0.029826679710444948,NO_HIT
1014,8,2,0.04,5.185905616264417,0.00018260086631430932,0.0,-0.18955556003447355,-0.18874257512716727,-0.12577467498388695,-0.06296790014328013,-0.1262745805986841,2.1217831185041196,0.3067164524165412,-0.9999999999999996,0.3067164524165411,-0.6932835475834584,8,8,0.9999999999999999,0.9953132723915292,0.04627977817839375,-0.00024394761718582458,0.036578349790279074,NO_HIT
1015,8,3,0.24608808950811034,5.45171906052766,0.001304803588380898,4.440892098500626e-16,-0.0019196783956323907,-0.0019196783882140073,-0.0012797883362354642,-0.0006398900519763995,-0.001279788326442661,0.3956412549345921,0.08869678900705324,-0.9999999999999996,0.0886967890070532,-0.9113032109929463,8,8,1.0000000000000002,0.9999998880103361,0.0825405679400053,-0.0003921389030168143,0.23546725012445135,NO_HIT
1016,8,0,0.16749516162116068,5.316950289611684,0.0003657554688733376,1.1102230246251565e-16,-0.005352837237037704,-0.005352782151719972,-0.0035685769593926738,-0.0017842051923279145,-0.003568613576023721,0.4786121448277022,0.10351953884638034,-1.0000000000000018,0.10351953884638052,-0.8964804611536212,8,8,0.9999999999999996,0.9999896938857248,0.06999157779115461,-0.00023584716262625705,0.15872291244892825,NO_HIT
1017,8,1,0.0006322264496444463,4.7383034550856,1.959294582480158e-09,2.220446049250313e-16,-1.5619884311835466,-1.535837055056895,-0.9735164805661447,-0.562320574490744,-0.9847624349999945,8.211828404340963,0.4375057224388653,-0.9999999999999998,0.4375057224388652,-0.5624942775611346,8,8,1.0,0.973389840205089,0.0036713832798680097,-1.0353568868026741e-05,0.0005463186351722937,NO_HIT
1018,8,2,0.040000000000000036,5.1942683890196975,0.00023575538288695305,1.1102230246251565e-16,-0.13497716858274428,-0.13490484425784013,-0.08994824349650743,-0.04495660076133413,-0.0899931814866457,2.2627463083892088,0.31900346036132576,-1.000000000000001,0.3190034603613261,-0.680996539638675,8,8,0.9999999999999999,0.9994081227492594,0.05498175423679398,-0.00028656944143357066,0.03981494365664151,NO_HIT
1019,8,3,0.18014632609940145,5.487125037451811,0.0017977833803915102,2.220446049250313e-16,-0.0050841055647761505,-0.005084105570917776,-0.003389404122183926,-0.001694701448733113,-0.0033894038543955288,0.4991822687989587,0.10880785178908692,-0.9999999999999996,0.10880785178908688,-0.8911921482109126,8,8,1.0000000000000002,0.9999993540159229,0.09245344532552437,-0.000608638272897366,0.17789776956634415,NO_HIT
1020,8,0,0.09400421634744727,5.00666409063303,0.0002671298836538297,0.0,-0.03552709461051105,-0.03552549976062907,-0.023685072661764645,-0.011840427098862814,-0.02368600649984128,0.9874881298437727,0.17553541144018772,-0.999999999999999,0.17553541144018756,-0.8244645885598114,8,8,0.9999999999999997,0.9999511015633468,0.03940362577478157,-6.949150682622474e-05,0.08490069235616204,NO_HIT
1021,8,1,0.00010799442314115192,4.963310024940968,1.7918846389725937e-09,0.0,-0.46561747207472165,-0.46480129574906276,-0.3095892600451981,-0.155212035703865,-0.3099589134587102,5.091065123902937,0.38387012386165187,-1.0000000000000018,0.38387012386165253,-0.6161298761383492,8,8,0.9999999999999997,0.9973791593416603,0.009635817673493296,-2.164656589087599e-05,9.12791093690969e-05,NO_HIT
1022,8,2,0.03999999999999937,5.013095030016497,0.00010162926743933022,0.0,-0.25404054743345444,-0.2542834747038057,-0.16976619785073782,-0.08451727685306815,-0.1695611159918981,2.072938006812504,0.2937991904031941,-1.0000000000000004,0.2937991904031942,-0.7062008095968062,8,8,1.0,0.9960904611440204,0.04395485436281231,-0.00027796290697246206,0.038918661887069605,NO_HIT
1023,8,3,0.2651561244930739,5.377444243269585,0.0006286890385348072,1.1102230246251565e-16,-0.006630934171787547,-0.0066313021812364845,-0.004421024312166633,-0.002210277869069535,-0.004420778496243545,0.24054768395390988,0.05491361185785381,-1.0000000000000024,0.05491361185785394,-0.9450863881421485,8,8,0.9999999999999999,0.9999955485921984,0.0693831302608823,-0.00020453609589132782,0.24144661319566074,NO_HIT
1024,8,0,0.11272440247226778,5.103581688989575,0.0001394297593775826,3.3306690738754696e-16,-0.018064183680014084,-0.01806385661336338,-0.012043745456724552,-0.0060201111566380305,-0.012043949806292153,0.5946574622419725,0.11426517251451043,-1.000000000000002,0.11426517251451065,-0.8857348274854914,8,8,0.9999999999999999,0.999966881274873,0.0573862181099146,-0.00012870190836622442,0.1031419040610444,NO_HIT
1025,8,1,9.999999999998899e-05,3.8053227522555098,9.945514053255466e-10,0.0,-2.0477684671851053,-2.0478188113708584,-1.1875772528420603,-0.860241558528801,-1.1778889276061337,13.171896539231918,0.38055688227347106,-1.0000000000000004,0.38055688227347123,-0.6194431177265292,8,8,1.0000000000000004,0.9992175293784739,0.0010630264057063222,-1.1571893190343019e-06,8.095118698714376e-05,NO_HIT
1026,8,2,0.03999999999999965,5.189928404960149,0.00021345458733569095,0.0,-0.16822502603448733,-0.1676622745249571,-0.11195626005368177,-0.055706014471274545,-0.11231410779884447,2.669062175964437,0.3333541550330826,-1.0000000000000018,0.3333541550330832,-0.6666458449669186,8,8,0.9999999999999996,0.9956651906187888,0.03536150708061004,-0.00012217300825323463,0.038772930121981325,NO_HIT
1027,8,3,0.28173526353156086,5.354466247957542,0.0004773941364281487,0.0,-0.003477951112635141,-0.003477943769590368,-0.0023186503054852944,-0.0011592934641056485,-0.0023186550561523165,0.2481733361455778,0.056921651783289305,-0.9999999999999982,0.0569216517832892,-0.943078348216709,8,8,1.0000000000000004,0.9999964109686819,0.07361957205428853,-0.00027323911497223463,0.25047844322779644,NO_HIT
1028,8,0,0.20260751350917305,5.226388149969299,0.0004003169424986082,0.0,-0.03230790002155423,-0.03232223587390165,-0.021558298205782464,-0.01076393766811952,-0.021548609220874735,0.8354268620930594,0.16213011322174062,-0.9999999999999994,0.16213011322174053,-0.8378698867782589,8,8,1.0,0.9999239720672469,0.05381458968987546,-0.0001346772073240743,0.18868123749258955,NO_HIT
1029,8,1,0.001698256057248551,4.59837014363455,2.8984281114909684e-07,2.220446049250313e-16,-0.5369186626977346,-0.5344066194705392,-0.35638639072104406,-0.17802022874949439,-0.35754022891285053,4.697665501010795,0.3767795831882458,-0.9999999999999998,0.37677958318824567,-0.6232204168117541,8,8,0.9999999999999999,0.9929194833341327,0.004199953526522054,-4.715929287968379e-06,0.0013794408898165514,NO_HIT
1030,8,2,0.039999999999999813,5.246328966127454,0.0002829284864982659,0.0,-0.29076548956471465,-0.3239403069912977,-0.21547803477650618,-0.1084622722147931,-0.1933316906837374,2.2928242255486735,0.3230852662900346,-1.0,0.3230852662900346,-0.6769147337099655,8,8,0.9999999999999997,0.9538118406222207,0.05312733063182815,-0.0004958402251986627,0.036539678823315776,NO_HIT
1031,8,3,0.21345954625609592,5.386376002496361,0.0007147033669416297,2.220446049250313e-16,-0.00947356089003823,-0.009477989679574129,-0.006318591095547546,-0.003159398584026807,-0.006315638060075283,0.3063189026095703,0.06734663354481878,-1.0000000000000027,0.06734663354481896,-0.9326533664551837,8,8,0.9999999999999998,0.9998803777751476,0.07388092115805957,-0.00016599495594427083,0.20214307405099105,NO_HIT
1032,8,0,0.09300148324935699,5.259832569540883,0.0006461166429164438,0.0,-0.06706084640067439,-0.06706160403928217,-0.044708772552358625,-0.022352831486925184,-0.044707574958723156,1.298582392624678,0.2163974750599494,-0.9999999999999991,0.21639747505994922,-0.7836025249400499,8,8,1.0,0.9999885573454007,0.05828185806251556,-0.0002163432467359172,0.0918852926235553,NO_HIT
1033,8,1,0.003450013453561329,4.695705919446277,4.552812981750316e-07,1.1102230246251565e-16,-0.6182715416954636,-0.6139580620337178,-0.41954829055372034,-0.19440977147999605,-0.4210775327346491,5.458388419411163,0.42903451128496906,-0.9999999999999989,0.42903451128496856,-0.5709654887150304,8,8,1.0,0.9923064425961728,0.004532893806459095,-6.31671311879245e-06,0.0028937095010419522,NO_HIT
1034,8,2,0.040000000000000195,5.25259028274454,0.0002491588296679963,0.0,-0.07786220690299922,-0.07785585775896552,-0.05190893778087932,-0.025946919978085917,-0.05191206838319453,3.0047461795174004,0.34979927423424384,-1.0000000000000007,0.34979927423424406,-0.6502007257657566,8,8,1.0000000000000002,0.9999127157394836,0.05848533016154525,-0.0002387060463746593,0.039652679771271786,NO_HIT
1035,8,3,0.1874305731496458,5.355961025188497,0.0006662126188061242,0.0,-0.004227121765595489,-0.004227123007043271,-0.0028180836289977878,-0.0014090393780463728,-0.002818082764430017,0.29333015289311576,0.0620946369512137,-1.0000000000000013,0.06209463695121378,-0.9379053630487876,8,8,0.9999999999999994,0.9999982371795373,0.08415400446312644,-0.0004231610087099824,0.1828424326783911,NO_HIT
1036,8,0,0.2659877399347965,5.110096218799494,0.00019021533154268947,2.220446049250313e-16,-0.0035381726164440937,-0.003538155676904361,-0.0023586900787725814,-0.0011794655981313962,-0.002358701225968907,0.33143938687774865,0.07056790337300425,-1.0000000000000013,0.07056790337300435,-0.929432096626997,8,8,1.0000000000000002,0.9999946560661745,0.07790237133577071,-0.0004001802584596703,0.2330767291199043,NO_HIT
1037,8,1,0.01625667085662888,4.820347121681171,1.6517573986935684e-05,0.0,-0.5849158123893984,-0.5738487229073299,-0.38180230667637277,-0.1920464162309541,-0.3881692870148176,3.513950819440348,0.36464203534889933,-1.0000000000000002,0.3646420353488994,-0.6353579646511008,8,8,0.9999999999999998,0.9761899081229916,0.027273464191168426,-0.00021799391392729461,0.014306775629463109,NO_HIT
1038,8,2,0.0400000000000002,4.919493423739988,0.00014567493628634158,0.0,-0.11997948118280122,-0.11984276246993665,-0.07992006873754942,-0.039922693732387216,-0.08000884416109104,2.2196686906767997,0.2836523688165647,-1.0000000000000009,0.28365236881656497,-0.7163476311834359,8,8,0.9999999999999999,0.9988351803262884,0.04425387990246085,-0.00016155569958442584,0.03866472244472438,NO_HIT
1039,8,3,0.21284687695882742,5.469259654454192,0.0013182635758694882,0.0,-0.008092313208487913,-0.008092049662858253,-0.005394793542931671,-0.0026972561199269662,-0.005394968240712787,0.443630597893065,0.09734893483208217,-1.0,0.09734893483208217,-0.9026510651679178,8,8,0.9999999999999997,0.9999666721861011,0.07457569387055023,-0.00029226521466707567,0.19790474562407745,NO_HIT
1040,8,0,0.0972656789841655,5.461066769579913,0.0009008992598822013,0.0,-0.049562803034351705,-0.049555422153832074,-0.03303891303692441,-0.016516509116907954,-0.033043506002227545,1.3222884562679846,0.2408373095295767,-0.9999999999999983,0.2408373095295763,-0.7591626904704221,8,8,1.0,0.9998461552547265,0.07526821879384306,-0.0004065702119326886,0.09582185975303115,NO_HIT
1041,8,1,0.0008101274812347681,4.429431413265184,5.308969595201504e-07,0.0,-0.482114606958074,-0.47671697442735284,-0.35443984647812515,-0.12227712794912593,-0.35536656023685165,11.5571144996394,0.2673979301125626,-0.9999999999999994,0.2673979301125624,-0.732602069887437,8,8,0.9999999999999998,0.9508971681517335,0.015995690177995327,-6.215873689630058e-05,0.0008094379134953034,NO_HIT
1042,8,2,0.03999999999999955,5.199399203213907,0.0002829284864982669,0.0,-0.11822385122419712,-0.11817971524525026,-0.07876975462202962,-0.03940996062322119,-0.07879507925303861,2.4424931519913122,0.326349298649048,-1.0000000000000009,0.32634929864904827,-0.6736507013509526,8,8,1.0,0.9995216205720074,0.046370429063659145,-0.0001666052623976455,0.03618890988134066,NO_HIT
1043,8,3,0.1567948725614,5.363096356640673,0.0005752675342282758,0.0,-0.0038288230645712445,-0.0038288104516641707,-0.002552544222852971,-0.0012762662288112736,-0.002552552585712465,0.2660067967326283,0.05832427218619138,-1.000000000000003,0.05832427218619156,-0.9416757278138116,8,8,1.0000000000000002,0.9999947223111016,0.08437808797150338,-0.00042619586514192065,0.15404447015167155,NO_HIT
1044,8,0,0.16820374406003438,5.208353989695723,0.00016677451655033618,0.0,-0.023562204654138958,-0.02389418184807075,-0.0159278195559069,-0.00796636229216421,-0.015706484997087475,0.6376356677625826,0.12624964992773474,-0.9999999999999972,0.12624964992773438,-0.8737503500722629,8,8,1.0000000000000002,0.9999659823493442,0.06368559414663788,-0.00018463936615642496,0.15806670967553,NO_HIT
1045,8,1,0.0010833909941010411,4.4910000317362915,3.476931636965253e-08,0.0,-0.7039718117358271,-0.6982799310913796,-0.46302895308499925,-0.23525097800637995,-0.4657910284922135,4.288487495427148,0.3955598052193237,-1.0000000000000013,0.3955598052193242,-0.6044401947806771,8,8,0.9999999999999999,0.9851923826265953,0.013379514143444857,-6.278312968355237e-05,0.0009610484367679195,NO_HIT
1046,8,2,0.040000000000000036,4.984571017376254,9.444282958072519e-05,0.0,-0.04952632085457755,-0.04952227264585551,-0.032983390170080194,-0.01653888247577523,-0.03298565383034613,2.3720612436613555,0.3131626524092879,-1.0000000000000009,0.3131626524092882,-0.6868373475907127,8,8,1.0,0.999914629822161,0.04609571790747894,-0.00012347945738255817,0.03606760145421006,NO_HIT
1047,8,3,0.2546814564587021,5.396557003524855,0.000852368623804464,0.0,-0.0015508800944422046,-0.001550879725305742,-0.0010339206126697051,-0.0005169591126362311,-0.001033920852126439,0.280828563291646,0.06399267023567694,-0.9999999999999982,0.06399267023567683,-0.9360073297643214,8,8,1.0000000000000007,0.9999997365264992,0.08996579257648296,-0.000536119094681986,0.24615937534978383,NO_HIT
1048,8,0,0.09712761770090275,5.379939618668078,0.000461616550889962,0.0,-0.035683668781478876,-0.03580623092005328,-0.023871865025318316,-0.01193436589473422,-0.023790047883070833,0.7650514637908306,0.1440467475905834,-1.0000000000000016,0.1440467475905836,-0.855953252409418,8,8,1.0000000000000002,0.9999891625152805,0.05626598357692917,-0.00015078311675065237,0.09269036875607534,NO_HIT
1049,8,1,0.011427211448559908,4.843559525756923,2.5907561117896113e-05,2.220446049250313e-16,-0.607054030963697,-0.6085798757180313,-0.3999347916328256,-0.2086450840852056,-0.3982633570915512,3.7992021068923068,0.4081371809576292,-1.000000000000001,0.40813718095762963,-0.5918628190423715,8,8,1.0000000000000002,0.9955211767260428,0.03312947050767229,-0.0003479501730394574,0.010555580101524627,NO_HIT
1050,8,2,0.03999999999999926,5.10260392151957,0.00016910403282056335,1.1102230246251565e-16,-0.16150139019165477,-0.16123646266299677,-0.10801332141013244,-0.05322314125286426,-0.10816627740829439,2.039723173741251,0.3038660212923919,-0.9999999999999996,0.30386602129239176,-0.6961339787076077,8,8,1.0000000000000002,0.9983024281953021,0.029068892510180272,-7.878884182854762e-05,0.03681546073297426,NO_HIT
1051,8,3,0.1998788817013094,5.4296682481690715,0.0007071812767889087,1.1102230246251565e-16,-0.0036977362641361236,-0.003697720371101893,-0.0024651466763037145,-0.0012325736947979282,-0.0024651570376291614,0.4208508730655879,0.0928801809329715,-1.0000000000000002,0.09288018093297151,-0.9071198190670287,8,8,1.0000000000000002,0.9999932608223656,0.0827040405395259,-0.0003930433095087338,0.18550492955192965,NO_HIT
1052,8,0,0.14114463297509006,5.428360353228941,0.0006822020535245156,0.0,-0.13021419436165357,-0.13656988577551368,-0.0910658421245841,-0.045504043650930234,-0.086824875381437,1.0141357739237093,0.19505026275312684,-1.0000000000000007,0.19505026275312698,-0.8049497372468737,8,8,1.0,0.9953800522405887,0.0645224557895201,-0.0003696789886156182,0.12981619671945133,NO_HIT
1053,8,1,0.00012428717436008263,3.3116644296795625,5.2792328427645144e-11,2.220446049250313e-16,-1.2161417545624857,-1.2226802447449427,-0.757305028579096,-0.46537521616584776,-0.7431201991451917,10.471948828224617,0.35803862417608034,-1.0000000000000004,0.3580386241760805,-0.64196137582392,8,8,0.9999999999999999,0.9924074052202394,0.0007122186814365649,-3.101249559378516e-07,0.00010471407380496789,NO_HIT
1054,8,2,0.03999999999999915,5.332567566844635,0.000275926971945693,0.0,-0.1347947703435775,-0.1346875848509377,-0.08978857896065409,-0.04489900589028555,-0.08985793210555507,3.0835001206874804,0.3679622631138201,-1.0000000000000013,0.3679622631138206,-0.6320377368861807,8,8,0.9999999999999999,0.9991791152122879,0.06993038321338635,-0.0005292896344064602,0.03984039716200686,NO_HIT
1055,8,3,0.16703451161042904,5.271480035541028,0.0005651075740479955,0.0,-0.000873501495820738,-0.0008735010297722109,-0.0005823346493923284,-0.00029116638038056974,-0.0005823349578126541,0.21312977949196035,0.042041738252807166,-1.0000000000000007,0.042041738252807194,-0.9579582617471935,8,8,1.0000000000000002,0.9999994540380919,0.08603855030244109,-0.00045628206768633106,0.16630325661404544,NO_HIT
1056,8,0,0.15190721984910627,5.382731182070171,0.0009070397997699777,0.0,-0.09904970253872952,-0.09967048638915392,-0.06645190263275316,-0.033218583756400716,-0.06603553373193405,1.0451192013886494,0.19792498213788315,-1.0000000000000009,0.19792498213788332,-0.8020750178621175,8,8,0.9999999999999999,0.9996873507336803,0.07438807829277674,-0.0005274841416751386,0.14277241370994742,NO_HIT
1057,8,1,0.0002217557582822401,3.802419130039202,1.1512591197603876e-14,0.0,-1.913318796098881,-1.8979589237338061,-1.4586803437127487,-0.43927858002106346,-1.395611553128981,12.004239200365344,0.3567777658455931,-1.0000000000000002,0.3567777658455932,-0.643222234154407,8,8,0.9999999999999999,0.98878564072914,0.0058307987808615585,-3.2307004894427394e-05,0.0002052943232495252,NO_HIT
1058,8,2,0.03999999999999997,5.322873316551271,0.0002571546133205396,2.220446049250313e-16,-0.235899739545151,-0.23615021074566314,-0.15724489221061336,-0.0789053185350505,-0.1570404443835482,2.3972652448072145,0.3380196011367408,-0.9999999999999993,0.33801960113674057,-0.6619803988632588,8,8,0.9999999999999999,0.9998116374565498,0.04437733743687388,-0.0002644381177239197,0.03506429548512591,NO_HIT
1059,8,3,0.27088592907285547,5.4757774145065925,0.001646515339626818,0.0,-0.012626323762536728,-0.012628439983665031,-0.008418891276822781,-0.004209548706839428,-0.008417474838919147,0.3548662387505756,0.07965735999998841,-1.0,0.07965735999998841,-0.9203426400000116,8,8,0.9999999999999992,0.999974156821793,0.08683714764108232,-0.0005111757373095216,0.26303308221594246,NO_HIT
1060,8,0,0.09065483504370957,4.85130614097997,2.0571554209367417e-05,2.220446049250313e-16,-0.039347688281233174,-0.03935736982206339,-0.026253162455722838,-0.01310420736634084,-0.02624639902568512,1.1861915406744359,0.2022031038866329,-0.9999999999999989,0.20220310388663268,-0.7977968961133662,8,8,1.0,0.999791982417893,0.04042773727292252,-6.499822308203562e-05,0.08345392820150077,NO_HIT
1061,8,1,9.999999999965592e-05,4.517249581890294,3.491111168273225e-08,2.220446049250313e-16,-1.6823344781477034,-1.700362987098299,-1.2890164671497524,-0.4113465199481461,-1.2289148581118932,12.411577227725925,0.333278328494209,-1.0,0.333278328494209,-0.666721671505791,8,8,0.9999999999999997,0.9923016899778261,0.00539527144381689,-2.4777469151970877e-05,9.962804219221244e-05,NO_HIT
1062,8,2,0.039999999999999813,5.179755321267413,0.00021824623038307266,0.0,-0.2976501091368645,-0.3061223298762743,-0.203227249217473,-0.10289508065880223,-0.1974844826852317,2.9066520445501602,0.32440599400736714,-1.0000000000000007,0.32440599400736736,-0.6755940059926333,8,8,1.0000000000000002,0.9992670979615181,0.03866598320918143,-0.0002486725112778032,0.03477776593470189,NO_HIT
1063,8,3,0.195813065490454,5.482490362192648,0.0014824940022311636,2.220446049250313e-16,-0.0015200132673263303,-0.0015200126403750677,-0.0010133425243378492,-0.0005066701160363618,-0.0010133429385118873,0.6075183748176858,0.12785075433303156,-0.9999999999999983,0.12785075433303134,-0.872149245666967,8,8,1.0,0.9999995871628478,0.08627842624795933,-0.00046022855961691533,0.19272440823037673,NO_HIT
1064,8,0,0.0826842015029967,5.162726337096332,0.00027794422490250614,2.220446049250313e-16,-0.024860556217409093,-0.02486123204697329,-0.016573908116396727,-0.008287323930575852,-0.016573423924642096,1.0858185006788055,0.19742265395710398,-0.999999999999999,0.1974226539571038,-0.8025773460428952,8,8,0.9999999999999999,0.9999968405378982,0.06273372992371451,-0.00018275059441474895,0.08215452929671009,NO_HIT
1065,8,1,0.001024420539728724,4.65210184459324,2.3896426693915095e-09,0.0,-0.6154377573138016,-0.6051378840997333,-0.40350280796061966,-0.20163507613911483,-0.4090973073666203,4.969598197550551,0.40856170615863563,-0.9999999999999993,0.40856170615863535,-0.591438293841364,8,8,0.9999999999999999,0.9814249738184164,0.003602202451632666,-3.9280661781049275e-06,0.0009177084663191307,NO_HIT
1066,8,2,0.04000000000000007,5.225110402767102,0.00025896770467099015,0.0,-0.3514846484940665,-0.3588752328619477,-0.23855945164392714,-0.12031578121802222,-0.23344302240043022,2.6148331116253893,0.3403364466321729,-0.9999999999999993,0.34033644663217266,-0.6596635533678267,8,8,1.0,0.9930814960510298,0.037623993175083026,-0.0002704530585484477,0.034222764651246185,NO_HIT
1067,8,3,0.21475566120289868,5.407791585406257,0.0011576256298903422,0.0,-0.012452541265676203,-0.012466327392379158,-0.008310845215184418,-0.004155482177194497,-0.008301652846656927,0.3443626120793787,0.07479476925401725,-1.000000000000002,0.0747947692540174,-0.9252052307459846,8,8,0.9999999999999999,0.9999935812473593,0.0887286695937276,-0.0005431944660658772,0.20300893079227947,NO_HIT
1068,8,0,0.14036906070784838,5.428791169310291,0.0009551887879997987,2.220446049250313e-16,-0.04402424026926375,-0.04402444704373916,-0.029349845131577415,-0.014674601912162188,-0.02934952655730009,0.9975793895154752,0.19112475507349938,-1.0,0.19112475507349938,-0.8088752449265006,8,8,1.0000000000000002,0.9999811836185689,0.08701387850904381,-0.0006292896276569593,0.14015376442795935,NO_HIT
1069,8,1,0.0022542972860698507,4.112128123208913,6.5719781919694665e-09,0.0,-0.9781227613155813,-0.9825165634249899,-0.6683371144233703,-0.3141794490016192,-0.6567395788767536,7.614783490367835,0.37077201490475525,-0.9999999999999991,0.3707720149047549,-0.6292279850952442,8,8,0.9999999999999999,0.9980366013528942,0.0032854421839944694,-5.309139281983732e-06,0.001862062412961496,NO_HIT
1070,8,2,0.039999999999999036,4.976639268839126,0.00022773492950591858,0.0,-0.1630600440054257,-0.16308621204598991,-0.10878478363580804,-0.054301428410180486,-0.10875334064616203,2.297304079569111,0.29935617539977327,-0.9999999999999998,0.2993561753997732,-0.7006438246002266,8,8,1.0,0.999875896143568,0.04530194242789915,-0.00020680929653948965,0.0371578411020318,NO_HIT
1071,8,3,0.09152950072533311,5.325441927091443,0.0004110195662700198,4.440892098500626e-16,-0.0010005598846154389,-0.0010005590917753363,-0.0006670395691200161,-0.0003335195226568735,-0.0006670400956000601,0.47570768767483435,0.08814404774950106,-0.9999999999999984,0.08814404774950092,-0.9118559522504975,8,8,1.0,0.9999992075523413,0.08758891199670743,-0.00047926621832949934,0.09041131219922371,NO_HIT
1072,8,0,0.10033012745240633,5.028511004394679,3.3560308280388403e-05,0.0,-0.0623232593699575,-0.06229324874303274,-0.04151719910591195,-0.020776049637120396,-0.04153673962696652,1.3832494599943808,0.22788350407577623,-0.9999999999999997,0.22788350407577615,-0.7721164959242235,8,8,1.0000000000000002,0.999494385289649,0.07176782922408424,-0.0003597356309956723,0.09419987840867272,NO_HIT
1073,8,1,9.999999999997774e-05,4.108842790587603,1.902396009869113e-09,1.1102230246251565e-16,-1.2720877075544006,-1.276908671100341,-0.8890082418732888,-0.3879004292270519,-0.8720388578943012,7.321884208354982,0.4259660445771168,-1.0000000000000002,0.4259660445771169,-0.5740339554228833,8,8,1.0,0.9852339544744041,0.0003665947321904221,-8.58046176333005e-08,8.09770321067001e-05,NO_HIT
1074,8,2,0.04000000000000016,5.032329528867432,9.491110013049537e-05,2.220446049250313e-16,-0.17597269664087925,-0.1761477848906906,-0.11738666434742,-0.058761120543270165,-0.11724006019908707,1.8526064849563055,0.27890379506599305,-1.0000000000000033,0.278903795065994,-0.7210962049340093,8,8,0.9999999999999997,0.998205410849832,0.03348120938032976,-0.00011108045290253443,0.03478331285695613,NO_HIT
1075,8,3,0.25269730819194947,5.4423122596675775,0.0010114170818231786,1.1102230246251565e-16,-0.006565869229845645,-0.006565711696379964,-0.004377226777851399,-0.0021884849185292293,-0.004377331286681757,0.37990141093177165,0.08578186480746863,-0.9999999999999978,0.08578186480746844,-0.9142181351925294,8,8,0.9999999999999999,0.9999728599783739,0.07771401338903255,-0.0003346476209999949,0.248347585099765,NO_HIT
1076,8,0,0.15192232917458814,5.301343468763081,0.0003426695803352085,0.0,-0.031077267632618737,-0.031073810926811964,-0.02071872202441487,-0.010355088902397863,-0.0207209918722751,0.505017919807376,0.1083059915239894,-0.9999999999999989,0.10830599152398927,-0.8916940084760097,8,8,1.0000000000000002,0.9998374706111982,0.060734674868135566,-0.00019057060645444324,0.1429802880377673,NO_HIT
1077,8,1,0.00027716080709513403,3.9040353409970496,3.130030002774985e-11,0.0,-0.2050496336118059,-0.20939987098211818,-0.13925744471058615,-0.07014242627153267,-0.1363106554767388,3.853927889123221,0.28607630738147405,-0.9999999999999989,0.2860763073814737,-0.7139236926185252,8,8,1.0,0.9963983499337901,0.004713170063104854,-2.333262954401505e-06,0.0002610458752472917,NO_HIT
1078,8,2,0.039999999999999813,5.229460644935698,0.00028292848649826436,0.0,-0.0364158259245314,-0.03641197217979127,-0.024273931653281556,-0.01213804052651004,-0.024276147824718295,2.5768083142129203,0.3410492444150513,-0.9999999999999991,0.341049244415051,-0.6589507555849481,8,8,0.9999999999999999,0.9998925994544834,0.07867343391436946,-0.00042551255210465655,0.0386838939837757,NO_HIT
1079,8,3,0.2510134253738213,5.410538405884981,0.0006842670998079844,0.0,-0.0024523334121889584,-0.002452333203765738,-0.001634898082850811,-0.0008174351209166986,-0.0016348981909053884,0.34142179072472817,0.07740863164605359,-0.9999999999999983,0.07740863164605347,-0.9225913683539448,8,8,0.9999999999999997,0.9999999128764994,0.07640789122531855,-0.0003038796600955962,0.23270036212476505,NO_HIT
1080,8,0,0.12109721939503085,5.372366956483862,0.000509641725978553,2.220446049250313e-16,-0.08303148224474148,-0.08356839233398415,-0.055734538440046555,-0.02783385389393689,-0.05537510400280545,0.8230543627841729,0.1632510838124474,-0.9999999999999993,0.1632510838124473,-0.8367489161875521,8,8,1.0000000000000002,0.9989113423361655,0.0572372379950663,-0.0001968880162435127,0.11660023749574606,NO_HIT
1081,8,1,9.999999999987666e-05,4.117598229631947,7.599859008544364e-09,0.0,-2.2788293320811097,-2.2670685961066974,-1.1714476012038704,-1.0956209949028166,-1.1690345095836305,12.106955326224162,0.4104022619897244,-0.9999999999999989,0.41040226198972396,-0.5895977380102749,8,8,1.0000000000000002,0.9915873552383847,0.02200303454410875,-0.0005612321330135117,9.454339754928992e-05,NO_HIT
1082,8,2,0.03999999999999991,5.167304198921776,0.0001444942256511579,1.1102230246251565e-16,-0.15799671095920687,-0.15791742570745815,-0.10504617695538442,-0.05287124875207283,-0.10508280871119666,2.353961992837547,0.3191820307299529,-1.0000000000000018,0.31918203072995344,-0.6808179692700483,8,8,1.0000000000000002,0.9994211873687728,0.0634723814858444,-0.000447264921924706,0.0383260537068435,NO_HIT
1083,8,3,0.2070419422381028,5.299674960102022,0.0004420413676009679,2.220446049250313e-16,-0.0017946382542168072,-0.0017946375375113102,-0.0011964233800897928,-0.0005982141574231437,-0.0011964238481763302,0.18911229486662345,0.04116920694208756,-0.9999999999999996,0.04116920694208754,-0.958830793057912,8,8,1.0,0.999998826844706,0.09426393249138916,-0.000565149862724823,0.20686542803932106,NO_HIT
1084,8,0,0.17755181285087163,5.372670753741701,0.0009986267796015659,1.1102230246251565e-16,-0.009563475135613892,-0.00956341611395493,-0.006375643377899187,-0.0031877727360560826,-0.006375681912356806,0.47876017156785766,0.10023866471822962,-0.9999999999999992,0.10023866471822954,-0.8997613352817697,8,8,1.0,0.9999909722343912,0.08446674600030282,-0.0004512557143847573,0.1756777855906887,NO_HIT
1085,8,1,9.999999999964413e-05,5.133725986543664,3.618376832802729e-07,0.0,-0.8201217141992909,-0.8224342847989561,-0.5400910796807226,-0.28234320511823274,-0.5358276864443807,6.482897622720172,0.43538331885748954,-0.9999999999999991,0.43538331885748915,-0.56461668114251,8,8,0.9999999999999998,0.9991425326741163,0.007701447698364576,-2.4421321390910578e-05,8.88297599675332e-05,NO_HIT
1086,8,2,0.03999999999999969,5.219009624441261,0.0002829284864982659,2.220446049250313e-16,-0.33581562144385735,-0.3560196420054853,-0.2365098772981919,-0.11950976470729341,-0.22299593113173405,2.012359123061585,0.29901460044563755,-0.9999999999999998,0.2990146004456375,-0.7009853995543622,8,8,0.9999999999999998,0.9983143168216817,0.04305917540465281,-0.0003524272323724986,0.03447477797362686,NO_HIT
1087,8,3,0.13260056336888926,5.467076068061916,0.001079212652085569,0.0,-0.0015224172445321262,-0.0015224156039863775,-0.0010149441790785448,-0.0005074714249078127,-0.001014945268529905,0.5648952637637846,0.11996009542131957,-1.0000000000000016,0.11996009542131975,-0.8800399045786818,8,8,0.9999999999999999,0.9999989112637672,0.08995948171872213,-0.0005359835803675495,0.1317871627723281,NO_HIT
1088,8,0,0.09996254308647003,5.080601453425288,0.00030354213020622933,0.0,-0.12468885946488446,-0.12484170358061644,-0.08322276821801865,-0.04161893536259795,-0.08311710609952676,1.6296486595500477,0.24969947875067022,-1.0000000000000013,0.24969947875067056,-0.7503005212493308,8,8,0.9999999999999998,0.9999498091711186,0.061544397534625796,-0.0003657530382312757,0.09947866313838176,NO_HIT
1089,8,1,0.0006603614620313003,4.655862114984934,3.04857867778976e-06,0.0,-0.44755887011069245,-0.4476387561538783,-0.2979370931334081,-0.14970166302046886,-0.29753900134116057,6.1180196226784,0.42074635801410315,-1.000000000000002,0.420746358014104,-0.579253641985898,8,8,0.9999999999999998,0.9997513546066369,0.012209980182949694,-3.367089384376243e-05,0.0005507376062680036,NO_HIT
1090,8,2,0.04000000000000007,5.270071798669821,0.00025448850616162345,0.0,-0.21864832947375576,-0.2178854892277968,-0.1451709485428744,-0.07271454068492267,-0.1456458112605063,2.4109393586196584,0.3347961720821844,-0.9999999999999983,0.3347961720821838,-0.6652038279178145,8,8,1.0000000000000002,0.9963370722080794,0.06459503827772536,-0.0005962401223404967,0.037691691194431054,NO_HIT
1091,8,3,0.234502638111637,5.3908922703397995,0.0008052958143705771,2.220446049250313e-16,-0.003078557010950103,-0.003078551036050631,-0.0020523670031422454,-0.0010261840329081062,-0.0020523709151036526,0.29368860609462527,0.06523739248604758,-0.9999999999999983,0.06523739248604747,-0.9347626075139509,8,8,1.0,0.999998013435687,0.07402240059867261,-0.0002792716754589364,0.2155019616546234,NO_HIT
1092,8,0,0.1195634212625973,5.228639441043975,0.00018193900646573086,0.0,-0.016920489735170876,-0.016919490706485373,-0.011279718217210266,-0.005639772489275399,-0.011280373888717945,1.023094930978466,0.18924853463805372,-0.9999999999999996,0.18924853463805363,-0.8107514653619459,8,8,0.9999999999999996,0.9999384457138959,0.07999261908080942,-0.00038984379056739016,0.11947637716400354,NO_HIT
1093,8,1,0.037793444591076475,4.627924098395466,5.278620191008655e-05,1.1102230246251565e-16,-0.27281225370283024,-0.2732720794217662,-0.18088813175125995,-0.09238394767050129,-0.18049952188757848,3.1227307074253066,0.35260980683748194,-1.0000000000000013,0.3526098068374824,-0.647390193162519,8,8,1.0,0.9996743261284695,0.034463830938690154,-0.00018753588261599674,0.033199205065213455,NO_HIT
1094,8,2,0.039999999999999925,5.266729437468928,0.00028292848649826637,2.220446049250313e-16,-0.2930415206714327,-0.2836107203861173,-0.1891529321476484,-0.09445778823846872,-0.19540495493617197,2.5360219931401424,0.3366349548227558,-1.0000000000000016,0.3366349548227563,-0.6633650451772453,8,8,1.0,0.9637089323766675,0.05209031980399749,-0.00042444354081005997,0.03720641034809028,NO_HIT
1095,8,3,0.20723415702373782,5.4980280225673805,0.0017826729407260577,2.220446049250313e-16,-0.0044140925597966965,-0.004414074286149187,-0.0029427154019489653,-0.0014713588842006353,-0.0029427274700069917,0.4581243965653628,0.10033422126568563,-1.0000000000000016,0.10033422126568578,-0.8996657787343157,8,8,1.0000000000000004,0.999995839441109,0.09499233538695842,-0.0006735198360789951,0.2035872962692209,NO_HIT
1096,8,0,0.13060324945773605,5.414488892853925,0.0009059883721217738,0.0,-0.021382089166014976,-0.021379233473935527,-0.01425303896405711,-0.00712619450987817,-0.014254907985113965,0.8051743169297877,0.1608820535027261,-0.9999999999999983,0.16088205350272583,-0.8391179464972724,8,8,0.9999999999999998,0.9998619328317516,0.0861126197445868,-0.0005241904837296474,0.1239349956011987,NO_HIT
1097,8,1,0.00010000000000011782,3.2805749534822533,5.569644250193049e-12,3.3306690738754696e-16,-0.9937050880804621,-0.9903838466302045,-0.6040174697066755,-0.3863663769235294,-0.5891712126180281,12.261514061053195,0.3361963332340443,-0.9999999999999984,0.3361963332340438,-0.6638036667659546,8,8,0.9999999999999998,0.9958037221455616,0.004997058330398023,-1.2443028627462382e-05,9.207324859669526e-05,NO_HIT
1098,8,2,0.04000000000000009,5.101436177280352,0.00015547117711023074,2.220446049250313e-16,-0.17972289539796782,-0.17920912887260435,-0.11964876296177501,-0.05956036591083063,-0.11997852879290265,2.2628523542902395,0.30866011349257133,-0.9999999999999996,0.3086601134925712,-0.6913398865074283,8,8,1.0000000000000002,0.9969978354356749,0.044807940695170745,-0.0002178603345157626,0.03697164003828543,NO_HIT
1099,8,3,0.246195418567295,5.36400648156725,0.00064699563901366,0.0,-0.0028520899913540157,-0.002852112663040413,-0.0019013991590972846,-0.0009507135039433234,-0.0019013839930668533,0.24989561479543282,0.057135391774046224,-1.0000000000000004,0.05713539177404625,-0.9428646082259542,8,8,0.9999999999999994,0.9999986205678087,0.08139572403549167,-0.0002686843070272005,0.23208030991536355,NO_HIT
1100,8,0,0.12758689036100068,5.426550433190084,0.0007558255124160711,1.1102230246251565e-16,-0.013708505249216282,-0.013708444706231317,-0.009138819922822014,-0.004569624783408166,-0.009138857215341342,0.520391878604646,0.11045692935293837,-0.9999999999999999,0.11045692935293835,-0.8895430706470615,8,8,1.0000000000000004,0.9999955287083413,0.09024527862195186,-0.0006117191712160519,0.12359455268674191,NO_HIT
1101,8,1,0.000283965119444507,3.9659484986652096,3.772759624240364e-10,2.220446049250313e-16,-0.31156132293013084,-0.31121879979664147,-0.20409066458271793,-0.10712813521392478,-0.20418137895190433,5.493222549062766,0.3982299440288276,-0.9999999999999993,0.39822994402882733,-0.6017700559711721,8,8,1.0000000000000002,0.9988715321743522,0.010310774462524262,-1.692451760870739e-05,0.00024765953359329185,NO_HIT
1102,8,2,0.03999999999999948,5.037849060982878,0.00010261164881760085,2.220446049250313e-16,-0.19944076588949097,-0.26064372853615214,-0.1732644498274586,-0.08737927870869294,-0.1325348814518203,1.7940428611051116,0.27704273083617836,-0.9999999999999996,0.27704273083617825,-0.7229572691638213,8,8,1.0,0.9998667406019738,0.03873227615907543,-0.00021679598961465985,0.03758181870641486,NO_HIT
1103,8,3,0.20468179664846897,5.475480935898419,0.0010975410884136601,0.0,-0.013069370393451704,-0.01306818287176685,-0.008712189764312914,-0.004355993107453993,-0.008712977911745266,0.43674310826857343,0.09597358627305563,-0.9999999999999994,0.09597358627305558,-0.9040264137269438,8,8,1.0,0.9998926852592602,0.08702160367708837,-0.0005191571466873768,0.20247751366154876,NO_HIT
1104,8,0,0.1219306283600683,5.346298037319054,0.00073087034642718,0.0,-0.05879958792625632,-0.058737881836836946,-0.039157613752485394,-0.019580268084351662,-0.039198456970761186,1.223039696526219,0.21869981026178026,-1.0000000000000002,0.21869981026178031,-0.7813001897382199,8,8,1.0000000000000002,0.9989481906431594,0.08145215507569513,-0.0005482006213224366,0.1174947376889608,NO_HIT
1105,8,1,0.02765695327083088,4.828701213767792,2.2362082721766103e-05,3.3306690738754696e-16,-0.14414652718547824,-0.14199372080097786,-0.09463037805059898,-0.0473633427503799,-0.0960510852725538,1.882374509299889,0.2590885432531618,-0.9999999999999989,0.2590885432531615,-0.7409114567468373,8,8,0.9999999999999998,0.9845146269825116,0.037592408764858996,-0.00011734320473522075,0.02428940924497521,NO_HIT
1106,8,2,0.03999999999999926,5.109259054473012,0.0002724612677488044,1.1102230246251565e-16,-0.27641792230192563,-0.2812461204098072,-0.1874101688564669,-0.0938359515533409,-0.1841057543555992,2.214759777776176,0.3022912490279998,-1.0000000000000024,0.30229124902800053,-0.6977087509720019,8,8,1.0000000000000002,0.998845810894328,0.05843268798425601,-0.0005744786635819565,0.03616995016165947,NO_HIT
1107,8,3,0.2183579549264001,5.484792286011631,0.001505090501281283,0.0,-0.006392568344240799,-0.006392754709006227,-0.004261839510782085,-0.002130915198223615,-0.004261714776784487,0.49483719937562753,0.10843754439996077,-1.0000000000000004,0.10843754439996081,-0.8915624556000397,8,8,1.0,0.9999952272747018,0.08752052088082822,-0.0005031298651214655,0.21114567742228296,NO_HIT
1108,8,0,0.08034607433863772,5.090411359274393,5.204485415701416e-05,0.0,-0.21272948320735666,-0.21265662085484835,-0.14196951880125597,-0.07068710205359177,-0.14197710753356033,2.253006736990769,0.3288997771765293,-0.9999999999999982,0.3288997771765287,-0.6711002228234695,8,8,1.0,0.999562687047112,0.03239913496958369,-0.0001288156535537155,0.08009630552784441,NO_HIT
1109,8,1,0.0015924793388616856,4.404192668938045,2.8898385443030146e-08,2.220446049250313e-16,-0.17745332266274796,-0.17723934717000442,-0.11784789534309088,-0.05939145182690986,-0.1179624054673014,3.529916990834182,0.3252180842785151,-0.9999999999999996,0.32521808427851495,-0.6747819157214846,8,8,1.0000000000000002,0.9981469041827046,0.017108487058522092,-2.684260619023604e-05,0.001554848459148182,NO_HIT
1110,8,2,0.03999999999999948,5.160997446163654,0.00016242063570300115,2.220446049250313e-16,-0.08043885049139386,-0.08043157817126821,-0.0536245923992051,-0.02680698577206453,-0.05362859179042018,2.7345364228111007,0.3395539623043087,-1.0000000000000033,0.3395539623043098,-0.6604460376956935,8,8,0.9999999999999998,0.9998607497408392,0.053988982005199415,-0.0001955834962652503,0.039421628258607774,NO_HIT
1111,8,3,0.2511707859767409,5.434980403465872,0.0010550169617377853,0.0,-0.006376786564014051,-0.006376777529905617,-0.004251179096723185,-0.002125598433182538,-0.004251184555009684,0.32085299951367563,0.07238963220643725,-0.9999999999999996,0.07238963220643722,-0.9276103677935623,8,8,1.0000000000000002,0.9999937422930039,0.09341074316420071,-0.0006393470550740687,0.24524598024251665,NO_HIT
1112,8,0,0.1309158832854017,5.211049967914443,0.00017788631158568394,0.0,-0.057964616891287894,-0.05794095975861745,-0.0386257856040613,-0.019315174154556358,-0.03864110880035291,0.8921924046253176,0.16834254419750144,-1.000000000000002,0.16834254419750178,-0.8316574558025003,8,8,1.0,0.9995718891002703,0.07733277585848031,-0.0004638250748154604,0.12923558866709706,NO_HIT
1113,8,1,9.999999999921183e-05,3.835575245995612,9.121331019895546e-13,0.0,-3.8643707272575427,-4.324624102710394,-2.6694851175424428,-1.6551389851679739,-1.8868164274364279,16.403758472118668,0.3852149826249629,-1.000000000000001,0.38521498262496334,-0.6147850173750378,8,8,0.9999999999999998,0.8746359240765007,0.003309342192649456,-2.3686209923212687e-05,9.555282472561988e-05,NO_HIT
1114,8,2,0.04000000000000026,5.15760230509358,0.00022119689889842182,2.220446049250313e-16,-0.21182478646206238,-0.21183470535993035,-0.14106703614548882,-0.07076766921444175,-0.14102007103991582,2.1847464515704944,0.3095629698046755,-1.0000000000000013,0.3095629698046759,-0.6904370301953254,8,8,0.9999999999999998,0.9997955309834891,0.04859897912272612,-0.0003064969308672616,0.036661203358746564,NO_HIT
1115,8,3,0.26888483580656397,5.440614325852145,0.0010819346094883555,0.0,-0.013528452973527411,-0.013528361584086922,-0.009018689160282454,-0.004509672423803401,-0.009018745731663495,0.33889426193541494,0.07621719091771072,-1.0000000000000018,0.07621719091771086,-0.9237828090822909,8,8,0.9999999999999999,0.9999821443165781,0.08824929457862735,-0.0005673810587119021,0.2500989759257244,NO_HIT
1116,8,0,0.11869949846692261,5.204491005907725,0.00011699834136899609,0.0,-0.03118976992121892,-0.03118745045421046,-0.020791993099384613,-0.01039545735482586,-0.020793488087229233,0.8607884150789575,0.16265021632011864,-1.0000000000000022,0.162650216320119,-0.8373497836798832,8,8,1.0000000000000002,0.9999160476013078,0.06549209315180438,-0.00021163565229365133,0.10992903790374935,NO_HIT
1117,8,1,0.0041612885298898394,5.1331025795184875,1.6360030668060426e-05,2.220446049250313e-16,-0.21468081358834587,-0.21436720342273063,-0.14271776250922874,-0.07164944091350123,-0.1428939598423273,2.754483895534601,0.3005330062038218,-0.9999999999999982,0.30053300620382123,-0.699466993796177,8,8,0.9999999999999999,0.9938725934597676,0.05020377036815296,-0.00031712439299091955,0.004060415565033559,NO_HIT
1118,8,2,0.039999999999999945,5.141928248947744,0.00014896767720036025,0.0,-0.12340960807459334,-0.12339410656166216,-0.08224273503378073,-0.041151371527882084,-0.0822485643620282,2.24617747747397,0.3175797328506954,-0.9999999999999993,0.3175797328506952,-0.6824202671493041,8,8,0.9999999999999999,0.9998367719623916,0.04542624169726245,-0.00016741516380669452,0.034915891295434154,NO_HIT
1119,8,3,0.18817877520823126,5.479322914381788,0.0012824350248045531,2.220446049250313e-16,-0.004530922545063576,-0.004530908412286743,-0.00302060554749489,-0.0015103028647905081,-0.0030206148103021245,0.4736029649481641,0.10316156711128655,-0.9999999999999989,0.10316156711128643,-0.8968384328887125,8,8,0.9999999999999998,0.9999961918457765,0.08817013569406756,-0.0005048651831174311,0.17966037218010983,NO_HIT
1120,8,0,0.14521539464778566,5.229837042412466,0.00024216351737855934,2.220446049250313e-16,-0.08427327869819987,-0.0888432939407347,-0.05924837548557389,-0.02959491845515997,-0.05619670246299115,0.769501282882733,0.15195593878383512,-0.9999999999999998,0.1519559387838351,-0.8480440612161647,8,8,1.0000000000000002,0.9999322016510391,0.04875691749137731,-0.0001720885535494432,0.13541118131080587,NO_HIT
1121,8,1,0.00015715039137584506,4.668847640940795,2.8744409330349654e-09,0.0,-2.1478135161090104,-2.171217315885468,-1.5317131636906094,-0.6395041521948226,-1.4030809174525511,12.604422855469172,0.4069264869867891,-1.0000000000000002,0.40692648698678924,-0.593073513013211,8,8,1.0,0.9978610063689335,0.005950625733176903,-3.846060538847951e-05,0.00014660612877001974,NO_HIT
1122,8,2,0.03999999999999976,5.26041829771032,0.0001479840235567466,0.0,-0.23387310326438798,-0.2336594824808227,-0.15587808557768007,-0.07778139690314534,-0.15600667230642798,2.459747194780647,0.3398471983256379,-1.0000000000000009,0.3398471983256382,-0.6601528016743627,8,8,0.9999999999999998,0.9987718221144354,0.04747461465967017,-0.00030337357123322306,0.03851666763908634,NO_HIT
1123,8,3,0.23992782979637686,5.453656501674517,0.001285382864908029,2.220446049250313e-16,-0.011591932792952963,-0.01159010846498802,-0.007726908802433511,-0.003863199662554828,-0.0077281230886733394,0.4232281923379135,0.09389376453478404,-1.0000000000000009,0.09389376453478412,-0.9061062354652167,8,8,1.0000000000000002,0.9997594159333059,0.07354954559682865,-0.00018903286421245724,0.23796390847558513,NO_HIT
1124,8,0,0.11514672406158394,5.242108241635522,0.00018456646031345364,1.1102230246251565e-16,-0.15022660802759277,-0.22654919604612722,-0.1507442151261877,-0.07580498091994259,-0.0999463781436475,1.6973466793543879,0.27242213003986404,-1.0000000000000002,0.2724221300398641,-0.7275778699601361,8,8,1.0000000000000002,0.9984671999275175,0.055807372230375574,-0.00047153815550160516,0.11341620240596553,NO_HIT
1125,8,1,0.00012865970824649242,4.510158670760975,6.913888110936823e-11,0.0,-0.4395057743974266,-0.4372015667460514,-0.3036305314022291,-0.13357103534382336,-0.3040536374193166,11.031940365600102,0.36903496386449686,-0.9999999999999978,0.369034963864496,-0.6309650361355017,8,8,0.9999999999999996,0.9946952264737751,0.0037954786864803263,-3.1523885182238587e-06,0.00012790044430777137,NO_HIT
1126,8,2,0.039999999999999626,5.289369759259175,0.0002829284864982654,0.0,-0.25279556131412784,-0.252104466925818,-0.16785570808500527,-0.08424875884081406,-0.16828149527227526,2.8852588430314383,0.330970742219301,-1.0000000000000022,0.33097074221930173,-0.6690292577807004,8,8,0.9999999999999999,0.9921009790439517,0.05565270502786699,-0.0004501504301135384,0.036448036377352167,NO_HIT
1127,8,3,0.26757812751881965,5.432988155357602,0.001054922035182084,2.220446049250313e-16,-0.00691295237434849,-0.006913636669823101,-0.004609183230689254,-0.002304453439133991,-0.004608726058345487,0.3474595412423798,0.0783798083687221,-1.0000000000000004,0.07837980836872215,-0.9216201916312783,8,8,0.9999999999999997,0.9999979372893933,0.07105691320509366,-0.000244276213956951,0.24891574039748632,NO_HIT
1128,8,0,0.18303256736734055,5.37507038050115,0.0004450095297091106,0.0,-0.0031769654603728183,-0.0031769526436741776,-0.002117990243090238,-0.0010589624005831189,-0.002117998706915102,0.5423761624192658,0.11672635981171385,-0.9999999999999992,0.11672635981171375,-0.8832736401882855,8,8,1.0000000000000002,0.9999959214050613,0.07114674483348098,-0.00023527656501354244,0.17542943041544437,NO_HIT
1129,8,1,9.99999999999699e-05,4.947114676628259,3.8164018153598714e-07,0.0,-0.6539054567544413,-0.6464772317494734,-0.4388658542564152,-0.2076113774930557,-0.4420415446413379,4.495350533507507,0.39038567389716583,-1.0000000000000002,0.39038567389716594,-0.6096143261028343,8,8,0.9999999999999998,0.9861153361730357,0.015321040992258977,-7.665171900494983e-05,9.54355015990744e-05,NO_HIT
1130,8,2,0.039999999999999904,5.248285839862836,0.0002476140064495901,2.220446049250313e-16,-0.07503858762809805,-0.07503727963097072,-0.05002038650175121,-0.02501689312922,-0.05002033555153063,2.9568513337546216,0.3592708215849131,-1.0000000000000013,0.3592708215849136,-0.6407291784150877,8,8,1.0000000000000002,0.9999411402208316,0.06174253462079748,-0.0002711062186637747,0.038246581206250706,NO_HIT
1131,8,3,0.17504314498525364,5.495901395100727,0.0011417823659856398,0.0,-0.014912257863662163,-0.014908883061110595,-0.00993926783034673,-0.004969615230763613,-0.009941507902498531,0.4615744022823836,0.10161265439028229,-1.0000000000000007,0.10161265439028236,-0.8983873456097183,8,8,0.9999999999999996,0.9997724881909029,0.07612929300991354,-0.00031967942169686125,0.16107119719352592,NO_HIT
1132,8,0,0.10216865064190656,5.237335888825275,0.00044229904477371734,0.0,-0.02403228921096253,-0.024025044044828435,-0.016016055662737158,-0.008008988382090305,-0.0160208261051893,0.7065282425736514,0.13407917958151036,-0.9999999999999991,0.13407917958151025,-0.8659208204184888,8,8,1.0000000000000002,0.9996841568901224,0.0610414761508472,-0.00016342627307430746,0.09497962742739627,NO_HIT
1133,8,1,0.0015167821465506682,4.390658989994231,1.1469139966538765e-06,0.0,-0.3569207623849201,-0.35548170349943387,-0.23699375475086298,-0.1184879487485741,-0.2368739453454674,6.364672454231912,0.40636956774954286,-1.0000000000000016,0.40636956774954347,-0.5936304322504581,8,8,1.0,0.9954835941367848,0.003445539449841921,-2.1149981286328057e-06,0.0012615178935324613,NO_HIT
1134,8,2,0.040000000000000036,5.070023013657119,0.00010676545332465647,0.0,-0.129048924503131,-0.12903038263661357,-0.08595924880838804,-0.043071133828224924,-0.08596532197503837,2.4573312995940486,0.29828067882384696,-1.000000000000001,0.2982806788238473,-0.7017193211761539,8,8,0.9999999999999998,0.9997856648576221,0.054012965991852485,-0.00026084904998402436,0.03703591384728241,NO_HIT
1135,8,3,0.18432288211381845,5.444547750525138,0.001030986428643925,0.0,-0.0075034389922397195,-0.007503328750207197,-0.005002217845337588,-0.0025011109048708458,-0.005002290796928381,0.45108188769242574,0.09439880964346072,-0.9999999999999981,0.09439880964346054,-0.9056011903565375,8,8,1.0000000000000004,0.9999850930608121,0.08776852539125174,-0.0005065454247068502,0.17685909407637218,NO_HIT
1136,8,0,0.08489345842252125,5.208199823064164,0.00015538951789314032,2.220446049250313e-16,-0.010790079762387503,-0.010790083081100476,-0.007193808642124956,-0.0035962744389710366,-0.00719380251996502,0.810186347332235,0.15584352630160278,-1.0000000000000013,0.15584352630160297,-0.8441564736983984,8,8,1.0000000000000002,0.9999982433497518,0.05883613807351315,-0.00014030159815447973,0.08164253597814715,NO_HIT
1137,8,1,0.02438058768491347,4.940124285380356,5.320603017104777e-06,0.0,-0.21294384148732665,-0.21634117709289652,-0.1460970782334421,-0.07024409885945493,-0.1437475737968715,3.5183822977855455,0.34524891386640316,-1.0000000000000004,0.34524891386640333,-0.6547510861335971,8,8,0.9999999999999998,0.9996439431630851,0.05581914151120004,-0.0004051699161484734,0.023085464788899723,NO_HIT
1138,8,2,0.039999999999999994,5.235879029260486,0.0002829284864982659,0.0,-0.32096560917120126,-0.31844074316754933,-0.21223493820302208,-0.10620580496452625,-0.21383061041414717,2.2365010141767723,0.3171053837158886,-1.0,0.3171053837158886,-0.6828946162841114,8,8,0.9999999999999996,0.9904216071263126,0.05405396230071627,-0.0005321104478674954,0.03513577962699816,NO_HIT
1139,8,3,0.22920692866693848,5.472229868371412,0.0013347539067380685,2.220446049250313e-16,-0.003955779868022355,-0.003955775487299512,-0.002637178627320707,-0.0013185968599779552,-0.0026371813793635633,0.4038435094528088,0.08976801451478111,-1.0000000000000009,0.0897680145147812,-0.9102319854852197,8,8,0.9999999999999999,0.9999983188832177,0.08720325115762054,-0.0004951433780409076,0.22017940224389992,NO_HIT
1140,8,0,0.09974731791360823,5.226090660761129,0.0003292925559830919,2.220446049250313e-16,-0.10904338632020538,-0.10896874016741814,-0.07276622739282503,-0.036202512774592424,-0.07281234990316857,1.484314080234622,0.24899673206352166,-1.0000000000000004,0.24899673206352177,-0.7510032679364786,8,8,1.0000000000000002,0.9991646210599154,0.04682396108683914,-0.00016566071391821424,0.0991706908013316,NO_HIT
1141,8,1,0.00010000000000001525,4.1363078419466985,1.676722279014904e-08,0.0,-1.2794728433798994,-1.279833867893166,-0.7684155611964657,-0.5114183066966791,-0.7482817454325247,10.975646065181438,0.3541886646620331,-1.0000000000000002,0.35418866466203314,-0.6458113353379671,8,8,0.9999999999999999,0.9985031822541827,0.009802942543752885,-6.224081650696434e-05,8.542036865270337e-05,NO_HIT
1142,8,2,0.04000000000000013,5.05373783200933,0.0002829284864982654,0.0,-0.10177864566833109,-0.10172230379803107,-0.06772080310312364,-0.034001500694906914,-0.06775204566869698,2.8862294942512423,0.29190659890024784,-1.0000000000000004,0.29190659890024795,-0.7080934010997525,8,8,0.9999999999999996,0.9991225730714848,0.05799475961462191,-0.00026630842039043756,0.03820764761553552,NO_HIT
1143,8,3,0.25812448170941094,5.35361452694892,0.000482339781516354,0.0,-0.00017259655594425543,-0.00017259654677730286,-0.00011506445970061122,-5.753208707753865e-05,-0.0001150644658068168,0.28362034619367205,0.06413244056571833,-1.0000000000000018,0.06413244056571844,-0.9358675594342833,8,8,0.9999999999999999,0.9999999468196539,0.0667005390549113,-0.00018333860739616625,0.23172839716590166,NO_HIT
1144,8,0,0.12765052127526397,5.3601483609461456,0.0003933499891165095,0.0,-0.05107587276296856,-0.051058679420080466,-0.03403582983474429,-0.01702284958533662,-0.03404703757766188,1.2816183073176028,0.22864732831471932,-1.0000000000000009,0.2286473283147195,-0.7713526716852814,8,8,0.9999999999999997,0.9996417159657238,0.07051970165058041,-0.00034274743614570724,0.1224017916830861,NO_HIT
1145,8,1,0.00596877514874263,4.183340936002621,2.5679761567391573e-08,0.0,-1.843383773498226,-1.8848370161260937,-1.3076370654332325,-0.5771999506928538,-1.213727866064416,7.701476003129484,0.43224485784940647,-1.0000000000000013,0.432244857849407,-0.5677551421505943,8,8,0.9999999999999997,0.986190535363837,0.03054261701749504,-0.0008887197505096367,0.005864695843873347,NO_HIT
1146,8,2,0.039999999999999925,5.216047513494029,0.00016741461446204424,0.0,-0.40441818229893567,-0.4035383784502044,-0.2690118319574778,-0.13452654649272477,-0.2694426034146041,2.3973895837234407,0.3292972567379739,-1.0000000000000018,0.3292972567379745,-0.6707027432620273,8,8,0.9999999999999999,0.9939037310694099,0.03810397214121097,-0.00031051222942757306,0.03781267324760707,NO_HIT
1147,8,3,0.20768555909001404,5.430099829531626,0.0007713081471352377,2.220446049250313e-16,-0.01059709982331493,-0.01059714970466595,-0.007064812799862854,-0.0035323369048037984,-0.007064776517564316,0.33765073079806146,0.074683961829636,-1.0000000000000013,0.0746839618296361,-0.9253160381703652,8,8,1.0,0.9999836864946782,0.07544332078944568,-0.0003054695328179591,0.19461527467414558,NO_HIT
1148,8,0,0.27457175217535956,5.482749494990545,0.0015292208706788062,0.0,-0.004995149332046047,-0.004995072805367137,-0.0033300512384301416,-0.00166502156693564,-0.00333010200459906,0.23241337606854212,0.05402319521238854,-1.0000000000000002,0.054023195212388554,-0.9459768047876117,8,8,1.0,0.9999792418295719,0.09329879215503549,-0.0006193289950182645,0.26008337392549497,NO_HIT
1149,8,1,0.004375918285634883,4.412805592888448,1.220159590531636e-07,0.0,-0.5576432511303204,-0.5618615058756936,-0.3762712803182061,-0.185590225557486,-0.3724762631949271,4.653156335121211,0.37308595834714064,-1.0000000000000016,0.3730859583471412,-0.6269140416528604,8,8,1.0,0.9940763425285979,0.035252456482282514,-0.0003648420886595005,0.0038125523801700867,NO_HIT
1150,8,2,0.0399999999999999,4.775173936182105,3.2574389197656786e-05,0.0,-0.10407426326823109,-0.10490167152706065,-0.06996593608097988,-0.03493573544608036,-0.06940664968802913,1.6055529669062947,0.23387151810724302,-0.9999999999999987,0.23387151810724272,-0.766128481892756,8,8,1.0,0.9999248851540506,0.03621298518818705,-8.044096432424652e-05,0.03669291426534069,NO_HIT
1151,8,3,0.19620466776603077,5.430684410897331,0.0010746584728058464,4.440892098500626e-16,-0.00391103664142939,-0.003911033347869469,-0.0026073524291650436,-0.0013036809187041837,-0.002607354539038203,0.3963995895320194,0.08627331294611537,-0.999999999999996,0.08627331294611502,-0.9137266870538809,8,8,0.9999999999999999,0.9999991386577994,0.0892062369393724,-0.0005331995646971066,0.19405876914022774,NO_HIT
1152,8,0,0.13523659962721052,5.179033446680739,0.0002092890173411648,1.1102230246251565e-16,-0.031960534441484056,-0.03195919161008905,-0.02130729474785973,-0.010651896862229643,-0.021308102564663693,1.6609266785772887,0.2626097518155954,-1.000000000000001,0.2626097518155957,-0.7373902481844055,8,8,1.0,0.9999547441189883,0.06791774911654203,-0.0002638466734783407,0.12951553914005878,NO_HIT
1153,8,1,0.004200620714748847,5.010290666688575,8.521334186779547e-06,0.0,-0.45674345692440865,-0.45634828987807596,-0.2989393538052001,-0.15740893607287534,-0.29883880276012437,3.3805865872945717,0.3833361607861831,-0.9999999999999993,0.3833361607861828,-0.6166638392138165,8,8,1.0,0.9984266723141224,0.020485564187366783,-9.836189831968767e-05,0.0037363971143956906,NO_HIT
1154,8,2,0.03999999999999959,5.267853989300528,0.00021951856598561594,0.0,-0.20938369737140344,-0.20921276459246263,-0.13947462837840244,-0.069738136214061,-0.1395774093493211,2.423524897392551,0.33763965926994033,-1.0000000000000007,0.33763965926994055,-0.6623603407300601,8,8,1.0000000000000004,0.9990815814780964,0.04676164984302403,-0.0002729657625479831,0.03831893315789603,NO_HIT
1155,8,3,0.21611078201488798,5.392204563555049,0.000569075912629377,0.0,-0.0031310610337163644,-0.0031310557019458827,-0.0020873872352256207,-0.001043668466720632,-0.0020873907352647785,0.3088339839597831,0.06909303136604392,-1.0,0.06909303136604392,-0.9309069686339561,8,8,1.0,0.9999980323357199,0.07230821328917368,-0.00024831877116593404,0.20262155766849932,NO_HIT
1156,8,0,0.1215631206947635,5.384560788082285,0.000856252228341914,2.220446049250313e-16,-0.018356347678490096,-0.018355046271391652,-0.012237934401699669,-0.006117111869690384,-0.01223879436136725,0.9718523812024213,0.18984369784497077,-0.9999999999999999,0.18984369784497074,-0.8101563021550291,8,8,0.9999999999999998,0.9999290436412502,0.06420471979338192,-0.00020337437687434345,0.1212729819072398,NO_HIT
1157,8,1,9.999999999994497e-05,4.440846657596611,9.82603535558137e-11,2.220446049250313e-16,-1.1495037146611344,-1.1361815905109005,-0.7690841463970304,-0.3670974441138668,-0.7656719651898302,8.901720371336019,0.4106502608322357,-1.0000000000000027,0.4106502608322368,-0.5893497391677658,8,8,0.9999999999999997,0.977566779061368,0.004490080099608496,-1.1474026156754746e-05,8.250851802541743e-05,NO_HIT
1158,8,2,0.03999999999999984,5.327329427757219,0.0002829284864982669,2.220446049250313e-16,-0.3445463808504264,-0.34454715642948736,-0.22930963698862794,-0.11523751944085893,-0.22921763946199375,2.380708814573266,0.3359006928860855,-0.9999999999999996,0.3359006928860853,-0.6640993071139143,8,8,1.0000000000000002,0.9979771134013969,0.0444526380559655,-0.00037620431255724895,0.03694621591231176,NO_HIT
1159,8,3,0.24539940886554334,5.426108820020774,0.0010631057217889513,2.220446049250313e-16,-0.018992884458641036,-0.018992653954026613,-0.012662072740805122,-0.006330581213220526,-0.012662220863680837,0.33331817780599043,0.07391072887021331,-1.0000000000000009,0.07391072887021338,-0.9260892711297875,8,8,0.9999999999999999,0.9999802991468283,0.07137467852790758,-0.0002720785609859888,0.211836794148192,NO_HIT
1160,8,0,0.09542444232110914,4.947083758930117,4.2275097868181554e-05,2.220446049250313e-16,-0.026137744291371428,-0.026135985173414825,-0.01742850347107652,-0.008707481702342895,-0.017429648967312812,1.785411671156782,0.2764450525509996,-1.0000000000000002,0.27644505255099966,-0.7235549474490006,8,8,1.0,0.9999310095103016,0.035293171927261106,-4.391603595710336e-05,0.08900395258179791,NO_HIT
1161,8,1,0.033609957530454544,5.0883631299063765,4.371052492885565e-05,2.220446049250313e-16,-0.5358614435960624,-0.5355396229785941,-0.3567647647044292,-0.17877485827416473,-0.35665794667710915,2.5510708038750516,0.3425465021801325,-1.0000000000000007,0.3425465021801327,-0.657453497819868,8,8,0.9999999999999996,0.9733265386722365,0.04667356518855783,-0.0006103899482061692,0.030659175919340812,NO_HIT
1162,8,2,0.039999999999999925,5.211071699003385,0.0002829284864982659,0.0,-0.1800252613678525,-0.1799367356434905,-0.11996591920427328,-0.059970816439216756,-0.11999928710695033,2.700510578522514,0.34632733808347077,-1.0000000000000002,0.3463273380834708,-0.6536726619165294,8,8,1.0,0.9975890764715425,0.029538187992823234,-8.532108510372893e-05,0.034332890075019426,NO_HIT
1163,8,3,0.22489845662964236,5.353881779063537,0.0007178586685191558,2.220446049250313e-16,-0.009291751433501659,-0.009291607264215728,-0.006194625524133152,-0.0030969817400825495,-0.006194719751124979,0.22704823596450854,0.05109248135981754,-1.0,0.05109248135981754,-0.9489075186401824,8,8,1.0,0.9999834381523655,0.06775842225289963,-0.00021640519551624493,0.20922683899583938,NO_HIT
1164,8,0,0.17768253631976005,5.407301655893829,0.000408537509624267,0.0,-0.04055649170870083,-0.040562059923141235,-0.027040765788570592,-0.013521294134569262,-0.027036881217080894,0.621154815771807,0.12904663825403492,-0.9999999999999999,0.1290466382540349,-0.870953361745965,8,8,1.0,0.9999920311912939,0.07826669819827436,-0.00033416430177801715,0.16962435393175757,NO_HIT
1165,8,1,0.007543061051760502,4.586305819924219,4.021950276114033e-07,2.220446049250313e-16,-0.3511685632394219,-0.3523787552425302,-0.23552172802783206,-0.11685702721469955,-0.2346284942476794,3.9265969923186694,0.3407633823742403,-0.9999999999999982,0.3407633823742397,-0.6592366176257585,8,8,1.0,0.9944385505892465,0.01953632447779137,-6.864380423543537e-05,0.0070389466923648225,NO_HIT
1166,8,2,0.0399999999999997,5.120877926032051,0.00028292848649826637,0.0,-0.14603560322803627,-0.14657742589099906,-0.09761495981777063,-0.04896246607322821,-0.09724877806511369,2.3384018979001437,0.30851948627932246,-0.9999999999999991,0.3085194862793222,-0.691480513720677,8,8,0.9999999999999998,0.9983981565156627,0.05588465677190725,-0.0002836979070677259,0.035933613678198584,NO_HIT
1167,8,3,0.22724139937453047,5.35656948728986,0.00047332153612985326,1.1102230246251565e-16,-0.0034434538359281964,-0.0034434331644210784,-0.002295640040387829,-0.0011477931240330558,-0.0022956537969992365,0.3559184525321657,0.07846882124843672,-0.9999999999999991,0.07846882124843665,-0.9215311787515624,8,8,0.9999999999999999,0.9999939547187122,0.0749753748337093,-0.0002898958234816007,0.21574972230091938,NO_HIT
1168,8,0,0.09353210173838811,5.022588955109892,0.0001241100749164554,1.1102230246251565e-16,-0.14339160675996568,-0.14307253247627047,-0.0954856267640169,-0.0475869057122531,-0.09569447881327867,1.8133891189155897,0.27950555736288935,-1.0000000000000009,0.27950555736288957,-0.7204944426371114,8,8,1.0000000000000004,0.9971249051416897,0.03171000176018657,-8.616021005725116e-05,0.08300710516346614,NO_HIT
1169,8,1,0.0082935051869919,4.971747460549794,3.8568310590693907e-07,1.1102230246251565e-16,-0.3763289282587777,-0.3863681520900548,-0.2567059086754353,-0.12966224341462018,-0.24984229787267237,3.2639843602960457,0.33695597475025985,-1.0000000000000013,0.3369559747502603,-0.663044025249741,8,8,0.9999999999999997,0.9959063514703987,0.019393427342890963,-7.36603583497697e-05,0.007396036408586881,NO_HIT
1170,8,2,0.03999999999999996,5.270990337006474,0.00027547884655243775,0.0,-0.34997917516037175,-0.34335045806125947,-0.23011297905544034,-0.11323747900581888,-0.23439053840344584,2.459612111366779,0.33947431785539867,-0.9999999999999993,0.33947431785539844,-0.6605256821446008,8,8,0.9999999999999999,0.9782513087086139,0.05077248972862924,-0.0004749395041372395,0.03923644022068636,NO_HIT
1171,8,3,0.2716154454328368,5.324628798050311,0.00039860404561488117,0.0,-0.0034248213036814352,-0.0034248316936815585,-0.002283244828092044,-0.0011415868655896,-0.0022832377900316296,0.20424266469921282,0.04558514535029411,-1.0000000000000016,0.045585145350294176,-0.9544148546497073,8,8,1.0,0.999999950253094,0.07366629481615657,-0.00027096339999754804,0.24112784514693042,NO_HIT
1172,8,0,0.18377701911707434,5.360931146902921,0.0003494944698448305,2.220446049250313e-16,-0.03792254412228646,-0.03792000917656526,-0.025282115003299514,-0.01263789417326422,-0.02528370814436759,1.1058960224910959,0.2062923583518846,-0.9999999999999999,0.20629235835188459,-0.7937076416481152,8,8,0.9999999999999998,0.9999312988717717,0.06455690422339375,-0.00023783369862062642,0.16671497452861261,NO_HIT
1173,8,1,0.00034400691760627655,4.218125052376342,2.3560594267366695e-09,0.0,-0.04768443550605547,-0.04765199001270247,-0.03183818426737099,-0.015813805745331422,-0.03184850057059514,2.7711314457988827,0.25867302875588977,-1.0000000000000009,0.25867302875589,-0.7413269712441108,8,8,0.9999999999999999,0.9992237268711491,0.0026514660073803232,-1.6805347513582092e-07,0.00027964295648197357,NO_HIT
1174,8,2,0.03999999999999996,5.152779765607186,0.00028292848649826637,3.3306690738754696e-16,-0.17489738246278383,-0.17503607706223495,-0.1164425393502119,-0.05859353771202244,-0.11633298922221881,2.177769377383117,0.30315463521208047,-0.9999999999999998,0.3031546352120804,-0.6968453647879194,8,8,0.9999999999999994,0.9995319389213344,0.03199876232952605,-0.00010274566762102921,0.03668181111296754,NO_HIT
1175,8,3,0.210657105043557,5.380062245130704,0.000754282941117095,3.3306690738754696e-16,-0.010189667289335616,-0.010189237837017213,-0.006792702134652605,-0.003396535702364367,-0.00679298703805632,0.3103955264923997,0.06750693004254095,-0.9999999999999994,0.06750693004254091,-0.9324930699574585,8,8,0.9999999999999996,0.9999426623740529,0.08516222717034667,-0.00039358536308764513,0.2020778676455791,NO_HIT
1176,8,0,0.1471223823899146,5.270637184614557,0.000490063995986559,0.0,-0.056284868684984786,-0.056283673954512226,-0.03752093842472163,-0.018762735529789687,-0.03752135045908424,0.9726176178252298,0.1844275282739223,-1.0000000000000018,0.18442752827392264,-0.8155724717260792,8,8,1.0000000000000002,0.9999026588552319,0.0741993404057415,-0.0003963958381101307,0.14181242513693446,NO_HIT
1177,8,1,0.0018580628884351524,4.8455870393799705,5.885912530481826e-07,2.220446049250313e-16,-0.11922126422365031,-0.11904520647985789,-0.07941694099422836,-0.03962826548562921,-0.07953092397212845,2.1943528226715427,0.2784551600479922,-0.9999999999999991,0.278455160047992,-0.7215448399520071,8,8,1.0,0.9984792434620294,0.017530211969534547,-1.9218689834232805e-05,0.0016819000847951848,NO_HIT
1178,8,2,0.04000000000000015,5.2755385279011255,0.0002829284864982659,2.220446049250313e-16,-0.14990965818850385,-0.15001050533893925,-0.09995502886055324,-0.05005547647838478,-0.09988167941257037,2.58377923081097,0.3350534176388891,-1.000000000000001,0.33505341763888946,-0.6649465823611116,8,8,0.9999999999999998,0.999574077599787,0.048207923858883533,-0.0002248055307658703,0.03630938288944287,NO_HIT
1179,8,3,0.18172816966572994,5.424489591041229,0.0009014962822055574,0.0,-0.008744983922923262,-0.008744911389791736,-0.00582992088254462,-0.0029149905072456544,-0.0058299670228960454,0.3073231527338567,0.07044040274974646,-0.9999999999999991,0.07044040274974639,-0.9295595972502527,8,8,1.0,0.9999689256271784,0.08201971816673546,-0.00039935013658976004,0.16842408750973592,NO_HIT
1180,8,0,0.08448798624944931,5.113842589626632,0.0002023916899879983,0.0,-0.13189769801935736,-0.13180088920962627,-0.08785919642866374,-0.04394169278096209,-0.08791460263044604,1.6906998829272988,0.2679721955046657,-1.000000000000002,0.2679721955046663,-0.7320278044953357,8,8,1.0,0.9990673604854651,0.05865291223742707,-0.000345785261277598,0.08305421544212677,NO_HIT
1181,8,1,9.999999999986586e-05,4.903688246884506,3.7308213702532955e-08,2.220446049250313e-16,-0.6401093651553189,-0.6366489647010747,-0.42166394738309665,-0.21498501731797698,-0.4220155845046131,5.105384700304601,0.31896253530121765,-0.9999999999999983,0.3189625353012171,-0.6810374646987812,8,8,0.9999999999999999,0.9741009690838067,0.005296955455957441,-8.936180927676673e-06,9.672312531073823e-05,NO_HIT
1182,8,2,0.040000000000000036,5.214654589098215,0.00014748269239122592,0.0,-0.25530946787695563,-0.2550910948357907,-0.16847320304076424,-0.08661789179502577,-0.16851507540545407,2.0790948690743694,0.3124969166113352,-1.000000000000002,0.31249691661133583,-0.6875030833886662,8,8,1.0,0.9988667570755995,0.061993089923492874,-0.0006237796139743068,0.038991311569078535,NO_HIT
1183,8,3,0.2342075240245974,5.50777423482102,0.0019164354601900351,0.0,-0.006405572656430849,-0.006405542646099545,-0.004270357023225856,-0.0021351856228738197,-0.0042703767705315745,0.43954696317401093,0.09805906734954734,-1.0000000000000024,0.09805906734954757,-0.9019409326504548,8,8,1.0000000000000002,0.9999951293746858,0.08790409980578838,-0.0005054824571759653,0.23409390530517793,NO_HIT
1184,8,0,0.15456822391164848,5.218694084957736,0.0002136612525279026,2.220446049250313e-16,-0.03792446294181886,-0.03792391620269019,-0.02528288354437733,-0.012641032658312512,-0.025283076600861622,0.6849268870176046,0.13974545701354912,-0.9999999999999982,0.13974545701354887,-0.8602545429864493,8,8,1.0000000000000002,0.9999333356301259,0.06078138287789741,-0.00019040731567532276,0.1407783555284412,NO_HIT
1185,8,1,0.0003163026114519907,5.093654396762215,4.1188042823980854e-09,0.0,-0.6320647502277646,-0.6591695043900911,-0.4283869630656323,-0.23078254132444642,-0.4073480923773786,6.746735264454731,0.3953887692709734,-1.0000000000000013,0.3953887692709739,-0.6046112307290274,8,8,1.0000000000000002,0.9977868837481519,0.008473375005590844,-2.3708812555867098e-05,0.00027977881062457577,NO_HIT
1186,8,2,0.03999999999999981,5.320201393286648,0.0002806931267348065,2.220446049250313e-16,-0.45067068265466786,-0.43636679250842536,-0.28974927128629946,-0.14661752122212396,-0.298845602345169,2.37505726011144,0.33142829824773296,-0.9999999999999999,0.3314282982477329,-0.668571701752267,8,8,1.0000000000000002,0.9581370931435127,0.040109391230343225,-0.00036836730027456355,0.0347477980149793,NO_HIT
1187,8,3,0.27935178098289815,5.480705611749527,0.0016353745496946303,0.0,-0.008209941486603069,-0.008211460298353138,-0.00547431588639757,-0.0027371444119560495,-0.005473302005185601,0.41311724027684993,0.09171292347261391,-0.9999999999999981,0.09171292347261374,-0.9082870765273844,8,8,0.9999999999999997,0.9999956211981974,0.07833837335522523,-0.00033791934387483735,0.24396894346025155,NO_HIT
1188,8,0,0.11168138005471184,5.316130877120917,0.0007548415857118124,0.0,-0.05614297022000744,-0.05612778577579798,-0.037416476402886936,-0.018711309372911045,-0.03742635489486032,1.6567056532970705,0.2656484856579754,-0.9999999999999997,0.2656484856579753,-0.7343515143420244,8,8,0.9999999999999998,0.9997194230676493,0.06452394721445161,-0.0002618221201986515,0.10199569468483594,NO_HIT
1189,8,1,0.00010000000000017166,3.8823222856991837,4.3510725750106765e-11,1.1102230246251565e-16,-3.368283248614906,-3.2912765866582583,-2.7546523215742047,-0.5366242650840453,-2.162421896807037,15.832966567176666,0.31824512250939896,-1.0000000000000004,0.3182451225093991,-0.6817548774906013,8,8,1.0000000000000002,0.9739290207132241,0.006037626503224407,-6.024007006555365e-05,8.970467809947442e-05,NO_HIT
1190,8,2,0.039999999999999813,5.180643080386345,0.0002600779635853156,0.0,-0.2444158702635276,-0.2444375733643119,-0.16291403961211992,-0.08152353375219228,-0.16280969204668094,2.569593101092554,0.32926119273860943,-1.000000000000001,0.3292611927386098,-0.6707388072613913,8,8,1.0000000000000004,0.999160623343054,0.04766110385026948,-0.0003132445076410306,0.037315168019355194,NO_HIT
1191,8,3,0.23527748395107864,5.520996412491836,0.0022152788288281127,2.220446049250313e-16,-0.012478319403694624,-0.012477742152837234,-0.008318507206955457,-0.004159234945882051,-0.008318888726908346,0.4735059837328589,0.1049225969904168,-0.9999999999999976,0.10492259699041655,-0.895077403009581,8,8,1.0,0.99995324281386,0.08469841205549583,-0.00045398692791476236,0.22940916027068606,NO_HIT
1192,8,0,0.0894156285351706,4.5776085125361154,9.994017249065553e-06,0.0,-0.00336362102515959,-0.0033636280148457414,-0.002242349627039655,-0.0011212783878071786,-0.0022423446163981143,0.37239444563344326,0.07240349542230745,-1.0000000000000016,0.07240349542230756,-0.9275965045776939,8,8,1.0,0.9999993217526958,0.05474356014814318,-8.836604050177499e-05,0.08234877405042107,NO_HIT
1193,8,1,9.999999999943388e-05,3.965577762353707,1.387421714161621e-11,0.0,-1.2939689535620704,-1.274577812342359,-0.8152119130042726,-0.4593658993380847,-0.8103335541739751,7.588145652884912,0.40773783968393773,-1.0000000000000024,0.40773783968393873,-0.5922621603160637,8,8,0.9999999999999998,0.8839403332574438,0.0011797464432613757,-8.870206062994157e-07,8.212707518395757e-05,NO_HIT
1194,8,2,0.039999999999999925,5.1863026834998065,0.0002323840981541852,2.220446049250313e-16,-0.1414161604263784,-0.14142004359132546,-0.09425275268907066,-0.04716729090225475,-0.09424531078448728,2.593862484400379,0.3349880781765686,-0.9999999999999976,0.3349880781765678,-0.6650119218234298,8,8,1.0,0.9999989988572726,0.06832258416753727,-0.000519100192298616,0.03947088746680138,NO_HIT
1195,8,3,0.19352571972219246,5.407550991736778,0.0006710226980973,1.1102230246251565e-16,-0.0062096093886309335,-0.0062096962469435114,-0.004139793812107955,-0.0020699024348354578,-0.004139735444211245,0.3864403576529822,0.08545085074043608,-1.0000000000000007,0.08545085074043614,-0.9145491492595645,8,8,0.9999999999999998,0.9999994058774022,0.07188510740731391,-0.0002506703578530889,0.17660631316282815,NO_HIT
1196,8,0,0.08392070439053811,5.245045394226448,0.0003321414294795603,0.0,-0.03730266529848436,-0.03729943217815691,-0.024873477334928836,-0.012425954843226034,-0.02487552990536093,1.328216050323266,0.22430607120655072,-0.9999999999999989,0.22430607120655047,-0.7756939287934485,8,8,0.9999999999999999,0.9999076247810704,0.059118945784743596,-0.00018441004814206963,0.08292253154354817,NO_HIT
1197,8,1,9.999999999999872e-05,5.0431040047616404,3.156737459413804e-08,0.0,-0.5615209760590392,-0.5540793255197479,-0.3681097904163058,-0.1859695351034415,-0.3725067845025243,5.173819908440262,0.4212556799033331,-0.9999999999999998,0.421255679903333,-0.5787443200966668,8,8,0.9999999999999992,0.9835358731981704,0.006300778423749451,-1.10090956271236e-05,9.410932125731618e-05,NO_HIT
1198,8,2,0.03999999999999973,5.073727292434833,0.00018166511013034773,2.220446049250313e-16,-0.19590791731151364,-0.2822296831914439,-0.18791479085293328,-0.0943148923385092,-0.13039441653037923,1.9470374224520466,0.2897238642535664,-1.0000000000000004,0.2897238642535665,-0.710276135746434,8,8,0.9999999999999999,0.9926430933327688,0.027491435781314234,-0.00011263021441010324,0.03318144440630344,NO_HIT
1199,8,3,0.2814436344726114,5.413429654981798,0.0008360820443063018,2.220446049250313e-16,-0.011417797340716051,-0.011417823471308397,-0.007611936949981268,-0.0038058865213262544,-0.007611918376483561,0.3244007661115677,0.07324298380733613,-0.9999999999999997,0.0732429838073361,-0.9267570161926636,8,8,1.0,0.999962954205862,0.07042943922671792,-0.00024242662192452968,0.23717207473845683,NO_HIT
