family,epsilon,n,Hn_second,increment_second,Hn_second_over_n,conditional_fisher,prediction_vertical,spectral_increment,coherence_increment,coherence_over_abs_spectral,bulk_limit,bulk_correction,min_conditional_p,max_conditional_p,eig_min,eig_max,delta,threshold_status,transition_count,correction_over_transition_count
near_symmetric_m2_least,0.2,2,-4.105292536741581e-09,-4.105292536741581e-09,-2.0526462683707905e-09,-1.3957857059017898e-34,-4.105292536741581e-09,-1.4162410637213743e-07,1.3751881383539584e-07,0.971012755936095,-0.0010471485329255487,0.001047144427633012,0.30227755852963517,0.46176281224116095,0.29241181672738015,0.45795900371653686,0.01,SAFE_DELTA_AWAY_FROM_EPSILON,2,6.875940691769792e-08
near_symmetric_m2_least,0.2,2,-4.105292536741581e-09,-4.105292536741581e-09,-2.0526462683707905e-09,-1.3957857059017898e-34,-4.105292536741581e-09,-1.4162410637213743e-07,1.3751881383539584e-07,0.971012755936095,-0.0010471485329255487,0.001047144427633012,0.30227755852963517,0.46176281224116095,0.29241181672738015,0.45795900371653686,0.02,SAFE_DELTA_AWAY_FROM_EPSILON,2,6.875940691769792e-08
near_symmetric_m2_least,0.2,2,-4.105292536741581e-09,-4.105292536741581e-09,-2.0526462683707905e-09,-1.3957857059017898e-34,-4.105292536741581e-09,-1.4162410637213743e-07,1.3751881383539584e-07,0.971012755936095,-0.0010471485329255487,0.001047144427633012,0.30227755852963517,0.46176281224116095,0.29241181672738015,0.45795900371653686,0.05,SAFE_DELTA_AWAY_FROM_EPSILON,2,6.875940691769792e-08
near_symmetric_m2_least,0.2,2,-4.105292536741581e-09,-4.105292536741581e-09,-2.0526462683707905e-09,-1.3957857059017898e-34,-4.105292536741581e-09,-1.4162410637213743e-07,1.3751881383539584e-07,0.971012755936095,-0.0010471485329255487,0.001047144427633012,0.30227755852963517,0.46176281224116095,0.29241181672738015,0.45795900371653686,0.1,SAFE_DELTA_AWAY_FROM_EPSILON,2,6.875940691769792e-08
near_symmetric_m2_least,0.2,2,-4.105292536741581e-09,-4.105292536741581e-09,-2.0526462683707905e-09,-1.3957857059017898e-34,-4.105292536741581e-09,-1.4162410637213743e-07,1.3751881383539584e-07,0.971012755936095,-0.0010471485329255487,0.001047144427633012,0.30227755852963517,0.46176281224116095,0.29241181672738015,0.45795900371653686,0.2,EXCLUDED_FROM_FITS_DELTA_EQUALS_EPSILON_ROUNDOFF_SENSITIVE,2,6.875940691769792e-08
near_symmetric_m2_least,0.2,3,-8.125404559360013e-08,-7.714875305685854e-08,-2.7084681864533377e-08,-6.214568631026527e-34,-7.714875305685854e-08,-2.916137360895602e-06,2.8389886078387436e-06,0.9735441978517896,-0.0010471485329255487,0.0010470713841724919,0.30227755852963517,0.46176281224116095,0.21215815667653992,0.4592384459077607,0.01,SAFE_DELTA_AWAY_FROM_EPSILON,3,9.463295359462479e-07
near_symmetric_m2_least,0.2,3,-8.125404559360013e-08,-7.714875305685854e-08,-2.7084681864533377e-08,-6.214568631026527e-34,-7.714875305685854e-08,-2.916137360895602e-06,2.8389886078387436e-06,0.9735441978517896,-0.0010471485329255487,0.0010470713841724919,0.30227755852963517,0.46176281224116095,0.21215815667653992,0.4592384459077607,0.02,SAFE_DELTA_AWAY_FROM_EPSILON,3,9.463295359462479e-07
near_symmetric_m2_least,0.2,3,-8.125404559360013e-08,-7.714875305685854e-08,-2.7084681864533377e-08,-6.214568631026527e-34,-7.714875305685854e-08,-2.916137360895602e-06,2.8389886078387436e-06,0.9735441978517896,-0.0010471485329255487,0.0010470713841724919,0.30227755852963517,0.46176281224116095,0.21215815667653992,0.4592384459077607,0.05,SAFE_DELTA_AWAY_FROM_EPSILON,3,9.463295359462479e-07
near_symmetric_m2_least,0.2,3,-8.125404559360013e-08,-7.714875305685854e-08,-2.7084681864533377e-08,-6.214568631026527e-34,-7.714875305685854e-08,-2.916137360895602e-06,2.8389886078387436e-06,0.9735441978517896,-0.0010471485329255487,0.0010470713841724919,0.30227755852963517,0.46176281224116095,0.21215815667653992,0.4592384459077607,0.1,SAFE_DELTA_AWAY_FROM_EPSILON,3,9.463295359462479e-07
near_symmetric_m2_least,0.2,3,-8.125404559360013e-08,-7.714875305685854e-08,-2.7084681864533377e-08,-6.214568631026527e-34,-7.714875305685854e-08,-2.916137360895602e-06,2.8389886078387436e-06,0.9735441978517896,-0.0010471485329255487,0.0010470713841724919,0.30227755852963517,0.46176281224116095,0.21215815667653992,0.4592384459077607,0.2,EXCLUDED_FROM_FITS_DELTA_EQUALS_EPSILON_ROUNDOFF_SENSITIVE,3,9.463295359462479e-07
near_symmetric_m2_least,0.2,4,-6.257079783707431e-07,-5.444539327771429e-07,-1.5642699459268577e-07,-5.734653615584969e-34,-5.444539327771429e-07,-9.018480989761613e-06,8.47402705698447e-06,0.9396290868278988,-0.0010471485329255487,0.0010466040789927715,0.30227755852963517,0.46176281224116095,0.2040225731424385,0.5884020686716706,0.01,SAFE_DELTA_AWAY_FROM_EPSILON,4,2.1185067642461174e-06
near_symmetric_m2_least,0.2,4,-6.257079783707431e-07,-5.444539327771429e-07,-1.5642699459268577e-07,-5.734653615584969e-34,-5.444539327771429e-07,-9.018480989761613e-06,8.47402705698447e-06,0.9396290868278988,-0.0010471485329255487,0.0010466040789927715,0.30227755852963517,0.46176281224116095,0.2040225731424385,0.5884020686716706,0.02,SAFE_DELTA_AWAY_FROM_EPSILON,4,2.1185067642461174e-06
near_symmetric_m2_least,0.2,4,-6.257079783707431e-07,-5.444539327771429e-07,-1.5642699459268577e-07,-5.734653615584969e-34,-5.444539327771429e-07,-9.018480989761613e-06,8.47402705698447e-06,0.9396290868278988,-0.0010471485329255487,0.0010466040789927715,0.30227755852963517,0.46176281224116095,0.2040225731424385,0.5884020686716706,0.05,SAFE_DELTA_AWAY_FROM_EPSILON,4,2.1185067642461174e-06
near_symmetric_m2_least,0.2,4,-6.257079783707431e-07,-5.444539327771429e-07,-1.5642699459268577e-07,-5.734653615584969e-34,-5.444539327771429e-07,-9.018480989761613e-06,8.47402705698447e-06,0.9396290868278988,-0.0010471485329255487,0.0010466040789927715,0.30227755852963517,0.46176281224116095,0.2040225731424385,0.5884020686716706,0.1,SAFE_DELTA_AWAY_FROM_EPSILON,4,2.1185067642461174e-06
near_symmetric_m2_least,0.2,4,-6.257079783707431e-07,-5.444539327771429e-07,-1.5642699459268577e-07,-5.734653615584969e-34,-5.444539327771429e-07,-9.018480989761613e-06,8.47402705698447e-06,0.9396290868278988,-0.0010471485329255487,0.0010466040789927715,0.30227755852963517,0.46176281224116095,0.2040225731424385,0.5884020686716706,0.2,EXCLUDED_FROM_FITS_DELTA_EQUALS_EPSILON_ROUNDOFF_SENSITIVE,4,2.1185067642461174e-06
near_symmetric_m2_least,0.2,5,-1.2306573433851252e-06,-6.049493650143821e-07,-2.4613146867702504e-07,-8.23708614818716e-34,-6.049493650143821e-07,-1.1180562267767195e-05,1.0575612902752813e-05,0.9458927600843108,-0.0010471485329255487,0.0010465435835605344,0.30227755852963517,0.46176281224116095,0.20035886201473338,0.6441724143817491,0.01,SAFE_DELTA_AWAY_FROM_EPSILON,5,2.1151225805505626e-06
near_symmetric_m2_least,0.2,5,-1.2306573433851252e-06,-6.049493650143821e-07,-2.4613146867702504e-07,-8.23708614818716e-34,-6.049493650143821e-07,-1.1180562267767195e-05,1.0575612902752813e-05,0.9458927600843108,-0.0010471485329255487,0.0010465435835605344,0.30227755852963517,0.46176281224116095,0.20035886201473338,0.6441724143817491,0.02,SAFE_DELTA_AWAY_FROM_EPSILON,5,2.1151225805505626e-06
near_symmetric_m2_least,0.2,5,-1.2306573433851252e-06,-6.049493650143821e-07,-2.4613146867702504e-07,-8.23708614818716e-34,-6.049493650143821e-07,-1.1180562267767195e-05,1.0575612902752813e-05,0.9458927600843108,-0.0010471485329255487,0.0010465435835605344,0.30227755852963517,0.46176281224116095,0.20035886201473338,0.6441724143817491,0.05,SAFE_DELTA_AWAY_FROM_EPSILON,5,2.1151225805505626e-06
near_symmetric_m2_least,0.2,5,-1.2306573433851252e-06,-6.049493650143821e-07,-2.4613146867702504e-07,-8.23708614818716e-34,-6.049493650143821e-07,-1.1180562267767195e-05,1.0575612902752813e-05,0.9458927600843108,-0.0010471485329255487,0.0010465435835605344,0.30227755852963517,0.46176281224116095,0.20035886201473338,0.6441724143817491,0.1,SAFE_DELTA_AWAY_FROM_EPSILON,5,2.1151225805505626e-06
near_symmetric_m2_least,0.2,5,-1.2306573433851252e-06,-6.049493650143821e-07,-2.4613146867702504e-07,-8.23708614818716e-34,-6.049493650143821e-07,-1.1180562267767195e-05,1.0575612902752813e-05,0.9458927600843108,-0.0010471485329255487,0.0010465435835605344,0.30227755852963517,0.46176281224116095,0.20035886201473338,0.6441724143817491,0.2,EXCLUDED_FROM_FITS_DELTA_EQUALS_EPSILON_ROUNDOFF_SENSITIVE,5,2.1151225805505626e-06
near_symmetric_m2_least,0.2,6,-1.851896117025283e-06,-6.212387736401579e-07,-3.0864935283754716e-07,-8.710892315993539e-34,-6.212387736401579e-07,-1.1523874798584427e-05,1.0902636024944268e-05,0.9460911555793308,-0.0010471485329255487,0.0010465272941519086,0.30227755852963517,0.46176281224116095,0.20010549744370337,0.6458818867966608,0.01,SAFE_DELTA_AWAY_FROM_EPSILON,6,1.817106004157378e-06
near_symmetric_m2_least,0.2,6,-1.851896117025283e-06,-6.212387736401579e-07,-3.0864935283754716e-07,-8.710892315993539e-34,-6.212387736401579e-07,-1.1523874798584427e-05,1.0902636024944268e-05,0.9460911555793308,-0.0010471485329255487,0.0010465272941519086,0.30227755852963517,0.46176281224116095,0.20010549744370337,0.6458818867966608,0.02,SAFE_DELTA_AWAY_FROM_EPSILON,6,1.817106004157378e-06
near_symmetric_m2_least,0.2,6,-1.851896117025283e-06,-6.212387736401579e-07,-3.0864935283754716e-07,-8.710892315993539e-34,-6.212387736401579e-07,-1.1523874798584427e-05,1.0902636024944268e-05,0.9460911555793308,-0.0010471485329255487,0.0010465272941519086,0.30227755852963517,0.46176281224116095,0.20010549744370337,0.6458818867966608,0.05,SAFE_DELTA_AWAY_FROM_EPSILON,6,1.817106004157378e-06
near_symmetric_m2_least,0.2,6,-1.851896117025283e-06,-6.212387736401579e-07,-3.0864935283754716e-07,-8.710892315993539e-34,-6.212387736401579e-07,-1.1523874798584427e-05,1.0902636024944268e-05,0.9460911555793308,-0.0010471485329255487,0.0010465272941519086,0.30227755852963517,0.46176281224116095,0.20010549744370337,0.6458818867966608,0.1,SAFE_DELTA_AWAY_FROM_EPSILON,6,1.817106004157378e-06
near_symmetric_m2_least,0.2,6,-1.851896117025283e-06,-6.212387736401579e-07,-3.0864935283754716e-07,-8.710892315993539e-34,-6.212387736401579e-07,-1.1523874798584427e-05,1.0902636024944268e-05,0.9460911555793308,-0.0010471485329255487,0.0010465272941519086,0.30227755852963517,0.46176281224116095,0.20010549744370337,0.6458818867966608,0.2,EXCLUDED_FROM_FITS_DELTA_EQUALS_EPSILON_ROUNDOFF_SENSITIVE,6,1.817106004157378e-06
near_symmetric_m2_least,0.2,7,-2.513818705344944e-06,-6.61922588319661e-07,-3.5911695790642057e-07,-8.596315977851167e-34,-6.61922588319661e-07,-1.305378296699675e-05,1.239186037867709e-05,0.949292661752293,-0.0010471485329255487,0.001046486610337229,0.30227755852963517,0.46176281224116095,0.20000843197807164,0.7147499396899435,0.01,SAFE_DELTA_AWAY_FROM_EPSILON,7,1.7702657683824414e-06
near_symmetric_m2_least,0.2,7,-2.513818705344944e-06,-6.61922588319661e-07,-3.5911695790642057e-07,-8.596315977851167e-34,-6.61922588319661e-07,-1.305378296699675e-05,1.239186037867709e-05,0.949292661752293,-0.0010471485329255487,0.001046486610337229,0.30227755852963517,0.46176281224116095,0.20000843197807164,0.7147499396899435,0.02,SAFE_DELTA_AWAY_FROM_EPSILON,7,1.7702657683824414e-06
near_symmetric_m2_least,0.2,7,-2.513818705344944e-06,-6.61922588319661e-07,-3.5911695790642057e-07,-8.596315977851167e-34,-6.61922588319661e-07,-1.305378296699675e-05,1.239186037867709e-05,0.949292661752293,-0.0010471485329255487,0.001046486610337229,0.30227755852963517,0.46176281224116095,0.20000843197807164,0.7147499396899435,0.05,SAFE_DELTA_AWAY_FROM_EPSILON,7,1.7702657683824414e-06
near_symmetric_m2_least,0.2,7,-2.513818705344944e-06,-6.61922588319661e-07,-3.5911695790642057e-07,-8.596315977851167e-34,-6.61922588319661e-07,-1.305378296699675e-05,1.239186037867709e-05,0.949292661752293,-0.0010471485329255487,0.001046486610337229,0.30227755852963517,0.46176281224116095,0.20000843197807164,0.7147499396899435,0.1,SAFE_DELTA_AWAY_FROM_EPSILON,7,1.7702657683824414e-06
near_symmetric_m2_least,0.2,7,-2.513818705344944e-06,-6.61922588319661e-07,-3.5911695790642057e-07,-8.596315977851167e-34,-6.61922588319661e-07,-1.305378296699675e-05,1.239186037867709e-05,0.949292661752293,-0.0010471485329255487,0.001046486610337229,0.30227755852963517,0.46176281224116095,0.20000843197807164,0.7147499396899435,0.2,EXCLUDED_FROM_FITS_DELTA_EQUALS_EPSILON_ROUNDOFF_SENSITIVE,7,1.7702657683824414e-06
near_symmetric_m2_least,0.2,8,-3.1861617772969323e-06,-6.723430719519883e-07,-3.9827022216211654e-07,-8.731009521984864e-34,-6.723430719519883e-07,-1.413776756440144e-05,1.3465424492449452e-05,0.9524434767448765,-0.0010471485329255487,0.0010464761898535966,0.30227755852963517,0.46176281224116095,0.2000024048698886,0.7423997676491267,0.01,SAFE_DELTA_AWAY_FROM_EPSILON,8,1.6831780615561815e-06
near_symmetric_m2_least,0.2,8,-3.1861617772969323e-06,-6.723430719519883e-07,-3.9827022216211654e-07,-8.731009521984864e-34,-6.723430719519883e-07,-1.413776756440144e-05,1.3465424492449452e-05,0.9524434767448765,-0.0010471485329255487,0.0010464761898535966,0.30227755852963517,0.46176281224116095,0.2000024048698886,0.7423997676491267,0.02,SAFE_DELTA_AWAY_FROM_EPSILON,8,1.6831780615561815e-06
near_symmetric_m2_least,0.2,8,-3.1861617772969323e-06,-6.723430719519883e-07,-3.9827022216211654e-07,-8.731009521984864e-34,-6.723430719519883e-07,-1.413776756440144e-05,1.3465424492449452e-05,0.9524434767448765,-0.0010471485329255487,0.0010464761898535966,0.30227755852963517,0.46176281224116095,0.2000024048698886,0.7423997676491267,0.05,SAFE_DELTA_AWAY_FROM_EPSILON,8,1.6831780615561815e-06
near_symmetric_m2_least,0.2,8,-3.1861617772969323e-06,-6.723430719519883e-07,-3.9827022216211654e-07,-8.731009521984864e-34,-6.723430719519883e-07,-1.413776756440144e-05,1.3465424492449452e-05,0.9524434767448765,-0.0010471485329255487,0.0010464761898535966,0.30227755852963517,0.46176281224116095,0.2000024048698886,0.7423997676491267,0.1,SAFE_DELTA_AWAY_FROM_EPSILON,8,1.6831780615561815e-06
near_symmetric_m2_least,0.2,8,-3.1861617772969323e-06,-6.723430719519883e-07,-3.9827022216211654e-07,-8.731009521984864e-34,-6.723430719519883e-07,-1.413776756440144e-05,1.3465424492449452e-05,0.9524434767448765,-0.0010471485329255487,0.0010464761898535966,0.30227755852963517,0.46176281224116095,0.2000024048698886,0.7423997676491267,0.2,EXCLUDED_FROM_FITS_DELTA_EQUALS_EPSILON_ROUNDOFF_SENSITIVE,8,1.6831780615561815e-06
near_symmetric_m2_least,0.2,9,-3.866560526957969e-06,-6.803987496610372e-07,-4.296178363286633e-07,-8.881936186288824e-34,-6.803987496610372e-07,-1.6427753702240942e-05,1.5747354952579905e-05,0.9585823623854172,-0.0010471485329255487,0.0010464681341758877,0.30227755852963517,0.46176281224116095,0.2000001840606038,0.7436940079864723,0.01,SAFE_DELTA_AWAY_FROM_EPSILON,9,1.7497061058422116e-06
near_symmetric_m2_least,0.2,9,-3.866560526957969e-06,-6.803987496610372e-07,-4.296178363286633e-07,-8.881936186288824e-34,-6.803987496610372e-07,-1.6427753702240942e-05,1.5747354952579905e-05,0.9585823623854172,-0.0010471485329255487,0.0010464681341758877,0.30227755852963517,0.46176281224116095,0.2000001840606038,0.7436940079864723,0.02,SAFE_DELTA_AWAY_FROM_EPSILON,9,1.7497061058422116e-06
near_symmetric_m2_least,0.2,9,-3.866560526957969e-06,-6.803987496610372e-07,-4.296178363286633e-07,-8.881936186288824e-34,-6.803987496610372e-07,-1.6427753702240942e-05,1.5747354952579905e-05,0.9585823623854172,-0.0010471485329255487,0.0010464681341758877,0.30227755852963517,0.46176281224116095,0.2000001840606038,0.7436940079864723,0.05,SAFE_DELTA_AWAY_FROM_EPSILON,9,1.7497061058422116e-06
near_symmetric_m2_least,0.2,9,-3.866560526957969e-06,-6.803987496610372e-07,-4.296178363286633e-07,-8.881936186288824e-34,-6.803987496610372e-07,-1.6427753702240942e-05,1.5747354952579905e-05,0.9585823623854172,-0.0010471485329255487,0.0010464681341758877,0.30227755852963517,0.46176281224116095,0.2000001840606038,0.7436940079864723,0.1,SAFE_DELTA_AWAY_FROM_EPSILON,9,1.7497061058422116e-06
near_symmetric_m2_least,0.2,9,-3.866560526957969e-06,-6.803987496610372e-07,-4.296178363286633e-07,-8.881936186288824e-34,-6.803987496610372e-07,-1.6427753702240942e-05,1.5747354952579905e-05,0.9585823623854172,-0.0010471485329255487,0.0010464681341758877,0.30227755852963517,0.46176281224116095,0.2000001840606038,0.7436940079864723,0.2,EXCLUDED_FROM_FITS_DELTA_EQUALS_EPSILON_ROUNDOFF_SENSITIVE,9,1.7497061058422116e-06
near_symmetric_m2_least,0.2,10,-4.589841349226652e-06,-7.232808222686828e-07,-4.589841349226652e-07,-8.920785034689214e-34,-7.232808222686828e-07,-2.027582983724988e-05,1.9552549014981194e-05,0.9643279299503735,-0.0010471485329255487,0.00104642525210328,0.30227755852963517,0.46176281224116095,0.20000005178462607,0.7711020820284434,0.01,SAFE_DELTA_AWAY_FROM_EPSILON,10,1.9552549014981193e-06
near_symmetric_m2_least,0.2,10,-4.589841349226652e-06,-7.232808222686828e-07,-4.589841349226652e-07,-8.920785034689214e-34,-7.232808222686828e-07,-2.027582983724988e-05,1.9552549014981194e-05,0.9643279299503735,-0.0010471485329255487,0.00104642525210328,0.30227755852963517,0.46176281224116095,0.20000005178462607,0.7711020820284434,0.02,SAFE_DELTA_AWAY_FROM_EPSILON,10,1.9552549014981193e-06
near_symmetric_m2_least,0.2,10,-4.589841349226652e-06,-7.232808222686828e-07,-4.589841349226652e-07,-8.920785034689214e-34,-7.232808222686828e-07,-2.027582983724988e-05,1.9552549014981194e-05,0.9643279299503735,-0.0010471485329255487,0.00104642525210328,0.30227755852963517,0.46176281224116095,0.20000005178462607,0.7711020820284434,0.05,SAFE_DELTA_AWAY_FROM_EPSILON,10,1.9552549014981193e-06
near_symmetric_m2_least,0.2,10,-4.589841349226652e-06,-7.232808222686828e-07,-4.589841349226652e-07,-8.920785034689214e-34,-7.232808222686828e-07,-2.027582983724988e-05,1.9552549014981194e-05,0.9643279299503735,-0.0010471485329255487,0.00104642525210328,0.30227755852963517,0.46176281224116095,0.20000005178462607,0.7711020820284434,0.1,SAFE_DELTA_AWAY_FROM_EPSILON,10,1.9552549014981193e-06
near_symmetric_m2_least,0.2,10,-4.589841349226652e-06,-7.232808222686828e-07,-4.589841349226652e-07,-8.920785034689214e-34,-7.232808222686828e-07,-2.027582983724988e-05,1.9552549014981194e-05,0.9643279299503735,-0.0010471485329255487,0.00104642525210328,0.30227755852963517,0.46176281224116095,0.20000005178462607,0.7711020820284434,0.2,EXCLUDED_FROM_FITS_DELTA_EQUALS_EPSILON_ROUNDOFF_SENSITIVE,10,1.9552549014981193e-06
near_symmetric_m2_least,0.2,11,-5.3178133062256995e-06,-7.27971956999047e-07,-4.834375732932454e-07,-8.9474320845589e-34,-7.27971956999047e-07,-2.123016887768706e-05,2.0502196920688012e-05,0.9657104961720702,-0.0010471485329255487,0.0010464205609685496,0.30227755852963517,0.46176281224116095,0.2000000038744519,0.7818473621399341,0.01,SAFE_DELTA_AWAY_FROM_EPSILON,11,1.8638360836989101e-06
near_symmetric_m2_least,0.2,11,-5.3178133062256995e-06,-7.27971956999047e-07,-4.834375732932454e-07,-8.9474320845589e-34,-7.27971956999047e-07,-2.123016887768706e-05,2.0502196920688012e-05,0.9657104961720702,-0.0010471485329255487,0.0010464205609685496,0.30227755852963517,0.46176281224116095,0.2000000038744519,0.7818473621399341,0.02,SAFE_DELTA_AWAY_FROM_EPSILON,11,1.8638360836989101e-06
near_symmetric_m2_least,0.2,11,-5.3178133062256995e-06,-7.27971956999047e-07,-4.834375732932454e-07,-8.9474320845589e-34,-7.27971956999047e-07,-2.123016887768706e-05,2.0502196920688012e-05,0.9657104961720702,-0.0010471485329255487,0.0010464205609685496,0.30227755852963517,0.46176281224116095,0.2000000038744519,0.7818473621399341,0.05,SAFE_DELTA_AWAY_FROM_EPSILON,11,1.8638360836989101e-06
near_symmetric_m2_least,0.2,11,-5.3178133062256995e-06,-7.27971956999047e-07,-4.834375732932454e-07,-8.9474320845589e-34,-7.27971956999047e-07,-2.123016887768706e-05,2.0502196920688012e-05,0.9657104961720702,-0.0010471485329255487,0.0010464205609685496,0.30227755852963517,0.46176281224116095,0.2000000038744519,0.7818473621399341,0.1,SAFE_DELTA_AWAY_FROM_EPSILON,11,1.8638360836989101e-06
near_symmetric_m2_least,0.2,11,-5.3178133062256995e-06,-7.27971956999047e-07,-4.834375732932454e-07,-8.9474320845589e-34,-7.27971956999047e-07,-2.123016887768706e-05,2.0502196920688012e-05,0.9657104961720702,-0.0010471485329255487,0.0010464205609685496,0.30227755852963517,0.46176281224116095,0.2000000038744519,0.7818473621399341,0.2,EXCLUDED_FROM_FITS_DELTA_EQUALS_EPSILON_ROUNDOFF_SENSITIVE,11,1.8638360836989101e-06
near_symmetric_m2_least,0.2,12,-6.055100909166455e-06,-7.372876029407555e-07,-5.04591742430538e-07,-9.582166912972736e-34,-7.372876029407555e-07,-2.2729727239669423e-05,2.199243963672867e-05,0.9675628486357728,-0.0010471485329255487,0.0010464112453226078,0.30227755852963517,0.46176281224116095,0.20000000108102953,0.7825343836676245,0.01,SAFE_DELTA_AWAY_FROM_EPSILON,12,1.8327033030607224e-06
near_symmetric_m2_least,0.2,12,-6.055100909166455e-06,-7.372876029407555e-07,-5.04591742430538e-07,-9.582166912972736e-34,-7.372876029407555e-07,-2.2729727239669423e-05,2.199243963672867e-05,0.9675628486357728,-0.0010471485329255487,0.0010464112453226078,0.30227755852963517,0.46176281224116095,0.20000000108102953,0.7825343836676245,0.02,SAFE_DELTA_AWAY_FROM_EPSILON,12,1.8327033030607224e-06
near_symmetric_m2_least,0.2,12,-6.055100909166455e-06,-7.372876029407555e-07,-5.04591742430538e-07,-9.582166912972736e-34,-7.372876029407555e-07,-2.2729727239669423e-05,2.199243963672867e-05,0.9675628486357728,-0.0010471485329255487,0.0010464112453226078,0.30227755852963517,0.46176281224116095,0.20000000108102953,0.7825343836676245,0.05,SAFE_DELTA_AWAY_FROM_EPSILON,12,1.8327033030607224e-06
near_symmetric_m2_least,0.2,12,-6.055100909166455e-06,-7.372876029407555e-07,-5.04591742430538e-07,-9.582166912972736e-34,-7.372876029407555e-07,-2.2729727239669423e-05,2.199243963672867e-05,0.9675628486357728,-0.0010471485329255487,0.0010464112453226078,0.30227755852963517,0.46176281224116095,0.20000000108102953,0.7825343836676245,0.1,SAFE_DELTA_AWAY_FROM_EPSILON,12,1.8327033030607224e-06
near_symmetric_m2_least,0.2,12,-6.055100909166455e-06,-7.372876029407555e-07,-5.04591742430538e-07,-9.582166912972736e-34,-7.372876029407555e-07,-2.2729727239669423e-05,2.199243963672867e-05,0.9675628486357728,-0.0010471485329255487,0.0010464112453226078,0.30227755852963517,0.46176281224116095,0.20000000108102953,0.7825343836676245,0.2,EXCLUDED_FROM_FITS_DELTA_EQUALS_EPSILON_ROUNDOFF_SENSITIVE,12,1.8327033030607224e-06
near_symmetric_m2_least,0.2,13,-6.819798490450267e-06,-7.646975812838119e-07,-5.245998838807898e-07,-9.619475396674763e-34,-7.646975812838119e-07,-2.622675451862186e-05,2.5462056937338048e-05,0.9708428436793103,-0.0010471485329255487,0.0010463838353442648,0.30227755852963517,0.46176281224116095,0.2000000000797803,0.7912760359643372,0.01,SAFE_DELTA_AWAY_FROM_EPSILON,13,1.958619764410619e-06
near_symmetric_m2_least,0.2,13,-6.819798490450267e-06,-7.646975812838119e-07,-5.245998838807898e-07,-9.619475396674763e-34,-7.646975812838119e-07,-2.622675451862186e-05,2.5462056937338048e-05,0.9708428436793103,-0.0010471485329255487,0.0010463838353442648,0.30227755852963517,0.46176281224116095,0.2000000000797803,0.7912760359643372,0.02,SAFE_DELTA_AWAY_FROM_EPSILON,13,1.958619764410619e-06
near_symmetric_m2_least,0.2,13,-6.819798490450267e-06,-7.646975812838119e-07,-5.245998838807898e-07,-9.619475396674763e-34,-7.646975812838119e-07,-2.622675451862186e-05,2.5462056937338048e-05,0.9708428436793103,-0.0010471485329255487,0.0010463838353442648,0.30227755852963517,0.46176281224116095,0.2000000000797803,0.7912760359643372,0.05,SAFE_DELTA_AWAY_FROM_EPSILON,13,1.958619764410619e-06
near_symmetric_m2_least,0.2,13,-6.819798490450267e-06,-7.646975812838119e-07,-5.245998838807898e-07,-9.619475396674763e-34,-7.646975812838119e-07,-2.622675451862186e-05,2.5462056937338048e-05,0.9708428436793103,-0.0010471485329255487,0.0010463838353442648,0.30227755852963517,0.46176281224116095,0.2000000000797803,0.7912760359643372,0.1,SAFE_DELTA_AWAY_FROM_EPSILON,13,1.958619764410619e-06
near_symmetric_m2_least,0.2,13,-6.819798490450267e-06,-7.646975812838119e-07,-5.245998838807898e-07,-9.619475396674763e-34,-7.646975812838119e-07,-2.622675451862186e-05,2.5462056937338048e-05,0.9708428436793103,-0.0010471485329255487,0.0010463838353442648,0.30227755852963517,0.46176281224116095,0.2000000000797803,0.7912760359643372,0.2,EXCLUDED_FROM_FITS_DELTA_EQUALS_EPSILON_ROUNDOFF_SENSITIVE,13,1.958619764410619e-06
near_symmetric_m2_least,0.2,14,-7.589596277717779e-06,-7.697977872675122e-07,-5.421140198369843e-07,-9.644017766526835e-34,-7.697977872675122e-07,-2.7798016860896326e-05,2.7028219073628815e-05,0.972307456639096,-0.0010471485329255487,0.0010463787351382811,0.30227755852963517,0.46176281224116095,0.20000000002213222,0.7948249050520115,0.01,SAFE_DELTA_AWAY_FROM_EPSILON,14,1.9305870766877724e-06
near_symmetric_m2_least,0.2,14,-7.589596277717779e-06,-7.697977872675122e-07,-5.421140198369843e-07,-9.644017766526835e-34,-7.697977872675122e-07,-2.7798016860896326e-05,2.7028219073628815e-05,0.972307456639096,-0.0010471485329255487,0.0010463787351382811,0.30227755852963517,0.46176281224116095,0.20000000002213222,0.7948249050520115,0.02,SAFE_DELTA_AWAY_FROM_EPSILON,14,1.9305870766877724e-06
near_symmetric_m2_least,0.2,14,-7.589596277717779e-06,-7.697977872675122e-07,-5.421140198369843e-07,-9.644017766526835e-34,-7.697977872675122e-07,-2.7798016860896326e-05,2.7028219073628815e-05,0.972307456639096,-0.0010471485329255487,0.0010463787351382811,0.30227755852963517,0.46176281224116095,0.20000000002213222,0.7948249050520115,0.05,SAFE_DELTA_AWAY_FROM_EPSILON,14,1.9305870766877724e-06
near_symmetric_m2_least,0.2,14,-7.589596277717779e-06,-7.697977872675122e-07,-5.421140198369843e-07,-9.644017766526835e-34,-7.697977872675122e-07,-2.7798016860896326e-05,2.7028219073628815e-05,0.972307456639096,-0.0010471485329255487,0.0010463787351382811,0.30227755852963517,0.46176281224116095,0.20000000002213222,0.7948249050520115,0.1,SAFE_DELTA_AWAY_FROM_EPSILON,14,1.9305870766877724e-06
near_symmetric_m2_least,0.2,14,-7.589596277717779e-06,-7.697977872675122e-07,-5.421140198369843e-07,-9.644017766526835e-34,-7.697977872675122e-07,-2.7798016860896326e-05,2.7028219073628815e-05,0.972307456639096,-0.0010471485329255487,0.0010463787351382811,0.30227755852963517,0.46176281224116095,0.20000000002213222,0.7948249050520115,0.2,EXCLUDED_FROM_FITS_DELTA_EQUALS_EPSILON_ROUNDOFF_SENSITIVE,14,1.9305870766877724e-06
near_symmetric_m2_least,0.2,15,-8.360937366644734e-06,-7.713410889269558e-07,-5.573958244429823e-07,-9.694000592292915e-34,-7.713410889269558e-07,-2.9345342583919848e-05,2.8574001494992892e-05,0.9737150422858031,-0.0010471485329255487,0.0010463771918366217,0.30227755852963517,0.46176281224116095,0.20000000000161894,0.7951144130005414,0.01,SAFE_DELTA_AWAY_FROM_EPSILON,15,1.904933432999526e-06
near_symmetric_m2_least,0.2,15,-8.360937366644734e-06,-7.713410889269558e-07,-5.573958244429823e-07,-9.694000592292915e-34,-7.713410889269558e-07,-2.9345342583919848e-05,2.8574001494992892e-05,0.9737150422858031,-0.0010471485329255487,0.0010463771918366217,0.30227755852963517,0.46176281224116095,0.20000000000161894,0.7951144130005414,0.02,SAFE_DELTA_AWAY_FROM_EPSILON,15,1.904933432999526e-06
near_symmetric_m2_least,0.2,15,-8.360937366644734e-06,-7.713410889269558e-07,-5.573958244429823e-07,-9.694000592292915e-34,-7.713410889269558e-07,-2.9345342583919848e-05,2.8574001494992892e-05,0.9737150422858031,-0.0010471485329255487,0.0010463771918366217,0.30227755852963517,0.46176281224116095,0.20000000000161894,0.7951144130005414,0.05,SAFE_DELTA_AWAY_FROM_EPSILON,15,1.904933432999526e-06
near_symmetric_m2_least,0.2,15,-8.360937366644734e-06,-7.713410889269558e-07,-5.573958244429823e-07,-9.694000592292915e-34,-7.713410889269558e-07,-2.9345342583919848e-05,2.8574001494992892e-05,0.9737150422858031,-0.0010471485329255487,0.0010463771918366217,0.30227755852963517,0.46176281224116095,0.20000000000161894,0.7951144130005414,0.1,SAFE_DELTA_AWAY_FROM_EPSILON,15,1.904933432999526e-06
near_symmetric_m2_least,0.2,15,-8.360937366644734e-06,-7.713410889269558e-07,-5.573958244429823e-07,-9.694000592292915e-34,-7.713410889269558e-07,-2.9345342583919848e-05,2.8574001494992892e-05,0.9737150422858031,-0.0010471485329255487,0.0010463771918366217,0.30227755852963517,0.46176281224116095,0.20000000000161894,0.7951144130005414,0.2,EXCLUDED_FROM_FITS_DELTA_EQUALS_EPSILON_ROUNDOFF_SENSITIVE,15,1.904933432999526e-06
near_symmetric_m2_least,0.2,16,-9.138727823415922e-06,-7.77790456771188e-07,-5.711704889634951e-07,-9.699887522806594e-34,-7.77790456771188e-07,-3.170241371275556e-05,3.092462325598437e-05,0.9754658915305795,-0.0010471485329255487,0.0010463707424687775,0.30227755852963517,0.46176281224116095,0.20000000000044724,0.7975380769565118,0.01,SAFE_DELTA_AWAY_FROM_EPSILON,16,1.932788953499023e-06
near_symmetric_m2_least,0.2,16,-9.138727823415922e-06,-7.77790456771188e-07,-5.711704889634951e-07,-9.699887522806594e-34,-7.77790456771188e-07,-3.170241371275556e-05,3.092462325598437e-05,0.9754658915305795,-0.0010471485329255487,0.0010463707424687775,0.30227755852963517,0.46176281224116095,0.20000000000044724,0.7975380769565118,0.02,SAFE_DELTA_AWAY_FROM_EPSILON,16,1.932788953499023e-06
near_symmetric_m2_least,0.2,16,-9.138727823415922e-06,-7.77790456771188e-07,-5.711704889634951e-07,-9.699887522806594e-34,-7.77790456771188e-07,-3.170241371275556e-05,3.092462325598437e-05,0.9754658915305795,-0.0010471485329255487,0.0010463707424687775,0.30227755852963517,0.46176281224116095,0.20000000000044724,0.7975380769565118,0.05,SAFE_DELTA_AWAY_FROM_EPSILON,16,1.932788953499023e-06
near_symmetric_m2_least,0.2,16,-9.138727823415922e-06,-7.77790456771188e-07,-5.711704889634951e-07,-9.699887522806594e-34,-7.77790456771188e-07,-3.170241371275556e-05,3.092462325598437e-05,0.9754658915305795,-0.0010471485329255487,0.0010463707424687775,0.30227755852963517,0.46176281224116095,0.20000000000044724,0.7975380769565118,0.1,SAFE_DELTA_AWAY_FROM_EPSILON,16,1.932788953499023e-06
near_symmetric_m2_least,0.2,16,-9.138727823415922e-06,-7.77790456771188e-07,-5.711704889634951e-07,-9.699887522806594e-34,-7.77790456771188e-07,-3.170241371275556e-05,3.092462325598437e-05,0.9754658915305795,-0.0010471485329255487,0.0010463707424687775,0.30227755852963517,0.46176281224116095,0.20000000000044724,0.7975380769565118,0.2,EXCLUDED_FROM_FITS_DELTA_EQUALS_EPSILON_ROUNDOFF_SENSITIVE,16,1.932788953499023e-06
near_symmetric_m2_least,0.2,17,-9.916981483766967e-06,-7.782536603510449e-07,-5.833518519862922e-07,-9.793870366937206e-34,-7.782536603510449e-07,-3.2271885765489605e-05,3.149363210513856e-05,0.9758844690388908,-0.0010471485329255487,0.0010463702792651976,0.30227755852963517,0.46176281224116095,0.20000000000003243,0.7986049279647591,0.01,SAFE_DELTA_AWAY_FROM_EPSILON,17,1.8525665944199153e-06
near_symmetric_m2_least,0.2,17,-9.916981483766967e-06,-7.782536603510449e-07,-5.833518519862922e-07,-9.793870366937206e-34,-7.782536603510449e-07,-3.2271885765489605e-05,3.149363210513856e-05,0.9758844690388908,-0.0010471485329255487,0.0010463702792651976,0.30227755852963517,0.46176281224116095,0.20000000000003243,0.7986049279647591,0.02,SAFE_DELTA_AWAY_FROM_EPSILON,17,1.8525665944199153e-06
near_symmetric_m2_least,0.2,17,-9.916981483766967e-06,-7.782536603510449e-07,-5.833518519862922e-07,-9.793870366937206e-34,-7.782536603510449e-07,-3.2271885765489605e-05,3.149363210513856e-05,0.9758844690388908,-0.0010471485329255487,0.0010463702792651976,0.30227755852963517,0.46176281224116095,0.20000000000003243,0.7986049279647591,0.05,SAFE_DELTA_AWAY_FROM_EPSILON,17,1.8525665944199153e-06
near_symmetric_m2_least,0.2,17,-9.916981483766967e-06,-7.782536603510449e-07,-5.833518519862922e-07,-9.793870366937206e-34,-7.782536603510449e-07,-3.2271885765489605e-05,3.149363210513856e-05,0.9758844690388908,-0.0010471485329255487,0.0010463702792651976,0.30227755852963517,0.46176281224116095,0.20000000000003243,0.7986049279647591,0.1,SAFE_DELTA_AWAY_FROM_EPSILON,17,1.8525665944199153e-06
near_symmetric_m2_least,0.2,17,-9.916981483766967e-06,-7.782536603510449e-07,-5.833518519862922e-07,-9.793870366937206e-34,-7.782536603510449e-07,-3.2271885765489605e-05,3.149363210513856e-05,0.9758844690388908,-0.0010471485329255487,0.0010463702792651976,0.30227755852963517,0.46176281224116095,0.20000000000003243,0.7986049279647591,0.2,EXCLUDED_FROM_FITS_DELTA_EQUALS_EPSILON_ROUNDOFF_SENSITIVE,17,1.8525665944199153e-06
near_symmetric_m2_least,0.2,18,-1.070142727315613e-05,-7.844457893891629e-07,-5.945237373975628e-07,-9.862707213121573e-34,-7.844457893891629e-07,-3.468693036617199e-05,3.390248457678282e-05,0.9773849752310689,-0.0010471485329255487,0.0010463640871361595,0.30227755852963517,0.46176281224116095,0.20000000000000906,0.7987106647782558,0.01,SAFE_DELTA_AWAY_FROM_EPSILON,18,1.8834713653768234e-06
near_symmetric_m2_least,0.2,18,-1.070142727315613e-05,-7.844457893891629e-07,-5.945237373975628e-07,-9.862707213121573e-34,-7.844457893891629e-07,-3.468693036617199e-05,3.390248457678282e-05,0.9773849752310689,-0.0010471485329255487,0.0010463640871361595,0.30227755852963517,0.46176281224116095,0.20000000000000906,0.7987106647782558,0.02,SAFE_DELTA_AWAY_FROM_EPSILON,18,1.8834713653768234e-06
near_symmetric_m2_least,0.2,18,-1.070142727315613e-05,-7.844457893891629e-07,-5.945237373975628e-07,-9.862707213121573e-34,-7.844457893891629e-07,-3.468693036617199e-05,3.390248457678282e-05,0.9773849752310689,-0.0010471485329255487,0.0010463640871361595,0.30227755852963517,0.46176281224116095,0.20000000000000906,0.7987106647782558,0.05,SAFE_DELTA_AWAY_FROM_EPSILON,18,1.8834713653768234e-06
near_symmetric_m2_least,0.2,18,-1.070142727315613e-05,-7.844457893891629e-07,-5.945237373975628e-07,-9.862707213121573e-34,-7.844457893891629e-07,-3.468693036617199e-05,3.390248457678282e-05,0.9773849752310689,-0.0010471485329255487,0.0010463640871361595,0.30227755852963517,0.46176281224116095,0.20000000000000906,0.7987106647782558,0.1,SAFE_DELTA_AWAY_FROM_EPSILON,18,1.8834713653768234e-06
near_symmetric_m2_least,0.2,18,-1.070142727315613e-05,-7.844457893891629e-07,-5.945237373975628e-07,-9.862707213121573e-34,-7.844457893891629e-07,-3.468693036617199e-05,3.390248457678282e-05,0.9773849752310689,-0.0010471485329255487,0.0010463640871361595,0.30227755852963517,0.46176281224116095,0.20000000000000906,0.7987106647782558,0.2,EXCLUDED_FROM_FITS_DELTA_EQUALS_EPSILON_ROUNDOFF_SENSITIVE,18,1.8834713653768234e-06
near_symmetric_m2_least,0.2,19,-1.150397965461602e-05,-8.0255238145989e-07,-6.054726134008431e-07,-9.887947752419563e-34,-8.0255238145989e-07,-3.8930032104388384e-05,3.812747972292849e-05,0.9793847490464971,-0.0010471485329255487,0.0010463459805440888,0.30227755852963517,0.46176281224116095,0.2000000000000008,0.7993308035855365,0.01,SAFE_DELTA_AWAY_FROM_EPSILON,19,2.0067094591014994e-06
near_symmetric_m2_least,0.2,19,-1.150397965461602e-05,-8.0255238145989e-07,-6.054726134008431e-07,-9.887947752419563e-34,-8.0255238145989e-07,-3.8930032104388384e-05,3.812747972292849e-05,0.9793847490464971,-0.0010471485329255487,0.0010463459805440888,0.30227755852963517,0.46176281224116095,0.2000000000000008,0.7993308035855365,0.02,SAFE_DELTA_AWAY_FROM_EPSILON,19,2.0067094591014994e-06
near_symmetric_m2_least,0.2,19,-1.150397965461602e-05,-8.0255238145989e-07,-6.054726134008431e-07,-9.887947752419563e-34,-8.0255238145989e-07,-3.8930032104388384e-05,3.812747972292849e-05,0.9793847490464971,-0.0010471485329255487,0.0010463459805440888,0.30227755852963517,0.46176281224116095,0.2000000000000008,0.7993308035855365,0.05,SAFE_DELTA_AWAY_FROM_EPSILON,19,2.0067094591014994e-06
near_symmetric_m2_least,0.2,19,-1.150397965461602e-05,-8.0255238145989e-07,-6.054726134008431e-07,-9.887947752419563e-34,-8.0255238145989e-07,-3.8930032104388384e-05,3.812747972292849e-05,0.9793847490464971,-0.0010471485329255487,0.0010463459805440888,0.30227755852963517,0.46176281224116095,0.2000000000000008,0.7993308035855365,0.1,SAFE_DELTA_AWAY_FROM_EPSILON,19,2.0067094591014994e-06
near_symmetric_m2_least,0.2,19,-1.150397965461602e-05,-8.0255238145989e-07,-6.054726134008431e-07,-9.887947752419563e-34,-8.0255238145989e-07,-3.8930032104388384e-05,3.812747972292849e-05,0.9793847490464971,-0.0010471485329255487,0.0010463459805440888,0.30227755852963517,0.46176281224116095,0.2000000000000008,0.7993308035855365,0.2,EXCLUDED_FROM_FITS_DELTA_EQUALS_EPSILON_ROUNDOFF_SENSITIVE,19,2.0067094591014994e-06
near_symmetric_m2_least,0.2,20,-1.2308859882468338e-05,-8.048802278523185e-07,-6.154429941234169e-07,-9.911990308655733e-34,-8.048802278523185e-07,-4.0338519009255446e-05,3.953363878140313e-05,0.9800468572565184,-0.0010471485329255487,0.0010463436526976964,0.30227755852963517,0.46176281224116095,0.20000000000000043,0.7996352654131679,0.01,SAFE_DELTA_AWAY_FROM_EPSILON,20,1.9766819390701562e-06
near_symmetric_m2_least,0.2,20,-1.2308859882468338e-05,-8.048802278523185e-07,-6.154429941234169e-07,-9.911990308655733e-34,-8.048802278523185e-07,-4.0338519009255446e-05,3.953363878140313e-05,0.9800468572565184,-0.0010471485329255487,0.0010463436526976964,0.30227755852963517,0.46176281224116095,0.20000000000000043,0.7996352654131679,0.02,SAFE_DELTA_AWAY_FROM_EPSILON,20,1.9766819390701562e-06
near_symmetric_m2_least,0.2,20,-1.2308859882468338e-05,-8.048802278523185e-07,-6.154429941234169e-07,-9.911990308655733e-34,-8.048802278523185e-07,-4.0338519009255446e-05,3.953363878140313e-05,0.9800468572565184,-0.0010471485329255487,0.0010463436526976964,0.30227755852963517,0.46176281224116095,0.20000000000000043,0.7996352654131679,0.05,SAFE_DELTA_AWAY_FROM_EPSILON,20,1.9766819390701562e-06
near_symmetric_m2_least,0.2,20,-1.2308859882468338e-05,-8.048802278523185e-07,-6.154429941234169e-07,-9.911990308655733e-34,-8.048802278523185e-07,-4.0338519009255446e-05,3.953363878140313e-05,0.9800468572565184,-0.0010471485329255487,0.0010463436526976964,0.30227755852963517,0.46176281224116095,0.20000000000000043,0.7996352654131679,0.1,SAFE_DELTA_AWAY_FROM_EPSILON,20,1.9766819390701562e-06
near_symmetric_m2_least,0.2,20,-1.2308859882468338e-05,-8.048802278523185e-07,-6.154429941234169e-07,-9.911990308655733e-34,-8.048802278523185e-07,-4.0338519009255446e-05,3.953363878140313e-05,0.9800468572565184,-0.0010471485329255487,0.0010463436526976964,0.30227755852963517,0.46176281224116095,0.20000000000000043,0.7996352654131679,0.2,EXCLUDED_FROM_FITS_DELTA_EQUALS_EPSILON_ROUNDOFF_SENSITIVE,20,1.9766819390701562e-06
near_symmetric_m2_least,0.2,21,-1.3114468012403197e-05,-8.056081299348596e-07,-6.244984767811047e-07,-9.921617992043435e-34,-8.056081299348596e-07,-4.162255469536668e-05,4.081694656543182e-05,0.9806449138974994,-0.0010471485329255487,0.0010463429247956138,0.30227755852963517,0.46176281224116095,0.20000000000000037,0.7996705893270737,0.01,SAFE_DELTA_AWAY_FROM_EPSILON,21,1.94366412216342e-06
near_symmetric_m2_least,0.2,21,-1.3114468012403197e-05,-8.056081299348596e-07,-6.244984767811047e-07,-9.921617992043435e-34,-8.056081299348596e-07,-4.162255469536668e-05,4.081694656543182e-05,0.9806449138974994,-0.0010471485329255487,0.0010463429247956138,0.30227755852963517,0.46176281224116095,0.20000000000000037,0.7996705893270737,0.02,SAFE_DELTA_AWAY_FROM_EPSILON,21,1.94366412216342e-06
near_symmetric_m2_least,0.2,21,-1.3114468012403197e-05,-8.056081299348596e-07,-6.244984767811047e-07,-9.921617992043435e-34,-8.056081299348596e-07,-4.162255469536668e-05,4.081694656543182e-05,0.9806449138974994,-0.0010471485329255487,0.0010463429247956138,0.30227755852963517,0.46176281224116095,0.20000000000000037,0.7996705893270737,0.05,SAFE_DELTA_AWAY_FROM_EPSILON,21,1.94366412216342e-06
near_symmetric_m2_least,0.2,21,-1.3114468012403197e-05,-8.056081299348596e-07,-6.244984767811047e-07,-9.921617992043435e-34,-8.056081299348596e-07,-4.162255469536668e-05,4.081694656543182e-05,0.9806449138974994,-0.0010471485329255487,0.0010463429247956138,0.30227755852963517,0.46176281224116095,0.20000000000000037,0.7996705893270737,0.1,SAFE_DELTA_AWAY_FROM_EPSILON,21,1.94366412216342e-06
near_symmetric_m2_least,0.2,21,-1.3114468012403197e-05,-8.056081299348596e-07,-6.244984767811047e-07,-9.921617992043435e-34,-8.056081299348596e-07,-4.162255469536668e-05,4.081694656543182e-05,0.9806449138974994,-0.0010471485329255487,0.0010463429247956138,0.30227755852963517,0.46176281224116095,0.20000000000000037,0.7996705893270737,0.2,EXCLUDED_FROM_FITS_DELTA_EQUALS_EPSILON_ROUNDOFF_SENSITIVE,21,1.94366412216342e-06
near_symmetric_m2_least,0.2,22,-1.3921330787554387e-05,-8.068627751511905e-07,-6.32787763070654e-07,-9.928105807789111e-34,-8.068627751511905e-07,-4.367799514807196e-05,4.287113237292077e-05,0.9815270189848261,-0.0010471485329255487,0.0010463416701503975,0.30227755852963517,0.46176281224116095,0.1999999999999997,0.7998219967592244,0.01,SAFE_DELTA_AWAY_FROM_EPSILON,22,1.9486878351327624e-06
near_symmetric_m2_least,0.2,22,-1.3921330787554387e-05,-8.068627751511905e-07,-6.32787763070654e-07,-9.928105807789111e-34,-8.068627751511905e-07,-4.367799514807196e-05,4.287113237292077e-05,0.9815270189848261,-0.0010471485329255487,0.0010463416701503975,0.30227755852963517,0.46176281224116095,0.1999999999999997,0.7998219967592244,0.02,SAFE_DELTA_AWAY_FROM_EPSILON,22,1.9486878351327624e-06
near_symmetric_m2_least,0.2,22,-1.3921330787554387e-05,-8.068627751511905e-07,-6.32787763070654e-07,-9.928105807789111e-34,-8.068627751511905e-07,-4.367799514807196e-05,4.287113237292077e-05,0.9815270189848261,-0.0010471485329255487,0.0010463416701503975,0.30227755852963517,0.46176281224116095,0.1999999999999997,0.7998219967592244,0.05,SAFE_DELTA_AWAY_FROM_EPSILON,22,1.9486878351327624e-06
near_symmetric_m2_least,0.2,22,-1.3921330787554387e-05,-8.068627751511905e-07,-6.32787763070654e-07,-9.928105807789111e-34,-8.068627751511905e-07,-4.367799514807196e-05,4.287113237292077e-05,0.9815270189848261,-0.0010471485329255487,0.0010463416701503975,0.30227755852963517,0.46176281224116095,0.1999999999999997,0.7998219967592244,0.1,SAFE_DELTA_AWAY_FROM_EPSILON,22,1.9486878351327624e-06
near_symmetric_m2_least,0.2,22,-1.3921330787554387e-05,-8.068627751511905e-07,-6.32787763070654e-07,-9.928105807789111e-34,-8.068627751511905e-07,-4.367799514807196e-05,4.287113237292077e-05,0.9815270189848261,-0.0010471485329255487,0.0010463416701503975,0.30227755852963517,0.46176281224116095,0.1999999999999997,0.7998219967592244,0.2,EXCLUDED_FROM_FITS_DELTA_EQUALS_EPSILON_ROUNDOFF_SENSITIVE,21,2.041482493948608e-06
near_symmetric_m2_least,0.05,2,-2.531528857487913e-08,-2.531528857487913e-08,-1.2657644287439564e-08,-8.851689999134623e-34,-2.531528857487913e-08,-3.580780500642984e-07,3.3276276148941927e-07,0.9293023167146566,-0.0023560841990824845,0.0023560588837939094,0.12310205977119809,0.5798671692852069,0.18861772509107022,0.4369385055748052,0.01,SAFE_DELTA_AWAY_FROM_EPSILON,2,1.6638138074470963e-07
near_symmetric_m2_least,0.05,2,-2.531528857487913e-08,-2.531528857487913e-08,-1.2657644287439564e-08,-8.851689999134623e-34,-2.531528857487913e-08,-3.580780500642984e-07,3.3276276148941927e-07,0.9293023167146566,-0.0023560841990824845,0.0023560588837939094,0.12310205977119809,0.5798671692852069,0.18861772509107022,0.4369385055748052,0.02,SAFE_DELTA_AWAY_FROM_EPSILON,2,1.6638138074470963e-07
near_symmetric_m2_least,0.05,2,-2.531528857487913e-08,-2.531528857487913e-08,-1.2657644287439564e-08,-8.851689999134623e-34,-2.531528857487913e-08,-3.580780500642984e-07,3.3276276148941927e-07,0.9293023167146566,-0.0023560841990824845,0.0023560588837939094,0.12310205977119809,0.5798671692852069,0.18861772509107022,0.4369385055748052,0.05,EXCLUDED_FROM_FITS_DELTA_EQUALS_EPSILON_ROUNDOFF_SENSITIVE,2,1.6638138074470963e-07
near_symmetric_m2_least,0.05,2,-2.531528857487913e-08,-2.531528857487913e-08,-1.2657644287439564e-08,-8.851689999134623e-34,-2.531528857487913e-08,-3.580780500642984e-07,3.3276276148941927e-07,0.9293023167146566,-0.0023560841990824845,0.0023560588837939094,0.12310205977119809,0.5798671692852069,0.18861772509107022,0.4369385055748052,0.1,SAFE_DELTA_AWAY_FROM_EPSILON,2,1.6638138074470963e-07
near_symmetric_m2_least,0.05,2,-2.531528857487913e-08,-2.531528857487913e-08,-1.2657644287439564e-08,-8.851689999134623e-34,-2.531528857487913e-08,-3.580780500642984e-07,3.3276276148941927e-07,0.9293023167146566,-0.0023560841990824845,0.0023560588837939094,0.12310205977119809,0.5798671692852069,0.18861772509107022,0.4369385055748052,0.2,SAFE_DELTA_AWAY_FROM_EPSILON,1,3.3276276148941927e-07
near_symmetric_m2_least,0.05,3,-5.207395306992025e-07,-4.954242421243234e-07,-1.7357984356640083e-07,-3.5622414248513e-33,-4.954242421243234e-07,-7.589686922698329e-06,7.0942626805740056e-06,0.9347240212711979,-0.0023560841990824845,0.0023555887748403603,0.12310205977119809,0.5798671692852069,0.06823723501480997,0.438857668861641,0.01,SAFE_DELTA_AWAY_FROM_EPSILON,3,2.364754226858002e-06
near_symmetric_m2_least,0.05,3,-5.207395306992025e-07,-4.954242421243234e-07,-1.7357984356640083e-07,-3.5622414248513e-33,-4.954242421243234e-07,-7.589686922698329e-06,7.0942626805740056e-06,0.9347240212711979,-0.0023560841990824845,0.0023555887748403603,0.12310205977119809,0.5798671692852069,0.06823723501480997,0.438857668861641,0.02,SAFE_DELTA_AWAY_FROM_EPSILON,3,2.364754226858002e-06
near_symmetric_m2_least,0.05,3,-5.207395306992025e-07,-4.954242421243234e-07,-1.7357984356640083e-07,-3.5622414248513e-33,-4.954242421243234e-07,-7.589686922698329e-06,7.0942626805740056e-06,0.9347240212711979,-0.0023560841990824845,0.0023555887748403603,0.12310205977119809,0.5798671692852069,0.06823723501480997,0.438857668861641,0.05,EXCLUDED_FROM_FITS_DELTA_EQUALS_EPSILON_ROUNDOFF_SENSITIVE,3,2.364754226858002e-06
near_symmetric_m2_least,0.05,3,-5.207395306992025e-07,-4.954242421243234e-07,-1.7357984356640083e-07,-3.5622414248513e-33,-4.954242421243234e-07,-7.589686922698329e-06,7.0942626805740056e-06,0.9347240212711979,-0.0023560841990824845,0.0023555887748403603,0.12310205977119809,0.5798671692852069,0.06823723501480997,0.438857668861641,0.1,SAFE_DELTA_AWAY_FROM_EPSILON,2,3.5471313402870028e-06
near_symmetric_m2_least,0.05,3,-5.207395306992025e-07,-4.954242421243234e-07,-1.7357984356640083e-07,-3.5622414248513e-33,-4.954242421243234e-07,-7.589686922698329e-06,7.0942626805740056e-06,0.9347240212711979,-0.0023560841990824845,0.0023555887748403603,0.12310205977119809,0.5798671692852069,0.06823723501480997,0.438857668861641,0.2,SAFE_DELTA_AWAY_FROM_EPSILON,2,3.5471313402870028e-06
near_symmetric_m2_least,0.05,4,-4.282443374061983e-06,-3.7617038433627804e-06,-1.0706108435154958e-06,-2.9005493427805003e-33,-3.7617038433627804e-06,-2.2204789373203284e-05,1.8443085529840503e-05,0.8305904289323095,-0.0023560841990824845,0.002352322495239122,0.12310205977119809,0.5798671692852069,0.05603385971365764,0.6326031030075057,0.01,SAFE_DELTA_AWAY_FROM_EPSILON,4,4.610771382460126e-06
near_symmetric_m2_least,0.05,4,-4.282443374061983e-06,-3.7617038433627804e-06,-1.0706108435154958e-06,-2.9005493427805003e-33,-3.7617038433627804e-06,-2.2204789373203284e-05,1.8443085529840503e-05,0.8305904289323095,-0.0023560841990824845,0.002352322495239122,0.12310205977119809,0.5798671692852069,0.05603385971365764,0.6326031030075057,0.02,SAFE_DELTA_AWAY_FROM_EPSILON,4,4.610771382460126e-06
near_symmetric_m2_least,0.05,4,-4.282443374061983e-06,-3.7617038433627804e-06,-1.0706108435154958e-06,-2.9005493427805003e-33,-3.7617038433627804e-06,-2.2204789373203284e-05,1.8443085529840503e-05,0.8305904289323095,-0.0023560841990824845,0.002352322495239122,0.12310205977119809,0.5798671692852069,0.05603385971365764,0.6326031030075057,0.05,EXCLUDED_FROM_FITS_DELTA_EQUALS_EPSILON_ROUNDOFF_SENSITIVE,4,4.610771382460126e-06
near_symmetric_m2_least,0.05,4,-4.282443374061983e-06,-3.7617038433627804e-06,-1.0706108435154958e-06,-2.9005493427805003e-33,-3.7617038433627804e-06,-2.2204789373203284e-05,1.8443085529840503e-05,0.8305904289323095,-0.0023560841990824845,0.002352322495239122,0.12310205977119809,0.5798671692852069,0.05603385971365764,0.6326031030075057,0.1,SAFE_DELTA_AWAY_FROM_EPSILON,3,6.147695176613501e-06
near_symmetric_m2_least,0.05,4,-4.282443374061983e-06,-3.7617038433627804e-06,-1.0706108435154958e-06,-2.9005493427805003e-33,-3.7617038433627804e-06,-2.2204789373203284e-05,1.8443085529840503e-05,0.8305904289323095,-0.0023560841990824845,0.002352322495239122,0.12310205977119809,0.5798671692852069,0.05603385971365764,0.6326031030075057,0.2,SAFE_DELTA_AWAY_FROM_EPSILON,2,9.221542764920252e-06
near_symmetric_m2_least,0.05,5,-8.96416312119808e-06,-4.681719747136097e-06,-1.792832624239616e-06,-5.3044985610174024e-33,-4.681719747136097e-06,-2.8300466410673392e-05,2.3618746663537297e-05,0.8345709332419198,-0.0023560841990824845,0.0023514024793353486,0.12310205977119809,0.5798671692852069,0.050538293022100014,0.7162586215726243,0.01,SAFE_DELTA_AWAY_FROM_EPSILON,5,4.72374933270746e-06
near_symmetric_m2_least,0.05,5,-8.96416312119808e-06,-4.681719747136097e-06,-1.792832624239616e-06,-5.3044985610174024e-33,-4.681719747136097e-06,-2.8300466410673392e-05,2.3618746663537297e-05,0.8345709332419198,-0.0023560841990824845,0.0023514024793353486,0.12310205977119809,0.5798671692852069,0.050538293022100014,0.7162586215726243,0.02,SAFE_DELTA_AWAY_FROM_EPSILON,5,4.72374933270746e-06
near_symmetric_m2_least,0.05,5,-8.96416312119808e-06,-4.681719747136097e-06,-1.792832624239616e-06,-5.3044985610174024e-33,-4.681719747136097e-06,-2.8300466410673392e-05,2.3618746663537297e-05,0.8345709332419198,-0.0023560841990824845,0.0023514024793353486,0.12310205977119809,0.5798671692852069,0.050538293022100014,0.7162586215726243,0.05,EXCLUDED_FROM_FITS_DELTA_EQUALS_EPSILON_ROUNDOFF_SENSITIVE,5,4.72374933270746e-06
near_symmetric_m2_least,0.05,5,-8.96416312119808e-06,-4.681719747136097e-06,-1.792832624239616e-06,-5.3044985610174024e-33,-4.681719747136097e-06,-2.8300466410673392e-05,2.3618746663537297e-05,0.8345709332419198,-0.0023560841990824845,0.0023514024793353486,0.12310205977119809,0.5798671692852069,0.050538293022100014,0.7162586215726243,0.1,SAFE_DELTA_AWAY_FROM_EPSILON,3,7.872915554512433e-06
near_symmetric_m2_least,0.05,5,-8.96416312119808e-06,-4.681719747136097e-06,-1.792832624239616e-06,-5.3044985610174024e-33,-4.681719747136097e-06,-2.8300466410673392e-05,2.3618746663537297e-05,0.8345709332419198,-0.0023560841990824845,0.0023514024793353486,0.12310205977119809,0.5798671692852069,0.050538293022100014,0.7162586215726243,0.2,SAFE_DELTA_AWAY_FROM_EPSILON,2,1.1809373331768648e-05
near_symmetric_m2_least,0.05,6,-1.4025332926000376e-05,-5.061169804802295e-06,-2.337555487666729e-06,-6.50602822217942e-33,-5.061169804802295e-06,-3.0154494849112597e-05,2.50933250443103e-05,0.8321586937493918,-0.0023560841990824845,0.002351023029277682,0.12310205977119809,0.5798671692852069,0.050158246165554886,0.7188228301949915,0.01,SAFE_DELTA_AWAY_FROM_EPSILON,6,4.182220840718384e-06
near_symmetric_m2_least,0.05,6,-1.4025332926000376e-05,-5.061169804802295e-06,-2.337555487666729e-06,-6.50602822217942e-33,-5.061169804802295e-06,-3.0154494849112597e-05,2.50933250443103e-05,0.8321586937493918,-0.0023560841990824845,0.002351023029277682,0.12310205977119809,0.5798671692852069,0.050158246165554886,0.7188228301949915,0.02,SAFE_DELTA_AWAY_FROM_EPSILON,6,4.182220840718384e-06
near_symmetric_m2_least,0.05,6,-1.4025332926000376e-05,-5.061169804802295e-06,-2.337555487666729e-06,-6.50602822217942e-33,-5.061169804802295e-06,-3.0154494849112597e-05,2.50933250443103e-05,0.8321586937493918,-0.0023560841990824845,0.002351023029277682,0.12310205977119809,0.5798671692852069,0.050158246165554886,0.7188228301949915,0.05,EXCLUDED_FROM_FITS_DELTA_EQUALS_EPSILON_ROUNDOFF_SENSITIVE,6,4.182220840718384e-06
near_symmetric_m2_least,0.05,6,-1.4025332926000376e-05,-5.061169804802295e-06,-2.337555487666729e-06,-6.50602822217942e-33,-5.061169804802295e-06,-3.0154494849112597e-05,2.50933250443103e-05,0.8321586937493918,-0.0023560841990824845,0.002351023029277682,0.12310205977119809,0.5798671692852069,0.050158246165554886,0.7188228301949915,0.1,SAFE_DELTA_AWAY_FROM_EPSILON,4,6.273331261077575e-06
near_symmetric_m2_least,0.05,6,-1.4025332926000376e-05,-5.061169804802295e-06,-2.337555487666729e-06,-6.50602822217942e-33,-5.061169804802295e-06,-3.0154494849112597e-05,2.50933250443103e-05,0.8321586937493918,-0.0023560841990824845,0.002351023029277682,0.12310205977119809,0.5798671692852069,0.050158246165554886,0.7188228301949915,0.2,SAFE_DELTA_AWAY_FROM_EPSILON,2,1.254666252215515e-05
near_symmetric_m2_least,0.05,7,-2.002240511942435e-05,-5.997072193423975e-06,-2.860343588489193e-06,-6.27279571430438e-33,-5.997072193423975e-06,-3.703603248830705e-05,3.103896029488308e-05,0.8380746589063676,-0.0023560841990824845,0.0023500871268890603,0.12310205977119809,0.5798671692852069,0.050012647967107506,0.8221249095349152,0.01,SAFE_DELTA_AWAY_FROM_EPSILON,7,4.434137184983297e-06
near_symmetric_m2_least,0.05,7,-2.002240511942435e-05,-5.997072193423975e-06,-2.860343588489193e-06,-6.27279571430438e-33,-5.997072193423975e-06,-3.703603248830705e-05,3.103896029488308e-05,0.8380746589063676,-0.0023560841990824845,0.0023500871268890603,0.12310205977119809,0.5798671692852069,0.050012647967107506,0.8221249095349152,0.02,SAFE_DELTA_AWAY_FROM_EPSILON,7,4.434137184983297e-06
near_symmetric_m2_least,0.05,7,-2.002240511942435e-05,-5.997072193423975e-06,-2.860343588489193e-06,-6.27279571430438e-33,-5.997072193423975e-06,-3.703603248830705e-05,3.103896029488308e-05,0.8380746589063676,-0.0023560841990824845,0.0023500871268890603,0.12310205977119809,0.5798671692852069,0.050012647967107506,0.8221249095349152,0.05,EXCLUDED_FROM_FITS_DELTA_EQUALS_EPSILON_ROUNDOFF_SENSITIVE,7,4.434137184983297e-06
near_symmetric_m2_least,0.05,7,-2.002240511942435e-05,-5.997072193423975e-06,-2.860343588489193e-06,-6.27279571430438e-33,-5.997072193423975e-06,-3.703603248830705e-05,3.103896029488308e-05,0.8380746589063676,-0.0023560841990824845,0.0023500871268890603,0.12310205977119809,0.5798671692852069,0.050012647967107506,0.8221249095349152,0.1,SAFE_DELTA_AWAY_FROM_EPSILON,4,7.75974007372077e-06
near_symmetric_m2_least,0.05,7,-2.002240511942435e-05,-5.997072193423975e-06,-2.860343588489193e-06,-6.27279571430438e-33,-5.997072193423975e-06,-3.703603248830705e-05,3.103896029488308e-05,0.8380746589063676,-0.0023560841990824845,0.0023500871268890603,0.12310205977119809,0.5798671692852069,0.050012647967107506,0.8221249095349152,0.2,SAFE_DELTA_AWAY_FROM_EPSILON,2,1.551948014744154e-05
near_symmetric_m2_least,0.05,8,-2.6599972589363684e-05,-6.577567469939332e-06,-3.3249965736704606e-06,-7.01731315259131e-33,-6.577567469939332e-06,-4.148466031806113e-05,3.49070928481218e-05,0.8414457917816031,-0.0023560841990824845,0.002349506631612545,0.12310205977119809,0.5798671692852069,0.05000360730483279,0.8635996514736902,0.01,SAFE_DELTA_AWAY_FROM_EPSILON,8,4.363386606015225e-06
near_symmetric_m2_least,0.05,8,-2.6599972589363684e-05,-6.577567469939332e-06,-3.3249965736704606e-06,-7.01731315259131e-33,-6.577567469939332e-06,-4.148466031806113e-05,3.49070928481218e-05,0.8414457917816031,-0.0023560841990824845,0.002349506631612545,0.12310205977119809,0.5798671692852069,0.05000360730483279,0.8635996514736902,0.02,SAFE_DELTA_AWAY_FROM_EPSILON,8,4.363386606015225e-06
near_symmetric_m2_least,0.05,8,-2.6599972589363684e-05,-6.577567469939332e-06,-3.3249965736704606e-06,-7.01731315259131e-33,-6.577567469939332e-06,-4.148466031806113e-05,3.49070928481218e-05,0.8414457917816031,-0.0023560841990824845,0.002349506631612545,0.12310205977119809,0.5798671692852069,0.05000360730483279,0.8635996514736902,0.05,EXCLUDED_FROM_FITS_DELTA_EQUALS_EPSILON_ROUNDOFF_SENSITIVE,8,4.363386606015225e-06
near_symmetric_m2_least,0.05,8,-2.6599972589363684e-05,-6.577567469939332e-06,-3.3249965736704606e-06,-7.01731315259131e-33,-6.577567469939332e-06,-4.148466031806113e-05,3.49070928481218e-05,0.8414457917816031,-0.0023560841990824845,0.002349506631612545,0.12310205977119809,0.5798671692852069,0.05000360730483279,0.8635996514736902,0.1,SAFE_DELTA_AWAY_FROM_EPSILON,4,8.72677321203045e-06
near_symmetric_m2_least,0.05,8,-2.6599972589363684e-05,-6.577567469939332e-06,-3.3249965736704606e-06,-7.01731315259131e-33,-6.577567469939332e-06,-4.148466031806113e-05,3.49070928481218e-05,0.8414457917816031,-0.0023560841990824845,0.002349506631612545,0.12310205977119809,0.5798671692852069,0.05000360730483279,0.8635996514736902,0.2,SAFE_DELTA_AWAY_FROM_EPSILON,3,1.16356976160406e-05
near_symmetric_m2_least,0.05,9,-3.3442782683175435e-05,-6.842810093811751e-06,-3.715864742575048e-06,-7.659930846488263e-33,-6.842810093811751e-06,-4.608458588891665e-05,3.92417757951049e-05,0.8515162941833564,-0.0023560841990824845,0.0023492413889886726,0.12310205977119809,0.5798671692852069,0.05000027609090553,0.8655410119797081,0.01,SAFE_DELTA_AWAY_FROM_EPSILON,9,4.360197310567211e-06
near_symmetric_m2_least,0.05,9,-3.3442782683175435e-05,-6.842810093811751e-06,-3.715864742575048e-06,-7.659930846488263e-33,-6.842810093811751e-06,-4.608458588891665e-05,3.92417757951049e-05,0.8515162941833564,-0.0023560841990824845,0.0023492413889886726,0.12310205977119809,0.5798671692852069,0.05000027609090553,0.8655410119797081,0.02,SAFE_DELTA_AWAY_FROM_EPSILON,9,4.360197310567211e-06
near_symmetric_m2_least,0.05,9,-3.3442782683175435e-05,-6.842810093811751e-06,-3.715864742575048e-06,-7.659930846488263e-33,-6.842810093811751e-06,-4.608458588891665e-05,3.92417757951049e-05,0.8515162941833564,-0.0023560841990824845,0.0023492413889886726,0.12310205977119809,0.5798671692852069,0.05000027609090553,0.8655410119797081,0.05,EXCLUDED_FROM_FITS_DELTA_EQUALS_EPSILON_ROUNDOFF_SENSITIVE,9,4.360197310567211e-06
near_symmetric_m2_least,0.05,9,-3.3442782683175435e-05,-6.842810093811751e-06,-3.715864742575048e-06,-7.659930846488263e-33,-6.842810093811751e-06,-4.608458588891665e-05,3.92417757951049e-05,0.8515162941833564,-0.0023560841990824845,0.0023492413889886726,0.12310205977119809,0.5798671692852069,0.05000027609090553,0.8655410119797081,0.1,SAFE_DELTA_AWAY_FROM_EPSILON,4,9.810443948776225e-06
near_symmetric_m2_least,0.05,9,-3.3442782683175435e-05,-6.842810093811751e-06,-3.715864742575048e-06,-7.659930846488263e-33,-6.842810093811751e-06,-4.608458588891665e-05,3.92417757951049e-05,0.8515162941833564,-0.0023560841990824845,0.0023492413889886726,0.12310205977119809,0.5798671692852069,0.05000027609090553,0.8655410119797081,0.2,SAFE_DELTA_AWAY_FROM_EPSILON,2,1.962088789755245e-05
near_symmetric_m2_least,0.05,10,-4.1268424578205146e-05,-7.825641895029712e-06,-4.126842457820514e-06,-7.952397457475979e-33,-7.825641895029712e-06,-5.398744260445409e-05,4.616180070942438e-05,0.8550469976441507,-0.0023560841990824845,0.002348258557187455,0.12310205977119809,0.5798671692852069,0.05000007767693857,0.9066531230426653,0.01,SAFE_DELTA_AWAY_FROM_EPSILON,10,4.6161800709424375e-06
near_symmetric_m2_least,0.05,10,-4.1268424578205146e-05,-7.825641895029712e-06,-4.126842457820514e-06,-7.952397457475979e-33,-7.825641895029712e-06,-5.398744260445409e-05,4.616180070942438e-05,0.8550469976441507,-0.0023560841990824845,0.002348258557187455,0.12310205977119809,0.5798671692852069,0.05000007767693857,0.9066531230426653,0.02,SAFE_DELTA_AWAY_FROM_EPSILON,10,4.6161800709424375e-06
near_symmetric_m2_least,0.05,10,-4.1268424578205146e-05,-7.825641895029712e-06,-4.126842457820514e-06,-7.952397457475979e-33,-7.825641895029712e-06,-5.398744260445409e-05,4.616180070942438e-05,0.8550469976441507,-0.0023560841990824845,0.002348258557187455,0.12310205977119809,0.5798671692852069,0.05000007767693857,0.9066531230426653,0.05,EXCLUDED_FROM_FITS_DELTA_EQUALS_EPSILON_ROUNDOFF_SENSITIVE,10,4.6161800709424375e-06
near_symmetric_m2_least,0.05,10,-4.1268424578205146e-05,-7.825641895029712e-06,-4.126842457820514e-06,-7.952397457475979e-33,-7.825641895029712e-06,-5.398744260445409e-05,4.616180070942438e-05,0.8550469976441507,-0.0023560841990824845,0.002348258557187455,0.12310205977119809,0.5798671692852069,0.05000007767693857,0.9066531230426653,0.1,SAFE_DELTA_AWAY_FROM_EPSILON,4,1.1540450177356094e-05
near_symmetric_m2_least,0.05,10,-4.1268424578205146e-05,-7.825641895029712e-06,-4.126842457820514e-06,-7.952397457475979e-33,-7.825641895029712e-06,-5.398744260445409e-05,4.616180070942438e-05,0.8550469976441507,-0.0023560841990824845,0.002348258557187455,0.12310205977119809,0.5798671692852069,0.05000007767693857,0.9066531230426653,0.2,SAFE_DELTA_AWAY_FROM_EPSILON,2,2.308090035471219e-05
near_symmetric_m2_least,0.05,11,-4.93641440018227e-05,-8.09571942361755e-06,-4.4876494547111545e-06,-8.326383802144968e-33,-8.09571942361755e-06,-5.7293182389465274e-05,4.919746296584772e-05,0.8586966356907041,-0.0023560841990824845,0.002347988479658867,0.12310205977119809,0.5798671692852069,0.05000000581167765,0.922771043209901,0.01,SAFE_DELTA_AWAY_FROM_EPSILON,11,4.472496633258884e-06
near_symmetric_m2_least,0.05,11,-4.93641440018227e-05,-8.09571942361755e-06,-4.4876494547111545e-06,-8.326383802144968e-33,-8.09571942361755e-06,-5.7293182389465274e-05,4.919746296584772e-05,0.8586966356907041,-0.0023560841990824845,0.002347988479658867,0.12310205977119809,0.5798671692852069,0.05000000581167765,0.922771043209901,0.02,SAFE_DELTA_AWAY_FROM_EPSILON,11,4.472496633258884e-06
near_symmetric_m2_least,0.05,11,-4.93641440018227e-05,-8.09571942361755e-06,-4.4876494547111545e-06,-8.326383802144968e-33,-8.09571942361755e-06,-5.7293182389465274e-05,4.919746296584772e-05,0.8586966356907041,-0.0023560841990824845,0.002347988479658867,0.12310205977119809,0.5798671692852069,0.05000000581167765,0.922771043209901,0.05,EXCLUDED_FROM_FITS_DELTA_EQUALS_EPSILON_ROUNDOFF_SENSITIVE,11,4.472496633258884e-06
near_symmetric_m2_least,0.05,11,-4.93641440018227e-05,-8.09571942361755e-06,-4.4876494547111545e-06,-8.326383802144968e-33,-8.09571942361755e-06,-5.7293182389465274e-05,4.919746296584772e-05,0.8586966356907041,-0.0023560841990824845,0.002347988479658867,0.12310205977119809,0.5798671692852069,0.05000000581167765,0.922771043209901,0.1,SAFE_DELTA_AWAY_FROM_EPSILON,5,9.839492593169544e-06
near_symmetric_m2_least,0.05,11,-4.93641440018227e-05,-8.09571942361755e-06,-4.4876494547111545e-06,-8.326383802144968e-33,-8.09571942361755e-06,-5.7293182389465274e-05,4.919746296584772e-05,0.8586966356907041,-0.0023560841990824845,0.002347988479658867,0.12310205977119809,0.5798671692852069,0.05000000581167765,0.922771043209901,0.2,SAFE_DELTA_AWAY_FROM_EPSILON,2,2.459873148292386e-05
near_symmetric_m2_least,0.05,12,-5.7773407672198114e-05,-8.409263670375418e-06,-4.814450639349843e-06,-9.399606668966843e-33,-8.409263670375418e-06,-6.174831614555676e-05,5.3339052475181344e-05,0.8638138787371529,-0.0023560841990824845,0.002347674935412109,0.12310205977119809,0.5798671692852069,0.05000000162154429,0.9238015755014366,0.01,SAFE_DELTA_AWAY_FROM_EPSILON,12,4.444921039598445e-06
near_symmetric_m2_least,0.05,12,-5.7773407672198114e-05,-8.409263670375418e-06,-4.814450639349843e-06,-9.399606668966843e-33,-8.409263670375418e-06,-6.174831614555676e-05,5.3339052475181344e-05,0.8638138787371529,-0.0023560841990824845,0.002347674935412109,0.12310205977119809,0.5798671692852069,0.05000000162154429,0.9238015755014366,0.02,SAFE_DELTA_AWAY_FROM_EPSILON,12,4.444921039598445e-06
near_symmetric_m2_least,0.05,12,-5.7773407672198114e-05,-8.409263670375418e-06,-4.814450639349843e-06,-9.399606668966843e-33,-8.409263670375418e-06,-6.174831614555676e-05,5.3339052475181344e-05,0.8638138787371529,-0.0023560841990824845,0.002347674935412109,0.12310205977119809,0.5798671692852069,0.05000000162154429,0.9238015755014366,0.05,EXCLUDED_FROM_FITS_DELTA_EQUALS_EPSILON_ROUNDOFF_SENSITIVE,12,4.444921039598445e-06
near_symmetric_m2_least,0.05,12,-5.7773407672198114e-05,-8.409263670375418e-06,-4.814450639349843e-06,-9.399606668966843e-33,-8.409263670375418e-06,-6.174831614555676e-05,5.3339052475181344e-05,0.8638138787371529,-0.0023560841990824845,0.002347674935412109,0.12310205977119809,0.5798671692852069,0.05000000162154429,0.9238015755014366,0.1,SAFE_DELTA_AWAY_FROM_EPSILON,4,1.3334763118795336e-05
near_symmetric_m2_least,0.05,12,-5.7773407672198114e-05,-8.409263670375418e-06,-4.814450639349843e-06,-9.399606668966843e-33,-8.409263670375418e-06,-6.174831614555676e-05,5.3339052475181344e-05,0.8638138787371529,-0.0023560841990824845,0.002347674935412109,0.12310205977119809,0.5798671692852069,0.05000000162154429,0.9238015755014366,0.2,SAFE_DELTA_AWAY_FROM_EPSILON,2,2.6669526237590672e-05
near_symmetric_m2_least,0.05,13,-6.695203527780996e-05,-9.178627605611848e-06,-5.1501565598315355e-06,-9.59017229884628e-33,-9.178627605611848e-06,-7.016493032541604e-05,6.0986302719804195e-05,0.8691849680026398,-0.0023560841990824845,0.0023469055714768726,0.12310205977119809,0.5798671692852069,0.050000000119670485,0.9369140539465061,0.01,SAFE_DELTA_AWAY_FROM_EPSILON,13,4.691254055369554e-06
near_symmetric_m2_least,0.05,13,-6.695203527780996e-05,-9.178627605611848e-06,-5.1501565598315355e-06,-9.59017229884628e-33,-9.178627605611848e-06,-7.016493032541604e-05,6.0986302719804195e-05,0.8691849680026398,-0.0023560841990824845,0.0023469055714768726,0.12310205977119809,0.5798671692852069,0.050000000119670485,0.9369140539465061,0.02,SAFE_DELTA_AWAY_FROM_EPSILON,13,4.691254055369554e-06
near_symmetric_m2_least,0.05,13,-6.695203527780996e-05,-9.178627605611848e-06,-5.1501565598315355e-06,-9.59017229884628e-33,-9.178627605611848e-06,-7.016493032541604e-05,6.0986302719804195e-05,0.8691849680026398,-0.0023560841990824845,0.0023469055714768726,0.12310205977119809,0.5798671692852069,0.050000000119670485,0.9369140539465061,0.05,EXCLUDED_FROM_FITS_DELTA_EQUALS_EPSILON_ROUNDOFF_SENSITIVE,13,4.691254055369554e-06
near_symmetric_m2_least,0.05,13,-6.695203527780996e-05,-9.178627605611848e-06,-5.1501565598315355e-06,-9.59017229884628e-33,-9.178627605611848e-06,-7.016493032541604e-05,6.0986302719804195e-05,0.8691849680026398,-0.0023560841990824845,0.0023469055714768726,0.12310205977119809,0.5798671692852069,0.050000000119670485,0.9369140539465061,0.1,SAFE_DELTA_AWAY_FROM_EPSILON,4,1.5246575679951049e-05
near_symmetric_m2_least,0.05,13,-6.695203527780996e-05,-9.178627605611848e-06,-5.1501565598315355e-06,-9.59017229884628e-33,-9.178627605611848e-06,-7.016493032541604e-05,6.0986302719804195e-05,0.8691849680026398,-0.0023560841990824845,0.0023469055714768726,0.12310205977119809,0.5798671692852069,0.050000000119670485,0.9369140539465061,0.2,SAFE_DELTA_AWAY_FROM_EPSILON,3,2.0328767573268064e-05
near_symmetric_m2_least,0.05,14,-7.649973430490836e-05,-9.547699027098394e-06,-5.464266736064883e-06,-9.847359028402722e-33,-9.547699027098394e-06,-7.372911045719208e-05,6.418141143009369e-05,0.8705029944360729,-0.0023560841990824845,0.002346536500055386,0.12310205977119809,0.5798671692852069,0.05000000003319813,0.9422373575780171,0.01,SAFE_DELTA_AWAY_FROM_EPSILON,14,4.584386530720978e-06
near_symmetric_m2_least,0.05,14,-7.649973430490836e-05,-9.547699027098394e-06,-5.464266736064883e-06,-9.847359028402722e-33,-9.547699027098394e-06,-7.372911045719208e-05,6.418141143009369e-05,0.8705029944360729,-0.0023560841990824845,0.002346536500055386,0.12310205977119809,0.5798671692852069,0.05000000003319813,0.9422373575780171,0.02,SAFE_DELTA_AWAY_FROM_EPSILON,14,4.584386530720978e-06
near_symmetric_m2_least,0.05,14,-7.649973430490836e-05,-9.547699027098394e-06,-5.464266736064883e-06,-9.847359028402722e-33,-9.547699027098394e-06,-7.372911045719208e-05,6.418141143009369e-05,0.8705029944360729,-0.0023560841990824845,0.002346536500055386,0.12310205977119809,0.5798671692852069,0.05000000003319813,0.9422373575780171,0.05,EXCLUDED_FROM_FITS_DELTA_EQUALS_EPSILON_ROUNDOFF_SENSITIVE,14,4.584386530720978e-06
near_symmetric_m2_least,0.05,14,-7.649973430490836e-05,-9.547699027098394e-06,-5.464266736064883e-06,-9.847359028402722e-33,-9.547699027098394e-06,-7.372911045719208e-05,6.418141143009369e-05,0.8705029944360729,-0.0023560841990824845,0.002346536500055386,0.12310205977119809,0.5798671692852069,0.05000000003319813,0.9422373575780171,0.1,SAFE_DELTA_AWAY_FROM_EPSILON,4,1.6045352857523422e-05
near_symmetric_m2_least,0.05,14,-7.649973430490836e-05,-9.547699027098394e-06,-5.464266736064883e-06,-9.847359028402722e-33,-9.547699027098394e-06,-7.372911045719208e-05,6.418141143009369e-05,0.8705029944360729,-0.0023560841990824845,0.002346536500055386,0.12310205977119809,0.5798671692852069,0.05000000003319813,0.9422373575780171,0.2,SAFE_DELTA_AWAY_FROM_EPSILON,4,1.6045352857523422e-05
near_symmetric_m2_least,0.05,15,-8.622517691028789e-05,-9.725442605379535e-06,-5.748345127352526e-06,-1.0324668295448138e-32,-9.725442605379535e-06,-7.886225075364622e-05,6.913680814826669e-05,0.876678099947206,-0.0023560841990824845,0.002346358756477105,0.12310205977119809,0.5798671692852069,0.050000000002428054,0.9426716195008122,0.01,SAFE_DELTA_AWAY_FROM_EPSILON,15,4.609120543217779e-06
near_symmetric_m2_least,0.05,15,-8.622517691028789e-05,-9.725442605379535e-06,-5.748345127352526e-06,-1.0324668295448138e-32,-9.725442605379535e-06,-7.886225075364622e-05,6.913680814826669e-05,0.876678099947206,-0.0023560841990824845,0.002346358756477105,0.12310205977119809,0.5798671692852069,0.050000000002428054,0.9426716195008122,0.02,SAFE_DELTA_AWAY_FROM_EPSILON,15,4.609120543217779e-06
near_symmetric_m2_least,0.05,15,-8.622517691028789e-05,-9.725442605379535e-06,-5.748345127352526e-06,-1.0324668295448138e-32,-9.725442605379535e-06,-7.886225075364622e-05,6.913680814826669e-05,0.876678099947206,-0.0023560841990824845,0.002346358756477105,0.12310205977119809,0.5798671692852069,0.050000000002428054,0.9426716195008122,0.05,EXCLUDED_FROM_FITS_DELTA_EQUALS_EPSILON_ROUNDOFF_SENSITIVE,15,4.609120543217779e-06
near_symmetric_m2_least,0.05,15,-8.622517691028789e-05,-9.725442605379535e-06,-5.748345127352526e-06,-1.0324668295448138e-32,-9.725442605379535e-06,-7.886225075364622e-05,6.913680814826669e-05,0.876678099947206,-0.0023560841990824845,0.002346358756477105,0.12310205977119809,0.5798671692852069,0.050000000002428054,0.9426716195008122,0.1,SAFE_DELTA_AWAY_FROM_EPSILON,4,1.7284202037066672e-05
near_symmetric_m2_least,0.05,15,-8.622517691028789e-05,-9.725442605379535e-06,-5.748345127352526e-06,-1.0324668295448138e-32,-9.725442605379535e-06,-7.886225075364622e-05,6.913680814826669e-05,0.876678099947206,-0.0023560841990824845,0.002346358756477105,0.12310205977119809,0.5798671692852069,0.050000000002428054,0.9426716195008122,0.2,SAFE_DELTA_AWAY_FROM_EPSILON,4,1.7284202037066672e-05
near_symmetric_m2_least,0.05,16,-9.63499464232171e-05,-1.0124769512929212e-05,-6.021871651451068e-06,-1.049344095862625e-32,-1.0124769512929212e-05,-8.779522574895219e-05,7.767045623602298e-05,0.8846774477022169,-0.0023560841990824845,0.002345959429569555,0.12310205977119809,0.5798671692852069,0.05000000000067064,0.946307115434768,0.01,SAFE_DELTA_AWAY_FROM_EPSILON,16,4.854403514751436e-06
near_symmetric_m2_least,0.05,16,-9.63499464232171e-05,-1.0124769512929212e-05,-6.021871651451068e-06,-1.049344095862625e-32,-1.0124769512929212e-05,-8.779522574895219e-05,7.767045623602298e-05,0.8846774477022169,-0.0023560841990824845,0.002345959429569555,0.12310205977119809,0.5798671692852069,0.05000000000067064,0.946307115434768,0.02,SAFE_DELTA_AWAY_FROM_EPSILON,16,4.854403514751436e-06
near_symmetric_m2_least,0.05,16,-9.63499464232171e-05,-1.0124769512929212e-05,-6.021871651451068e-06,-1.049344095862625e-32,-1.0124769512929212e-05,-8.779522574895219e-05,7.767045623602298e-05,0.8846774477022169,-0.0023560841990824845,0.002345959429569555,0.12310205977119809,0.5798671692852069,0.05000000000067064,0.946307115434768,0.05,EXCLUDED_FROM_FITS_DELTA_EQUALS_EPSILON_ROUNDOFF_SENSITIVE,16,4.854403514751436e-06
near_symmetric_m2_least,0.05,16,-9.63499464232171e-05,-1.0124769512929212e-05,-6.021871651451068e-06,-1.049344095862625e-32,-1.0124769512929212e-05,-8.779522574895219e-05,7.767045623602298e-05,0.8846774477022169,-0.0023560841990824845,0.002345959429569555,0.12310205977119809,0.5798671692852069,0.05000000000067064,0.946307115434768,0.1,SAFE_DELTA_AWAY_FROM_EPSILON,5,1.5534091247204597e-05
near_symmetric_m2_least,0.05,16,-9.63499464232171e-05,-1.0124769512929212e-05,-6.021871651451068e-06,-1.049344095862625e-32,-1.0124769512929212e-05,-8.779522574895219e-05,7.767045623602298e-05,0.8846774477022169,-0.0023560841990824845,0.002345959429569555,0.12310205977119809,0.5798671692852069,0.05000000000067064,0.946307115434768,0.2,SAFE_DELTA_AWAY_FROM_EPSILON,3,2.5890152078674328e-05
near_symmetric_m2_least,0.05,17,-0.0001066036929964357,-1.0253746573218606e-05,-6.270805470378571e-06,-1.08874948173351e-32,-1.0253746573218606e-05,-9.153918779410228e-05,8.128544122088367e-05,0.8879851698457036,-0.0023560841990824845,0.002345830452509266,0.12310205977119809,0.5798671692852069,0.050000000000048936,0.9479073919471388,0.01,SAFE_DELTA_AWAY_FROM_EPSILON,17,4.781496542404922e-06
near_symmetric_m2_least,0.05,17,-0.0001066036929964357,-1.0253746573218606e-05,-6.270805470378571e-06,-1.08874948173351e-32,-1.0253746573218606e-05,-9.153918779410228e-05,8.128544122088367e-05,0.8879851698457036,-0.0023560841990824845,0.002345830452509266,0.12310205977119809,0.5798671692852069,0.050000000000048936,0.9479073919471388,0.02,SAFE_DELTA_AWAY_FROM_EPSILON,17,4.781496542404922e-06
near_symmetric_m2_least,0.05,17,-0.0001066036929964357,-1.0253746573218606e-05,-6.270805470378571e-06,-1.08874948173351e-32,-1.0253746573218606e-05,-9.153918779410228e-05,8.128544122088367e-05,0.8879851698457036,-0.0023560841990824845,0.002345830452509266,0.12310205977119809,0.5798671692852069,0.050000000000048936,0.9479073919471388,0.05,EXCLUDED_FROM_FITS_DELTA_EQUALS_EPSILON_ROUNDOFF_SENSITIVE,17,4.781496542404922e-06
near_symmetric_m2_least,0.05,17,-0.0001066036929964357,-1.0253746573218606e-05,-6.270805470378571e-06,-1.08874948173351e-32,-1.0253746573218606e-05,-9.153918779410228e-05,8.128544122088367e-05,0.8879851698457036,-0.0023560841990824845,0.002345830452509266,0.12310205977119809,0.5798671692852069,0.050000000000048936,0.9479073919471388,0.1,SAFE_DELTA_AWAY_FROM_EPSILON,6,1.3547573536813946e-05
near_symmetric_m2_least,0.05,17,-0.0001066036929964357,-1.0253746573218606e-05,-6.270805470378571e-06,-1.08874948173351e-32,-1.0253746573218606e-05,-9.153918779410228e-05,8.128544122088367e-05,0.8879851698457036,-0.0023560841990824845,0.002345830452509266,0.12310205977119809,0.5798671692852069,0.050000000000048936,0.9479073919471388,0.2,SAFE_DELTA_AWAY_FROM_EPSILON,2,4.064272061044184e-05
near_symmetric_m2_least,0.05,18,-0.00011710320557809813,-1.0499512581662425e-05,-6.5057336432276736e-06,-1.119725624733325e-32,-1.0499512581662425e-05,-9.582616105657338e-05,8.532664847491095e-05,0.8904316684932857,-0.0023560841990824845,0.002345584686500822,0.12310205977119809,0.5798671692852069,0.050000000000013485,0.9480659971673832,0.01,SAFE_DELTA_AWAY_FROM_EPSILON,18,4.740369359717275e-06
near_symmetric_m2_least,0.05,18,-0.00011710320557809813,-1.0499512581662425e-05,-6.5057336432276736e-06,-1.119725624733325e-32,-1.0499512581662425e-05,-9.582616105657338e-05,8.532664847491095e-05,0.8904316684932857,-0.0023560841990824845,0.002345584686500822,0.12310205977119809,0.5798671692852069,0.050000000000013485,0.9480659971673832,0.02,SAFE_DELTA_AWAY_FROM_EPSILON,18,4.740369359717275e-06
near_symmetric_m2_least,0.05,18,-0.00011710320557809813,-1.0499512581662425e-05,-6.5057336432276736e-06,-1.119725624733325e-32,-1.0499512581662425e-05,-9.582616105657338e-05,8.532664847491095e-05,0.8904316684932857,-0.0023560841990824845,0.002345584686500822,0.12310205977119809,0.5798671692852069,0.050000000000013485,0.9480659971673832,0.05,EXCLUDED_FROM_FITS_DELTA_EQUALS_EPSILON_ROUNDOFF_SENSITIVE,18,4.740369359717275e-06
near_symmetric_m2_least,0.05,18,-0.00011710320557809813,-1.0499512581662425e-05,-6.5057336432276736e-06,-1.119725624733325e-32,-1.0499512581662425e-05,-9.582616105657338e-05,8.532664847491095e-05,0.8904316684932857,-0.0023560841990824845,0.002345584686500822,0.12310205977119809,0.5798671692852069,0.050000000000013485,0.9480659971673832,0.1,SAFE_DELTA_AWAY_FROM_EPSILON,6,1.4221108079151826e-05
near_symmetric_m2_least,0.05,18,-0.00011710320557809813,-1.0499512581662425e-05,-6.5057336432276736e-06,-1.119725624733325e-32,-1.0499512581662425e-05,-9.582616105657338e-05,8.532664847491095e-05,0.8904316684932857,-0.0023560841990824845,0.002345584686500822,0.12310205977119809,0.5798671692852069,0.050000000000013485,0.9480659971673832,0.2,SAFE_DELTA_AWAY_FROM_EPSILON,2,4.2663324237455476e-05
near_symmetric_m2_least,0.05,19,-0.00012816050205610808,-1.105729647800996e-05,-6.7452895819004255e-06,-1.136157325543964e-32,-1.105729647800996e-05,-0.00010260934894169144,9.155205246368148e-05,0.8922388983844605,-0.0023560841990824845,0.0023450269026044747,0.12310205977119809,0.5798671692852069,0.05000000000000098,0.948996205378305,0.01,SAFE_DELTA_AWAY_FROM_EPSILON,19,4.818529077035868e-06
near_symmetric_m2_least,0.05,19,-0.00012816050205610808,-1.105729647800996e-05,-6.7452895819004255e-06,-1.136157325543964e-32,-1.105729647800996e-05,-0.00010260934894169144,9.155205246368148e-05,0.8922388983844605,-0.0023560841990824845,0.0023450269026044747,0.12310205977119809,0.5798671692852069,0.05000000000000098,0.948996205378305,0.02,SAFE_DELTA_AWAY_FROM_EPSILON,19,4.818529077035868e-06
near_symmetric_m2_least,0.05,19,-0.00012816050205610808,-1.105729647800996e-05,-6.7452895819004255e-06,-1.136157325543964e-32,-1.105729647800996e-05,-0.00010260934894169144,9.155205246368148e-05,0.8922388983844605,-0.0023560841990824845,0.0023450269026044747,0.12310205977119809,0.5798671692852069,0.05000000000000098,0.948996205378305,0.05,EXCLUDED_FROM_FITS_DELTA_EQUALS_EPSILON_ROUNDOFF_SENSITIVE,19,4.818529077035868e-06
near_symmetric_m2_least,0.05,19,-0.00012816050205610808,-1.105729647800996e-05,-6.7452895819004255e-06,-1.136157325543964e-32,-1.105729647800996e-05,-0.00010260934894169144,9.155205246368148e-05,0.8922388983844605,-0.0023560841990824845,0.0023450269026044747,0.12310205977119809,0.5798671692852069,0.05000000000000098,0.948996205378305,0.1,SAFE_DELTA_AWAY_FROM_EPSILON,5,1.8310410492736295e-05
near_symmetric_m2_least,0.05,19,-0.00012816050205610808,-1.105729647800996e-05,-6.7452895819004255e-06,-1.136157325543964e-32,-1.105729647800996e-05,-0.00010260934894169144,9.155205246368148e-05,0.8922388983844605,-0.0023560841990824845,0.0023450269026044747,0.12310205977119809,0.5798671692852069,0.05000000000000098,0.948996205378305,0.2,SAFE_DELTA_AWAY_FROM_EPSILON,3,3.051735082122716e-05
near_symmetric_m2_least,0.05,20,-0.00013943010898723955,-1.1269606931131456e-05,-6.971505449361978e-06,-1.1580104878422624e-32,-1.1269606931131456e-05,-0.00010532327469120017,9.405366776006872e-05,0.8929998429675389,-0.0023560841990824845,0.002344814592151353,0.12310205977119809,0.5798671692852069,0.0500000000000002,0.9494528981197519,0.01,SAFE_DELTA_AWAY_FROM_EPSILON,20,4.702683388003436e-06
near_symmetric_m2_least,0.05,20,-0.00013943010898723955,-1.1269606931131456e-05,-6.971505449361978e-06,-1.1580104878422624e-32,-1.1269606931131456e-05,-0.00010532327469120017,9.405366776006872e-05,0.8929998429675389,-0.0023560841990824845,0.002344814592151353,0.12310205977119809,0.5798671692852069,0.0500000000000002,0.9494528981197519,0.02,SAFE_DELTA_AWAY_FROM_EPSILON,20,4.702683388003436e-06
near_symmetric_m2_least,0.05,20,-0.00013943010898723955,-1.1269606931131456e-05,-6.971505449361978e-06,-1.1580104878422624e-32,-1.1269606931131456e-05,-0.00010532327469120017,9.405366776006872e-05,0.8929998429675389,-0.0023560841990824845,0.002344814592151353,0.12310205977119809,0.5798671692852069,0.0500000000000002,0.9494528981197519,0.05,EXCLUDED_FROM_FITS_DELTA_EQUALS_EPSILON_ROUNDOFF_SENSITIVE,20,4.702683388003436e-06
near_symmetric_m2_least,0.05,20,-0.00013943010898723955,-1.1269606931131456e-05,-6.971505449361978e-06,-1.1580104878422624e-32,-1.1269606931131456e-05,-0.00010532327469120017,9.405366776006872e-05,0.8929998429675389,-0.0023560841990824845,0.002344814592151353,0.12310205977119809,0.5798671692852069,0.0500000000000002,0.9494528981197519,0.1,SAFE_DELTA_AWAY_FROM_EPSILON,4,2.351341694001718e-05
near_symmetric_m2_least,0.05,20,-0.00013943010898723955,-1.1269606931131456e-05,-6.971505449361978e-06,-1.1580104878422624e-32,-1.1269606931131456e-05,-0.00010532327469120017,9.405366776006872e-05,0.8929998429675389,-0.0023560841990824845,0.002344814592151353,0.12310205977119809,0.5798671692852069,0.0500000000000002,0.9494528981197519,0.2,SAFE_DELTA_AWAY_FROM_EPSILON,4,2.351341694001718e-05
near_symmetric_m2_least,0.05,21,-0.0001508342471195352,-1.1404138132295662e-05,-7.182583196168343e-06,-1.1759260747423984e-32,-1.1404138132295662e-05,-0.00011158928168908747,0.00010018514355679181,0.8978025670595307,-0.0023560841990824845,0.002344680060950189,0.12310205977119809,0.5798671692852069,0.05000000000000003,0.9495058839906098,0.01,SAFE_DELTA_AWAY_FROM_EPSILON,21,4.770721121751991e-06
near_symmetric_m2_least,0.05,21,-0.0001508342471195352,-1.1404138132295662e-05,-7.182583196168343e-06,-1.1759260747423984e-32,-1.1404138132295662e-05,-0.00011158928168908747,0.00010018514355679181,0.8978025670595307,-0.0023560841990824845,0.002344680060950189,0.12310205977119809,0.5798671692852069,0.05000000000000003,0.9495058839906098,0.02,SAFE_DELTA_AWAY_FROM_EPSILON,21,4.770721121751991e-06
near_symmetric_m2_least,0.05,21,-0.0001508342471195352,-1.1404138132295662e-05,-7.182583196168343e-06,-1.1759260747423984e-32,-1.1404138132295662e-05,-0.00011158928168908747,0.00010018514355679181,0.8978025670595307,-0.0023560841990824845,0.002344680060950189,0.12310205977119809,0.5798671692852069,0.05000000000000003,0.9495058839906098,0.05,EXCLUDED_FROM_FITS_DELTA_EQUALS_EPSILON_ROUNDOFF_SENSITIVE,21,4.770721121751991e-06
near_symmetric_m2_least,0.05,21,-0.0001508342471195352,-1.1404138132295662e-05,-7.182583196168343e-06,-1.1759260747423984e-32,-1.1404138132295662e-05,-0.00011158928168908747,0.00010018514355679181,0.8978025670595307,-0.0023560841990824845,0.002344680060950189,0.12310205977119809,0.5798671692852069,0.05000000000000003,0.9495058839906098,0.1,SAFE_DELTA_AWAY_FROM_EPSILON,4,2.5046285889197953e-05
near_symmetric_m2_least,0.05,21,-0.0001508342471195352,-1.1404138132295662e-05,-7.182583196168343e-06,-1.1759260747423984e-32,-1.1404138132295662e-05,-0.00011158928168908747,0.00010018514355679181,0.8978025670595307,-0.0023560841990824845,0.002344680060950189,0.12310205977119809,0.5798671692852069,0.05000000000000003,0.9495058839906098,0.2,SAFE_DELTA_AWAY_FROM_EPSILON,4,2.5046285889197953e-05
near_symmetric_m2_least,0.05,22,-0.00016246647196759906,-1.1632224848063852e-05,-7.3848396348908665e-06,-1.1922140506264985e-32,-1.1632224848063852e-05,-0.00012119084727462434,0.0001095586224265605,0.9040172990811373,-0.0023560841990824845,0.0023444519742344206,0.12310205977119809,0.5798671692852069,0.049999999999999996,0.9497329951388372,0.01,SAFE_DELTA_AWAY_FROM_EPSILON,22,4.979937383025477e-06
near_symmetric_m2_least,0.05,22,-0.00016246647196759906,-1.1632224848063852e-05,-7.3848396348908665e-06,-1.1922140506264985e-32,-1.1632224848063852e-05,-0.00012119084727462434,0.0001095586224265605,0.9040172990811373,-0.0023560841990824845,0.0023444519742344206,0.12310205977119809,0.5798671692852069,0.049999999999999996,0.9497329951388372,0.02,SAFE_DELTA_AWAY_FROM_EPSILON,22,4.979937383025477e-06
near_symmetric_m2_least,0.05,22,-0.00016246647196759906,-1.1632224848063852e-05,-7.3848396348908665e-06,-1.1922140506264985e-32,-1.1632224848063852e-05,-0.00012119084727462434,0.0001095586224265605,0.9040172990811373,-0.0023560841990824845,0.0023444519742344206,0.12310205977119809,0.5798671692852069,0.049999999999999996,0.9497329951388372,0.05,EXCLUDED_FROM_FITS_DELTA_EQUALS_EPSILON_ROUNDOFF_SENSITIVE,21,5.217077258407643e-06
near_symmetric_m2_least,0.05,22,-0.00016246647196759906,-1.1632224848063852e-05,-7.3848396348908665e-06,-1.1922140506264985e-32,-1.1632224848063852e-05,-0.00012119084727462434,0.0001095586224265605,0.9040172990811373,-0.0023560841990824845,0.0023444519742344206,0.12310205977119809,0.5798671692852069,0.049999999999999996,0.9497329951388372,0.1,SAFE_DELTA_AWAY_FROM_EPSILON,5,2.19117244853121e-05
near_symmetric_m2_least,0.05,22,-0.00016246647196759906,-1.1632224848063852e-05,-7.3848396348908665e-06,-1.1922140506264985e-32,-1.1632224848063852e-05,-0.00012119084727462434,0.0001095586224265605,0.9040172990811373,-0.0023560841990824845,0.0023444519742344206,0.12310205977119809,0.5798671692852069,0.049999999999999996,0.9497329951388372,0.2,SAFE_DELTA_AWAY_FROM_EPSILON,3,3.65195408088535e-05
near_symmetric_m2_least,0.01,2,-3.843396941097736e-08,-3.843396941097736e-08,-1.921698470548868e-08,-1.3697976931682981e-33,-3.843396941097736e-08,-4.447083075689395e-07,4.062743381579621e-07,0.913574878731,-0.0027935595861713802,0.002793521152201969,0.04184370156364678,0.714717654973079,0.1609393006547209,0.4313330394036768,0.01,EXCLUDED_FROM_FITS_DELTA_EQUALS_EPSILON_ROUNDOFF_SENSITIVE,2,2.0313716907898106e-07
near_symmetric_m2_least,0.01,2,-3.843396941097736e-08,-3.843396941097736e-08,-1.921698470548868e-08,-1.3697976931682981e-33,-3.843396941097736e-08,-4.447083075689395e-07,4.062743381579621e-07,0.913574878731,-0.0027935595861713802,0.002793521152201969,0.04184370156364678,0.714717654973079,0.1609393006547209,0.4313330394036768,0.02,SAFE_DELTA_AWAY_FROM_EPSILON,2,2.0313716907898106e-07
near_symmetric_m2_least,0.01,2,-3.843396941097736e-08,-3.843396941097736e-08,-1.921698470548868e-08,-1.3697976931682981e-33,-3.843396941097736e-08,-4.447083075689395e-07,4.062743381579621e-07,0.913574878731,-0.0027935595861713802,0.002793521152201969,0.04184370156364678,0.714717654973079,0.1609393006547209,0.4313330394036768,0.05,SAFE_DELTA_AWAY_FROM_EPSILON,2,2.0313716907898106e-07
near_symmetric_m2_least,0.01,2,-3.843396941097736e-08,-3.843396941097736e-08,-1.921698470548868e-08,-1.3697976931682981e-33,-3.843396941097736e-08,-4.447083075689395e-07,4.062743381579621e-07,0.913574878731,-0.0027935595861713802,0.002793521152201969,0.04184370156364678,0.714717654973079,0.1609393006547209,0.4313330394036768,0.1,SAFE_DELTA_AWAY_FROM_EPSILON,2,2.0313716907898106e-07
near_symmetric_m2_least,0.01,2,-3.843396941097736e-08,-3.843396941097736e-08,-1.921698470548868e-08,-1.3697976931682981e-33,-3.843396941097736e-08,-4.447083075689395e-07,4.062743381579621e-07,0.913574878731,-0.0027935595861713802,0.002793521152201969,0.04184370156364678,0.714717654973079,0.1609393006547209,0.4313330394036768,0.2,SAFE_DELTA_AWAY_FROM_EPSILON,1,4.062743381579621e-07
near_symmetric_m2_least,0.01,3,-8.710294832510602e-07,-8.325955138400828e-07,-2.903431610836867e-07,-5.224111614265842e-33,-8.325955138400828e-07,-1.009497085431287e-05,9.262375340472787e-06,0.9175237327719105,-0.0027935595861713802,0.00279272699065754,0.04184370156364678,0.714717654973079,0.029858322571681875,0.4334227949826759,0.01,EXCLUDED_FROM_FITS_DELTA_EQUALS_EPSILON_ROUNDOFF_SENSITIVE,3,3.0874584468242625e-06
near_symmetric_m2_least,0.01,3,-8.710294832510602e-07,-8.325955138400828e-07,-2.903431610836867e-07,-5.224111614265842e-33,-8.325955138400828e-07,-1.009497085431287e-05,9.262375340472787e-06,0.9175237327719105,-0.0027935595861713802,0.00279272699065754,0.04184370156364678,0.714717654973079,0.029858322571681875,0.4334227949826759,0.02,SAFE_DELTA_AWAY_FROM_EPSILON,3,3.0874584468242625e-06
near_symmetric_m2_least,0.01,3,-8.710294832510602e-07,-8.325955138400828e-07,-2.903431610836867e-07,-5.224111614265842e-33,-8.325955138400828e-07,-1.009497085431287e-05,9.262375340472787e-06,0.9175237327719105,-0.0027935595861713802,0.00279272699065754,0.04184370156364678,0.714717654973079,0.029858322571681875,0.4334227949826759,0.05,SAFE_DELTA_AWAY_FROM_EPSILON,2,4.6311876702363935e-06
near_symmetric_m2_least,0.01,3,-8.710294832510602e-07,-8.325955138400828e-07,-2.903431610836867e-07,-5.224111614265842e-33,-8.325955138400828e-07,-1.009497085431287e-05,9.262375340472787e-06,0.9175237327719105,-0.0027935595861713802,0.00279272699065754,0.04184370156364678,0.714717654973079,0.029858322571681875,0.4334227949826759,0.1,SAFE_DELTA_AWAY_FROM_EPSILON,2,4.6311876702363935e-06
near_symmetric_m2_least,0.01,3,-8.710294832510602e-07,-8.325955138400828e-07,-2.903431610836867e-07,-5.224111614265842e-33,-8.325955138400828e-07,-1.009497085431287e-05,9.262375340472787e-06,0.9175237327719105,-0.0027935595861713802,0.00279272699065754,0.04184370156364678,0.714717654973079,0.029858322571681875,0.4334227949826759,0.2,SAFE_DELTA_AWAY_FROM_EPSILON,2,4.6311876702363935e-06
near_symmetric_m2_least,0.01,4,-6.915447673316436e-06,-6.044418190065376e-06,-1.728861918329109e-06,-4.065491495841409e-33,-6.044418190065376e-06,-2.743864723523761e-05,2.1394229045172235e-05,0.7797115091627791,-0.0027935595861713802,0.002787515167981315,0.04184370156364678,0.714717654973079,0.0165702027993161,0.6443900454970616,0.01,EXCLUDED_FROM_FITS_DELTA_EQUALS_EPSILON_ROUNDOFF_SENSITIVE,4,5.348557261293059e-06
near_symmetric_m2_least,0.01,4,-6.915447673316436e-06,-6.044418190065376e-06,-1.728861918329109e-06,-4.065491495841409e-33,-6.044418190065376e-06,-2.743864723523761e-05,2.1394229045172235e-05,0.7797115091627791,-0.0027935595861713802,0.002787515167981315,0.04184370156364678,0.714717654973079,0.0165702027993161,0.6443900454970616,0.02,SAFE_DELTA_AWAY_FROM_EPSILON,3,7.131409681724078e-06
near_symmetric_m2_least,0.01,4,-6.915447673316436e-06,-6.044418190065376e-06,-1.728861918329109e-06,-4.065491495841409e-33,-6.044418190065376e-06,-2.743864723523761e-05,2.1394229045172235e-05,0.7797115091627791,-0.0027935595861713802,0.002787515167981315,0.04184370156364678,0.714717654973079,0.0165702027993161,0.6443900454970616,0.05,SAFE_DELTA_AWAY_FROM_EPSILON,3,7.131409681724078e-06
near_symmetric_m2_least,0.01,4,-6.915447673316436e-06,-6.044418190065376e-06,-1.728861918329109e-06,-4.065491495841409e-33,-6.044418190065376e-06,-2.743864723523761e-05,2.1394229045172235e-05,0.7797115091627791,-0.0027935595861713802,0.002787515167981315,0.04184370156364678,0.714717654973079,0.0165702027993161,0.6443900454970616,0.1,SAFE_DELTA_AWAY_FROM_EPSILON,2,1.0697114522586118e-05
near_symmetric_m2_least,0.01,4,-6.915447673316436e-06,-6.044418190065376e-06,-1.728861918329109e-06,-4.065491495841409e-33,-6.044418190065376e-06,-2.743864723523761e-05,2.1394229045172235e-05,0.7797115091627791,-0.0027935595861713802,0.002787515167981315,0.04184370156364678,0.714717654973079,0.0165702027993161,0.6443900454970616,0.2,SAFE_DELTA_AWAY_FROM_EPSILON,2,1.0697114522586118e-05
near_symmetric_m2_least,0.01,5,-1.4739320125904623e-05,-7.823872452588187e-06,-2.9478640251809246e-06,-8.573069633758037e-33,-7.823872452588187e-06,-3.541654884402142e-05,2.7592676391433232e-05,0.779089925248069,-0.0027935595861713802,0.002785735713718792,0.04184370156364678,0.714717654973079,0.010586141290731122,0.7354816101568575,0.01,EXCLUDED_FROM_FITS_DELTA_EQUALS_EPSILON_ROUNDOFF_SENSITIVE,5,5.518535278286646e-06
near_symmetric_m2_least,0.01,5,-1.4739320125904623e-05,-7.823872452588187e-06,-2.9478640251809246e-06,-8.573069633758037e-33,-7.823872452588187e-06,-3.541654884402142e-05,2.7592676391433232e-05,0.779089925248069,-0.0027935595861713802,0.002785735713718792,0.04184370156364678,0.714717654973079,0.010586141290731122,0.7354816101568575,0.02,SAFE_DELTA_AWAY_FROM_EPSILON,4,6.898169097858308e-06
near_symmetric_m2_least,0.01,5,-1.4739320125904623e-05,-7.823872452588187e-06,-2.9478640251809246e-06,-8.573069633758037e-33,-7.823872452588187e-06,-3.541654884402142e-05,2.7592676391433232e-05,0.779089925248069,-0.0027935595861713802,0.002785735713718792,0.04184370156364678,0.714717654973079,0.010586141290731122,0.7354816101568575,0.05,SAFE_DELTA_AWAY_FROM_EPSILON,4,6.898169097858308e-06
near_symmetric_m2_least,0.01,5,-1.4739320125904623e-05,-7.823872452588187e-06,-2.9478640251809246e-06,-8.573069633758037e-33,-7.823872452588187e-06,-3.541654884402142e-05,2.7592676391433232e-05,0.779089925248069,-0.0027935595861713802,0.002785735713718792,0.04184370156364678,0.714717654973079,0.010586141290731122,0.7354816101568575,0.1,SAFE_DELTA_AWAY_FROM_EPSILON,3,9.19755879714441e-06
near_symmetric_m2_least,0.01,5,-1.4739320125904623e-05,-7.823872452588187e-06,-2.9478640251809246e-06,-8.573069633758037e-33,-7.823872452588187e-06,-3.541654884402142e-05,2.7592676391433232e-05,0.779089925248069,-0.0027935595861713802,0.002785735713718792,0.04184370156364678,0.714717654973079,0.010586141290731122,0.7354816101568575,0.2,SAFE_DELTA_AWAY_FROM_EPSILON,2,1.3796338195716616e-05
near_symmetric_m2_least,0.01,6,-2.3381951264531242e-05,-8.64263113862662e-06,-3.8969918774218734e-06,-1.2241101986410003e-32,-8.64263113862662e-06,-3.909173081304346e-05,3.044909967441684e-05,0.7789140833911888,-0.0027935595861713802,0.0027849169550327535,0.04184370156364678,0.714717654973079,0.0101723124913821,0.7382737484345464,0.01,EXCLUDED_FROM_FITS_DELTA_EQUALS_EPSILON_ROUNDOFF_SENSITIVE,6,5.07484994573614e-06
near_symmetric_m2_least,0.01,6,-2.3381951264531242e-05,-8.64263113862662e-06,-3.8969918774218734e-06,-1.2241101986410003e-32,-8.64263113862662e-06,-3.909173081304346e-05,3.044909967441684e-05,0.7789140833911888,-0.0027935595861713802,0.0027849169550327535,0.04184370156364678,0.714717654973079,0.0101723124913821,0.7382737484345464,0.02,SAFE_DELTA_AWAY_FROM_EPSILON,4,7.61227491860421e-06
near_symmetric_m2_least,0.01,6,-2.3381951264531242e-05,-8.64263113862662e-06,-3.8969918774218734e-06,-1.2241101986410003e-32,-8.64263113862662e-06,-3.909173081304346e-05,3.044909967441684e-05,0.7789140833911888,-0.0027935595861713802,0.0027849169550327535,0.04184370156364678,0.714717654973079,0.0101723124913821,0.7382737484345464,0.05,SAFE_DELTA_AWAY_FROM_EPSILON,4,7.61227491860421e-06
near_symmetric_m2_least,0.01,6,-2.3381951264531242e-05,-8.64263113862662e-06,-3.8969918774218734e-06,-1.2241101986410003e-32,-8.64263113862662e-06,-3.909173081304346e-05,3.044909967441684e-05,0.7789140833911888,-0.0027935595861713802,0.0027849169550327535,0.04184370156364678,0.714717654973079,0.0101723124913821,0.7382737484345464,0.1,SAFE_DELTA_AWAY_FROM_EPSILON,4,7.61227491860421e-06
near_symmetric_m2_least,0.01,6,-2.3381951264531242e-05,-8.64263113862662e-06,-3.8969918774218734e-06,-1.2241101986410003e-32,-8.64263113862662e-06,-3.909173081304346e-05,3.044909967441684e-05,0.7789140833911888,-0.0027935595861713802,0.0027849169550327535,0.04184370156364678,0.714717654973079,0.0101723124913821,0.7382737484345464,0.2,SAFE_DELTA_AWAY_FROM_EPSILON,2,1.522454983720842e-05
near_symmetric_m2_least,0.01,7,-3.4244655248074555e-05,-1.0862703983543317e-05,-4.892093606867794e-06,-1.2325973785697013e-32,-1.0862703983543317e-05,-5.078686974879764e-05,3.9924165765254326e-05,0.7861119608813756,-0.0027935595861713802,0.002782696882187837,0.04184370156364678,0.714717654973079,0.010013772230850359,0.850758234826907,0.01,EXCLUDED_FROM_FITS_DELTA_EQUALS_EPSILON_ROUNDOFF_SENSITIVE,7,5.7034522521791895e-06
near_symmetric_m2_least,0.01,7,-3.4244655248074555e-05,-1.0862703983543317e-05,-4.892093606867794e-06,-1.2325973785697013e-32,-1.0862703983543317e-05,-5.078686974879764e-05,3.9924165765254326e-05,0.7861119608813756,-0.0027935595861713802,0.002782696882187837,0.04184370156364678,0.714717654973079,0.010013772230850359,0.850758234826907,0.02,SAFE_DELTA_AWAY_FROM_EPSILON,5,7.984833153050865e-06
near_symmetric_m2_least,0.01,7,-3.4244655248074555e-05,-1.0862703983543317e-05,-4.892093606867794e-06,-1.2325973785697013e-32,-1.0862703983543317e-05,-5.078686974879764e-05,3.9924165765254326e-05,0.7861119608813756,-0.0027935595861713802,0.002782696882187837,0.04184370156364678,0.714717654973079,0.010013772230850359,0.850758234826907,0.05,SAFE_DELTA_AWAY_FROM_EPSILON,4,9.981041441313581e-06
near_symmetric_m2_least,0.01,7,-3.4244655248074555e-05,-1.0862703983543317e-05,-4.892093606867794e-06,-1.2325973785697013e-32,-1.0862703983543317e-05,-5.078686974879764e-05,3.9924165765254326e-05,0.7861119608813756,-0.0027935595861713802,0.002782696882187837,0.04184370156364678,0.714717654973079,0.010013772230850359,0.850758234826907,0.1,SAFE_DELTA_AWAY_FROM_EPSILON,4,9.981041441313581e-06
near_symmetric_m2_least,0.01,7,-3.4244655248074555e-05,-1.0862703983543317e-05,-4.892093606867794e-06,-1.2325973785697013e-32,-1.0862703983543317e-05,-5.078686974879764e-05,3.9924165765254326e-05,0.7861119608813756,-0.0027935595861713802,0.002782696882187837,0.04184370156364678,0.714717654973079,0.010013772230850359,0.850758234826907,0.2,SAFE_DELTA_AWAY_FROM_EPSILON,2,1.9962082882627163e-05
near_symmetric_m2_least,0.01,8,-4.6642609477289836e-05,-1.2397954229215284e-05,-5.8303261846612295e-06,-1.466939081419506e-32,-1.2397954229215284e-05,-5.8542522552720844e-05,4.614456832350556e-05,0.7882230951348189,-0.0027935595861713802,0.002781161631942165,0.04184370156364678,0.714717654973079,0.010003927954151191,0.8959196204935737,0.01,EXCLUDED_FROM_FITS_DELTA_EQUALS_EPSILON_ROUNDOFF_SENSITIVE,8,5.768071040438195e-06
near_symmetric_m2_least,0.01,8,-4.6642609477289836e-05,-1.2397954229215284e-05,-5.8303261846612295e-06,-1.466939081419506e-32,-1.2397954229215284e-05,-5.8542522552720844e-05,4.614456832350556e-05,0.7882230951348189,-0.0027935595861713802,0.002781161631942165,0.04184370156364678,0.714717654973079,0.010003927954151191,0.8959196204935737,0.02,SAFE_DELTA_AWAY_FROM_EPSILON,6,7.690761387250927e-06
near_symmetric_m2_least,0.01,8,-4.6642609477289836e-05,-1.2397954229215284e-05,-5.8303261846612295e-06,-1.466939081419506e-32,-1.2397954229215284e-05,-5.8542522552720844e-05,4.614456832350556e-05,0.7882230951348189,-0.0027935595861713802,0.002781161631942165,0.04184370156364678,0.714717654973079,0.010003927954151191,0.8959196204935737,0.05,SAFE_DELTA_AWAY_FROM_EPSILON,4,1.153614208087639e-05
near_symmetric_m2_least,0.01,8,-4.6642609477289836e-05,-1.2397954229215284e-05,-5.8303261846612295e-06,-1.466939081419506e-32,-1.2397954229215284e-05,-5.8542522552720844e-05,4.614456832350556e-05,0.7882230951348189,-0.0027935595861713802,0.002781161631942165,0.04184370156364678,0.714717654973079,0.010003927954151191,0.8959196204935737,0.1,SAFE_DELTA_AWAY_FROM_EPSILON,4,1.153614208087639e-05
near_symmetric_m2_least,0.01,8,-4.6642609477289836e-05,-1.2397954229215284e-05,-5.8303261846612295e-06,-1.466939081419506e-32,-1.2397954229215284e-05,-5.8542522552720844e-05,4.614456832350556e-05,0.7882230951348189,-0.0027935595861713802,0.002781161631942165,0.04184370156364678,0.714717654973079,0.010003927954151191,0.8959196204935737,0.2,SAFE_DELTA_AWAY_FROM_EPSILON,3,1.5381522774501853e-05
near_symmetric_m2_least,0.01,9,-5.990486398435079e-05,-1.326225450706096e-05,-6.656095998261199e-06,-1.6846669235968444e-32,-1.326225450706096e-05,-6.290300594419501e-05,4.964075143713405e-05,0.7891634221927853,-0.0027935595861713802,0.0027802973316643194,0.04184370156364678,0.714717654973079,0.010000300632319157,0.8980335463779034,0.01,EXCLUDED_FROM_FITS_DELTA_EQUALS_EPSILON_ROUNDOFF_SENSITIVE,9,5.51563904857045e-06
near_symmetric_m2_least,0.01,9,-5.990486398435079e-05,-1.326225450706096e-05,-6.656095998261199e-06,-1.6846669235968444e-32,-1.326225450706096e-05,-6.290300594419501e-05,4.964075143713405e-05,0.7891634221927853,-0.0027935595861713802,0.0027802973316643194,0.04184370156364678,0.714717654973079,0.010000300632319157,0.8980335463779034,0.02,SAFE_DELTA_AWAY_FROM_EPSILON,6,8.273458572855675e-06
near_symmetric_m2_least,0.01,9,-5.990486398435079e-05,-1.326225450706096e-05,-6.656095998261199e-06,-1.6846669235968444e-32,-1.326225450706096e-05,-6.290300594419501e-05,4.964075143713405e-05,0.7891634221927853,-0.0027935595861713802,0.0027802973316643194,0.04184370156364678,0.714717654973079,0.010000300632319157,0.8980335463779034,0.05,SAFE_DELTA_AWAY_FROM_EPSILON,5,9.928150287426811e-06
near_symmetric_m2_least,0.01,9,-5.990486398435079e-05,-1.326225450706096e-05,-6.656095998261199e-06,-1.6846669235968444e-32,-1.326225450706096e-05,-6.290300594419501e-05,4.964075143713405e-05,0.7891634221927853,-0.0027935595861713802,0.0027802973316643194,0.04184370156364678,0.714717654973079,0.010000300632319157,0.8980335463779034,0.1,SAFE_DELTA_AWAY_FROM_EPSILON,4,1.2410187859283513e-05
near_symmetric_m2_least,0.01,9,-5.990486398435079e-05,-1.326225450706096e-05,-6.656095998261199e-06,-1.6846669235968444e-32,-1.326225450706096e-05,-6.290300594419501e-05,4.964075143713405e-05,0.7891634221927853,-0.0027935595861713802,0.0027802973316643194,0.04184370156364678,0.714717654973079,0.010000300632319157,0.8980335463779034,0.2,SAFE_DELTA_AWAY_FROM_EPSILON,2,2.4820375718567027e-05
near_symmetric_m2_least,0.01,10,-7.59048186945865e-05,-1.5999954710235703e-05,-7.59048186945865e-06,-1.8056245678564814e-32,-1.5999954710235703e-05,-7.219038989445616e-05,5.619043518422045e-05,0.7783644785181522,-0.0027935595861713802,0.0027775596314611444,0.04184370156364678,0.714717654973079,0.010000084581555421,0.9428000673131245,0.01,EXCLUDED_FROM_FITS_DELTA_EQUALS_EPSILON_ROUNDOFF_SENSITIVE,10,5.619043518422045e-06
near_symmetric_m2_least,0.01,10,-7.59048186945865e-05,-1.5999954710235703e-05,-7.59048186945865e-06,-1.8056245678564814e-32,-1.5999954710235703e-05,-7.219038989445616e-05,5.619043518422045e-05,0.7783644785181522,-0.0027935595861713802,0.0027775596314611444,0.04184370156364678,0.714717654973079,0.010000084581555421,0.9428000673131245,0.02,SAFE_DELTA_AWAY_FROM_EPSILON,6,9.365072530703409e-06
near_symmetric_m2_least,0.01,10,-7.59048186945865e-05,-1.5999954710235703e-05,-7.59048186945865e-06,-1.8056245678564814e-32,-1.5999954710235703e-05,-7.219038989445616e-05,5.619043518422045e-05,0.7783644785181522,-0.0027935595861713802,0.0027775596314611444,0.04184370156364678,0.714717654973079,0.010000084581555421,0.9428000673131245,0.05,SAFE_DELTA_AWAY_FROM_EPSILON,5,1.123808703684409e-05
near_symmetric_m2_least,0.01,10,-7.59048186945865e-05,-1.5999954710235703e-05,-7.59048186945865e-06,-1.8056245678564814e-32,-1.5999954710235703e-05,-7.219038989445616e-05,5.619043518422045e-05,0.7783644785181522,-0.0027935595861713802,0.0027775596314611444,0.04184370156364678,0.714717654973079,0.010000084581555421,0.9428000673131245,0.1,SAFE_DELTA_AWAY_FROM_EPSILON,4,1.4047608796055112e-05
near_symmetric_m2_least,0.01,10,-7.59048186945865e-05,-1.5999954710235703e-05,-7.59048186945865e-06,-1.8056245678564814e-32,-1.5999954710235703e-05,-7.219038989445616e-05,5.619043518422045e-05,0.7783644785181522,-0.0027935595861713802,0.0027775596314611444,0.04184370156364678,0.714717654973079,0.010000084581555421,0.9428000673131245,0.2,SAFE_DELTA_AWAY_FROM_EPSILON,2,2.8095217592110225e-05
near_symmetric_m2_least,0.01,11,-9.296727565479901e-05,-1.7062456960212508e-05,-8.451570514072637e-06,-2.0378784111125435e-32,-1.7062456960212508e-05,-7.84226829823396e-05,6.136022602212709e-05,0.782429568699468,-0.0027935595861713802,0.0027764971292111675,0.04184370156364678,0.714717654973079,0.01000000632827126,0.9603506914952258,0.01,EXCLUDED_FROM_FITS_DELTA_EQUALS_EPSILON_ROUNDOFF_SENSITIVE,11,5.578202365647917e-06
near_symmetric_m2_least,0.01,11,-9.296727565479901e-05,-1.7062456960212508e-05,-8.451570514072637e-06,-2.0378784111125435e-32,-1.7062456960212508e-05,-7.84226829823396e-05,6.136022602212709e-05,0.782429568699468,-0.0027935595861713802,0.0027764971292111675,0.04184370156364678,0.714717654973079,0.01000000632827126,0.9603506914952258,0.02,SAFE_DELTA_AWAY_FROM_EPSILON,6,1.0226704337021182e-05
near_symmetric_m2_least,0.01,11,-9.296727565479901e-05,-1.7062456960212508e-05,-8.451570514072637e-06,-2.0378784111125435e-32,-1.7062456960212508e-05,-7.84226829823396e-05,6.136022602212709e-05,0.782429568699468,-0.0027935595861713802,0.0027764971292111675,0.04184370156364678,0.714717654973079,0.01000000632827126,0.9603506914952258,0.05,SAFE_DELTA_AWAY_FROM_EPSILON,5,1.2272045204425419e-05
near_symmetric_m2_least,0.01,11,-9.296727565479901e-05,-1.7062456960212508e-05,-8.451570514072637e-06,-2.0378784111125435e-32,-1.7062456960212508e-05,-7.84226829823396e-05,6.136022602212709e-05,0.782429568699468,-0.0027935595861713802,0.0027764971292111675,0.04184370156364678,0.714717654973079,0.01000000632827126,0.9603506914952258,0.1,SAFE_DELTA_AWAY_FROM_EPSILON,3,2.0453408674042363e-05
near_symmetric_m2_least,0.01,11,-9.296727565479901e-05,-1.7062456960212508e-05,-8.451570514072637e-06,-2.0378784111125435e-32,-1.7062456960212508e-05,-7.84226829823396e-05,6.136022602212709e-05,0.782429568699468,-0.0027935595861713802,0.0027764971292111675,0.04184370156364678,0.714717654973079,0.01000000632827126,0.9603506914952258,0.2,SAFE_DELTA_AWAY_FROM_EPSILON,2,3.0680113011063545e-05
near_symmetric_m2_least,0.01,12,-0.00011098237293098532,-1.8015097276186302e-05,-9.24853107758211e-06,-2.3384385197530867e-32,-1.8015097276186302e-05,-8.480446693286294e-05,6.678936965667663e-05,0.7875690051745943,-0.0027935595861713802,0.002775544488895194,0.04184370156364678,0.714717654973079,0.010000001765681594,0.9614728266571196,0.01,EXCLUDED_FROM_FITS_DELTA_EQUALS_EPSILON_ROUNDOFF_SENSITIVE,12,5.565780804723053e-06
near_symmetric_m2_least,0.01,12,-0.00011098237293098532,-1.8015097276186302e-05,-9.24853107758211e-06,-2.3384385197530867e-32,-1.8015097276186302e-05,-8.480446693286294e-05,6.678936965667663e-05,0.7875690051745943,-0.0027935595861713802,0.002775544488895194,0.04184370156364678,0.714717654973079,0.010000001765681594,0.9614728266571196,0.02,SAFE_DELTA_AWAY_FROM_EPSILON,7,9.541338522382376e-06
near_symmetric_m2_least,0.01,12,-0.00011098237293098532,-1.8015097276186302e-05,-9.24853107758211e-06,-2.3384385197530867e-32,-1.8015097276186302e-05,-8.480446693286294e-05,6.678936965667663e-05,0.7875690051745943,-0.0027935595861713802,0.002775544488895194,0.04184370156364678,0.714717654973079,0.010000001765681594,0.9614728266571196,0.05,SAFE_DELTA_AWAY_FROM_EPSILON,4,1.669734241416916e-05
near_symmetric_m2_least,0.01,12,-0.00011098237293098532,-1.8015097276186302e-05,-9.24853107758211e-06,-2.3384385197530867e-32,-1.8015097276186302e-05,-8.480446693286294e-05,6.678936965667663e-05,0.7875690051745943,-0.0027935595861713802,0.002775544488895194,0.04184370156364678,0.714717654973079,0.010000001765681594,0.9614728266571196,0.1,SAFE_DELTA_AWAY_FROM_EPSILON,4,1.669734241416916e-05
near_symmetric_m2_least,0.01,12,-0.00011098237293098532,-1.8015097276186302e-05,-9.24853107758211e-06,-2.3384385197530867e-32,-1.8015097276186302e-05,-8.480446693286294e-05,6.678936965667663e-05,0.7875690051745943,-0.0027935595861713802,0.002775544488895194,0.04184370156364678,0.714717654973079,0.010000001765681594,0.9614728266571196,0.2,SAFE_DELTA_AWAY_FROM_EPSILON,2,3.339468482833832e-05
near_symmetric_m2_least,0.01,13,-0.00013118505029044512,-2.0202677359459796e-05,-1.0091157714649624e-05,-2.499132772048972e-32,-2.0202677359459796e-05,-9.511881964330575e-05,7.491614228384596e-05,0.7876058866665971,-0.0027935595861713802,0.0027733569088119205,0.04184370156364678,0.714717654973079,0.01000000013030792,0.9757508587417505,0.01,EXCLUDED_FROM_FITS_DELTA_EQUALS_EPSILON_ROUNDOFF_SENSITIVE,13,5.762780175680459e-06
near_symmetric_m2_least,0.01,13,-0.00013118505029044512,-2.0202677359459796e-05,-1.0091157714649624e-05,-2.499132772048972e-32,-2.0202677359459796e-05,-9.511881964330575e-05,7.491614228384596e-05,0.7876058866665971,-0.0027935595861713802,0.0027733569088119205,0.04184370156364678,0.714717654973079,0.01000000013030792,0.9757508587417505,0.02,SAFE_DELTA_AWAY_FROM_EPSILON,7,1.0702306040549423e-05
near_symmetric_m2_least,0.01,13,-0.00013118505029044512,-2.0202677359459796e-05,-1.0091157714649624e-05,-2.499132772048972e-32,-2.0202677359459796e-05,-9.511881964330575e-05,7.491614228384596e-05,0.7876058866665971,-0.0027935595861713802,0.0027733569088119205,0.04184370156364678,0.714717654973079,0.01000000013030792,0.9757508587417505,0.05,SAFE_DELTA_AWAY_FROM_EPSILON,4,1.872903557096149e-05
near_symmetric_m2_least,0.01,13,-0.00013118505029044512,-2.0202677359459796e-05,-1.0091157714649624e-05,-2.499132772048972e-32,-2.0202677359459796e-05,-9.511881964330575e-05,7.491614228384596e-05,0.7876058866665971,-0.0027935595861713802,0.0027733569088119205,0.04184370156364678,0.714717654973079,0.01000000013030792,0.9757508587417505,0.1,SAFE_DELTA_AWAY_FROM_EPSILON,4,1.872903557096149e-05
near_symmetric_m2_least,0.01,13,-0.00013118505029044512,-2.0202677359459796e-05,-1.0091157714649624e-05,-2.499132772048972e-32,-2.0202677359459796e-05,-9.511881964330575e-05,7.491614228384596e-05,0.7876058866665971,-0.0027935595861713802,0.0027733569088119205,0.04184370156364678,0.714717654973079,0.01000000013030792,0.9757508587417505,0.2,SAFE_DELTA_AWAY_FROM_EPSILON,3,2.4972047427948654e-05
near_symmetric_m2_least,0.01,14,-0.00015266242825771675,-2.1477377967271635e-05,-1.0904459161265481e-05,-2.6526380231217604e-32,-2.1477377967271635e-05,-0.00010020396778424152,7.872658981696989e-05,0.7856633979453133,-0.0027935595861713802,0.0027720822082041084,0.04184370156364678,0.714717654973079,0.010000000036149051,0.9815473449182852,0.01,EXCLUDED_FROM_FITS_DELTA_EQUALS_EPSILON_ROUNDOFF_SENSITIVE,14,5.623327844069278e-06
near_symmetric_m2_least,0.01,14,-0.00015266242825771675,-2.1477377967271635e-05,-1.0904459161265481e-05,-2.6526380231217604e-32,-2.1477377967271635e-05,-0.00010020396778424152,7.872658981696989e-05,0.7856633979453133,-0.0027935595861713802,0.0027720822082041084,0.04184370156364678,0.714717654973079,0.010000000036149051,0.9815473449182852,0.02,SAFE_DELTA_AWAY_FROM_EPSILON,7,1.1246655688138556e-05
near_symmetric_m2_least,0.01,14,-0.00015266242825771675,-2.1477377967271635e-05,-1.0904459161265481e-05,-2.6526380231217604e-32,-2.1477377967271635e-05,-0.00010020396778424152,7.872658981696989e-05,0.7856633979453133,-0.0027935595861713802,0.0027720822082041084,0.04184370156364678,0.714717654973079,0.010000000036149051,0.9815473449182852,0.05,SAFE_DELTA_AWAY_FROM_EPSILON,4,1.9681647454242472e-05
near_symmetric_m2_least,0.01,14,-0.00015266242825771675,-2.1477377967271635e-05,-1.0904459161265481e-05,-2.6526380231217604e-32,-2.1477377967271635e-05,-0.00010020396778424152,7.872658981696989e-05,0.7856633979453133,-0.0027935595861713802,0.0027720822082041084,0.04184370156364678,0.714717654973079,0.010000000036149051,0.9815473449182852,0.1,SAFE_DELTA_AWAY_FROM_EPSILON,4,1.9681647454242472e-05
near_symmetric_m2_least,0.01,14,-0.00015266242825771675,-2.1477377967271635e-05,-1.0904459161265481e-05,-2.6526380231217604e-32,-2.1477377967271635e-05,-0.00010020396778424152,7.872658981696989e-05,0.7856633979453133,-0.0027935595861713802,0.0027720822082041084,0.04184370156364678,0.714717654973079,0.010000000036149051,0.9815473449182852,0.2,SAFE_DELTA_AWAY_FROM_EPSILON,3,2.6242196605656628e-05
near_symmetric_m2_least,0.01,15,-0.00017505577216903788,-2.2393343911321124e-05,-1.1670384811269192e-05,-2.8759043479589964e-32,-2.2393343911321124e-05,-0.00010632703053926678,8.393368662794566e-05,0.7893918056608267,-0.0027935595861713802,0.002771166242260059,0.04184370156364678,0.714717654973079,0.010000000002643982,0.9820202079008845,0.01,EXCLUDED_FROM_FITS_DELTA_EQUALS_EPSILON_ROUNDOFF_SENSITIVE,15,5.595579108529711e-06
near_symmetric_m2_least,0.01,15,-0.00017505577216903788,-2.2393343911321124e-05,-1.1670384811269192e-05,-2.8759043479589964e-32,-2.2393343911321124e-05,-0.00010632703053926678,8.393368662794566e-05,0.7893918056608267,-0.0027935595861713802,0.002771166242260059,0.04184370156364678,0.714717654973079,0.010000000002643982,0.9820202079008845,0.02,SAFE_DELTA_AWAY_FROM_EPSILON,6,1.3988947771324276e-05
near_symmetric_m2_least,0.01,15,-0.00017505577216903788,-2.2393343911321124e-05,-1.1670384811269192e-05,-2.8759043479589964e-32,-2.2393343911321124e-05,-0.00010632703053926678,8.393368662794566e-05,0.7893918056608267,-0.0027935595861713802,0.002771166242260059,0.04184370156364678,0.714717654973079,0.010000000002643982,0.9820202079008845,0.05,SAFE_DELTA_AWAY_FROM_EPSILON,5,1.6786737325589132e-05
near_symmetric_m2_least,0.01,15,-0.00017505577216903788,-2.2393343911321124e-05,-1.1670384811269192e-05,-2.8759043479589964e-32,-2.2393343911321124e-05,-0.00010632703053926678,8.393368662794566e-05,0.7893918056608267,-0.0027935595861713802,0.002771166242260059,0.04184370156364678,0.714717654973079,0.010000000002643982,0.9820202079008845,0.1,SAFE_DELTA_AWAY_FROM_EPSILON,4,2.0983421656986415e-05
near_symmetric_m2_least,0.01,15,-0.00017505577216903788,-2.2393343911321124e-05,-1.1670384811269192e-05,-2.8759043479589964e-32,-2.2393343911321124e-05,-0.00010632703053926678,8.393368662794566e-05,0.7893918056608267,-0.0027935595861713802,0.002771166242260059,0.04184370156364678,0.714717654973079,0.010000000002643982,0.9820202079008845,0.2,SAFE_DELTA_AWAY_FROM_EPSILON,2,4.196684331397283e-05
near_symmetric_m2_least,0.01,16,-0.00019932910752139586,-2.427333535235796e-05,-1.2458069220087241e-05,-2.996074689403286e-32,-2.427333535235796e-05,-0.00011687032731964625,9.259699196728829e-05,0.7923054045534658,-0.0027935595861713802,0.0027692862508190224,0.04184370156364678,0.714717654973079,0.010000000000730376,0.9859788590289696,0.01,EXCLUDED_FROM_FITS_DELTA_EQUALS_EPSILON_ROUNDOFF_SENSITIVE,16,5.787311997955518e-06
near_symmetric_m2_least,0.01,16,-0.00019932910752139586,-2.427333535235796e-05,-1.2458069220087241e-05,-2.996074689403286e-32,-2.427333535235796e-05,-0.00011687032731964625,9.259699196728829e-05,0.7923054045534658,-0.0027935595861713802,0.0027692862508190224,0.04184370156364678,0.714717654973079,0.010000000000730376,0.9859788590289696,0.02,SAFE_DELTA_AWAY_FROM_EPSILON,6,1.543283199454805e-05
near_symmetric_m2_least,0.01,16,-0.00019932910752139586,-2.427333535235796e-05,-1.2458069220087241e-05,-2.996074689403286e-32,-2.427333535235796e-05,-0.00011687032731964625,9.259699196728829e-05,0.7923054045534658,-0.0027935595861713802,0.0027692862508190224,0.04184370156364678,0.714717654973079,0.010000000000730376,0.9859788590289696,0.05,SAFE_DELTA_AWAY_FROM_EPSILON,5,1.851939839345766e-05
near_symmetric_m2_least,0.01,16,-0.00019932910752139586,-2.427333535235796e-05,-1.2458069220087241e-05,-2.996074689403286e-32,-2.427333535235796e-05,-0.00011687032731964625,9.259699196728829e-05,0.7923054045534658,-0.0027935595861713802,0.0027692862508190224,0.04184370156364678,0.714717654973079,0.010000000000730376,0.9859788590289696,0.1,SAFE_DELTA_AWAY_FROM_EPSILON,4,2.3149247991822073e-05
near_symmetric_m2_least,0.01,16,-0.00019932910752139586,-2.427333535235796e-05,-1.2458069220087241e-05,-2.996074689403286e-32,-2.427333535235796e-05,-0.00011687032731964625,9.259699196728829e-05,0.7923054045534658,-0.0027935595861713802,0.0027692862508190224,0.04184370156364678,0.714717654973079,0.010000000000730376,0.9859788590289696,0.2,SAFE_DELTA_AWAY_FROM_EPSILON,2,4.6298495983644146e-05
near_symmetric_m2_least,0.01,17,-0.00022447997055440673,-2.5150863033010885e-05,-1.320470415025922e-05,-3.1731789567624167e-32,-2.5150863033010885e-05,-0.00012246640099948568,9.731553796647479e-05,0.7946305041403436,-0.0027935595861713802,0.0027684087231383695,0.04184370156364678,0.714717654973079,0.010000000000053168,0.9877213823424403,0.01,EXCLUDED_FROM_FITS_DELTA_EQUALS_EPSILON_ROUNDOFF_SENSITIVE,17,5.724443409792635e-06
near_symmetric_m2_least,0.01,17,-0.00022447997055440673,-2.5150863033010885e-05,-1.320470415025922e-05,-3.1731789567624167e-32,-2.5150863033010885e-05,-0.00012246640099948568,9.731553796647479e-05,0.7946305041403436,-0.0027935595861713802,0.0027684087231383695,0.04184370156364678,0.714717654973079,0.010000000000053168,0.9877213823424403,0.02,SAFE_DELTA_AWAY_FROM_EPSILON,6,1.6219256327745798e-05
near_symmetric_m2_least,0.01,17,-0.00022447997055440673,-2.5150863033010885e-05,-1.320470415025922e-05,-3.1731789567624167e-32,-2.5150863033010885e-05,-0.00012246640099948568,9.731553796647479e-05,0.7946305041403436,-0.0027935595861713802,0.0027684087231383695,0.04184370156364678,0.714717654973079,0.010000000000053168,0.9877213823424403,0.05,SAFE_DELTA_AWAY_FROM_EPSILON,6,1.6219256327745798e-05
near_symmetric_m2_least,0.01,17,-0.00022447997055440673,-2.5150863033010885e-05,-1.320470415025922e-05,-3.1731789567624167e-32,-2.5150863033010885e-05,-0.00012246640099948568,9.731553796647479e-05,0.7946305041403436,-0.0027935595861713802,0.0027684087231383695,0.04184370156364678,0.714717654973079,0.010000000000053168,0.9877213823424403,0.1,SAFE_DELTA_AWAY_FROM_EPSILON,4,2.4328884491618698e-05
near_symmetric_m2_least,0.01,17,-0.00022447997055440673,-2.5150863033010885e-05,-1.320470415025922e-05,-3.1731789567624167e-32,-2.5150863033010885e-05,-0.00012246640099948568,9.731553796647479e-05,0.7946305041403436,-0.0027935595861713802,0.0027684087231383695,0.04184370156364678,0.714717654973079,0.010000000000053168,0.9877213823424403,0.2,SAFE_DELTA_AWAY_FROM_EPSILON,2,4.8657768983237396e-05
near_symmetric_m2_least,0.01,18,-0.0002506331228701076,-2.6153152315700842e-05,-1.3924062381672643e-05,-3.39260170085777e-32,-2.6153152315700842e-05,-0.00012949408247775267,0.00010334093016205183,0.7980359270842048,-0.0027935595861713802,0.0027674064338556793,0.04184370156364678,0.714717654973079,0.010000000000014513,0.9878940858044837,0.01,EXCLUDED_FROM_FITS_DELTA_EQUALS_EPSILON_ROUNDOFF_SENSITIVE,18,5.741162786780657e-06
near_symmetric_m2_least,0.01,18,-0.0002506331228701076,-2.6153152315700842e-05,-1.3924062381672643e-05,-3.39260170085777e-32,-2.6153152315700842e-05,-0.00012949408247775267,0.00010334093016205183,0.7980359270842048,-0.0027935595861713802,0.0027674064338556793,0.04184370156364678,0.714717654973079,0.010000000000014513,0.9878940858044837,0.02,SAFE_DELTA_AWAY_FROM_EPSILON,7,1.4762990023150261e-05
near_symmetric_m2_least,0.01,18,-0.0002506331228701076,-2.6153152315700842e-05,-1.3924062381672643e-05,-3.39260170085777e-32,-2.6153152315700842e-05,-0.00012949408247775267,0.00010334093016205183,0.7980359270842048,-0.0027935595861713802,0.0027674064338556793,0.04184370156364678,0.714717654973079,0.010000000000014513,0.9878940858044837,0.05,SAFE_DELTA_AWAY_FROM_EPSILON,6,1.722348836034197e-05
near_symmetric_m2_least,0.01,18,-0.0002506331228701076,-2.6153152315700842e-05,-1.3924062381672643e-05,-3.39260170085777e-32,-2.6153152315700842e-05,-0.00012949408247775267,0.00010334093016205183,0.7980359270842048,-0.0027935595861713802,0.0027674064338556793,0.04184370156364678,0.714717654973079,0.010000000000014513,0.9878940858044837,0.1,SAFE_DELTA_AWAY_FROM_EPSILON,4,2.5835232540512958e-05
near_symmetric_m2_least,0.01,18,-0.0002506331228701076,-2.6153152315700842e-05,-1.3924062381672643e-05,-3.39260170085777e-32,-2.6153152315700842e-05,-0.00012949408247775267,0.00010334093016205183,0.7980359270842048,-0.0027935595861713802,0.0027674064338556793,0.04184370156364678,0.714717654973079,0.010000000000014513,0.9878940858044837,0.2,SAFE_DELTA_AWAY_FROM_EPSILON,2,5.1670465081025915e-05
near_symmetric_m2_least,0.01,19,-0.0002787636670263562,-2.813054415624863e-05,-1.467177194875559e-05,-3.525293028089091e-32,-2.813054415624863e-05,-0.00014028182547010971,0.00011215128131386109,0.7994712140223575,-0.0027935595861713802,0.0027654290420151316,0.04184370156364678,0.714717654973079,0.010000000000001131,0.988906979189709,0.01,EXCLUDED_FROM_FITS_DELTA_EQUALS_EPSILON_ROUNDOFF_SENSITIVE,19,5.902699016519004e-06
near_symmetric_m2_least,0.01,19,-0.0002787636670263562,-2.813054415624863e-05,-1.467177194875559e-05,-3.525293028089091e-32,-2.813054415624863e-05,-0.00014028182547010971,0.00011215128131386109,0.7994712140223575,-0.0027935595861713802,0.0027654290420151316,0.04184370156364678,0.714717654973079,0.010000000000001131,0.988906979189709,0.02,SAFE_DELTA_AWAY_FROM_EPSILON,7,1.602161161626587e-05
near_symmetric_m2_least,0.01,19,-0.0002787636670263562,-2.813054415624863e-05,-1.467177194875559e-05,-3.525293028089091e-32,-2.813054415624863e-05,-0.00014028182547010971,0.00011215128131386109,0.7994712140223575,-0.0027935595861713802,0.0027654290420151316,0.04184370156364678,0.714717654973079,0.010000000000001131,0.988906979189709,0.05,SAFE_DELTA_AWAY_FROM_EPSILON,5,2.2430256262772216e-05
near_symmetric_m2_least,0.01,19,-0.0002787636670263562,-2.813054415624863e-05,-1.467177194875559e-05,-3.525293028089091e-32,-2.813054415624863e-05,-0.00014028182547010971,0.00011215128131386109,0.7994712140223575,-0.0027935595861713802,0.0027654290420151316,0.04184370156364678,0.714717654973079,0.010000000000001131,0.988906979189709,0.1,SAFE_DELTA_AWAY_FROM_EPSILON,4,2.803782032846527e-05
near_symmetric_m2_least,0.01,19,-0.0002787636670263562,-2.813054415624863e-05,-1.467177194875559e-05,-3.525293028089091e-32,-2.813054415624863e-05,-0.00014028182547010971,0.00011215128131386109,0.7994712140223575,-0.0027935595861713802,0.0027654290420151316,0.04184370156364678,0.714717654973079,0.010000000000001131,0.988906979189709,0.2,SAFE_DELTA_AWAY_FROM_EPSILON,3,3.738376043795369e-05
near_symmetric_m2_least,0.01,20,-0.0003079081041141725,-2.914443708781627e-05,-1.5395405205708625e-05,-3.693594497271669e-32,-2.914443708781627e-05,-0.00014556039592700286,0.0001164159588391866,0.7997777011926244,-0.0027935595861713802,0.002764415149083564,0.04184370156364678,0.714717654973079,0.01000000000000026,0.9894042668415072,0.01,EXCLUDED_FROM_FITS_DELTA_EQUALS_EPSILON_ROUNDOFF_SENSITIVE,20,5.82079794195933e-06
near_symmetric_m2_least,0.01,20,-0.0003079081041141725,-2.914443708781627e-05,-1.5395405205708625e-05,-3.693594497271669e-32,-2.914443708781627e-05,-0.00014556039592700286,0.0001164159588391866,0.7997777011926244,-0.0027935595861713802,0.002764415149083564,0.04184370156364678,0.714717654973079,0.01000000000000026,0.9894042668415072,0.02,SAFE_DELTA_AWAY_FROM_EPSILON,8,1.4551994854898325e-05
near_symmetric_m2_least,0.01,20,-0.0003079081041141725,-2.914443708781627e-05,-1.5395405205708625e-05,-3.693594497271669e-32,-2.914443708781627e-05,-0.00014556039592700286,0.0001164159588391866,0.7997777011926244,-0.0027935595861713802,0.002764415149083564,0.04184370156364678,0.714717654973079,0.01000000000000026,0.9894042668415072,0.05,SAFE_DELTA_AWAY_FROM_EPSILON,5,2.328319176783732e-05
near_symmetric_m2_least,0.01,20,-0.0003079081041141725,-2.914443708781627e-05,-1.5395405205708625e-05,-3.693594497271669e-32,-2.914443708781627e-05,-0.00014556039592700286,0.0001164159588391866,0.7997777011926244,-0.0027935595861713802,0.002764415149083564,0.04184370156364678,0.714717654973079,0.01000000000000026,0.9894042668415072,0.1,SAFE_DELTA_AWAY_FROM_EPSILON,4,2.910398970979665e-05
near_symmetric_m2_least,0.01,20,-0.0003079081041141725,-2.914443708781627e-05,-1.5395405205708625e-05,-3.693594497271669e-32,-2.914443708781627e-05,-0.00014556039592700286,0.0001164159588391866,0.7997777011926244,-0.0027935595861713802,0.002764415149083564,0.04184370156364678,0.714717654973079,0.01000000000000026,0.9894042668415072,0.2,SAFE_DELTA_AWAY_FROM_EPSILON,3,3.88053196130622e-05
near_symmetric_m2_least,0.01,21,-0.0003379347628209141,-3.002665870674158e-05,-1.609213156290067e-05,-3.8522818073190616e-32,-3.002665870674158e-05,-0.0001519158408625433,0.00012188918215580173,0.8023467563602512,-0.0027935595861713802,0.0027635329274646385,0.04184370156364678,0.714717654973079,0.010000000000000083,0.9894619625675528,0.01,EXCLUDED_FROM_FITS_DELTA_EQUALS_EPSILON_ROUNDOFF_SENSITIVE,21,5.804246769323892e-06
near_symmetric_m2_least,0.01,21,-0.0003379347628209141,-3.002665870674158e-05,-1.609213156290067e-05,-3.8522818073190616e-32,-3.002665870674158e-05,-0.0001519158408625433,0.00012188918215580173,0.8023467563602512,-0.0027935595861713802,0.0027635329274646385,0.04184370156364678,0.714717654973079,0.010000000000000083,0.9894619625675528,0.02,SAFE_DELTA_AWAY_FROM_EPSILON,8,1.5236147769475216e-05
near_symmetric_m2_least,0.01,21,-0.0003379347628209141,-3.002665870674158e-05,-1.609213156290067e-05,-3.8522818073190616e-32,-3.002665870674158e-05,-0.0001519158408625433,0.00012188918215580173,0.8023467563602512,-0.0027935595861713802,0.0027635329274646385,0.04184370156364678,0.714717654973079,0.010000000000000083,0.9894619625675528,0.05,SAFE_DELTA_AWAY_FROM_EPSILON,5,2.4377836431160344e-05
near_symmetric_m2_least,0.01,21,-0.0003379347628209141,-3.002665870674158e-05,-1.609213156290067e-05,-3.8522818073190616e-32,-3.002665870674158e-05,-0.0001519158408625433,0.00012188918215580173,0.8023467563602512,-0.0027935595861713802,0.0027635329274646385,0.04184370156364678,0.714717654973079,0.010000000000000083,0.9894619625675528,0.1,SAFE_DELTA_AWAY_FROM_EPSILON,4,3.047229553895043e-05
near_symmetric_m2_least,0.01,21,-0.0003379347628209141,-3.002665870674158e-05,-1.609213156290067e-05,-3.8522818073190616e-32,-3.002665870674158e-05,-0.0001519158408625433,0.00012188918215580173,0.8023467563602512,-0.0027935595861713802,0.0027635329274646385,0.04184370156364678,0.714717654973079,0.010000000000000083,0.9894619625675528,0.2,SAFE_DELTA_AWAY_FROM_EPSILON,4,3.047229553895043e-05
near_symmetric_m2_least,0.01,22,-0.0003694483610166838,-3.151359819576973e-05,-1.6793107318940173e-05,-4.023303475045496e-32,-3.151359819576973e-05,-0.00016129323145570016,0.00012977963325993045,0.8046192148836385,-0.0027935595861713802,0.0027620459879756105,0.04184370156364678,0.714717654973079,0.00999999999999985,0.9897092613734001,0.01,EXCLUDED_FROM_FITS_DELTA_EQUALS_EPSILON_ROUNDOFF_SENSITIVE,21,6.179982536187164e-06
near_symmetric_m2_least,0.01,22,-0.0003694483610166838,-3.151359819576973e-05,-1.6793107318940173e-05,-4.023303475045496e-32,-3.151359819576973e-05,-0.00016129323145570016,0.00012977963325993045,0.8046192148836385,-0.0027935595861713802,0.0027620459879756105,0.04184370156364678,0.714717654973079,0.00999999999999985,0.9897092613734001,0.02,SAFE_DELTA_AWAY_FROM_EPSILON,8,1.6222454157491306e-05
near_symmetric_m2_least,0.01,22,-0.0003694483610166838,-3.151359819576973e-05,-1.6793107318940173e-05,-4.023303475045496e-32,-3.151359819576973e-05,-0.00016129323145570016,0.00012977963325993045,0.8046192148836385,-0.0027935595861713802,0.0027620459879756105,0.04184370156364678,0.714717654973079,0.00999999999999985,0.9897092613734001,0.05,SAFE_DELTA_AWAY_FROM_EPSILON,5,2.595592665198609e-05
near_symmetric_m2_least,0.01,22,-0.0003694483610166838,-3.151359819576973e-05,-1.6793107318940173e-05,-4.023303475045496e-32,-3.151359819576973e-05,-0.00016129323145570016,0.00012977963325993045,0.8046192148836385,-0.0027935595861713802,0.0027620459879756105,0.04184370156364678,0.714717654973079,0.00999999999999985,0.9897092613734001,0.1,SAFE_DELTA_AWAY_FROM_EPSILON,4,3.244490831498261e-05
near_symmetric_m2_least,0.01,22,-0.0003694483610166838,-3.151359819576973e-05,-1.6793107318940173e-05,-4.023303475045496e-32,-3.151359819576973e-05,-0.00016129323145570016,0.00012977963325993045,0.8046192148836385,-0.0027935595861713802,0.0027620459879756105,0.04184370156364678,0.714717654973079,0.00999999999999985,0.9897092613734001,0.2,SAFE_DELTA_AWAY_FROM_EPSILON,3,4.325987775331015e-05
near_symmetric_m2_least,0.002,2,-4.171255536566071e-08,-4.171255536566071e-08,-2.0856277682830353e-08,-1.4940252328733366e-33,-4.171255536566071e-08,-4.641340896391944e-07,4.2242153427353367e-07,0.9101282230786216,-0.002885522497329642,0.0028854807847742765,0.014718222517362345,0.7993967421411089,0.15540361576745104,0.4302119461694511,0.01,SAFE_DELTA_AWAY_FROM_EPSILON,2,2.1121076713676684e-07
near_symmetric_m2_least,0.002,2,-4.171255536566071e-08,-4.171255536566071e-08,-2.0856277682830353e-08,-1.4940252328733366e-33,-4.171255536566071e-08,-4.641340896391944e-07,4.2242153427353367e-07,0.9101282230786216,-0.002885522497329642,0.0028854807847742765,0.014718222517362345,0.7993967421411089,0.15540361576745104,0.4302119461694511,0.02,SAFE_DELTA_AWAY_FROM_EPSILON,2,2.1121076713676684e-07
near_symmetric_m2_least,0.002,2,-4.171255536566071e-08,-4.171255536566071e-08,-2.0856277682830353e-08,-1.4940252328733366e-33,-4.171255536566071e-08,-4.641340896391944e-07,4.2242153427353367e-07,0.9101282230786216,-0.002885522497329642,0.0028854807847742765,0.014718222517362345,0.7993967421411089,0.15540361576745104,0.4302119461694511,0.05,SAFE_DELTA_AWAY_FROM_EPSILON,2,2.1121076713676684e-07
near_symmetric_m2_least,0.002,2,-4.171255536566071e-08,-4.171255536566071e-08,-2.0856277682830353e-08,-1.4940252328733366e-33,-4.171255536566071e-08,-4.641340896391944e-07,4.2242153427353367e-07,0.9101282230786216,-0.002885522497329642,0.0028854807847742765,0.014718222517362345,0.7993967421411089,0.15540361576745104,0.4302119461694511,0.1,SAFE_DELTA_AWAY_FROM_EPSILON,2,2.1121076713676684e-07
near_symmetric_m2_least,0.002,2,-4.171255536566071e-08,-4.171255536566071e-08,-2.0856277682830353e-08,-1.4940252328733366e-33,-4.171255536566071e-08,-4.641340896391944e-07,4.2242153427353367e-07,0.9101282230786216,-0.002885522497329642,0.0028854807847742765,0.014718222517362345,0.7993967421411089,0.15540361576745104,0.4302119461694511,0.2,SAFE_DELTA_AWAY_FROM_EPSILON,1,4.2242153427353367e-07
near_symmetric_m2_least,0.002,3,-9.88682043700277e-07,-9.469694883346164e-07,-3.295606812334257e-07,-5.623317183581351e-33,-9.469694883346164e-07,-1.0863482577655756e-05,9.91651308932114e-06,0.91283002650712,-0.002885522497329642,0.0028845755278413075,0.014718222517362345,0.7993967421411089,0.02218254008305628,0.4323358202068829,0.01,SAFE_DELTA_AWAY_FROM_EPSILON,3,3.3055043631070465e-06
near_symmetric_m2_least,0.002,3,-9.88682043700277e-07,-9.469694883346164e-07,-3.295606812334257e-07,-5.623317183581351e-33,-9.469694883346164e-07,-1.0863482577655756e-05,9.91651308932114e-06,0.91283002650712,-0.002885522497329642,0.0028845755278413075,0.014718222517362345,0.7993967421411089,0.02218254008305628,0.4323358202068829,0.02,SAFE_DELTA_AWAY_FROM_EPSILON,3,3.3055043631070465e-06
near_symmetric_m2_least,0.002,3,-9.88682043700277e-07,-9.469694883346164e-07,-3.295606812334257e-07,-5.623317183581351e-33,-9.469694883346164e-07,-1.0863482577655756e-05,9.91651308932114e-06,0.91283002650712,-0.002885522497329642,0.0028845755278413075,0.014718222517362345,0.7993967421411089,0.02218254008305628,0.4323358202068829,0.05,SAFE_DELTA_AWAY_FROM_EPSILON,2,4.95825654466057e-06
near_symmetric_m2_least,0.002,3,-9.88682043700277e-07,-9.469694883346164e-07,-3.295606812334257e-07,-5.623317183581351e-33,-9.469694883346164e-07,-1.0863482577655756e-05,9.91651308932114e-06,0.91283002650712,-0.002885522497329642,0.0028845755278413075,0.014718222517362345,0.7993967421411089,0.02218254008305628,0.4323358202068829,0.1,SAFE_DELTA_AWAY_FROM_EPSILON,2,4.95825654466057e-06
near_symmetric_m2_least,0.002,3,-9.88682043700277e-07,-9.469694883346164e-07,-3.295606812334257e-07,-5.623317183581351e-33,-9.469694883346164e-07,-1.0863482577655756e-05,9.91651308932114e-06,0.91283002650712,-0.002885522497329642,0.0028845755278413075,0.014718222517362345,0.7993967421411089,0.02218254008305628,0.4323358202068829,0.2,SAFE_DELTA_AWAY_FROM_EPSILON,2,4.95825654466057e-06
near_symmetric_m2_least,0.002,4,-7.660109612214985e-06,-6.671427568514708e-06,-1.9150274030537462e-06,-4.338901722291236e-33,-6.671427568514708e-06,-2.8704554317857662e-05,2.2033126749342952e-05,0.76758295932279,-0.002885522497329642,0.0028788510697611274,0.014718222517362345,0.7993967421411089,0.008677471416448004,0.6467474339949729,0.01,SAFE_DELTA_AWAY_FROM_EPSILON,3,7.344375583114318e-06
near_symmetric_m2_least,0.002,4,-7.660109612214985e-06,-6.671427568514708e-06,-1.9150274030537462e-06,-4.338901722291236e-33,-6.671427568514708e-06,-2.8704554317857662e-05,2.2033126749342952e-05,0.76758295932279,-0.002885522497329642,0.0028788510697611274,0.014718222517362345,0.7993967421411089,0.008677471416448004,0.6467474339949729,0.02,SAFE_DELTA_AWAY_FROM_EPSILON,3,7.344375583114318e-06
near_symmetric_m2_least,0.002,4,-7.660109612214985e-06,-6.671427568514708e-06,-1.9150274030537462e-06,-4.338901722291236e-33,-6.671427568514708e-06,-2.8704554317857662e-05,2.2033126749342952e-05,0.76758295932279,-0.002885522497329642,0.0028788510697611274,0.014718222517362345,0.7993967421411089,0.008677471416448004,0.6467474339949729,0.05,SAFE_DELTA_AWAY_FROM_EPSILON,3,7.344375583114318e-06
near_symmetric_m2_least,0.002,4,-7.660109612214985e-06,-6.671427568514708e-06,-1.9150274030537462e-06,-4.338901722291236e-33,-6.671427568514708e-06,-2.8704554317857662e-05,2.2033126749342952e-05,0.76758295932279,-0.002885522497329642,0.0028788510697611274,0.014718222517362345,0.7993967421411089,0.008677471416448004,0.6467474339949729,0.1,SAFE_DELTA_AWAY_FROM_EPSILON,2,1.1016563374671476e-05
near_symmetric_m2_least,0.002,4,-7.660109612214985e-06,-6.671427568514708e-06,-1.9150274030537462e-06,-4.338901722291236e-33,-6.671427568514708e-06,-2.8704554317857662e-05,2.2033126749342952e-05,0.76758295932279,-0.002885522497329642,0.0028788510697611274,0.014718222517362345,0.7993967421411089,0.008677471416448004,0.6467474339949729,0.2,SAFE_DELTA_AWAY_FROM_EPSILON,2,1.1016563374671476e-05
near_symmetric_m2_least,0.002,5,-1.6364313716919007e-05,-8.704204104704024e-06,-3.2728627433838013e-06,-9.54160454666261e-33,-8.704204104704024e-06,-3.7154868700494755e-05,2.845066459579073e-05,0.7657318028797632,-0.002885522497329642,0.002876818293224938,0.014718222517362345,0.7993967421411089,0.002595710944457388,0.7393262078737041,0.01,SAFE_DELTA_AWAY_FROM_EPSILON,4,7.112666148947683e-06
near_symmetric_m2_least,0.002,5,-1.6364313716919007e-05,-8.704204104704024e-06,-3.2728627433838013e-06,-9.54160454666261e-33,-8.704204104704024e-06,-3.7154868700494755e-05,2.845066459579073e-05,0.7657318028797632,-0.002885522497329642,0.002876818293224938,0.014718222517362345,0.7993967421411089,0.002595710944457388,0.7393262078737041,0.02,SAFE_DELTA_AWAY_FROM_EPSILON,4,7.112666148947683e-06
near_symmetric_m2_least,0.002,5,-1.6364313716919007e-05,-8.704204104704024e-06,-3.2728627433838013e-06,-9.54160454666261e-33,-8.704204104704024e-06,-3.7154868700494755e-05,2.845066459579073e-05,0.7657318028797632,-0.002885522497329642,0.002876818293224938,0.014718222517362345,0.7993967421411089,0.002595710944457388,0.7393262078737041,0.05,SAFE_DELTA_AWAY_FROM_EPSILON,3,9.483554865263577e-06
near_symmetric_m2_least,0.002,5,-1.6364313716919007e-05,-8.704204104704024e-06,-3.2728627433838013e-06,-9.54160454666261e-33,-8.704204104704024e-06,-3.7154868700494755e-05,2.845066459579073e-05,0.7657318028797632,-0.002885522497329642,0.002876818293224938,0.014718222517362345,0.7993967421411089,0.002595710944457388,0.7393262078737041,0.1,SAFE_DELTA_AWAY_FROM_EPSILON,3,9.483554865263577e-06
near_symmetric_m2_least,0.002,5,-1.6364313716919007e-05,-8.704204104704024e-06,-3.2728627433838013e-06,-9.54160454666261e-33,-8.704204104704024e-06,-3.7154868700494755e-05,2.845066459579073e-05,0.7657318028797632,-0.002885522497329642,0.002876818293224938,0.014718222517362345,0.7993967421411089,0.002595710944457388,0.7393262078737041,0.2,SAFE_DELTA_AWAY_FROM_EPSILON,2,1.4225332297895365e-05
near_symmetric_m2_least,0.002,6,-2.6064649974163172e-05,-9.700336257244165e-06,-4.344108329027195e-06,-1.5196627026492385e-32,-9.700336257244165e-06,-4.195928202451557e-05,3.22589457672714e-05,0.7688154851749716,-0.002885522497329642,0.0028758221610723977,0.014718222517362345,0.7993967421411089,0.0021751257565475204,0.7421639320824576,0.01,SAFE_DELTA_AWAY_FROM_EPSILON,4,8.06473644181785e-06
near_symmetric_m2_least,0.002,6,-2.6064649974163172e-05,-9.700336257244165e-06,-4.344108329027195e-06,-1.5196627026492385e-32,-9.700336257244165e-06,-4.195928202451557e-05,3.22589457672714e-05,0.7688154851749716,-0.002885522497329642,0.0028758221610723977,0.014718222517362345,0.7993967421411089,0.0021751257565475204,0.7421639320824576,0.02,SAFE_DELTA_AWAY_FROM_EPSILON,4,8.06473644181785e-06
near_symmetric_m2_least,0.002,6,-2.6064649974163172e-05,-9.700336257244165e-06,-4.344108329027195e-06,-1.5196627026492385e-32,-9.700336257244165e-06,-4.195928202451557e-05,3.22589457672714e-05,0.7688154851749716,-0.002885522497329642,0.0028758221610723977,0.014718222517362345,0.7993967421411089,0.0021751257565475204,0.7421639320824576,0.05,SAFE_DELTA_AWAY_FROM_EPSILON,4,8.06473644181785e-06
near_symmetric_m2_least,0.002,6,-2.6064649974163172e-05,-9.700336257244165e-06,-4.344108329027195e-06,-1.5196627026492385e-32,-9.700336257244165e-06,-4.195928202451557e-05,3.22589457672714e-05,0.7688154851749716,-0.002885522497329642,0.0028758221610723977,0.014718222517362345,0.7993967421411089,0.0021751257565475204,0.7421639320824576,0.1,SAFE_DELTA_AWAY_FROM_EPSILON,4,8.06473644181785e-06
near_symmetric_m2_least,0.002,6,-2.6064649974163172e-05,-9.700336257244165e-06,-4.344108329027195e-06,-1.5196627026492385e-32,-9.700336257244165e-06,-4.195928202451557e-05,3.22589457672714e-05,0.7688154851749716,-0.002885522497329642,0.0028758221610723977,0.014718222517362345,0.7993967421411089,0.0021751257565475204,0.7421639320824576,0.2,SAFE_DELTA_AWAY_FROM_EPSILON,2,1.61294728836357e-05
near_symmetric_m2_least,0.002,7,-3.8530943719738896e-05,-1.246629374557572e-05,-5.504420531391271e-06,-1.582522451451183e-32,-1.246629374557572e-05,-5.4942991393467676e-05,4.2476697647891955e-05,0.773104932414403,-0.002885522497329642,0.0028730562035840664,0.014718222517362345,0.7993967421411089,0.0020139970835990383,0.8564848998853063,0.01,SAFE_DELTA_AWAY_FROM_EPSILON,5,8.495339529578392e-06
near_symmetric_m2_least,0.002,7,-3.8530943719738896e-05,-1.246629374557572e-05,-5.504420531391271e-06,-1.582522451451183e-32,-1.246629374557572e-05,-5.4942991393467676e-05,4.2476697647891955e-05,0.773104932414403,-0.002885522497329642,0.0028730562035840664,0.014718222517362345,0.7993967421411089,0.0020139970835990383,0.8564848998853063,0.02,SAFE_DELTA_AWAY_FROM_EPSILON,5,8.495339529578392e-06
near_symmetric_m2_least,0.002,7,-3.8530943719738896e-05,-1.246629374557572e-05,-5.504420531391271e-06,-1.582522451451183e-32,-1.246629374557572e-05,-5.4942991393467676e-05,4.2476697647891955e-05,0.773104932414403,-0.002885522497329642,0.0028730562035840664,0.014718222517362345,0.7993967421411089,0.0020139970835990383,0.8564848998853063,0.05,SAFE_DELTA_AWAY_FROM_EPSILON,4,1.0619174411972989e-05
near_symmetric_m2_least,0.002,7,-3.8530943719738896e-05,-1.246629374557572e-05,-5.504420531391271e-06,-1.582522451451183e-32,-1.246629374557572e-05,-5.4942991393467676e-05,4.2476697647891955e-05,0.773104932414403,-0.002885522497329642,0.0028730562035840664,0.014718222517362345,0.7993967421411089,0.0020139970835990383,0.8564848998853063,0.1,SAFE_DELTA_AWAY_FROM_EPSILON,4,1.0619174411972989e-05
near_symmetric_m2_least,0.002,7,-3.8530943719738896e-05,-1.246629374557572e-05,-5.504420531391271e-06,-1.582522451451183e-32,-1.246629374557572e-05,-5.4942991393467676e-05,4.2476697647891955e-05,0.773104932414403,-0.002885522497329642,0.0028730562035840664,0.014718222517362345,0.7993967421411089,0.0020139970835990383,0.8564848998853063,0.2,SAFE_DELTA_AWAY_FROM_EPSILON,2,2.1238348823945978e-05
near_symmetric_m2_least,0.002,8,-5.289025795465073e-05,-1.4359314234911838e-05,-6.611282244331342e-06,-1.9474741276043888e-32,-1.4359314234911838e-05,-6.380548768475711e-05,4.9446173449845274e-05,0.7749517360347326,-0.002885522497329642,0.0028711631830947303,0.014718222517362345,0.7993967421411089,0.0020039920840149573,0.9023836142975508,0.01,SAFE_DELTA_AWAY_FROM_EPSILON,6,8.241028908307546e-06
near_symmetric_m2_least,0.002,8,-5.289025795465073e-05,-1.4359314234911838e-05,-6.611282244331342e-06,-1.9474741276043888e-32,-1.4359314234911838e-05,-6.380548768475711e-05,4.9446173449845274e-05,0.7749517360347326,-0.002885522497329642,0.0028711631830947303,0.014718222517362345,0.7993967421411089,0.0020039920840149573,0.9023836142975508,0.02,SAFE_DELTA_AWAY_FROM_EPSILON,5,9.889234689969054e-06
near_symmetric_m2_least,0.002,8,-5.289025795465073e-05,-1.4359314234911838e-05,-6.611282244331342e-06,-1.9474741276043888e-32,-1.4359314234911838e-05,-6.380548768475711e-05,4.9446173449845274e-05,0.7749517360347326,-0.002885522497329642,0.0028711631830947303,0.014718222517362345,0.7993967421411089,0.0020039920840149573,0.9023836142975508,0.05,SAFE_DELTA_AWAY_FROM_EPSILON,4,1.2361543362461318e-05
near_symmetric_m2_least,0.002,8,-5.289025795465073e-05,-1.4359314234911838e-05,-6.611282244331342e-06,-1.9474741276043888e-32,-1.4359314234911838e-05,-6.380548768475711e-05,4.9446173449845274e-05,0.7749517360347326,-0.002885522497329642,0.0028711631830947303,0.014718222517362345,0.7993967421411089,0.0020039920840149573,0.9023836142975508,0.1,SAFE_DELTA_AWAY_FROM_EPSILON,3,1.648205781661509e-05
near_symmetric_m2_least,0.002,8,-5.289025795465073e-05,-1.4359314234911838e-05,-6.611282244331342e-06,-1.9474741276043888e-32,-1.4359314234911838e-05,-6.380548768475711e-05,4.9446173449845274e-05,0.7749517360347326,-0.002885522497329642,0.0028711631830947303,0.014718222517362345,0.7993967421411089,0.0020039920840149573,0.9023836142975508,0.2,SAFE_DELTA_AWAY_FROM_EPSILON,2,2.4723086724922637e-05
near_symmetric_m2_least,0.002,9,-6.840372840432281e-05,-1.5513470449672083e-05,-7.600414267146979e-06,-2.3048865596590966e-32,-1.5513470449672083e-05,-6.829793717882777e-05,5.278446672915569e-05,0.7728559442571096,-0.002885522497329642,0.00287000902687997,0.014718222517362345,0.7993967421411089,0.0020003055406022144,0.904532053257543,0.01,SAFE_DELTA_AWAY_FROM_EPSILON,6,8.797411121525948e-06
near_symmetric_m2_least,0.002,9,-6.840372840432281e-05,-1.5513470449672083e-05,-7.600414267146979e-06,-2.3048865596590966e-32,-1.5513470449672083e-05,-6.829793717882777e-05,5.278446672915569e-05,0.7728559442571096,-0.002885522497329642,0.00287000902687997,0.014718222517362345,0.7993967421411089,0.0020003055406022144,0.904532053257543,0.02,SAFE_DELTA_AWAY_FROM_EPSILON,6,8.797411121525948e-06
near_symmetric_m2_least,0.002,9,-6.840372840432281e-05,-1.5513470449672083e-05,-7.600414267146979e-06,-2.3048865596590966e-32,-1.5513470449672083e-05,-6.829793717882777e-05,5.278446672915569e-05,0.7728559442571096,-0.002885522497329642,0.00287000902687997,0.014718222517362345,0.7993967421411089,0.0020003055406022144,0.904532053257543,0.05,SAFE_DELTA_AWAY_FROM_EPSILON,4,1.3196116682288923e-05
near_symmetric_m2_least,0.002,9,-6.840372840432281e-05,-1.5513470449672083e-05,-7.600414267146979e-06,-2.3048865596590966e-32,-1.5513470449672083e-05,-6.829793717882777e-05,5.278446672915569e-05,0.7728559442571096,-0.002885522497329642,0.00287000902687997,0.014718222517362345,0.7993967421411089,0.0020003055406022144,0.904532053257543,0.1,SAFE_DELTA_AWAY_FROM_EPSILON,3,1.7594822243051896e-05
near_symmetric_m2_least,0.002,9,-6.840372840432281e-05,-1.5513470449672083e-05,-7.600414267146979e-06,-2.3048865596590966e-32,-1.5513470449672083e-05,-6.829793717882777e-05,5.278446672915569e-05,0.7728559442571096,-0.002885522497329642,0.00287000902687997,0.014718222517362345,0.7993967421411089,0.0020003055406022144,0.904532053257543,0.2,SAFE_DELTA_AWAY_FROM_EPSILON,2,2.6392233364577846e-05
near_symmetric_m2_least,0.002,10,-8.736184769734973e-05,-1.895811929302692e-05,-8.736184769734973e-06,-2.5199426732187355e-32,-1.895811929302692e-05,-7.899245811898638e-05,6.0034338825959465e-05,0.7600008944591863,-0.002885522497329642,0.0028665643780366153,0.014718222517362345,0.7993967421411089,0.0020000859624788076,0.9500294561672167,0.01,SAFE_DELTA_AWAY_FROM_EPSILON,6,1.000572313765991e-05
near_symmetric_m2_least,0.002,10,-8.736184769734973e-05,-1.895811929302692e-05,-8.736184769734973e-06,-2.5199426732187355e-32,-1.895811929302692e-05,-7.899245811898638e-05,6.0034338825959465e-05,0.7600008944591863,-0.002885522497329642,0.0028665643780366153,0.014718222517362345,0.7993967421411089,0.0020000859624788076,0.9500294561672167,0.02,SAFE_DELTA_AWAY_FROM_EPSILON,6,1.000572313765991e-05
near_symmetric_m2_least,0.002,10,-8.736184769734973e-05,-1.895811929302692e-05,-8.736184769734973e-06,-2.5199426732187355e-32,-1.895811929302692e-05,-7.899245811898638e-05,6.0034338825959465e-05,0.7600008944591863,-0.002885522497329642,0.0028665643780366153,0.014718222517362345,0.7993967421411089,0.0020000859624788076,0.9500294561672167,0.05,SAFE_DELTA_AWAY_FROM_EPSILON,4,1.5008584706489866e-05
near_symmetric_m2_least,0.002,10,-8.736184769734973e-05,-1.895811929302692e-05,-8.736184769734973e-06,-2.5199426732187355e-32,-1.895811929302692e-05,-7.899245811898638e-05,6.0034338825959465e-05,0.7600008944591863,-0.002885522497329642,0.0028665643780366153,0.014718222517362345,0.7993967421411089,0.0020000859624788076,0.9500294561672167,0.1,SAFE_DELTA_AWAY_FROM_EPSILON,2,3.0017169412979732e-05
near_symmetric_m2_least,0.002,10,-8.736184769734973e-05,-1.895811929302692e-05,-8.736184769734973e-06,-2.5199426732187355e-32,-1.895811929302692e-05,-7.899245811898638e-05,6.0034338825959465e-05,0.7600008944591863,-0.002885522497329642,0.0028665643780366153,0.014718222517362345,0.7993967421411089,0.0020000859624788076,0.9500294561672167,0.2,SAFE_DELTA_AWAY_FROM_EPSILON,2,3.0017169412979732e-05
near_symmetric_m2_least,0.002,11,-0.0001078095186316011,-2.0447670934251376e-05,-9.800865330145554e-06,-2.9227011580322187e-32,-2.0447670934251376e-05,-8.69818377186479e-05,6.653416678439653e-05,0.7649202239162668,-0.002885522497329642,0.0028650748263953905,0.014718222517362345,0.7993967421411089,0.002000006431589891,0.9678666211522906,0.01,SAFE_DELTA_AWAY_FROM_EPSILON,6,1.1089027797399421e-05
near_symmetric_m2_least,0.002,11,-0.0001078095186316011,-2.0447670934251376e-05,-9.800865330145554e-06,-2.9227011580322187e-32,-2.0447670934251376e-05,-8.69818377186479e-05,6.653416678439653e-05,0.7649202239162668,-0.002885522497329642,0.0028650748263953905,0.014718222517362345,0.7993967421411089,0.002000006431589891,0.9678666211522906,0.02,SAFE_DELTA_AWAY_FROM_EPSILON,6,1.1089027797399421e-05
near_symmetric_m2_least,0.002,11,-0.0001078095186316011,-2.0447670934251376e-05,-9.800865330145554e-06,-2.9227011580322187e-32,-2.0447670934251376e-05,-8.69818377186479e-05,6.653416678439653e-05,0.7649202239162668,-0.002885522497329642,0.0028650748263953905,0.014718222517362345,0.7993967421411089,0.002000006431589891,0.9678666211522906,0.05,SAFE_DELTA_AWAY_FROM_EPSILON,5,1.3306833356879305e-05
near_symmetric_m2_least,0.002,11,-0.0001078095186316011,-2.0447670934251376e-05,-9.800865330145554e-06,-2.9227011580322187e-32,-2.0447670934251376e-05,-8.69818377186479e-05,6.653416678439653e-05,0.7649202239162668,-0.002885522497329642,0.0028650748263953905,0.014718222517362345,0.7993967421411089,0.002000006431589891,0.9678666211522906,0.1,SAFE_DELTA_AWAY_FROM_EPSILON,3,2.2178055594798842e-05
near_symmetric_m2_least,0.002,11,-0.0001078095186316011,-2.0447670934251376e-05,-9.800865330145554e-06,-2.9227011580322187e-32,-2.0447670934251376e-05,-8.69818377186479e-05,6.653416678439653e-05,0.7649202239162668,-0.002885522497329642,0.0028650748263953905,0.014718222517362345,0.7993967421411089,0.002000006431589891,0.9678666211522906,0.2,SAFE_DELTA_AWAY_FROM_EPSILON,2,3.326708339219826e-05
near_symmetric_m2_least,0.002,12,-0.00012955083456786661,-2.1741315936265533e-05,-1.079590288065555e-05,-3.3961914795434137e-32,-2.1741315936265533e-05,-9.302162405026371e-05,7.128030811399818e-05,0.7662767538382502,-0.002885522497329642,0.0028637811813933766,0.014718222517362345,0.7993967421411089,0.002000001794508963,0.969007076888256,0.01,SAFE_DELTA_AWAY_FROM_EPSILON,7,1.0182901159142596e-05
near_symmetric_m2_least,0.002,12,-0.00012955083456786661,-2.1741315936265533e-05,-1.079590288065555e-05,-3.3961914795434137e-32,-2.1741315936265533e-05,-9.302162405026371e-05,7.128030811399818e-05,0.7662767538382502,-0.002885522497329642,0.0028637811813933766,0.014718222517362345,0.7993967421411089,0.002000001794508963,0.969007076888256,0.02,SAFE_DELTA_AWAY_FROM_EPSILON,6,1.188005135233303e-05
near_symmetric_m2_least,0.002,12,-0.00012955083456786661,-2.1741315936265533e-05,-1.079590288065555e-05,-3.3961914795434137e-32,-2.1741315936265533e-05,-9.302162405026371e-05,7.128030811399818e-05,0.7662767538382502,-0.002885522497329642,0.0028637811813933766,0.014718222517362345,0.7993967421411089,0.002000001794508963,0.969007076888256,0.05,SAFE_DELTA_AWAY_FROM_EPSILON,4,1.7820077028499544e-05
near_symmetric_m2_least,0.002,12,-0.00012955083456786661,-2.1741315936265533e-05,-1.079590288065555e-05,-3.3961914795434137e-32,-2.1741315936265533e-05,-9.302162405026371e-05,7.128030811399818e-05,0.7662767538382502,-0.002885522497329642,0.0028637811813933766,0.014718222517362345,0.7993967421411089,0.002000001794508963,0.969007076888256,0.1,SAFE_DELTA_AWAY_FROM_EPSILON,4,1.7820077028499544e-05
near_symmetric_m2_least,0.002,12,-0.00012955083456786661,-2.1741315936265533e-05,-1.079590288065555e-05,-3.3961914795434137e-32,-2.1741315936265533e-05,-9.302162405026371e-05,7.128030811399818e-05,0.7662767538382502,-0.002885522497329642,0.0028637811813933766,0.014718222517362345,0.7993967421411089,0.002000001794508963,0.969007076888256,0.2,SAFE_DELTA_AWAY_FROM_EPSILON,2,3.564015405699909e-05
near_symmetric_m2_least,0.002,13,-0.0001541991909331242,-2.4648356365257577e-05,-1.1861476225624938e-05,-3.794241934745747e-32,-2.4648356365257577e-05,-0.00010337496697097783,7.872661060572026e-05,0.7615635865482064,-0.002885522497329642,0.0028608741409643845,0.014718222517362345,0.7993967421411089,0.0020000001324354377,0.9835182197008,0.01,SAFE_DELTA_AWAY_FROM_EPSILON,7,1.1246658657960037e-05
near_symmetric_m2_least,0.002,13,-0.0001541991909331242,-2.4648356365257577e-05,-1.1861476225624938e-05,-3.794241934745747e-32,-2.4648356365257577e-05,-0.00010337496697097783,7.872661060572026e-05,0.7615635865482064,-0.002885522497329642,0.0028608741409643845,0.014718222517362345,0.7993967421411089,0.0020000001324354377,0.9835182197008,0.02,SAFE_DELTA_AWAY_FROM_EPSILON,6,1.3121101767620044e-05
near_symmetric_m2_least,0.002,13,-0.0001541991909331242,-2.4648356365257577e-05,-1.1861476225624938e-05,-3.794241934745747e-32,-2.4648356365257577e-05,-0.00010337496697097783,7.872661060572026e-05,0.7615635865482064,-0.002885522497329642,0.0028608741409643845,0.014718222517362345,0.7993967421411089,0.0020000001324354377,0.9835182197008,0.05,SAFE_DELTA_AWAY_FROM_EPSILON,4,1.9681652651430065e-05
near_symmetric_m2_least,0.002,13,-0.0001541991909331242,-2.4648356365257577e-05,-1.1861476225624938e-05,-3.794241934745747e-32,-2.4648356365257577e-05,-0.00010337496697097783,7.872661060572026e-05,0.7615635865482064,-0.002885522497329642,0.0028608741409643845,0.014718222517362345,0.7993967421411089,0.0020000001324354377,0.9835182197008,0.1,SAFE_DELTA_AWAY_FROM_EPSILON,4,1.9681652651430065e-05
near_symmetric_m2_least,0.002,13,-0.0001541991909331242,-2.4648356365257577e-05,-1.1861476225624938e-05,-3.794241934745747e-32,-2.4648356365257577e-05,-0.00010337496697097783,7.872661060572026e-05,0.7615635865482064,-0.002885522497329642,0.0028608741409643845,0.014718222517362345,0.7993967421411089,0.0020000001324354377,0.9835182197008,0.2,SAFE_DELTA_AWAY_FROM_EPSILON,3,2.6242203535240088e-05
near_symmetric_m2_least,0.002,14,-0.00018056613415382778,-2.636694322070359e-05,-1.28975810109877e-05,-4.1578656026902975e-32,-2.636694322070359e-05,-0.00011024496292660608,8.387801970590249e-05,0.760833125425812,-0.002885522497329642,0.0028591555541089384,0.014718222517362345,0.7993967421411089,0.0020000000367392675,0.9894093423863387,0.01,SAFE_DELTA_AWAY_FROM_EPSILON,8,1.0484752463237811e-05
near_symmetric_m2_least,0.002,14,-0.00018056613415382778,-2.636694322070359e-05,-1.28975810109877e-05,-4.1578656026902975e-32,-2.636694322070359e-05,-0.00011024496292660608,8.387801970590249e-05,0.760833125425812,-0.002885522497329642,0.0028591555541089384,0.014718222517362345,0.7993967421411089,0.0020000000367392675,0.9894093423863387,0.02,SAFE_DELTA_AWAY_FROM_EPSILON,6,1.3979669950983749e-05
near_symmetric_m2_least,0.002,14,-0.00018056613415382778,-2.636694322070359e-05,-1.28975810109877e-05,-4.1578656026902975e-32,-2.636694322070359e-05,-0.00011024496292660608,8.387801970590249e-05,0.760833125425812,-0.002885522497329642,0.0028591555541089384,0.014718222517362345,0.7993967421411089,0.0020000000367392675,0.9894093423863387,0.05,SAFE_DELTA_AWAY_FROM_EPSILON,4,2.0969504926475623e-05
near_symmetric_m2_least,0.002,14,-0.00018056613415382778,-2.636694322070359e-05,-1.28975810109877e-05,-4.1578656026902975e-32,-2.636694322070359e-05,-0.00011024496292660608,8.387801970590249e-05,0.760833125425812,-0.002885522497329642,0.0028591555541089384,0.014718222517362345,0.7993967421411089,0.0020000000367392675,0.9894093423863387,0.1,SAFE_DELTA_AWAY_FROM_EPSILON,4,2.0969504926475623e-05
near_symmetric_m2_least,0.002,14,-0.00018056613415382778,-2.636694322070359e-05,-1.28975810109877e-05,-4.1578656026902975e-32,-2.636694322070359e-05,-0.00011024496292660608,8.387801970590249e-05,0.760833125425812,-0.002885522497329642,0.0028591555541089384,0.014718222517362345,0.7993967421411089,0.0020000000367392675,0.9894093423863387,0.2,SAFE_DELTA_AWAY_FROM_EPSILON,3,2.7959339901967498e-05
near_symmetric_m2_least,0.002,15,-0.0002083180623040644,-2.775192815023662e-05,-1.3887870820270959e-05,-4.585178161496188e-32,-2.775192815023662e-05,-0.00011712193288963,8.937000473939339e-05,0.7630509720464682,-0.002885522497329642,0.0028577705691794054,0.014718222517362345,0.7993967421411089,0.0020000000026871023,0.9898899255808986,0.01,SAFE_DELTA_AWAY_FROM_EPSILON,8,1.1171250592424173e-05
near_symmetric_m2_least,0.002,15,-0.0002083180623040644,-2.775192815023662e-05,-1.3887870820270959e-05,-4.585178161496188e-32,-2.775192815023662e-05,-0.00011712193288963,8.937000473939339e-05,0.7630509720464682,-0.002885522497329642,0.0028577705691794054,0.014718222517362345,0.7993967421411089,0.0020000000026871023,0.9898899255808986,0.02,SAFE_DELTA_AWAY_FROM_EPSILON,6,1.4895000789898898e-05
near_symmetric_m2_least,0.002,15,-0.0002083180623040644,-2.775192815023662e-05,-1.3887870820270959e-05,-4.585178161496188e-32,-2.775192815023662e-05,-0.00011712193288963,8.937000473939339e-05,0.7630509720464682,-0.002885522497329642,0.0028577705691794054,0.014718222517362345,0.7993967421411089,0.0020000000026871023,0.9898899255808986,0.05,SAFE_DELTA_AWAY_FROM_EPSILON,4,2.2342501184848347e-05
near_symmetric_m2_least,0.002,15,-0.0002083180623040644,-2.775192815023662e-05,-1.3887870820270959e-05,-4.585178161496188e-32,-2.775192815023662e-05,-0.00011712193288963,8.937000473939339e-05,0.7630509720464682,-0.002885522497329642,0.0028577705691794054,0.014718222517362345,0.7993967421411089,0.0020000000026871023,0.9898899255808986,0.1,SAFE_DELTA_AWAY_FROM_EPSILON,4,2.2342501184848347e-05
near_symmetric_m2_least,0.002,15,-0.0002083180623040644,-2.775192815023662e-05,-1.3887870820270959e-05,-4.585178161496188e-32,-2.775192815023662e-05,-0.00011712193288963,8.937000473939339e-05,0.7630509720464682,-0.002885522497329642,0.0028577705691794054,0.014718222517362345,0.7993967421411089,0.0020000000026871023,0.9898899255808986,0.2,SAFE_DELTA_AWAY_FROM_EPSILON,2,4.4685002369696693e-05
near_symmetric_m2_least,0.002,16,-0.00023881522777207263,-3.049716546800824e-05,-1.492595173575454e-05,-4.8936679494065655e-32,-3.049716546800824e-05,-0.00012784054647913218,9.734338101112394e-05,0.7614437179131867,-0.002885522497329642,0.002855025331861634,0.014718222517362345,0.7993967421411089,0.0020000000007423147,0.9939132077478099,0.01,SAFE_DELTA_AWAY_FROM_EPSILON,7,1.390619728730342e-05
near_symmetric_m2_least,0.002,16,-0.00023881522777207263,-3.049716546800824e-05,-1.492595173575454e-05,-4.8936679494065655e-32,-3.049716546800824e-05,-0.00012784054647913218,9.734338101112394e-05,0.7614437179131867,-0.002885522497329642,0.002855025331861634,0.014718222517362345,0.7993967421411089,0.0020000000007423147,0.9939132077478099,0.02,SAFE_DELTA_AWAY_FROM_EPSILON,6,1.6223896835187325e-05
near_symmetric_m2_least,0.002,16,-0.00023881522777207263,-3.049716546800824e-05,-1.492595173575454e-05,-4.8936679494065655e-32,-3.049716546800824e-05,-0.00012784054647913218,9.734338101112394e-05,0.7614437179131867,-0.002885522497329642,0.002855025331861634,0.014718222517362345,0.7993967421411089,0.0020000000007423147,0.9939132077478099,0.05,SAFE_DELTA_AWAY_FROM_EPSILON,5,1.946867620222479e-05
near_symmetric_m2_least,0.002,16,-0.00023881522777207263,-3.049716546800824e-05,-1.492595173575454e-05,-4.8936679494065655e-32,-3.049716546800824e-05,-0.00012784054647913218,9.734338101112394e-05,0.7614437179131867,-0.002885522497329642,0.002855025331861634,0.014718222517362345,0.7993967421411089,0.0020000000007423147,0.9939132077478099,0.1,SAFE_DELTA_AWAY_FROM_EPSILON,3,3.244779367037465e-05
near_symmetric_m2_least,0.002,16,-0.00023881522777207263,-3.049716546800824e-05,-1.492595173575454e-05,-4.8936679494065655e-32,-3.049716546800824e-05,-0.00012784054647913218,9.734338101112394e-05,0.7614437179131867,-0.002885522497329642,0.002855025331861634,0.014718222517362345,0.7993967421411089,0.0020000000007423147,0.9939132077478099,0.2,SAFE_DELTA_AWAY_FROM_EPSILON,2,4.867169050556197e-05
near_symmetric_m2_least,0.002,17,-0.0002707265672363517,-3.191133946427907e-05,-1.592509219037363e-05,-5.246768152534668e-32,-3.191133946427907e-05,-0.00013402399236855478,0.00010211265290427572,0.7618983071588739,-0.002885522497329642,0.002853611157865363,0.014718222517362345,0.7993967421411089,0.0020000000000540232,0.9956841804215006,0.01,SAFE_DELTA_AWAY_FROM_EPSILON,6,1.701877548404595e-05
near_symmetric_m2_least,0.002,17,-0.0002707265672363517,-3.191133946427907e-05,-1.592509219037363e-05,-5.246768152534668e-32,-3.191133946427907e-05,-0.00013402399236855478,0.00010211265290427572,0.7618983071588739,-0.002885522497329642,0.002853611157865363,0.014718222517362345,0.7993967421411089,0.0020000000000540232,0.9956841804215006,0.02,SAFE_DELTA_AWAY_FROM_EPSILON,6,1.701877548404595e-05
near_symmetric_m2_least,0.002,17,-0.0002707265672363517,-3.191133946427907e-05,-1.592509219037363e-05,-5.246768152534668e-32,-3.191133946427907e-05,-0.00013402399236855478,0.00010211265290427572,0.7618983071588739,-0.002885522497329642,0.002853611157865363,0.014718222517362345,0.7993967421411089,0.0020000000000540232,0.9956841804215006,0.05,SAFE_DELTA_AWAY_FROM_EPSILON,6,1.701877548404595e-05
near_symmetric_m2_least,0.002,17,-0.0002707265672363517,-3.191133946427907e-05,-1.592509219037363e-05,-5.246768152534668e-32,-3.191133946427907e-05,-0.00013402399236855478,0.00010211265290427572,0.7618983071588739,-0.002885522497329642,0.002853611157865363,0.014718222517362345,0.7993967421411089,0.0020000000000540232,0.9956841804215006,0.1,SAFE_DELTA_AWAY_FROM_EPSILON,4,2.552816322606893e-05
near_symmetric_m2_least,0.002,17,-0.0002707265672363517,-3.191133946427907e-05,-1.592509219037363e-05,-5.246768152534668e-32,-3.191133946427907e-05,-0.00013402399236855478,0.00010211265290427572,0.7618983071588739,-0.002885522497329642,0.002853611157865363,0.014718222517362345,0.7993967421411089,0.0020000000000540232,0.9956841804215006,0.2,SAFE_DELTA_AWAY_FROM_EPSILON,2,5.105632645213786e-05
near_symmetric_m2_least,0.002,18,-0.0003041277743980609,-3.34012071617092e-05,-1.6895987466558937e-05,-5.727869443479718e-32,-3.34012071617092e-05,-0.00014109535767058493,0.00010769415050887572,0.7632721039646752,-0.002885522497329642,0.0028521212901679326,0.014718222517362345,0.7993967421411089,0.002000000000015006,0.9958597035319038,0.01,SAFE_DELTA_AWAY_FROM_EPSILON,7,1.5384878644125102e-05
near_symmetric_m2_least,0.002,18,-0.0003041277743980609,-3.34012071617092e-05,-1.6895987466558937e-05,-5.727869443479718e-32,-3.34012071617092e-05,-0.00014109535767058493,0.00010769415050887572,0.7632721039646752,-0.002885522497329642,0.0028521212901679326,0.014718222517362345,0.7993967421411089,0.002000000000015006,0.9958597035319038,0.02,SAFE_DELTA_AWAY_FROM_EPSILON,6,1.7949025084812622e-05
near_symmetric_m2_least,0.002,18,-0.0003041277743980609,-3.34012071617092e-05,-1.6895987466558937e-05,-5.727869443479718e-32,-3.34012071617092e-05,-0.00014109535767058493,0.00010769415050887572,0.7632721039646752,-0.002885522497329642,0.0028521212901679326,0.014718222517362345,0.7993967421411089,0.002000000000015006,0.9958597035319038,0.05,SAFE_DELTA_AWAY_FROM_EPSILON,6,1.7949025084812622e-05
near_symmetric_m2_least,0.002,18,-0.0003041277743980609,-3.34012071617092e-05,-1.6895987466558937e-05,-5.727869443479718e-32,-3.34012071617092e-05,-0.00014109535767058493,0.00010769415050887572,0.7632721039646752,-0.002885522497329642,0.0028521212901679326,0.014718222517362345,0.7993967421411089,0.002000000000015006,0.9958597035319038,0.1,SAFE_DELTA_AWAY_FROM_EPSILON,4,2.692353762721893e-05
near_symmetric_m2_least,0.002,18,-0.0003041277743980609,-3.34012071617092e-05,-1.6895987466558937e-05,-5.727869443479718e-32,-3.34012071617092e-05,-0.00014109535767058493,0.00010769415050887572,0.7632721039646752,-0.002885522497329642,0.0028521212901679326,0.014718222517362345,0.7993967421411089,0.002000000000015006,0.9958597035319038,0.2,SAFE_DELTA_AWAY_FROM_EPSILON,2,5.384707525443786e-05
near_symmetric_m2_least,0.002,19,-0.00034031983579798703,-3.619206139992614e-05,-1.7911570305157213e-05,-6.073132848015799e-32,-3.619206139992614e-05,-0.00015203638641611214,0.000115844325016186,0.7619513180162596,-0.002885522497329642,0.002849330435929716,0.014718222517362345,0.7993967421411089,0.0020000000000012052,0.9968891339519901,0.01,SAFE_DELTA_AWAY_FROM_EPSILON,7,1.654918928802657e-05
near_symmetric_m2_least,0.002,19,-0.00034031983579798703,-3.619206139992614e-05,-1.7911570305157213e-05,-6.073132848015799e-32,-3.619206139992614e-05,-0.00015203638641611214,0.000115844325016186,0.7619513180162596,-0.002885522497329642,0.002849330435929716,0.014718222517362345,0.7993967421411089,0.0020000000000012052,0.9968891339519901,0.02,SAFE_DELTA_AWAY_FROM_EPSILON,7,1.654918928802657e-05
near_symmetric_m2_least,0.002,19,-0.00034031983579798703,-3.619206139992614e-05,-1.7911570305157213e-05,-6.073132848015799e-32,-3.619206139992614e-05,-0.00015203638641611214,0.000115844325016186,0.7619513180162596,-0.002885522497329642,0.002849330435929716,0.014718222517362345,0.7993967421411089,0.0020000000000012052,0.9968891339519901,0.05,SAFE_DELTA_AWAY_FROM_EPSILON,5,2.31688650032372e-05
near_symmetric_m2_least,0.002,19,-0.00034031983579798703,-3.619206139992614e-05,-1.7911570305157213e-05,-6.073132848015799e-32,-3.619206139992614e-05,-0.00015203638641611214,0.000115844325016186,0.7619513180162596,-0.002885522497329642,0.002849330435929716,0.014718222517362345,0.7993967421411089,0.0020000000000012052,0.9968891339519901,0.1,SAFE_DELTA_AWAY_FROM_EPSILON,4,2.89610812540465e-05
near_symmetric_m2_least,0.002,19,-0.00034031983579798703,-3.619206139992614e-05,-1.7911570305157213e-05,-6.073132848015799e-32,-3.619206139992614e-05,-0.00015203638641611214,0.000115844325016186,0.7619513180162596,-0.002885522497329642,0.002849330435929716,0.014718222517362345,0.7993967421411089,0.0020000000000012052,0.9968891339519901,0.2,SAFE_DELTA_AWAY_FROM_EPSILON,3,3.8614775005395336e-05
near_symmetric_m2_least,0.002,20,-0.00037805247588724913,-3.773264008926207e-05,-1.8902623794362457e-05,-6.458749963882108e-32,-3.773264008926207e-05,-0.00015844195899432194,0.00012070931890505987,0.7618519719854367,-0.002885522497329642,0.00284778985724038,0.014718222517362345,0.7993967421411089,0.002000000000000447,0.9973945405858587,0.01,SAFE_DELTA_AWAY_FROM_EPSILON,8,1.5088664863132484e-05
near_symmetric_m2_least,0.002,20,-0.00037805247588724913,-3.773264008926207e-05,-1.8902623794362457e-05,-6.458749963882108e-32,-3.773264008926207e-05,-0.00015844195899432194,0.00012070931890505987,0.7618519719854367,-0.002885522497329642,0.00284778985724038,0.014718222517362345,0.7993967421411089,0.002000000000000447,0.9973945405858587,0.02,SAFE_DELTA_AWAY_FROM_EPSILON,8,1.5088664863132484e-05
near_symmetric_m2_least,0.002,20,-0.00037805247588724913,-3.773264008926207e-05,-1.8902623794362457e-05,-6.458749963882108e-32,-3.773264008926207e-05,-0.00015844195899432194,0.00012070931890505987,0.7618519719854367,-0.002885522497329642,0.00284778985724038,0.014718222517362345,0.7993967421411089,0.002000000000000447,0.9973945405858587,0.05,SAFE_DELTA_AWAY_FROM_EPSILON,4,3.0177329726264968e-05
near_symmetric_m2_least,0.002,20,-0.00037805247588724913,-3.773264008926207e-05,-1.8902623794362457e-05,-6.458749963882108e-32,-3.773264008926207e-05,-0.00015844195899432194,0.00012070931890505987,0.7618519719854367,-0.002885522497329642,0.00284778985724038,0.014718222517362345,0.7993967421411089,0.002000000000000447,0.9973945405858587,0.1,SAFE_DELTA_AWAY_FROM_EPSILON,4,3.0177329726264968e-05
near_symmetric_m2_least,0.002,20,-0.00037805247588724913,-3.773264008926207e-05,-1.8902623794362457e-05,-6.458749963882108e-32,-3.773264008926207e-05,-0.00015844195899432194,0.00012070931890505987,0.7618519719854367,-0.002885522497329642,0.00284778985724038,0.014718222517362345,0.7993967421411089,0.002000000000000447,0.9973945405858587,0.2,SAFE_DELTA_AWAY_FROM_EPSILON,3,4.023643963501996e-05
near_symmetric_m2_least,0.002,21,-0.0004172636503961883,-3.9211174508939195e-05,-1.986969763791373e-05,-6.831645578193524e-32,-3.9211174508939195e-05,-0.00016603813315552315,0.00012682695864658396,0.7638423549835314,-0.002885522497329642,0.0028463113228207027,0.014718222517362345,0.7993967421411089,0.002000000000000121,0.9974531782829412,0.01,SAFE_DELTA_AWAY_FROM_EPSILON,8,1.5853369830822995e-05
near_symmetric_m2_least,0.002,21,-0.0004172636503961883,-3.9211174508939195e-05,-1.986969763791373e-05,-6.831645578193524e-32,-3.9211174508939195e-05,-0.00016603813315552315,0.00012682695864658396,0.7638423549835314,-0.002885522497329642,0.0028463113228207027,0.014718222517362345,0.7993967421411089,0.002000000000000121,0.9974531782829412,0.02,SAFE_DELTA_AWAY_FROM_EPSILON,8,1.5853369830822995e-05
near_symmetric_m2_least,0.002,21,-0.0004172636503961883,-3.9211174508939195e-05,-1.986969763791373e-05,-6.831645578193524e-32,-3.9211174508939195e-05,-0.00016603813315552315,0.00012682695864658396,0.7638423549835314,-0.002885522497329642,0.0028463113228207027,0.014718222517362345,0.7993967421411089,0.002000000000000121,0.9974531782829412,0.05,SAFE_DELTA_AWAY_FROM_EPSILON,4,3.170673966164599e-05
near_symmetric_m2_least,0.002,21,-0.0004172636503961883,-3.9211174508939195e-05,-1.986969763791373e-05,-6.831645578193524e-32,-3.9211174508939195e-05,-0.00016603813315552315,0.00012682695864658396,0.7638423549835314,-0.002885522497329642,0.0028463113228207027,0.014718222517362345,0.7993967421411089,0.002000000000000121,0.9974531782829412,0.1,SAFE_DELTA_AWAY_FROM_EPSILON,4,3.170673966164599e-05
near_symmetric_m2_least,0.002,21,-0.0004172636503961883,-3.9211174508939195e-05,-1.986969763791373e-05,-6.831645578193524e-32,-3.9211174508939195e-05,-0.00016603813315552315,0.00012682695864658396,0.7638423549835314,-0.002885522497329642,0.0028463113228207027,0.014718222517362345,0.7993967421411089,0.002000000000000121,0.9974531782829412,0.2,SAFE_DELTA_AWAY_FROM_EPSILON,4,3.170673966164599e-05
near_symmetric_m2_least,0.002,22,-0.0004589102149963609,-4.164656460017259e-05,-2.0859555227107314e-05,-7.246212795685574e-32,-4.164656460017259e-05,-0.00017690603910963752,0.0001352594745094649,0.7645837032484677,-0.002885522497329642,0.0028438759327294697,0.014718222517362345,0.7993967421411089,0.002000000000000222,0.997704514620313,0.01,SAFE_DELTA_AWAY_FROM_EPSILON,8,1.6907434313683114e-05
near_symmetric_m2_least,0.002,22,-0.0004589102149963609,-4.164656460017259e-05,-2.0859555227107314e-05,-7.246212795685574e-32,-4.164656460017259e-05,-0.00017690603910963752,0.0001352594745094649,0.7645837032484677,-0.002885522497329642,0.0028438759327294697,0.014718222517362345,0.7993967421411089,0.002000000000000222,0.997704514620313,0.02,SAFE_DELTA_AWAY_FROM_EPSILON,7,1.93227820727807e-05
near_symmetric_m2_least,0.002,22,-0.0004589102149963609,-4.164656460017259e-05,-2.0859555227107314e-05,-7.246212795685574e-32,-4.164656460017259e-05,-0.00017690603910963752,0.0001352594745094649,0.7645837032484677,-0.002885522497329642,0.0028438759327294697,0.014718222517362345,0.7993967421411089,0.002000000000000222,0.997704514620313,0.05,SAFE_DELTA_AWAY_FROM_EPSILON,5,2.7051894901892982e-05
near_symmetric_m2_least,0.002,22,-0.0004589102149963609,-4.164656460017259e-05,-2.0859555227107314e-05,-7.246212795685574e-32,-4.164656460017259e-05,-0.00017690603910963752,0.0001352594745094649,0.7645837032484677,-0.002885522497329642,0.0028438759327294697,0.014718222517362345,0.7993967421411089,0.002000000000000222,0.997704514620313,0.1,SAFE_DELTA_AWAY_FROM_EPSILON,4,3.381486862736623e-05
near_symmetric_m2_least,0.002,22,-0.0004589102149963609,-4.164656460017259e-05,-2.0859555227107314e-05,-7.246212795685574e-32,-4.164656460017259e-05,-0.00017690603910963752,0.0001352594745094649,0.7645837032484677,-0.002885522497329642,0.0028438759327294697,0.014718222517362345,0.7993967421411089,0.002000000000000222,0.997704514620313,0.2,SAFE_DELTA_AWAY_FROM_EPSILON,3,4.508649150315497e-05
near_symmetric_m3_selected,0.2,2,-1.0526301405988077e-09,-1.0526301405988077e-09,-5.263150702994039e-10,-2.275258595120709e-35,-1.0526301405988077e-09,-6.046044708283717e-08,5.940781694223836e-08,0.9825897724646893,-0.005469085195370155,0.005469084142740015,0.2637957727780146,0.37682840806257867,0.2531266482574888,0.3758959696474348,0.01,SAFE_DELTA_AWAY_FROM_EPSILON,2,2.970390847111918e-08
near_symmetric_m3_selected,0.2,2,-1.0526301405988077e-09,-1.0526301405988077e-09,-5.263150702994039e-10,-2.275258595120709e-35,-1.0526301405988077e-09,-6.046044708283717e-08,5.940781694223836e-08,0.9825897724646893,-0.005469085195370155,0.005469084142740015,0.2637957727780146,0.37682840806257867,0.2531266482574888,0.3758959696474348,0.02,SAFE_DELTA_AWAY_FROM_EPSILON,2,2.970390847111918e-08
near_symmetric_m3_selected,0.2,2,-1.0526301405988077e-09,-1.0526301405988077e-09,-5.263150702994039e-10,-2.275258595120709e-35,-1.0526301405988077e-09,-6.046044708283717e-08,5.940781694223836e-08,0.9825897724646893,-0.005469085195370155,0.005469084142740015,0.2637957727780146,0.37682840806257867,0.2531266482574888,0.3758959696474348,0.05,SAFE_DELTA_AWAY_FROM_EPSILON,2,2.970390847111918e-08
near_symmetric_m3_selected,0.2,2,-1.0526301405988077e-09,-1.0526301405988077e-09,-5.263150702994039e-10,-2.275258595120709e-35,-1.0526301405988077e-09,-6.046044708283717e-08,5.940781694223836e-08,0.9825897724646893,-0.005469085195370155,0.005469084142740015,0.2637957727780146,0.37682840806257867,0.2531266482574888,0.3758959696474348,0.1,SAFE_DELTA_AWAY_FROM_EPSILON,2,2.970390847111918e-08
near_symmetric_m3_selected,0.2,2,-1.0526301405988077e-09,-1.0526301405988077e-09,-5.263150702994039e-10,-2.275258595120709e-35,-1.0526301405988077e-09,-6.046044708283717e-08,5.940781694223836e-08,0.9825897724646893,-0.005469085195370155,0.005469084142740015,0.2637957727780146,0.37682840806257867,0.2531266482574888,0.3758959696474348,0.2,EXCLUDED_FROM_FITS_DELTA_EQUALS_EPSILON_ROUNDOFF_SENSITIVE,2,2.970390847111918e-08
near_symmetric_m3_selected,0.2,3,-5.0672688888484264e-08,-4.9620058747885453e-08,-1.6890896296161423e-08,-3.617115393478724e-35,-4.9620058747885453e-08,-1.4826563197565365e-05,1.4776943138817479e-05,0.9966533000205986,-0.005469085195370155,0.005469035575311408,0.2637957727780146,0.37682840806257867,0.21401516693957107,0.3895007860242011,0.01,SAFE_DELTA_AWAY_FROM_EPSILON,3,4.92564771293916e-06
near_symmetric_m3_selected,0.2,3,-5.0672688888484264e-08,-4.9620058747885453e-08,-1.6890896296161423e-08,-3.617115393478724e-35,-4.9620058747885453e-08,-1.4826563197565365e-05,1.4776943138817479e-05,0.9966533000205986,-0.005469085195370155,0.005469035575311408,0.2637957727780146,0.37682840806257867,0.21401516693957107,0.3895007860242011,0.02,SAFE_DELTA_AWAY_FROM_EPSILON,3,4.92564771293916e-06
near_symmetric_m3_selected,0.2,3,-5.0672688888484264e-08,-4.9620058747885453e-08,-1.6890896296161423e-08,-3.617115393478724e-35,-4.9620058747885453e-08,-1.4826563197565365e-05,1.4776943138817479e-05,0.9966533000205986,-0.005469085195370155,0.005469035575311408,0.2637957727780146,0.37682840806257867,0.21401516693957107,0.3895007860242011,0.05,SAFE_DELTA_AWAY_FROM_EPSILON,3,4.92564771293916e-06
near_symmetric_m3_selected,0.2,3,-5.0672688888484264e-08,-4.9620058747885453e-08,-1.6890896296161423e-08,-3.617115393478724e-35,-4.9620058747885453e-08,-1.4826563197565365e-05,1.4776943138817479e-05,0.9966533000205986,-0.005469085195370155,0.005469035575311408,0.2637957727780146,0.37682840806257867,0.21401516693957107,0.3895007860242011,0.1,SAFE_DELTA_AWAY_FROM_EPSILON,3,4.92564771293916e-06
near_symmetric_m3_selected,0.2,3,-5.0672688888484264e-08,-4.9620058747885453e-08,-1.6890896296161423e-08,-3.617115393478724e-35,-4.9620058747885453e-08,-1.4826563197565365e-05,1.4776943138817479e-05,0.9966533000205986,-0.005469085195370155,0.005469035575311408,0.2637957727780146,0.37682840806257867,0.21401516693957107,0.3895007860242011,0.2,EXCLUDED_FROM_FITS_DELTA_EQUALS_EPSILON_ROUNDOFF_SENSITIVE,3,4.92564771293916e-06
near_symmetric_m3_selected,0.2,4,-3.951757441381748e-07,-3.445030552496905e-07,-9.87939360345437e-08,-5.953044547453932e-35,-3.445030552496905e-07,-7.306946949885882e-05,7.272496644360913e-05,0.9952852667795122,-0.005469085195370155,0.005468740692314906,0.2637957727780146,0.37682840806257867,0.2008078534145209,0.3974362122194311,0.01,SAFE_DELTA_AWAY_FROM_EPSILON,4,1.8181241610902283e-05
near_symmetric_m3_selected,0.2,4,-3.951757441381748e-07,-3.445030552496905e-07,-9.87939360345437e-08,-5.953044547453932e-35,-3.445030552496905e-07,-7.306946949885882e-05,7.272496644360913e-05,0.9952852667795122,-0.005469085195370155,0.005468740692314906,0.2637957727780146,0.37682840806257867,0.2008078534145209,0.3974362122194311,0.02,SAFE_DELTA_AWAY_FROM_EPSILON,4,1.8181241610902283e-05
near_symmetric_m3_selected,0.2,4,-3.951757441381748e-07,-3.445030552496905e-07,-9.87939360345437e-08,-5.953044547453932e-35,-3.445030552496905e-07,-7.306946949885882e-05,7.272496644360913e-05,0.9952852667795122,-0.005469085195370155,0.005468740692314906,0.2637957727780146,0.37682840806257867,0.2008078534145209,0.3974362122194311,0.05,SAFE_DELTA_AWAY_FROM_EPSILON,4,1.8181241610902283e-05
near_symmetric_m3_selected,0.2,4,-3.951757441381748e-07,-3.445030552496905e-07,-9.87939360345437e-08,-5.953044547453932e-35,-3.445030552496905e-07,-7.306946949885882e-05,7.272496644360913e-05,0.9952852667795122,-0.005469085195370155,0.005468740692314906,0.2637957727780146,0.37682840806257867,0.2008078534145209,0.3974362122194311,0.1,SAFE_DELTA_AWAY_FROM_EPSILON,4,1.8181241610902283e-05
near_symmetric_m3_selected,0.2,4,-3.951757441381748e-07,-3.445030552496905e-07,-9.87939360345437e-08,-5.953044547453932e-35,-3.445030552496905e-07,-7.306946949885882e-05,7.272496644360913e-05,0.9952852667795122,-0.005469085195370155,0.005468740692314906,0.2637957727780146,0.37682840806257867,0.2008078534145209,0.3974362122194311,0.2,EXCLUDED_FROM_FITS_DELTA_EQUALS_EPSILON_ROUNDOFF_SENSITIVE,4,1.8181241610902283e-05
near_symmetric_m3_selected,0.2,5,-1.3915649938143827e-06,-9.96389249676208e-07,-2.7831299876287655e-07,-4.274812953471075e-34,-9.96389249676208e-07,-0.00013732042952803683,0.00013632404027836062,0.9927440567066332,-0.005469085195370155,0.005468088806120479,0.2637957727780146,0.37682840806257867,0.20025575447409896,0.40305875043424955,0.01,SAFE_DELTA_AWAY_FROM_EPSILON,5,2.7264808055672124e-05
near_symmetric_m3_selected,0.2,5,-1.3915649938143827e-06,-9.96389249676208e-07,-2.7831299876287655e-07,-4.274812953471075e-34,-9.96389249676208e-07,-0.00013732042952803683,0.00013632404027836062,0.9927440567066332,-0.005469085195370155,0.005468088806120479,0.2637957727780146,0.37682840806257867,0.20025575447409896,0.40305875043424955,0.02,SAFE_DELTA_AWAY_FROM_EPSILON,5,2.7264808055672124e-05
near_symmetric_m3_selected,0.2,5,-1.3915649938143827e-06,-9.96389249676208e-07,-2.7831299876287655e-07,-4.274812953471075e-34,-9.96389249676208e-07,-0.00013732042952803683,0.00013632404027836062,0.9927440567066332,-0.005469085195370155,0.005468088806120479,0.2637957727780146,0.37682840806257867,0.20025575447409896,0.40305875043424955,0.05,SAFE_DELTA_AWAY_FROM_EPSILON,5,2.7264808055672124e-05
near_symmetric_m3_selected,0.2,5,-1.3915649938143827e-06,-9.96389249676208e-07,-2.7831299876287655e-07,-4.274812953471075e-34,-9.96389249676208e-07,-0.00013732042952803683,0.00013632404027836062,0.9927440567066332,-0.005469085195370155,0.005468088806120479,0.2637957727780146,0.37682840806257867,0.20025575447409896,0.40305875043424955,0.1,SAFE_DELTA_AWAY_FROM_EPSILON,5,2.7264808055672124e-05
near_symmetric_m3_selected,0.2,5,-1.3915649938143827e-06,-9.96389249676208e-07,-2.7831299876287655e-07,-4.274812953471075e-34,-9.96389249676208e-07,-0.00013732042952803683,0.00013632404027836062,0.9927440567066332,-0.005469085195370155,0.005468088806120479,0.2637957727780146,0.37682840806257867,0.20025575447409896,0.40305875043424955,0.2,EXCLUDED_FROM_FITS_DELTA_EQUALS_EPSILON_ROUNDOFF_SENSITIVE,5,2.7264808055672124e-05
near_symmetric_m3_selected,0.2,6,-4.596473899260128e-06,-3.204908905445745e-06,-7.660789832100213e-07,-4.540391955588347e-34,-3.204908905445745e-06,-0.00019640160156901709,0.00019319669266357133,0.9836818596190544,-0.005469085195370155,0.00546588028646471,0.2637957727780146,0.37682840806257867,0.20002740927840124,0.4814765360540254,0.01,SAFE_DELTA_AWAY_FROM_EPSILON,6,3.219944877726189e-05
near_symmetric_m3_selected,0.2,6,-4.596473899260128e-06,-3.204908905445745e-06,-7.660789832100213e-07,-4.540391955588347e-34,-3.204908905445745e-06,-0.00019640160156901709,0.00019319669266357133,0.9836818596190544,-0.005469085195370155,0.00546588028646471,0.2637957727780146,0.37682840806257867,0.20002740927840124,0.4814765360540254,0.02,SAFE_DELTA_AWAY_FROM_EPSILON,6,3.219944877726189e-05
near_symmetric_m3_selected,0.2,6,-4.596473899260128e-06,-3.204908905445745e-06,-7.660789832100213e-07,-4.540391955588347e-34,-3.204908905445745e-06,-0.00019640160156901709,0.00019319669266357133,0.9836818596190544,-0.005469085195370155,0.00546588028646471,0.2637957727780146,0.37682840806257867,0.20002740927840124,0.4814765360540254,0.05,SAFE_DELTA_AWAY_FROM_EPSILON,6,3.219944877726189e-05
near_symmetric_m3_selected,0.2,6,-4.596473899260128e-06,-3.204908905445745e-06,-7.660789832100213e-07,-4.540391955588347e-34,-3.204908905445745e-06,-0.00019640160156901709,0.00019319669266357133,0.9836818596190544,-0.005469085195370155,0.00546588028646471,0.2637957727780146,0.37682840806257867,0.20002740927840124,0.4814765360540254,0.1,SAFE_DELTA_AWAY_FROM_EPSILON,6,3.219944877726189e-05
near_symmetric_m3_selected,0.2,6,-4.596473899260128e-06,-3.204908905445745e-06,-7.660789832100213e-07,-4.540391955588347e-34,-3.204908905445745e-06,-0.00019640160156901709,0.00019319669266357133,0.9836818596190544,-0.005469085195370155,0.00546588028646471,0.2637957727780146,0.37682840806257867,0.20002740927840124,0.4814765360540254,0.2,EXCLUDED_FROM_FITS_DELTA_EQUALS_EPSILON_ROUNDOFF_SENSITIVE,6,3.219944877726189e-05
near_symmetric_m3_selected,0.2,7,-9.172473119476483e-06,-4.575999220216354e-06,-1.3103533027823546e-06,-5.81047800492057e-34,-4.575999220216354e-06,-0.00027546844053549915,0.0002708924413152828,0.9833882995405179,-0.005469085195370155,0.0054645091961499385,0.2637957727780146,0.37682840806257867,0.20000198636791827,0.5375639262129932,0.01,SAFE_DELTA_AWAY_FROM_EPSILON,7,3.869892018789754e-05
near_symmetric_m3_selected,0.2,7,-9.172473119476483e-06,-4.575999220216354e-06,-1.3103533027823546e-06,-5.81047800492057e-34,-4.575999220216354e-06,-0.00027546844053549915,0.0002708924413152828,0.9833882995405179,-0.005469085195370155,0.0054645091961499385,0.2637957727780146,0.37682840806257867,0.20000198636791827,0.5375639262129932,0.02,SAFE_DELTA_AWAY_FROM_EPSILON,7,3.869892018789754e-05
near_symmetric_m3_selected,0.2,7,-9.172473119476483e-06,-4.575999220216354e-06,-1.3103533027823546e-06,-5.81047800492057e-34,-4.575999220216354e-06,-0.00027546844053549915,0.0002708924413152828,0.9833882995405179,-0.005469085195370155,0.0054645091961499385,0.2637957727780146,0.37682840806257867,0.20000198636791827,0.5375639262129932,0.05,SAFE_DELTA_AWAY_FROM_EPSILON,7,3.869892018789754e-05
near_symmetric_m3_selected,0.2,7,-9.172473119476483e-06,-4.575999220216354e-06,-1.3103533027823546e-06,-5.81047800492057e-34,-4.575999220216354e-06,-0.00027546844053549915,0.0002708924413152828,0.9833882995405179,-0.005469085195370155,0.0054645091961499385,0.2637957727780146,0.37682840806257867,0.20000198636791827,0.5375639262129932,0.1,SAFE_DELTA_AWAY_FROM_EPSILON,7,3.869892018789754e-05
near_symmetric_m3_selected,0.2,7,-9.172473119476483e-06,-4.575999220216354e-06,-1.3103533027823546e-06,-5.81047800492057e-34,-4.575999220216354e-06,-0.00027546844053549915,0.0002708924413152828,0.9833882995405179,-0.005469085195370155,0.0054645091961499385,0.2637957727780146,0.37682840806257867,0.20000198636791827,0.5375639262129932,0.2,EXCLUDED_FROM_FITS_DELTA_EQUALS_EPSILON_ROUNDOFF_SENSITIVE,7,3.869892018789754e-05
near_symmetric_m3_selected,0.2,8,-1.3952345588597183e-05,-4.7798724691207e-06,-1.7440431985746478e-06,-5.8237282578575296e-34,-4.7798724691207e-06,-0.0004034784364503913,0.0003986985639812706,0.9881533384753551,-0.005469085195370155,0.005464305322901035,0.2637957727780146,0.37682840806257867,0.2000006214168113,0.5504248301345687,0.01,SAFE_DELTA_AWAY_FROM_EPSILON,8,4.9837320497658825e-05
near_symmetric_m3_selected,0.2,8,-1.3952345588597183e-05,-4.7798724691207e-06,-1.7440431985746478e-06,-5.8237282578575296e-34,-4.7798724691207e-06,-0.0004034784364503913,0.0003986985639812706,0.9881533384753551,-0.005469085195370155,0.005464305322901035,0.2637957727780146,0.37682840806257867,0.2000006214168113,0.5504248301345687,0.02,SAFE_DELTA_AWAY_FROM_EPSILON,8,4.9837320497658825e-05
near_symmetric_m3_selected,0.2,8,-1.3952345588597183e-05,-4.7798724691207e-06,-1.7440431985746478e-06,-5.8237282578575296e-34,-4.7798724691207e-06,-0.0004034784364503913,0.0003986985639812706,0.9881533384753551,-0.005469085195370155,0.005464305322901035,0.2637957727780146,0.37682840806257867,0.2000006214168113,0.5504248301345687,0.05,SAFE_DELTA_AWAY_FROM_EPSILON,8,4.9837320497658825e-05
near_symmetric_m3_selected,0.2,8,-1.3952345588597183e-05,-4.7798724691207e-06,-1.7440431985746478e-06,-5.8237282578575296e-34,-4.7798724691207e-06,-0.0004034784364503913,0.0003986985639812706,0.9881533384753551,-0.005469085195370155,0.005464305322901035,0.2637957727780146,0.37682840806257867,0.2000006214168113,0.5504248301345687,0.1,SAFE_DELTA_AWAY_FROM_EPSILON,8,4.9837320497658825e-05
near_symmetric_m3_selected,0.2,8,-1.3952345588597183e-05,-4.7798724691207e-06,-1.7440431985746478e-06,-5.8237282578575296e-34,-4.7798724691207e-06,-0.0004034784364503913,0.0003986985639812706,0.9881533384753551,-0.005469085195370155,0.005464305322901035,0.2637957727780146,0.37682840806257867,0.2000006214168113,0.5504248301345687,0.2,EXCLUDED_FROM_FITS_DELTA_EQUALS_EPSILON_ROUNDOFF_SENSITIVE,8,4.9837320497658825e-05
near_symmetric_m3_selected,0.2,9,-1.9275715378489564e-05,-5.323369789892381e-06,-2.141746153165507e-06,-6.516607024242787e-34,-5.323369789892381e-06,-0.0005527882559028874,0.000547464886112995,0.9903699658358379,-0.005469085195370155,0.005463761825580263,0.2637957727780146,0.37682840806257867,0.20000003366019972,0.5602699904981164,0.01,SAFE_DELTA_AWAY_FROM_EPSILON,9,6.082943179033278e-05
near_symmetric_m3_selected,0.2,9,-1.9275715378489564e-05,-5.323369789892381e-06,-2.141746153165507e-06,-6.516607024242787e-34,-5.323369789892381e-06,-0.0005527882559028874,0.000547464886112995,0.9903699658358379,-0.005469085195370155,0.005463761825580263,0.2637957727780146,0.37682840806257867,0.20000003366019972,0.5602699904981164,0.02,SAFE_DELTA_AWAY_FROM_EPSILON,9,6.082943179033278e-05
near_symmetric_m3_selected,0.2,9,-1.9275715378489564e-05,-5.323369789892381e-06,-2.141746153165507e-06,-6.516607024242787e-34,-5.323369789892381e-06,-0.0005527882559028874,0.000547464886112995,0.9903699658358379,-0.005469085195370155,0.005463761825580263,0.2637957727780146,0.37682840806257867,0.20000003366019972,0.5602699904981164,0.05,SAFE_DELTA_AWAY_FROM_EPSILON,9,6.082943179033278e-05
near_symmetric_m3_selected,0.2,9,-1.9275715378489564e-05,-5.323369789892381e-06,-2.141746153165507e-06,-6.516607024242787e-34,-5.323369789892381e-06,-0.0005527882559028874,0.000547464886112995,0.9903699658358379,-0.005469085195370155,0.005463761825580263,0.2637957727780146,0.37682840806257867,0.20000003366019972,0.5602699904981164,0.1,SAFE_DELTA_AWAY_FROM_EPSILON,9,6.082943179033278e-05
near_symmetric_m3_selected,0.2,9,-1.9275715378489564e-05,-5.323369789892381e-06,-2.141746153165507e-06,-6.516607024242787e-34,-5.323369789892381e-06,-0.0005527882559028874,0.000547464886112995,0.9903699658358379,-0.005469085195370155,0.005463761825580263,0.2637957727780146,0.37682840806257867,0.20000003366019972,0.5602699904981164,0.2,EXCLUDED_FROM_FITS_DELTA_EQUALS_EPSILON_ROUNDOFF_SENSITIVE,9,6.082943179033278e-05
near_symmetric_m3_selected,0.2,10,-2.5144723667142427e-05,-5.869008288652865e-06,-2.514472366714243e-06,-6.6830583220176785e-34,-5.869008288652865e-06,-0.0006528098323802716,0.0006469408240916187,0.9910096202637553,-0.005469085195370155,0.005463216187081502,0.2637957727780146,0.37682840806257867,0.20000000435677703,0.5696887943086999,0.01,SAFE_DELTA_AWAY_FROM_EPSILON,10,6.469408240916187e-05
near_symmetric_m3_selected,0.2,10,-2.5144723667142427e-05,-5.869008288652865e-06,-2.514472366714243e-06,-6.6830583220176785e-34,-5.869008288652865e-06,-0.0006528098323802716,0.0006469408240916187,0.9910096202637553,-0.005469085195370155,0.005463216187081502,0.2637957727780146,0.37682840806257867,0.20000000435677703,0.5696887943086999,0.02,SAFE_DELTA_AWAY_FROM_EPSILON,10,6.469408240916187e-05
near_symmetric_m3_selected,0.2,10,-2.5144723667142427e-05,-5.869008288652865e-06,-2.514472366714243e-06,-6.6830583220176785e-34,-5.869008288652865e-06,-0.0006528098323802716,0.0006469408240916187,0.9910096202637553,-0.005469085195370155,0.005463216187081502,0.2637957727780146,0.37682840806257867,0.20000000435677703,0.5696887943086999,0.05,SAFE_DELTA_AWAY_FROM_EPSILON,10,6.469408240916187e-05
near_symmetric_m3_selected,0.2,10,-2.5144723667142427e-05,-5.869008288652865e-06,-2.514472366714243e-06,-6.6830583220176785e-34,-5.869008288652865e-06,-0.0006528098323802716,0.0006469408240916187,0.9910096202637553,-0.005469085195370155,0.005463216187081502,0.2637957727780146,0.37682840806257867,0.20000000435677703,0.5696887943086999,0.1,SAFE_DELTA_AWAY_FROM_EPSILON,10,6.469408240916187e-05
near_symmetric_m3_selected,0.2,10,-2.5144723667142427e-05,-5.869008288652865e-06,-2.514472366714243e-06,-6.6830583220176785e-34,-5.869008288652865e-06,-0.0006528098323802716,0.0006469408240916187,0.9910096202637553,-0.005469085195370155,0.005463216187081502,0.2637957727780146,0.37682840806257867,0.20000000435677703,0.5696887943086999,0.2,EXCLUDED_FROM_FITS_DELTA_EQUALS_EPSILON_ROUNDOFF_SENSITIVE,10,6.469408240916187e-05
near_symmetric_m3_selected,0.2,11,-3.264057623033563e-05,-7.495852563193204e-06,-2.9673251118486936e-06,-6.971363832922418e-34,-7.495852563193204e-06,-0.0007150029296641288,0.0007075070771009357,0.9895163330775242,-0.005469085195370155,0.005461589342806962,0.2637957727780146,0.37682840806257867,0.20000000122437808,0.6124224507075507,0.01,SAFE_DELTA_AWAY_FROM_EPSILON,11,6.431882519099415e-05
near_symmetric_m3_selected,0.2,11,-3.264057623033563e-05,-7.495852563193204e-06,-2.9673251118486936e-06,-6.971363832922418e-34,-7.495852563193204e-06,-0.0007150029296641288,0.0007075070771009357,0.9895163330775242,-0.005469085195370155,0.005461589342806962,0.2637957727780146,0.37682840806257867,0.20000000122437808,0.6124224507075507,0.02,SAFE_DELTA_AWAY_FROM_EPSILON,11,6.431882519099415e-05
near_symmetric_m3_selected,0.2,11,-3.264057623033563e-05,-7.495852563193204e-06,-2.9673251118486936e-06,-6.971363832922418e-34,-7.495852563193204e-06,-0.0007150029296641288,0.0007075070771009357,0.9895163330775242,-0.005469085195370155,0.005461589342806962,0.2637957727780146,0.37682840806257867,0.20000000122437808,0.6124224507075507,0.05,SAFE_DELTA_AWAY_FROM_EPSILON,11,6.431882519099415e-05
near_symmetric_m3_selected,0.2,11,-3.264057623033563e-05,-7.495852563193204e-06,-2.9673251118486936e-06,-6.971363832922418e-34,-7.495852563193204e-06,-0.0007150029296641288,0.0007075070771009357,0.9895163330775242,-0.005469085195370155,0.005461589342806962,0.2637957727780146,0.37682840806257867,0.20000000122437808,0.6124224507075507,0.1,SAFE_DELTA_AWAY_FROM_EPSILON,11,6.431882519099415e-05
near_symmetric_m3_selected,0.2,11,-3.264057623033563e-05,-7.495852563193204e-06,-2.9673251118486936e-06,-6.971363832922418e-34,-7.495852563193204e-06,-0.0007150029296641288,0.0007075070771009357,0.9895163330775242,-0.005469085195370155,0.005461589342806962,0.2637957727780146,0.37682840806257867,0.20000000122437808,0.6124224507075507,0.2,EXCLUDED_FROM_FITS_DELTA_EQUALS_EPSILON_ROUNDOFF_SENSITIVE,11,6.431882519099415e-05
near_symmetric_m3_selected,0.2,12,-4.131870408875239e-05,-8.678127858416761e-06,-3.4432253407293656e-06,-1.1329780043226467e-33,-8.678127858416761e-06,-0.0007895225636997999,0.0007808444358413831,0.9890083852477248,-0.005469085195370155,0.005460407067511739,0.2637957727780146,0.37682840806257867,0.20000000004467525,0.654878021291465,0.01,SAFE_DELTA_AWAY_FROM_EPSILON,12,6.50703696534486e-05
near_symmetric_m3_selected,0.2,12,-4.131870408875239e-05,-8.678127858416761e-06,-3.4432253407293656e-06,-1.1329780043226467e-33,-8.678127858416761e-06,-0.0007895225636997999,0.0007808444358413831,0.9890083852477248,-0.005469085195370155,0.005460407067511739,0.2637957727780146,0.37682840806257867,0.20000000004467525,0.654878021291465,0.02,SAFE_DELTA_AWAY_FROM_EPSILON,12,6.50703696534486e-05
near_symmetric_m3_selected,0.2,12,-4.131870408875239e-05,-8.678127858416761e-06,-3.4432253407293656e-06,-1.1329780043226467e-33,-8.678127858416761e-06,-0.0007895225636997999,0.0007808444358413831,0.9890083852477248,-0.005469085195370155,0.005460407067511739,0.2637957727780146,0.37682840806257867,0.20000000004467525,0.654878021291465,0.05,SAFE_DELTA_AWAY_FROM_EPSILON,12,6.50703696534486e-05
near_symmetric_m3_selected,0.2,12,-4.131870408875239e-05,-8.678127858416761e-06,-3.4432253407293656e-06,-1.1329780043226467e-33,-8.678127858416761e-06,-0.0007895225636997999,0.0007808444358413831,0.9890083852477248,-0.005469085195370155,0.005460407067511739,0.2637957727780146,0.37682840806257867,0.20000000004467525,0.654878021291465,0.1,SAFE_DELTA_AWAY_FROM_EPSILON,12,6.50703696534486e-05
near_symmetric_m3_selected,0.2,12,-4.131870408875239e-05,-8.678127858416761e-06,-3.4432253407293656e-06,-1.1329780043226467e-33,-8.678127858416761e-06,-0.0007895225636997999,0.0007808444358413831,0.9890083852477248,-0.005469085195370155,0.005460407067511739,0.2637957727780146,0.37682840806257867,0.20000000004467525,0.654878021291465,0.2,EXCLUDED_FROM_FITS_DELTA_EQUALS_EPSILON_ROUNDOFF_SENSITIVE,12,6.50703696534486e-05
near_symmetric_m3_selected,0.2,13,-5.01560404575612e-05,-8.837336368808814e-06,-3.858156958273939e-06,-1.1519278276178891e-33,-8.837336368808814e-06,-0.0008998009702524631,0.0008909636338836543,0.9901785654150503,-0.005469085195370155,0.005460247859001346,0.2637957727780146,0.37682840806257867,0.20000000000912668,0.6653191017121831,0.01,SAFE_DELTA_AWAY_FROM_EPSILON,13,6.853566414489649e-05
near_symmetric_m3_selected,0.2,13,-5.01560404575612e-05,-8.837336368808814e-06,-3.858156958273939e-06,-1.1519278276178891e-33,-8.837336368808814e-06,-0.0008998009702524631,0.0008909636338836543,0.9901785654150503,-0.005469085195370155,0.005460247859001346,0.2637957727780146,0.37682840806257867,0.20000000000912668,0.6653191017121831,0.02,SAFE_DELTA_AWAY_FROM_EPSILON,13,6.853566414489649e-05
near_symmetric_m3_selected,0.2,13,-5.01560404575612e-05,-8.837336368808814e-06,-3.858156958273939e-06,-1.1519278276178891e-33,-8.837336368808814e-06,-0.0008998009702524631,0.0008909636338836543,0.9901785654150503,-0.005469085195370155,0.005460247859001346,0.2637957727780146,0.37682840806257867,0.20000000000912668,0.6653191017121831,0.05,SAFE_DELTA_AWAY_FROM_EPSILON,13,6.853566414489649e-05
near_symmetric_m3_selected,0.2,13,-5.01560404575612e-05,-8.837336368808814e-06,-3.858156958273939e-06,-1.1519278276178891e-33,-8.837336368808814e-06,-0.0008998009702524631,0.0008909636338836543,0.9901785654150503,-0.005469085195370155,0.005460247859001346,0.2637957727780146,0.37682840806257867,0.20000000000912668,0.6653191017121831,0.1,SAFE_DELTA_AWAY_FROM_EPSILON,13,6.853566414489649e-05
near_symmetric_m3_selected,0.2,13,-5.01560404575612e-05,-8.837336368808814e-06,-3.858156958273939e-06,-1.1519278276178891e-33,-8.837336368808814e-06,-0.0008998009702524631,0.0008909636338836543,0.9901785654150503,-0.005469085195370155,0.005460247859001346,0.2637957727780146,0.37682840806257867,0.20000000000912668,0.6653191017121831,0.2,EXCLUDED_FROM_FITS_DELTA_EQUALS_EPSILON_ROUNDOFF_SENSITIVE,13,6.853566414489649e-05
near_symmetric_m3_selected,0.2,14,-5.9066734345581786e-05,-8.91069388802058e-06,-4.219052453255842e-06,-1.1710140220492384e-33,-8.91069388802058e-06,-0.0009972197199550094,0.0009883090260669888,0.9910644628162562,-0.005469085195370155,0.005460174501482134,0.2637957727780146,0.37682840806257867,0.20000000000200394,0.6727424725173088,0.01,SAFE_DELTA_AWAY_FROM_EPSILON,14,7.059350186192777e-05
near_symmetric_m3_selected,0.2,14,-5.9066734345581786e-05,-8.91069388802058e-06,-4.219052453255842e-06,-1.1710140220492384e-33,-8.91069388802058e-06,-0.0009972197199550094,0.0009883090260669888,0.9910644628162562,-0.005469085195370155,0.005460174501482134,0.2637957727780146,0.37682840806257867,0.20000000000200394,0.6727424725173088,0.02,SAFE_DELTA_AWAY_FROM_EPSILON,14,7.059350186192777e-05
near_symmetric_m3_selected,0.2,14,-5.9066734345581786e-05,-8.91069388802058e-06,-4.219052453255842e-06,-1.1710140220492384e-33,-8.91069388802058e-06,-0.0009972197199550094,0.0009883090260669888,0.9910644628162562,-0.005469085195370155,0.005460174501482134,0.2637957727780146,0.37682840806257867,0.20000000000200394,0.6727424725173088,0.05,SAFE_DELTA_AWAY_FROM_EPSILON,14,7.059350186192777e-05
near_symmetric_m3_selected,0.2,14,-5.9066734345581786e-05,-8.91069388802058e-06,-4.219052453255842e-06,-1.1710140220492384e-33,-8.91069388802058e-06,-0.0009972197199550094,0.0009883090260669888,0.9910644628162562,-0.005469085195370155,0.005460174501482134,0.2637957727780146,0.37682840806257867,0.20000000000200394,0.6727424725173088,0.1,SAFE_DELTA_AWAY_FROM_EPSILON,14,7.059350186192777e-05
near_symmetric_m3_selected,0.2,14,-5.9066734345581786e-05,-8.91069388802058e-06,-4.219052453255842e-06,-1.1710140220492384e-33,-8.91069388802058e-06,-0.0009972197199550094,0.0009883090260669888,0.9910644628162562,-0.005469085195370155,0.005460174501482134,0.2637957727780146,0.37682840806257867,0.20000000000200394,0.6727424725173088,0.2,EXCLUDED_FROM_FITS_DELTA_EQUALS_EPSILON_ROUNDOFF_SENSITIVE,14,7.059350186192777e-05
near_symmetric_m3_selected,0.2,15,-6.807243232830785e-05,-9.005697982726056e-06,-4.538162155220523e-06,-1.1764470124524898e-33,-9.005697982726056e-06,-0.0010318015192424587,0.0010227958212597327,0.991271869817232,-0.005469085195370155,0.0054600794973874295,0.2637957727780146,0.37682840806257867,0.20000000000007018,0.6824333597069157,0.01,SAFE_DELTA_AWAY_FROM_EPSILON,15,6.818638808398217e-05
near_symmetric_m3_selected,0.2,15,-6.807243232830785e-05,-9.005697982726056e-06,-4.538162155220523e-06,-1.1764470124524898e-33,-9.005697982726056e-06,-0.0010318015192424587,0.0010227958212597327,0.991271869817232,-0.005469085195370155,0.0054600794973874295,0.2637957727780146,0.37682840806257867,0.20000000000007018,0.6824333597069157,0.02,SAFE_DELTA_AWAY_FROM_EPSILON,15,6.818638808398217e-05
near_symmetric_m3_selected,0.2,15,-6.807243232830785e-05,-9.005697982726056e-06,-4.538162155220523e-06,-1.1764470124524898e-33,-9.005697982726056e-06,-0.0010318015192424587,0.0010227958212597327,0.991271869817232,-0.005469085195370155,0.0054600794973874295,0.2637957727780146,0.37682840806257867,0.20000000000007018,0.6824333597069157,0.05,SAFE_DELTA_AWAY_FROM_EPSILON,15,6.818638808398217e-05
near_symmetric_m3_selected,0.2,15,-6.807243232830785e-05,-9.005697982726056e-06,-4.538162155220523e-06,-1.1764470124524898e-33,-9.005697982726056e-06,-0.0010318015192424587,0.0010227958212597327,0.991271869817232,-0.005469085195370155,0.0054600794973874295,0.2637957727780146,0.37682840806257867,0.20000000000007018,0.6824333597069157,0.1,SAFE_DELTA_AWAY_FROM_EPSILON,15,6.818638808398217e-05
near_symmetric_m3_selected,0.2,15,-6.807243232830785e-05,-9.005697982726056e-06,-4.538162155220523e-06,-1.1764470124524898e-33,-9.005697982726056e-06,-0.0010318015192424587,0.0010227958212597327,0.991271869817232,-0.005469085195370155,0.0054600794973874295,0.2637957727780146,0.37682840806257867,0.20000000000007018,0.6824333597069157,0.2,EXCLUDED_FROM_FITS_DELTA_EQUALS_EPSILON_ROUNDOFF_SENSITIVE,15,6.818638808398217e-05
near_symmetric_m3_selected,0.2,16,-7.723804675084502e-05,-9.165614422537179e-06,-4.827377921927814e-06,-1.1749013828659738e-33,-9.165614422537179e-06,-0.001018863700820061,0.0010096980863975237,0.9910040818853788,-0.005469085195370155,0.005459919580947618,0.2637957727780146,0.37682840806257867,0.2000000000000186,0.7005615725244012,0.01,SAFE_DELTA_AWAY_FROM_EPSILON,16,6.310613039984523e-05
near_symmetric_m3_selected,0.2,16,-7.723804675084502e-05,-9.165614422537179e-06,-4.827377921927814e-06,-1.1749013828659738e-33,-9.165614422537179e-06,-0.001018863700820061,0.0010096980863975237,0.9910040818853788,-0.005469085195370155,0.005459919580947618,0.2637957727780146,0.37682840806257867,0.2000000000000186,0.7005615725244012,0.02,SAFE_DELTA_AWAY_FROM_EPSILON,16,6.310613039984523e-05
near_symmetric_m3_selected,0.2,16,-7.723804675084502e-05,-9.165614422537179e-06,-4.827377921927814e-06,-1.1749013828659738e-33,-9.165614422537179e-06,-0.001018863700820061,0.0010096980863975237,0.9910040818853788,-0.005469085195370155,0.005459919580947618,0.2637957727780146,0.37682840806257867,0.2000000000000186,0.7005615725244012,0.05,SAFE_DELTA_AWAY_FROM_EPSILON,16,6.310613039984523e-05
near_symmetric_m3_selected,0.2,16,-7.723804675084502e-05,-9.165614422537179e-06,-4.827377921927814e-06,-1.1749013828659738e-33,-9.165614422537179e-06,-0.001018863700820061,0.0010096980863975237,0.9910040818853788,-0.005469085195370155,0.005459919580947618,0.2637957727780146,0.37682840806257867,0.2000000000000186,0.7005615725244012,0.1,SAFE_DELTA_AWAY_FROM_EPSILON,16,6.310613039984523e-05
near_symmetric_m3_selected,0.2,16,-7.723804675084502e-05,-9.165614422537179e-06,-4.827377921927814e-06,-1.1749013828659738e-33,-9.165614422537179e-06,-0.001018863700820061,0.0010096980863975237,0.9910040818853788,-0.005469085195370155,0.005459919580947618,0.2637957727780146,0.37682840806257867,0.2000000000000186,0.7005615725244012,0.2,EXCLUDED_FROM_FITS_DELTA_EQUALS_EPSILON_ROUNDOFF_SENSITIVE,16,6.310613039984523e-05
near_symmetric_m3_selected,0.2,17,-8.65094076447502e-05,-9.271360893905179e-06,-5.0887886849853055e-06,-1.1858854023460889e-33,-9.271360893905179e-06,-0.0010217059907661093,0.001012434629872204,0.9909256077798337,-0.005469085195370155,0.00545981383447625,0.2637957727780146,0.37682840806257867,0.20000000000000268,0.727542524313404,0.01,SAFE_DELTA_AWAY_FROM_EPSILON,17,5.955497822777671e-05
near_symmetric_m3_selected,0.2,17,-8.65094076447502e-05,-9.271360893905179e-06,-5.0887886849853055e-06,-1.1858854023460889e-33,-9.271360893905179e-06,-0.0010217059907661093,0.001012434629872204,0.9909256077798337,-0.005469085195370155,0.00545981383447625,0.2637957727780146,0.37682840806257867,0.20000000000000268,0.727542524313404,0.02,SAFE_DELTA_AWAY_FROM_EPSILON,17,5.955497822777671e-05
near_symmetric_m3_selected,0.2,17,-8.65094076447502e-05,-9.271360893905179e-06,-5.0887886849853055e-06,-1.1858854023460889e-33,-9.271360893905179e-06,-0.0010217059907661093,0.001012434629872204,0.9909256077798337,-0.005469085195370155,0.00545981383447625,0.2637957727780146,0.37682840806257867,0.20000000000000268,0.727542524313404,0.05,SAFE_DELTA_AWAY_FROM_EPSILON,17,5.955497822777671e-05
near_symmetric_m3_selected,0.2,17,-8.65094076447502e-05,-9.271360893905179e-06,-5.0887886849853055e-06,-1.1858854023460889e-33,-9.271360893905179e-06,-0.0010217059907661093,0.001012434629872204,0.9909256077798337,-0.005469085195370155,0.00545981383447625,0.2637957727780146,0.37682840806257867,0.20000000000000268,0.727542524313404,0.1,SAFE_DELTA_AWAY_FROM_EPSILON,17,5.955497822777671e-05
near_symmetric_m3_selected,0.2,17,-8.65094076447502e-05,-9.271360893905179e-06,-5.0887886849853055e-06,-1.1858854023460889e-33,-9.271360893905179e-06,-0.0010217059907661093,0.001012434629872204,0.9909256077798337,-0.005469085195370155,0.00545981383447625,0.2637957727780146,0.37682840806257867,0.20000000000000268,0.727542524313404,0.2,EXCLUDED_FROM_FITS_DELTA_EQUALS_EPSILON_ROUNDOFF_SENSITIVE,17,5.955497822777671e-05
near_symmetric_m3_selected,0.2,18,-9.58085117216349e-05,-9.299104076884708e-06,-5.322695095646383e-06,-1.1932576036334875e-33,-9.299104076884708e-06,-0.001063004740391461,0.0010537056363145764,0.9912520577533265,-0.005469085195370155,0.00545978609129327,0.2637957727780146,0.37682840806257867,0.20000000000000034,0.7348248458217834,0.01,SAFE_DELTA_AWAY_FROM_EPSILON,18,5.853920201747647e-05
near_symmetric_m3_selected,0.2,18,-9.58085117216349e-05,-9.299104076884708e-06,-5.322695095646383e-06,-1.1932576036334875e-33,-9.299104076884708e-06,-0.001063004740391461,0.0010537056363145764,0.9912520577533265,-0.005469085195370155,0.00545978609129327,0.2637957727780146,0.37682840806257867,0.20000000000000034,0.7348248458217834,0.02,SAFE_DELTA_AWAY_FROM_EPSILON,18,5.853920201747647e-05
near_symmetric_m3_selected,0.2,18,-9.58085117216349e-05,-9.299104076884708e-06,-5.322695095646383e-06,-1.1932576036334875e-33,-9.299104076884708e-06,-0.001063004740391461,0.0010537056363145764,0.9912520577533265,-0.005469085195370155,0.00545978609129327,0.2637957727780146,0.37682840806257867,0.20000000000000034,0.7348248458217834,0.05,SAFE_DELTA_AWAY_FROM_EPSILON,18,5.853920201747647e-05
near_symmetric_m3_selected,0.2,18,-9.58085117216349e-05,-9.299104076884708e-06,-5.322695095646383e-06,-1.1932576036334875e-33,-9.299104076884708e-06,-0.001063004740391461,0.0010537056363145764,0.9912520577533265,-0.005469085195370155,0.00545978609129327,0.2637957727780146,0.37682840806257867,0.20000000000000034,0.7348248458217834,0.1,SAFE_DELTA_AWAY_FROM_EPSILON,18,5.853920201747647e-05
near_symmetric_m3_selected,0.2,18,-9.58085117216349e-05,-9.299104076884708e-06,-5.322695095646383e-06,-1.1932576036334875e-33,-9.299104076884708e-06,-0.001063004740391461,0.0010537056363145764,0.9912520577533265,-0.005469085195370155,0.00545978609129327,0.2637957727780146,0.37682840806257867,0.20000000000000034,0.7348248458217834,0.2,EXCLUDED_FROM_FITS_DELTA_EQUALS_EPSILON_ROUNDOFF_SENSITIVE,18,5.853920201747647e-05
near_symmetric_m3_selected,0.2,19,-0.00010513240495639128,-9.323893234756369e-06,-5.533284471389014e-06,-1.1976299046869612e-33,-9.323893234756369e-06,-0.0011176400796093673,0.0011083161863746109,0.9916575171158721,-0.005469085195370155,0.005459761302135399,0.2637957727780146,0.37682840806257867,0.2000000000000002,0.7388366140210428,0.01,SAFE_DELTA_AWAY_FROM_EPSILON,19,5.833243086182163e-05
near_symmetric_m3_selected,0.2,19,-0.00010513240495639128,-9.323893234756369e-06,-5.533284471389014e-06,-1.1976299046869612e-33,-9.323893234756369e-06,-0.0011176400796093673,0.0011083161863746109,0.9916575171158721,-0.005469085195370155,0.005459761302135399,0.2637957727780146,0.37682840806257867,0.2000000000000002,0.7388366140210428,0.02,SAFE_DELTA_AWAY_FROM_EPSILON,19,5.833243086182163e-05
near_symmetric_m3_selected,0.2,19,-0.00010513240495639128,-9.323893234756369e-06,-5.533284471389014e-06,-1.1976299046869612e-33,-9.323893234756369e-06,-0.0011176400796093673,0.0011083161863746109,0.9916575171158721,-0.005469085195370155,0.005459761302135399,0.2637957727780146,0.37682840806257867,0.2000000000000002,0.7388366140210428,0.05,SAFE_DELTA_AWAY_FROM_EPSILON,19,5.833243086182163e-05
near_symmetric_m3_selected,0.2,19,-0.00010513240495639128,-9.323893234756369e-06,-5.533284471389014e-06,-1.1976299046869612e-33,-9.323893234756369e-06,-0.0011176400796093673,0.0011083161863746109,0.9916575171158721,-0.005469085195370155,0.005459761302135399,0.2637957727780146,0.37682840806257867,0.2000000000000002,0.7388366140210428,0.1,SAFE_DELTA_AWAY_FROM_EPSILON,19,5.833243086182163e-05
near_symmetric_m3_selected,0.2,19,-0.00010513240495639128,-9.323893234756369e-06,-5.533284471389014e-06,-1.1976299046869612e-33,-9.323893234756369e-06,-0.0011176400796093673,0.0011083161863746109,0.9916575171158721,-0.005469085195370155,0.005459761302135399,0.2637957727780146,0.37682840806257867,0.2000000000000002,0.7388366140210428,0.2,EXCLUDED_FROM_FITS_DELTA_EQUALS_EPSILON_ROUNDOFF_SENSITIVE,19,5.833243086182163e-05
near_symmetric_m3_selected,0.2,20,-0.00011446100446155797,-9.328599505166697e-06,-5.723050223077898e-06,-1.2069323794649383e-33,-9.328599505166697e-06,-0.0011513317094198026,0.001142003109914636,0.9918975570386507,-0.005469085195370155,0.005459756595864989,0.2637957727780146,0.37682840806257867,0.20000000000000026,0.7462610644725354,0.01,SAFE_DELTA_AWAY_FROM_EPSILON,20,5.7100155495731795e-05
near_symmetric_m3_selected,0.2,20,-0.00011446100446155797,-9.328599505166697e-06,-5.723050223077898e-06,-1.2069323794649383e-33,-9.328599505166697e-06,-0.0011513317094198026,0.001142003109914636,0.9918975570386507,-0.005469085195370155,0.005459756595864989,0.2637957727780146,0.37682840806257867,0.20000000000000026,0.7462610644725354,0.02,SAFE_DELTA_AWAY_FROM_EPSILON,20,5.7100155495731795e-05
near_symmetric_m3_selected,0.2,20,-0.00011446100446155797,-9.328599505166697e-06,-5.723050223077898e-06,-1.2069323794649383e-33,-9.328599505166697e-06,-0.0011513317094198026,0.001142003109914636,0.9918975570386507,-0.005469085195370155,0.005459756595864989,0.2637957727780146,0.37682840806257867,0.20000000000000026,0.7462610644725354,0.05,SAFE_DELTA_AWAY_FROM_EPSILON,20,5.7100155495731795e-05
near_symmetric_m3_selected,0.2,20,-0.00011446100446155797,-9.328599505166697e-06,-5.723050223077898e-06,-1.2069323794649383e-33,-9.328599505166697e-06,-0.0011513317094198026,0.001142003109914636,0.9918975570386507,-0.005469085195370155,0.005459756595864989,0.2637957727780146,0.37682840806257867,0.20000000000000026,0.7462610644725354,0.1,SAFE_DELTA_AWAY_FROM_EPSILON,20,5.7100155495731795e-05
near_symmetric_m3_selected,0.2,20,-0.00011446100446155797,-9.328599505166697e-06,-5.723050223077898e-06,-1.2069323794649383e-33,-9.328599505166697e-06,-0.0011513317094198026,0.001142003109914636,0.9918975570386507,-0.005469085195370155,0.005459756595864989,0.2637957727780146,0.37682840806257867,0.20000000000000026,0.7462610644725354,0.2,EXCLUDED_FROM_FITS_DELTA_EQUALS_EPSILON_ROUNDOFF_SENSITIVE,20,5.7100155495731795e-05
near_symmetric_m3_selected,0.2,21,-0.0001238538522817086,-9.392847820150647e-06,-5.897802489605172e-06,-1.2170117210487762e-33,-9.392847820150647e-06,-0.0011762222609281395,0.0011668294131079889,0.9920143937653936,-0.005469085195370155,0.005459692347550005,0.2637957727780146,0.37682840806257867,0.2,0.7520232086258785,0.01,SAFE_DELTA_AWAY_FROM_EPSILON,21,5.556330538609471e-05
near_symmetric_m3_selected,0.2,21,-0.0001238538522817086,-9.392847820150647e-06,-5.897802489605172e-06,-1.2170117210487762e-33,-9.392847820150647e-06,-0.0011762222609281395,0.0011668294131079889,0.9920143937653936,-0.005469085195370155,0.005459692347550005,0.2637957727780146,0.37682840806257867,0.2,0.7520232086258785,0.02,SAFE_DELTA_AWAY_FROM_EPSILON,21,5.556330538609471e-05
near_symmetric_m3_selected,0.2,21,-0.0001238538522817086,-9.392847820150647e-06,-5.897802489605172e-06,-1.2170117210487762e-33,-9.392847820150647e-06,-0.0011762222609281395,0.0011668294131079889,0.9920143937653936,-0.005469085195370155,0.005459692347550005,0.2637957727780146,0.37682840806257867,0.2,0.7520232086258785,0.05,SAFE_DELTA_AWAY_FROM_EPSILON,21,5.556330538609471e-05
near_symmetric_m3_selected,0.2,21,-0.0001238538522817086,-9.392847820150647e-06,-5.897802489605172e-06,-1.2170117210487762e-33,-9.392847820150647e-06,-0.0011762222609281395,0.0011668294131079889,0.9920143937653936,-0.005469085195370155,0.005459692347550005,0.2637957727780146,0.37682840806257867,0.2,0.7520232086258785,0.1,SAFE_DELTA_AWAY_FROM_EPSILON,21,5.556330538609471e-05
near_symmetric_m3_selected,0.2,21,-0.0001238538522817086,-9.392847820150647e-06,-5.897802489605172e-06,-1.2170117210487762e-33,-9.392847820150647e-06,-0.0011762222609281395,0.0011668294131079889,0.9920143937653936,-0.005469085195370155,0.005459692347550005,0.2637957727780146,0.37682840806257867,0.2,0.7520232086258785,0.2,EXCLUDED_FROM_FITS_DELTA_EQUALS_EPSILON_ROUNDOFF_SENSITIVE,21,5.556330538609471e-05
near_symmetric_m3_selected,0.2,22,-0.0001333288771928937,-9.475024911185097e-06,-6.0604035087678956e-06,-1.2229939586307928e-33,-9.475024911185097e-06,-0.0012248807069437963,0.001215405682032611,0.9922645324908199,-0.005469085195370155,0.00545961017045897,0.2637957727780146,0.37682840806257867,0.2,0.766721155851643,0.01,SAFE_DELTA_AWAY_FROM_EPSILON,22,5.524571281966414e-05
near_symmetric_m3_selected,0.2,22,-0.0001333288771928937,-9.475024911185097e-06,-6.0604035087678956e-06,-1.2229939586307928e-33,-9.475024911185097e-06,-0.0012248807069437963,0.001215405682032611,0.9922645324908199,-0.005469085195370155,0.00545961017045897,0.2637957727780146,0.37682840806257867,0.2,0.766721155851643,0.02,SAFE_DELTA_AWAY_FROM_EPSILON,22,5.524571281966414e-05
near_symmetric_m3_selected,0.2,22,-0.0001333288771928937,-9.475024911185097e-06,-6.0604035087678956e-06,-1.2229939586307928e-33,-9.475024911185097e-06,-0.0012248807069437963,0.001215405682032611,0.9922645324908199,-0.005469085195370155,0.00545961017045897,0.2637957727780146,0.37682840806257867,0.2,0.766721155851643,0.05,SAFE_DELTA_AWAY_FROM_EPSILON,22,5.524571281966414e-05
near_symmetric_m3_selected,0.2,22,-0.0001333288771928937,-9.475024911185097e-06,-6.0604035087678956e-06,-1.2229939586307928e-33,-9.475024911185097e-06,-0.0012248807069437963,0.001215405682032611,0.9922645324908199,-0.005469085195370155,0.00545961017045897,0.2637957727780146,0.37682840806257867,0.2,0.766721155851643,0.1,SAFE_DELTA_AWAY_FROM_EPSILON,22,5.524571281966414e-05
near_symmetric_m3_selected,0.2,22,-0.0001333288771928937,-9.475024911185097e-06,-6.0604035087678956e-06,-1.2229939586307928e-33,-9.475024911185097e-06,-0.0012248807069437963,0.001215405682032611,0.9922645324908199,-0.005469085195370155,0.00545961017045897,0.2637957727780146,0.37682840806257867,0.2,0.766721155851643,0.2,EXCLUDED_FROM_FITS_DELTA_EQUALS_EPSILON_ROUNDOFF_SENSITIVE,22,5.524571281966414e-05
near_symmetric_m3_selected,0.05,2,-8.690933755909556e-09,-8.690933755909556e-09,-4.345466877954778e-09,-1.972729564308425e-34,-8.690933755909556e-09,-1.7688490286799884e-07,1.6819396911208927e-07,0.9508667296360774,-0.012305441689582851,0.012305432998649096,0.09354212002635359,0.4244175384407976,0.12968997238623325,0.3138439544711522,0.01,SAFE_DELTA_AWAY_FROM_EPSILON,2,8.409698455604464e-08
near_symmetric_m3_selected,0.05,2,-8.690933755909556e-09,-8.690933755909556e-09,-4.345466877954778e-09,-1.972729564308425e-34,-8.690933755909556e-09,-1.7688490286799884e-07,1.6819396911208927e-07,0.9508667296360774,-0.012305441689582851,0.012305432998649096,0.09354212002635359,0.4244175384407976,0.12968997238623325,0.3138439544711522,0.02,SAFE_DELTA_AWAY_FROM_EPSILON,2,8.409698455604464e-08
near_symmetric_m3_selected,0.05,2,-8.690933755909556e-09,-8.690933755909556e-09,-4.345466877954778e-09,-1.972729564308425e-34,-8.690933755909556e-09,-1.7688490286799884e-07,1.6819396911208927e-07,0.9508667296360774,-0.012305441689582851,0.012305432998649096,0.09354212002635359,0.4244175384407976,0.12968997238623325,0.3138439544711522,0.05,EXCLUDED_FROM_FITS_DELTA_EQUALS_EPSILON_ROUNDOFF_SENSITIVE,2,8.409698455604464e-08
near_symmetric_m3_selected,0.05,2,-8.690933755909556e-09,-8.690933755909556e-09,-4.345466877954778e-09,-1.972729564308425e-34,-8.690933755909556e-09,-1.7688490286799884e-07,1.6819396911208927e-07,0.9508667296360774,-0.012305441689582851,0.012305432998649096,0.09354212002635359,0.4244175384407976,0.12968997238623325,0.3138439544711522,0.1,SAFE_DELTA_AWAY_FROM_EPSILON,2,8.409698455604464e-08
near_symmetric_m3_selected,0.05,2,-8.690933755909556e-09,-8.690933755909556e-09,-4.345466877954778e-09,-1.972729564308425e-34,-8.690933755909556e-09,-1.7688490286799884e-07,1.6819396911208927e-07,0.9508667296360774,-0.012305441689582851,0.012305432998649096,0.09354212002635359,0.4244175384407976,0.12968997238623325,0.3138439544711522,0.2,SAFE_DELTA_AWAY_FROM_EPSILON,1,1.6819396911208927e-07
near_symmetric_m3_selected,0.05,3,-5.407223388011492e-07,-5.320314050452397e-07,-1.8024077960038307e-07,-2.909676965650008e-34,-5.320314050452397e-07,-4.5521776505606736e-05,4.49897451005615e-05,0.9883125957314142,-0.012305441689582851,0.012304909658177807,0.09354212002635359,0.4244175384407976,0.07102275040935659,0.33425117903630164,0.01,SAFE_DELTA_AWAY_FROM_EPSILON,3,1.4996581700187166e-05
near_symmetric_m3_selected,0.05,3,-5.407223388011492e-07,-5.320314050452397e-07,-1.8024077960038307e-07,-2.909676965650008e-34,-5.320314050452397e-07,-4.5521776505606736e-05,4.49897451005615e-05,0.9883125957314142,-0.012305441689582851,0.012304909658177807,0.09354212002635359,0.4244175384407976,0.07102275040935659,0.33425117903630164,0.02,SAFE_DELTA_AWAY_FROM_EPSILON,3,1.4996581700187166e-05
near_symmetric_m3_selected,0.05,3,-5.407223388011492e-07,-5.320314050452397e-07,-1.8024077960038307e-07,-2.909676965650008e-34,-5.320314050452397e-07,-4.5521776505606736e-05,4.49897451005615e-05,0.9883125957314142,-0.012305441689582851,0.012304909658177807,0.09354212002635359,0.4244175384407976,0.07102275040935659,0.33425117903630164,0.05,EXCLUDED_FROM_FITS_DELTA_EQUALS_EPSILON_ROUNDOFF_SENSITIVE,3,1.4996581700187166e-05
near_symmetric_m3_selected,0.05,3,-5.407223388011492e-07,-5.320314050452397e-07,-1.8024077960038307e-07,-2.909676965650008e-34,-5.320314050452397e-07,-4.5521776505606736e-05,4.49897451005615e-05,0.9883125957314142,-0.012305441689582851,0.012304909658177807,0.09354212002635359,0.4244175384407976,0.07102275040935659,0.33425117903630164,0.1,SAFE_DELTA_AWAY_FROM_EPSILON,2,2.249487255028075e-05
near_symmetric_m3_selected,0.05,3,-5.407223388011492e-07,-5.320314050452397e-07,-1.8024077960038307e-07,-2.909676965650008e-34,-5.320314050452397e-07,-4.5521776505606736e-05,4.49897451005615e-05,0.9883125957314142,-0.012305441689582851,0.012304909658177807,0.09354212002635359,0.4244175384407976,0.07102275040935659,0.33425117903630164,0.2,SAFE_DELTA_AWAY_FROM_EPSILON,2,2.249487255028075e-05
near_symmetric_m3_selected,0.05,4,-3.623395639351175e-06,-3.0826733005500258e-06,-9.058489098377938e-07,-4.758300243580553e-34,-3.0826733005500258e-06,-0.00018757373310064504,0.000184491059800095,0.9835655384706984,-0.012305441689582851,0.0123023590162823,0.09354212002635359,0.4244175384407976,0.05121178012178124,0.34615431832914667,0.01,SAFE_DELTA_AWAY_FROM_EPSILON,4,4.612276495002375e-05
near_symmetric_m3_selected,0.05,4,-3.623395639351175e-06,-3.0826733005500258e-06,-9.058489098377938e-07,-4.758300243580553e-34,-3.0826733005500258e-06,-0.00018757373310064504,0.000184491059800095,0.9835655384706984,-0.012305441689582851,0.0123023590162823,0.09354212002635359,0.4244175384407976,0.05121178012178124,0.34615431832914667,0.02,SAFE_DELTA_AWAY_FROM_EPSILON,4,4.612276495002375e-05
near_symmetric_m3_selected,0.05,4,-3.623395639351175e-06,-3.0826733005500258e-06,-9.058489098377938e-07,-4.758300243580553e-34,-3.0826733005500258e-06,-0.00018757373310064504,0.000184491059800095,0.9835655384706984,-0.012305441689582851,0.0123023590162823,0.09354212002635359,0.4244175384407976,0.05121178012178124,0.34615431832914667,0.05,EXCLUDED_FROM_FITS_DELTA_EQUALS_EPSILON_ROUNDOFF_SENSITIVE,4,4.612276495002375e-05
near_symmetric_m3_selected,0.05,4,-3.623395639351175e-06,-3.0826733005500258e-06,-9.058489098377938e-07,-4.758300243580553e-34,-3.0826733005500258e-06,-0.00018757373310064504,0.000184491059800095,0.9835655384706984,-0.012305441689582851,0.0123023590162823,0.09354212002635359,0.4244175384407976,0.05121178012178124,0.34615431832914667,0.1,SAFE_DELTA_AWAY_FROM_EPSILON,3,6.1497019933365e-05
near_symmetric_m3_selected,0.05,4,-3.623395639351175e-06,-3.0826733005500258e-06,-9.058489098377938e-07,-4.758300243580553e-34,-3.0826733005500258e-06,-0.00018757373310064504,0.000184491059800095,0.9835655384706984,-0.012305441689582851,0.0123023590162823,0.09354212002635359,0.4244175384407976,0.05121178012178124,0.34615431832914667,0.2,SAFE_DELTA_AWAY_FROM_EPSILON,2,9.22455299000475e-05
near_symmetric_m3_selected,0.05,5,-1.1853865340433457e-05,-8.230469701082283e-06,-2.3707730680866917e-06,-3.571135499379358e-33,-8.230469701082283e-06,-0.00036394047837657,0.0003557100086754877,0.9773851214962513,-0.012305441689582851,0.01229721121988177,0.09354212002635359,0.4244175384407976,0.05038363171114844,0.35458812565137426,0.01,SAFE_DELTA_AWAY_FROM_EPSILON,5,7.114200173509754e-05
near_symmetric_m3_selected,0.05,5,-1.1853865340433457e-05,-8.230469701082283e-06,-2.3707730680866917e-06,-3.571135499379358e-33,-8.230469701082283e-06,-0.00036394047837657,0.0003557100086754877,0.9773851214962513,-0.012305441689582851,0.01229721121988177,0.09354212002635359,0.4244175384407976,0.05038363171114844,0.35458812565137426,0.02,SAFE_DELTA_AWAY_FROM_EPSILON,5,7.114200173509754e-05
near_symmetric_m3_selected,0.05,5,-1.1853865340433457e-05,-8.230469701082283e-06,-2.3707730680866917e-06,-3.571135499379358e-33,-8.230469701082283e-06,-0.00036394047837657,0.0003557100086754877,0.9773851214962513,-0.012305441689582851,0.01229721121988177,0.09354212002635359,0.4244175384407976,0.05038363171114844,0.35458812565137426,0.05,EXCLUDED_FROM_FITS_DELTA_EQUALS_EPSILON_ROUNDOFF_SENSITIVE,5,7.114200173509754e-05
near_symmetric_m3_selected,0.05,5,-1.1853865340433457e-05,-8.230469701082283e-06,-2.3707730680866917e-06,-3.571135499379358e-33,-8.230469701082283e-06,-0.00036394047837657,0.0003557100086754877,0.9773851214962513,-0.012305441689582851,0.01229721121988177,0.09354212002635359,0.4244175384407976,0.05038363171114844,0.35458812565137426,0.1,SAFE_DELTA_AWAY_FROM_EPSILON,3,0.00011857000289182923
near_symmetric_m3_selected,0.05,5,-1.1853865340433457e-05,-8.230469701082283e-06,-2.3707730680866917e-06,-3.571135499379358e-33,-8.230469701082283e-06,-0.00036394047837657,0.0003557100086754877,0.9773851214962513,-0.012305441689582851,0.01229721121988177,0.09354212002635359,0.4244175384407976,0.05038363171114844,0.35458812565137426,0.2,SAFE_DELTA_AWAY_FROM_EPSILON,3,0.00011857000289182923
near_symmetric_m3_selected,0.05,6,-4.089160882971563e-05,-2.9037743489282178e-05,-6.815268138285939e-06,-3.975920410505453e-33,-2.9037743489282178e-05,-0.0006079370898342517,0.0005788993463449695,0.9522356112583967,-0.012305441689582851,0.01227640394609357,0.09354212002635359,0.4244175384407976,0.05004111391760194,0.47221480408103794,0.01,SAFE_DELTA_AWAY_FROM_EPSILON,6,9.648322439082826e-05
near_symmetric_m3_selected,0.05,6,-4.089160882971563e-05,-2.9037743489282178e-05,-6.815268138285939e-06,-3.975920410505453e-33,-2.9037743489282178e-05,-0.0006079370898342517,0.0005788993463449695,0.9522356112583967,-0.012305441689582851,0.01227640394609357,0.09354212002635359,0.4244175384407976,0.05004111391760194,0.47221480408103794,0.02,SAFE_DELTA_AWAY_FROM_EPSILON,6,9.648322439082826e-05
near_symmetric_m3_selected,0.05,6,-4.089160882971563e-05,-2.9037743489282178e-05,-6.815268138285939e-06,-3.975920410505453e-33,-2.9037743489282178e-05,-0.0006079370898342517,0.0005788993463449695,0.9522356112583967,-0.012305441689582851,0.01227640394609357,0.09354212002635359,0.4244175384407976,0.05004111391760194,0.47221480408103794,0.05,EXCLUDED_FROM_FITS_DELTA_EQUALS_EPSILON_ROUNDOFF_SENSITIVE,6,9.648322439082826e-05
near_symmetric_m3_selected,0.05,6,-4.089160882971563e-05,-2.9037743489282178e-05,-6.815268138285939e-06,-3.975920410505453e-33,-2.9037743489282178e-05,-0.0006079370898342517,0.0005788993463449695,0.9522356112583967,-0.012305441689582851,0.01227640394609357,0.09354212002635359,0.4244175384407976,0.05004111391760194,0.47221480408103794,0.1,SAFE_DELTA_AWAY_FROM_EPSILON,3,0.0001929664487816565
near_symmetric_m3_selected,0.05,6,-4.089160882971563e-05,-2.9037743489282178e-05,-6.815268138285939e-06,-3.975920410505453e-33,-2.9037743489282178e-05,-0.0006079370898342517,0.0005788993463449695,0.9522356112583967,-0.012305441689582851,0.01227640394609357,0.09354212002635359,0.4244175384407976,0.05004111391760194,0.47221480408103794,0.2,SAFE_DELTA_AWAY_FROM_EPSILON,3,0.0001929664487816565
near_symmetric_m3_selected,0.05,7,-8.493593664322393e-05,-4.40443278135083e-05,-1.2133705234746276e-05,-5.389687623311614e-33,-4.40443278135083e-05,-0.0008596526012302937,0.0008156082734167853,0.9487649688368601,-0.012305441689582851,0.012261397361769342,0.09354212002635359,0.4244175384407976,0.05000297955187736,0.5563458893194905,0.01,SAFE_DELTA_AWAY_FROM_EPSILON,7,0.00011651546763096933
near_symmetric_m3_selected,0.05,7,-8.493593664322393e-05,-4.40443278135083e-05,-1.2133705234746276e-05,-5.389687623311614e-33,-4.40443278135083e-05,-0.0008596526012302937,0.0008156082734167853,0.9487649688368601,-0.012305441689582851,0.012261397361769342,0.09354212002635359,0.4244175384407976,0.05000297955187736,0.5563458893194905,0.02,SAFE_DELTA_AWAY_FROM_EPSILON,7,0.00011651546763096933
near_symmetric_m3_selected,0.05,7,-8.493593664322393e-05,-4.40443278135083e-05,-1.2133705234746276e-05,-5.389687623311614e-33,-4.40443278135083e-05,-0.0008596526012302937,0.0008156082734167853,0.9487649688368601,-0.012305441689582851,0.012261397361769342,0.09354212002635359,0.4244175384407976,0.05000297955187736,0.5563458893194905,0.05,EXCLUDED_FROM_FITS_DELTA_EQUALS_EPSILON_ROUNDOFF_SENSITIVE,7,0.00011651546763096933
near_symmetric_m3_selected,0.05,7,-8.493593664322393e-05,-4.40443278135083e-05,-1.2133705234746276e-05,-5.389687623311614e-33,-4.40443278135083e-05,-0.0008596526012302937,0.0008156082734167853,0.9487649688368601,-0.012305441689582851,0.012261397361769342,0.09354212002635359,0.4244175384407976,0.05000297955187736,0.5563458893194905,0.1,SAFE_DELTA_AWAY_FROM_EPSILON,3,0.00027186942447226175
near_symmetric_m3_selected,0.05,7,-8.493593664322393e-05,-4.40443278135083e-05,-1.2133705234746276e-05,-5.389687623311614e-33,-4.40443278135083e-05,-0.0008596526012302937,0.0008156082734167853,0.9487649688368601,-0.012305441689582851,0.012261397361769342,0.09354212002635359,0.4244175384407976,0.05000297955187736,0.5563458893194905,0.2,SAFE_DELTA_AWAY_FROM_EPSILON,3,0.00027186942447226175
near_symmetric_m3_selected,0.05,8,-0.00013335575924560772,-4.8419822602383805e-05,-1.6669469905700965e-05,-5.540365245962408e-33,-4.8419822602383805e-05,-0.001133045480115859,0.0010846256575134752,0.9572657731290427,-0.012305441689582851,0.012257021866980468,0.09354212002635359,0.4244175384407976,0.050000932125216994,0.5756372452018529,0.01,SAFE_DELTA_AWAY_FROM_EPSILON,8,0.0001355782071891844
near_symmetric_m3_selected,0.05,8,-0.00013335575924560772,-4.8419822602383805e-05,-1.6669469905700965e-05,-5.540365245962408e-33,-4.8419822602383805e-05,-0.001133045480115859,0.0010846256575134752,0.9572657731290427,-0.012305441689582851,0.012257021866980468,0.09354212002635359,0.4244175384407976,0.050000932125216994,0.5756372452018529,0.02,SAFE_DELTA_AWAY_FROM_EPSILON,8,0.0001355782071891844
near_symmetric_m3_selected,0.05,8,-0.00013335575924560772,-4.8419822602383805e-05,-1.6669469905700965e-05,-5.540365245962408e-33,-4.8419822602383805e-05,-0.001133045480115859,0.0010846256575134752,0.9572657731290427,-0.012305441689582851,0.012257021866980468,0.09354212002635359,0.4244175384407976,0.050000932125216994,0.5756372452018529,0.05,EXCLUDED_FROM_FITS_DELTA_EQUALS_EPSILON_ROUNDOFF_SENSITIVE,8,0.0001355782071891844
near_symmetric_m3_selected,0.05,8,-0.00013335575924560772,-4.8419822602383805e-05,-1.6669469905700965e-05,-5.540365245962408e-33,-4.8419822602383805e-05,-0.001133045480115859,0.0010846256575134752,0.9572657731290427,-0.012305441689582851,0.012257021866980468,0.09354212002635359,0.4244175384407976,0.050000932125216994,0.5756372452018529,0.1,SAFE_DELTA_AWAY_FROM_EPSILON,3,0.0003615418858378251
near_symmetric_m3_selected,0.05,8,-0.00013335575924560772,-4.8419822602383805e-05,-1.6669469905700965e-05,-5.540365245962408e-33,-4.8419822602383805e-05,-0.001133045480115859,0.0010846256575134752,0.9572657731290427,-0.012305441689582851,0.012257021866980468,0.09354212002635359,0.4244175384407976,0.050000932125216994,0.5756372452018529,0.2,SAFE_DELTA_AWAY_FROM_EPSILON,3,0.0003615418858378251
near_symmetric_m3_selected,0.05,9,-0.00018813912938458734,-5.478337013897963e-05,-2.0904347709398592e-05,-6.526774736599246e-33,-5.478337013897963e-05,-0.0014596132279891538,0.0014048298578501742,0.9624672008389151,-0.012305441689582851,0.012250658319443872,0.09354212002635359,0.4244175384407976,0.050000050490299465,0.5904049857471745,0.01,SAFE_DELTA_AWAY_FROM_EPSILON,9,0.00015609220642779712
near_symmetric_m3_selected,0.05,9,-0.00018813912938458734,-5.478337013897963e-05,-2.0904347709398592e-05,-6.526774736599246e-33,-5.478337013897963e-05,-0.0014596132279891538,0.0014048298578501742,0.9624672008389151,-0.012305441689582851,0.012250658319443872,0.09354212002635359,0.4244175384407976,0.050000050490299465,0.5904049857471745,0.02,SAFE_DELTA_AWAY_FROM_EPSILON,9,0.00015609220642779712
near_symmetric_m3_selected,0.05,9,-0.00018813912938458734,-5.478337013897963e-05,-2.0904347709398592e-05,-6.526774736599246e-33,-5.478337013897963e-05,-0.0014596132279891538,0.0014048298578501742,0.9624672008389151,-0.012305441689582851,0.012250658319443872,0.09354212002635359,0.4244175384407976,0.050000050490299465,0.5904049857471745,0.05,EXCLUDED_FROM_FITS_DELTA_EQUALS_EPSILON_ROUNDOFF_SENSITIVE,9,0.00015609220642779712
near_symmetric_m3_selected,0.05,9,-0.00018813912938458734,-5.478337013897963e-05,-2.0904347709398592e-05,-6.526774736599246e-33,-5.478337013897963e-05,-0.0014596132279891538,0.0014048298578501742,0.9624672008389151,-0.012305441689582851,0.012250658319443872,0.09354212002635359,0.4244175384407976,0.050000050490299465,0.5904049857471745,0.1,SAFE_DELTA_AWAY_FROM_EPSILON,4,0.00035120746446254354
near_symmetric_m3_selected,0.05,9,-0.00018813912938458734,-5.478337013897963e-05,-2.0904347709398592e-05,-6.526774736599246e-33,-5.478337013897963e-05,-0.0014596132279891538,0.0014048298578501742,0.9624672008389151,-0.012305441689582851,0.012250658319443872,0.09354212002635359,0.4244175384407976,0.050000050490299465,0.5904049857471745,0.2,SAFE_DELTA_AWAY_FROM_EPSILON,3,0.0004682766192833914
near_symmetric_m3_selected,0.05,10,-0.00025138480529691553,-6.32456759123282e-05,-2.5138480529691554e-05,-6.954548991079784e-33,-6.32456759123282e-05,-0.0016719779836128629,0.0016087323077005346,0.9621731407158455,-0.012305441689582851,0.012242196013670523,0.09354212002635359,0.4244175384407976,0.050000006535165405,0.60453319146305,0.01,SAFE_DELTA_AWAY_FROM_EPSILON,10,0.00016087323077005347
near_symmetric_m3_selected,0.05,10,-0.00025138480529691553,-6.32456759123282e-05,-2.5138480529691554e-05,-6.954548991079784e-33,-6.32456759123282e-05,-0.0016719779836128629,0.0016087323077005346,0.9621731407158455,-0.012305441689582851,0.012242196013670523,0.09354212002635359,0.4244175384407976,0.050000006535165405,0.60453319146305,0.02,SAFE_DELTA_AWAY_FROM_EPSILON,10,0.00016087323077005347
near_symmetric_m3_selected,0.05,10,-0.00025138480529691553,-6.32456759123282e-05,-2.5138480529691554e-05,-6.954548991079784e-33,-6.32456759123282e-05,-0.0016719779836128629,0.0016087323077005346,0.9621731407158455,-0.012305441689582851,0.012242196013670523,0.09354212002635359,0.4244175384407976,0.050000006535165405,0.60453319146305,0.05,EXCLUDED_FROM_FITS_DELTA_EQUALS_EPSILON_ROUNDOFF_SENSITIVE,10,0.00016087323077005347
near_symmetric_m3_selected,0.05,10,-0.00025138480529691553,-6.32456759123282e-05,-2.5138480529691554e-05,-6.954548991079784e-33,-6.32456759123282e-05,-0.0016719779836128629,0.0016087323077005346,0.9621731407158455,-0.012305441689582851,0.012242196013670523,0.09354212002635359,0.4244175384407976,0.050000006535165405,0.60453319146305,0.1,SAFE_DELTA_AWAY_FROM_EPSILON,5,0.00032174646154010695
near_symmetric_m3_selected,0.05,10,-0.00025138480529691553,-6.32456759123282e-05,-2.5138480529691554e-05,-6.954548991079784e-33,-6.32456759123282e-05,-0.0016719779836128629,0.0016087323077005346,0.9621731407158455,-0.012305441689582851,0.012242196013670523,0.09354212002635359,0.4244175384407976,0.050000006535165405,0.60453319146305,0.2,SAFE_DELTA_AWAY_FROM_EPSILON,3,0.0005362441025668448
near_symmetric_m3_selected,0.05,11,-0.0003370006437266507,-8.561583842973517e-05,-3.0636422156968247e-05,-7.443385483408174e-33,-8.561583842973517e-05,-0.0017421188749131046,0.0016565030364833694,0.9508553407791959,-0.012305441689582851,0.012219825851153117,0.09354212002635359,0.4244175384407976,0.050000001836567325,0.6686336760613264,0.01,SAFE_DELTA_AWAY_FROM_EPSILON,11,0.00015059118513485175
near_symmetric_m3_selected,0.05,11,-0.0003370006437266507,-8.561583842973517e-05,-3.0636422156968247e-05,-7.443385483408174e-33,-8.561583842973517e-05,-0.0017421188749131046,0.0016565030364833694,0.9508553407791959,-0.012305441689582851,0.012219825851153117,0.09354212002635359,0.4244175384407976,0.050000001836567325,0.6686336760613264,0.02,SAFE_DELTA_AWAY_FROM_EPSILON,11,0.00015059118513485175
near_symmetric_m3_selected,0.05,11,-0.0003370006437266507,-8.561583842973517e-05,-3.0636422156968247e-05,-7.443385483408174e-33,-8.561583842973517e-05,-0.0017421188749131046,0.0016565030364833694,0.9508553407791959,-0.012305441689582851,0.012219825851153117,0.09354212002635359,0.4244175384407976,0.050000001836567325,0.6686336760613264,0.05,EXCLUDED_FROM_FITS_DELTA_EQUALS_EPSILON_ROUNDOFF_SENSITIVE,11,0.00015059118513485175
near_symmetric_m3_selected,0.05,11,-0.0003370006437266507,-8.561583842973517e-05,-3.0636422156968247e-05,-7.443385483408174e-33,-8.561583842973517e-05,-0.0017421188749131046,0.0016565030364833694,0.9508553407791959,-0.012305441689582851,0.012219825851153117,0.09354212002635359,0.4244175384407976,0.050000001836567325,0.6686336760613264,0.1,SAFE_DELTA_AWAY_FROM_EPSILON,5,0.00033130060729667386
near_symmetric_m3_selected,0.05,11,-0.0003370006437266507,-8.561583842973517e-05,-3.0636422156968247e-05,-7.443385483408174e-33,-8.561583842973517e-05,-0.0017421188749131046,0.0016565030364833694,0.9508553407791959,-0.012305441689582851,0.012219825851153117,0.09354212002635359,0.4244175384407976,0.050000001836567325,0.6686336760613264,0.2,SAFE_DELTA_AWAY_FROM_EPSILON,3,0.0005521676788277898
near_symmetric_m3_selected,0.05,12,-0.00044434829802193293,-0.00010734765429528222,-3.7029024835161075e-05,-1.251057659116661e-32,-0.00010734765429528222,-0.0018591207058836975,0.0017517730515884153,0.9422589109165687,-0.012305441689582851,0.01219809403528757,0.09354212002635359,0.4244175384407976,0.05000000006701297,0.7323170319371975,0.01,SAFE_DELTA_AWAY_FROM_EPSILON,12,0.00014598108763236794
near_symmetric_m3_selected,0.05,12,-0.00044434829802193293,-0.00010734765429528222,-3.7029024835161075e-05,-1.251057659116661e-32,-0.00010734765429528222,-0.0018591207058836975,0.0017517730515884153,0.9422589109165687,-0.012305441689582851,0.01219809403528757,0.09354212002635359,0.4244175384407976,0.05000000006701297,0.7323170319371975,0.02,SAFE_DELTA_AWAY_FROM_EPSILON,12,0.00014598108763236794
near_symmetric_m3_selected,0.05,12,-0.00044434829802193293,-0.00010734765429528222,-3.7029024835161075e-05,-1.251057659116661e-32,-0.00010734765429528222,-0.0018591207058836975,0.0017517730515884153,0.9422589109165687,-0.012305441689582851,0.01219809403528757,0.09354212002635359,0.4244175384407976,0.05000000006701297,0.7323170319371975,0.05,EXCLUDED_FROM_FITS_DELTA_EQUALS_EPSILON_ROUNDOFF_SENSITIVE,12,0.00014598108763236794
near_symmetric_m3_selected,0.05,12,-0.00044434829802193293,-0.00010734765429528222,-3.7029024835161075e-05,-1.251057659116661e-32,-0.00010734765429528222,-0.0018591207058836975,0.0017517730515884153,0.9422589109165687,-0.012305441689582851,0.01219809403528757,0.09354212002635359,0.4244175384407976,0.05000000006701297,0.7323170319371975,0.1,SAFE_DELTA_AWAY_FROM_EPSILON,5,0.00035035461031768304
near_symmetric_m3_selected,0.05,12,-0.00044434829802193293,-0.00010734765429528222,-3.7029024835161075e-05,-1.251057659116661e-32,-0.00010734765429528222,-0.0018591207058836975,0.0017517730515884153,0.9422589109165687,-0.012305441689582851,0.01219809403528757,0.09354212002635359,0.4244175384407976,0.05000000006701297,0.7323170319371975,0.2,SAFE_DELTA_AWAY_FROM_EPSILON,4,0.0004379432628971038
near_symmetric_m3_selected,0.05,13,-0.0005589888787286721,-0.00011464058070673916,-4.299914451759016e-05,-1.3137843298895823e-32,-0.00011464058070673916,-0.0021552692141121235,0.002040628633405384,0.9468091596371796,-0.012305441689582851,0.012190801108876112,0.09354212002635359,0.4244175384407976,0.05000000001369001,0.7479786525682744,0.01,SAFE_DELTA_AWAY_FROM_EPSILON,13,0.0001569714333388757
near_symmetric_m3_selected,0.05,13,-0.0005589888787286721,-0.00011464058070673916,-4.299914451759016e-05,-1.3137843298895823e-32,-0.00011464058070673916,-0.0021552692141121235,0.002040628633405384,0.9468091596371796,-0.012305441689582851,0.012190801108876112,0.09354212002635359,0.4244175384407976,0.05000000001369001,0.7479786525682744,0.02,SAFE_DELTA_AWAY_FROM_EPSILON,13,0.0001569714333388757
near_symmetric_m3_selected,0.05,13,-0.0005589888787286721,-0.00011464058070673916,-4.299914451759016e-05,-1.3137843298895823e-32,-0.00011464058070673916,-0.0021552692141121235,0.002040628633405384,0.9468091596371796,-0.012305441689582851,0.012190801108876112,0.09354212002635359,0.4244175384407976,0.05000000001369001,0.7479786525682744,0.05,EXCLUDED_FROM_FITS_DELTA_EQUALS_EPSILON_ROUNDOFF_SENSITIVE,13,0.0001569714333388757
near_symmetric_m3_selected,0.05,13,-0.0005589888787286721,-0.00011464058070673916,-4.299914451759016e-05,-1.3137843298895823e-32,-0.00011464058070673916,-0.0021552692141121235,0.002040628633405384,0.9468091596371796,-0.012305441689582851,0.012190801108876112,0.09354212002635359,0.4244175384407976,0.05000000001369001,0.7479786525682744,0.1,SAFE_DELTA_AWAY_FROM_EPSILON,6,0.0003401047722342307
near_symmetric_m3_selected,0.05,13,-0.0005589888787286721,-0.00011464058070673916,-4.299914451759016e-05,-1.3137843298895823e-32,-0.00011464058070673916,-0.0021552692141121235,0.002040628633405384,0.9468091596371796,-0.012305441689582851,0.012190801108876112,0.09354212002635359,0.4244175384407976,0.05000000001369001,0.7479786525682744,0.2,SAFE_DELTA_AWAY_FROM_EPSILON,4,0.000510157158351346
near_symmetric_m3_selected,0.05,14,-0.0006769160056441064,-0.00011792712691543431,-4.8351143260293316e-05,-1.3971093182698225e-32,-0.00011792712691543431,-0.002522522600636304,0.0024045954737208696,0.9532503189919143,-0.012305441689582851,0.012187514562667416,0.09354212002635359,0.4244175384407976,0.050000000003005786,0.7591137087759637,0.01,SAFE_DELTA_AWAY_FROM_EPSILON,14,0.00017175681955149068
near_symmetric_m3_selected,0.05,14,-0.0006769160056441064,-0.00011792712691543431,-4.8351143260293316e-05,-1.3971093182698225e-32,-0.00011792712691543431,-0.002522522600636304,0.0024045954737208696,0.9532503189919143,-0.012305441689582851,0.012187514562667416,0.09354212002635359,0.4244175384407976,0.050000000003005786,0.7591137087759637,0.02,SAFE_DELTA_AWAY_FROM_EPSILON,14,0.00017175681955149068
near_symmetric_m3_selected,0.05,14,-0.0006769160056441064,-0.00011792712691543431,-4.8351143260293316e-05,-1.3971093182698225e-32,-0.00011792712691543431,-0.002522522600636304,0.0024045954737208696,0.9532503189919143,-0.012305441689582851,0.012187514562667416,0.09354212002635359,0.4244175384407976,0.050000000003005786,0.7591137087759637,0.05,EXCLUDED_FROM_FITS_DELTA_EQUALS_EPSILON_ROUNDOFF_SENSITIVE,14,0.00017175681955149068
near_symmetric_m3_selected,0.05,14,-0.0006769160056441064,-0.00011792712691543431,-4.8351143260293316e-05,-1.3971093182698225e-32,-0.00011792712691543431,-0.002522522600636304,0.0024045954737208696,0.9532503189919143,-0.012305441689582851,0.012187514562667416,0.09354212002635359,0.4244175384407976,0.050000000003005786,0.7591137087759637,0.1,SAFE_DELTA_AWAY_FROM_EPSILON,6,0.0004007659122868116
near_symmetric_m3_selected,0.05,14,-0.0006769160056441064,-0.00011792712691543431,-4.8351143260293316e-05,-1.3971093182698225e-32,-0.00011792712691543431,-0.002522522600636304,0.0024045954737208696,0.9532503189919143,-0.012305441689582851,0.012187514562667416,0.09354212002635359,0.4244175384407976,0.050000000003005786,0.7591137087759637,0.2,SAFE_DELTA_AWAY_FROM_EPSILON,5,0.00048091909474417394
near_symmetric_m3_selected,0.05,15,-0.0007995849648633709,-0.00012266895921926455,-5.330566432422473e-05,-1.4439053902844174e-32,-0.00012266895921926455,-0.002669762205122177,0.0025470932459029125,0.9540524774139385,-0.012305441689582851,0.012182772730363587,0.09354212002635359,0.4244175384407976,0.05000000000010512,0.773650039560374,0.01,SAFE_DELTA_AWAY_FROM_EPSILON,15,0.0001698062163935275
near_symmetric_m3_selected,0.05,15,-0.0007995849648633709,-0.00012266895921926455,-5.330566432422473e-05,-1.4439053902844174e-32,-0.00012266895921926455,-0.002669762205122177,0.0025470932459029125,0.9540524774139385,-0.012305441689582851,0.012182772730363587,0.09354212002635359,0.4244175384407976,0.05000000000010512,0.773650039560374,0.02,SAFE_DELTA_AWAY_FROM_EPSILON,15,0.0001698062163935275
near_symmetric_m3_selected,0.05,15,-0.0007995849648633709,-0.00012266895921926455,-5.330566432422473e-05,-1.4439053902844174e-32,-0.00012266895921926455,-0.002669762205122177,0.0025470932459029125,0.9540524774139385,-0.012305441689582851,0.012182772730363587,0.09354212002635359,0.4244175384407976,0.05000000000010512,0.773650039560374,0.05,EXCLUDED_FROM_FITS_DELTA_EQUALS_EPSILON_ROUNDOFF_SENSITIVE,15,0.0001698062163935275
near_symmetric_m3_selected,0.05,15,-0.0007995849648633709,-0.00012266895921926455,-5.330566432422473e-05,-1.4439053902844174e-32,-0.00012266895921926455,-0.002669762205122177,0.0025470932459029125,0.9540524774139385,-0.012305441689582851,0.012182772730363587,0.09354212002635359,0.4244175384407976,0.05000000000010512,0.773650039560374,0.1,SAFE_DELTA_AWAY_FROM_EPSILON,6,0.00042451554098381876
near_symmetric_m3_selected,0.05,15,-0.0007995849648633709,-0.00012266895921926455,-5.330566432422473e-05,-1.4439053902844174e-32,-0.00012266895921926455,-0.002669762205122177,0.0025470932459029125,0.9540524774139385,-0.012305441689582851,0.012182772730363587,0.09354212002635359,0.4244175384407976,0.05000000000010512,0.773650039560374,0.2,SAFE_DELTA_AWAY_FROM_EPSILON,5,0.0005094186491805825
near_symmetric_m3_selected,0.05,16,-0.0009310394069568842,-0.0001314544420935133,-5.8189962934805266e-05,-1.4578300763623866e-32,-0.0001314544420935133,-0.0026379895552658857,0.0025065351131723724,0.9501687025897781,-0.012305441689582851,0.012173987247489339,0.09354212002635359,0.4244175384407976,0.05000000000002807,0.8008423587866017,0.01,SAFE_DELTA_AWAY_FROM_EPSILON,16,0.00015665844457327327
near_symmetric_m3_selected,0.05,16,-0.0009310394069568842,-0.0001314544420935133,-5.8189962934805266e-05,-1.4578300763623866e-32,-0.0001314544420935133,-0.0026379895552658857,0.0025065351131723724,0.9501687025897781,-0.012305441689582851,0.012173987247489339,0.09354212002635359,0.4244175384407976,0.05000000000002807,0.8008423587866017,0.02,SAFE_DELTA_AWAY_FROM_EPSILON,16,0.00015665844457327327
near_symmetric_m3_selected,0.05,16,-0.0009310394069568842,-0.0001314544420935133,-5.8189962934805266e-05,-1.4578300763623866e-32,-0.0001314544420935133,-0.0026379895552658857,0.0025065351131723724,0.9501687025897781,-0.012305441689582851,0.012173987247489339,0.09354212002635359,0.4244175384407976,0.05000000000002807,0.8008423587866017,0.05,EXCLUDED_FROM_FITS_DELTA_EQUALS_EPSILON_ROUNDOFF_SENSITIVE,16,0.00015665844457327327
near_symmetric_m3_selected,0.05,16,-0.0009310394069568842,-0.0001314544420935133,-5.8189962934805266e-05,-1.4578300763623866e-32,-0.0001314544420935133,-0.0026379895552658857,0.0025065351131723724,0.9501687025897781,-0.012305441689582851,0.012173987247489339,0.09354212002635359,0.4244175384407976,0.05000000000002807,0.8008423587866017,0.1,SAFE_DELTA_AWAY_FROM_EPSILON,6,0.0004177558521953954
near_symmetric_m3_selected,0.05,16,-0.0009310394069568842,-0.0001314544420935133,-5.8189962934805266e-05,-1.4578300763623866e-32,-0.0001314544420935133,-0.0026379895552658857,0.0025065351131723724,0.9501687025897781,-0.012305441689582851,0.012173987247489339,0.09354212002635359,0.4244175384407976,0.05000000000002807,0.8008423587866017,0.2,SAFE_DELTA_AWAY_FROM_EPSILON,4,0.0006266337782930931
near_symmetric_m3_selected,0.05,17,-0.0010708345392666115,-0.00013979513230972737,-6.299026701568303e-05,-1.568171247858879e-32,-0.00013979513230972737,-0.002699113716983035,0.0025593185846733077,0.9482070238722714,-0.012305441689582851,0.012165646557273124,0.09354212002635359,0.4244175384407976,0.05000000000000418,0.8413137864701066,0.01,SAFE_DELTA_AWAY_FROM_EPSILON,17,0.00015054815203960632
near_symmetric_m3_selected,0.05,17,-0.0010708345392666115,-0.00013979513230972737,-6.299026701568303e-05,-1.568171247858879e-32,-0.00013979513230972737,-0.002699113716983035,0.0025593185846733077,0.9482070238722714,-0.012305441689582851,0.012165646557273124,0.09354212002635359,0.4244175384407976,0.05000000000000418,0.8413137864701066,0.02,SAFE_DELTA_AWAY_FROM_EPSILON,17,0.00015054815203960632
near_symmetric_m3_selected,0.05,17,-0.0010708345392666115,-0.00013979513230972737,-6.299026701568303e-05,-1.568171247858879e-32,-0.00013979513230972737,-0.002699113716983035,0.0025593185846733077,0.9482070238722714,-0.012305441689582851,0.012165646557273124,0.09354212002635359,0.4244175384407976,0.05000000000000418,0.8413137864701066,0.05,EXCLUDED_FROM_FITS_DELTA_EQUALS_EPSILON_ROUNDOFF_SENSITIVE,17,0.00015054815203960632
near_symmetric_m3_selected,0.05,17,-0.0010708345392666115,-0.00013979513230972737,-6.299026701568303e-05,-1.568171247858879e-32,-0.00013979513230972737,-0.002699113716983035,0.0025593185846733077,0.9482070238722714,-0.012305441689582851,0.012165646557273124,0.09354212002635359,0.4244175384407976,0.05000000000000418,0.8413137864701066,0.1,SAFE_DELTA_AWAY_FROM_EPSILON,6,0.0004265530974455513
near_symmetric_m3_selected,0.05,17,-0.0010708345392666115,-0.00013979513230972737,-6.299026701568303e-05,-1.568171247858879e-32,-0.00013979513230972737,-0.002699113716983035,0.0025593185846733077,0.9482070238722714,-0.012305441689582851,0.012165646557273124,0.09354212002635359,0.4244175384407976,0.05000000000000418,0.8413137864701066,0.2,SAFE_DELTA_AWAY_FROM_EPSILON,4,0.0006398296461683269
near_symmetric_m3_selected,0.05,18,-0.0012147080334165758,-0.0001438734941499643,-6.748377963425421e-05,-1.6317111618069822e-32,-0.0001438734941499643,-0.0029265881359167613,0.002782714641766797,0.9508391726241673,-0.012305441689582851,0.012161568195432886,0.09354212002635359,0.4244175384407976,0.050000000000000336,0.8522372687326757,0.01,SAFE_DELTA_AWAY_FROM_EPSILON,18,0.00015459525787593317
near_symmetric_m3_selected,0.05,18,-0.0012147080334165758,-0.0001438734941499643,-6.748377963425421e-05,-1.6317111618069822e-32,-0.0001438734941499643,-0.0029265881359167613,0.002782714641766797,0.9508391726241673,-0.012305441689582851,0.012161568195432886,0.09354212002635359,0.4244175384407976,0.050000000000000336,0.8522372687326757,0.02,SAFE_DELTA_AWAY_FROM_EPSILON,18,0.00015459525787593317
near_symmetric_m3_selected,0.05,18,-0.0012147080334165758,-0.0001438734941499643,-6.748377963425421e-05,-1.6317111618069822e-32,-0.0001438734941499643,-0.0029265881359167613,0.002782714641766797,0.9508391726241673,-0.012305441689582851,0.012161568195432886,0.09354212002635359,0.4244175384407976,0.050000000000000336,0.8522372687326757,0.05,EXCLUDED_FROM_FITS_DELTA_EQUALS_EPSILON_ROUNDOFF_SENSITIVE,18,0.00015459525787593317
near_symmetric_m3_selected,0.05,18,-0.0012147080334165758,-0.0001438734941499643,-6.748377963425421e-05,-1.6317111618069822e-32,-0.0001438734941499643,-0.0029265881359167613,0.002782714641766797,0.9508391726241673,-0.012305441689582851,0.012161568195432886,0.09354212002635359,0.4244175384407976,0.050000000000000336,0.8522372687326757,0.1,SAFE_DELTA_AWAY_FROM_EPSILON,6,0.00046378577362779955
near_symmetric_m3_selected,0.05,18,-0.0012147080334165758,-0.0001438734941499643,-6.748377963425421e-05,-1.6317111618069822e-32,-0.0001438734941499643,-0.0029265881359167613,0.002782714641766797,0.9508391726241673,-0.012305441689582851,0.012161568195432886,0.09354212002635359,0.4244175384407976,0.050000000000000336,0.8522372687326757,0.2,SAFE_DELTA_AWAY_FROM_EPSILON,4,0.0006956786604416993
near_symmetric_m3_selected,0.05,19,-0.0013602798729197981,-0.00014557183950322238,-7.159367752209464e-05,-1.6829897717444966e-32,-0.00014557183950322238,-0.00320630047372944,0.0030607286342262175,0.954598191686664,-0.012305441689582851,0.012159869850079628,0.09354212002635359,0.4244175384407976,0.050000000000000225,0.8582549210315633,0.01,SAFE_DELTA_AWAY_FROM_EPSILON,19,0.0001610909807487483
near_symmetric_m3_selected,0.05,19,-0.0013602798729197981,-0.00014557183950322238,-7.159367752209464e-05,-1.6829897717444966e-32,-0.00014557183950322238,-0.00320630047372944,0.0030607286342262175,0.954598191686664,-0.012305441689582851,0.012159869850079628,0.09354212002635359,0.4244175384407976,0.050000000000000225,0.8582549210315633,0.02,SAFE_DELTA_AWAY_FROM_EPSILON,19,0.0001610909807487483
near_symmetric_m3_selected,0.05,19,-0.0013602798729197981,-0.00014557183950322238,-7.159367752209464e-05,-1.6829897717444966e-32,-0.00014557183950322238,-0.00320630047372944,0.0030607286342262175,0.954598191686664,-0.012305441689582851,0.012159869850079628,0.09354212002635359,0.4244175384407976,0.050000000000000225,0.8582549210315633,0.05,EXCLUDED_FROM_FITS_DELTA_EQUALS_EPSILON_ROUNDOFF_SENSITIVE,19,0.0001610909807487483
near_symmetric_m3_selected,0.05,19,-0.0013602798729197981,-0.00014557183950322238,-7.159367752209464e-05,-1.6829897717444966e-32,-0.00014557183950322238,-0.00320630047372944,0.0030607286342262175,0.954598191686664,-0.012305441689582851,0.012159869850079628,0.09354212002635359,0.4244175384407976,0.050000000000000225,0.8582549210315633,0.1,SAFE_DELTA_AWAY_FROM_EPSILON,6,0.0005101214390377029
near_symmetric_m3_selected,0.05,19,-0.0013602798729197981,-0.00014557183950322238,-7.159367752209464e-05,-1.6829897717444966e-32,-0.00014557183950322238,-0.00320630047372944,0.0030607286342262175,0.954598191686664,-0.012305441689582851,0.012159869850079628,0.09354212002635359,0.4244175384407976,0.050000000000000225,0.8582549210315633,0.2,SAFE_DELTA_AWAY_FROM_EPSILON,4,0.0007651821585565544
near_symmetric_m3_selected,0.05,20,-0.0015073283102895363,-0.00014704843736973826,-7.536641551447681e-05,-1.7462433911695587e-32,-0.00014704843736973826,-0.0033683711295218396,0.0032213226921521012,0.9563443481387952,-0.012305441689582851,0.012158393252213113,0.09354212002635359,0.4244175384407976,0.0500000000000002,0.8693915967088034,0.01,SAFE_DELTA_AWAY_FROM_EPSILON,20,0.00016106613460760506
near_symmetric_m3_selected,0.05,20,-0.0015073283102895363,-0.00014704843736973826,-7.536641551447681e-05,-1.7462433911695587e-32,-0.00014704843736973826,-0.0033683711295218396,0.0032213226921521012,0.9563443481387952,-0.012305441689582851,0.012158393252213113,0.09354212002635359,0.4244175384407976,0.0500000000000002,0.8693915967088034,0.02,SAFE_DELTA_AWAY_FROM_EPSILON,20,0.00016106613460760506
near_symmetric_m3_selected,0.05,20,-0.0015073283102895363,-0.00014704843736973826,-7.536641551447681e-05,-1.7462433911695587e-32,-0.00014704843736973826,-0.0033683711295218396,0.0032213226921521012,0.9563443481387952,-0.012305441689582851,0.012158393252213113,0.09354212002635359,0.4244175384407976,0.0500000000000002,0.8693915967088034,0.05,EXCLUDED_FROM_FITS_DELTA_EQUALS_EPSILON_ROUNDOFF_SENSITIVE,20,0.00016106613460760506
near_symmetric_m3_selected,0.05,20,-0.0015073283102895363,-0.00014704843736973826,-7.536641551447681e-05,-1.7462433911695587e-32,-0.00014704843736973826,-0.0033683711295218396,0.0032213226921521012,0.9563443481387952,-0.012305441689582851,0.012158393252213113,0.09354212002635359,0.4244175384407976,0.0500000000000002,0.8693915967088034,0.1,SAFE_DELTA_AWAY_FROM_EPSILON,6,0.0005368871153586835
near_symmetric_m3_selected,0.05,20,-0.0015073283102895363,-0.00014704843736973826,-7.536641551447681e-05,-1.7462433911695587e-32,-0.00014704843736973826,-0.0033683711295218396,0.0032213226921521012,0.9563443481387952,-0.012305441689582851,0.012158393252213113,0.09354212002635359,0.4244175384407976,0.0500000000000002,0.8693915967088034,0.2,SAFE_DELTA_AWAY_FROM_EPSILON,3,0.001073774230717367
near_symmetric_m3_selected,0.05,21,-0.0016585586981696147,-0.0001512303878800784,-7.89789856271245e-05,-1.8056478601190342e-32,-0.0001512303878800784,-0.0034328959522436295,0.003281665564363551,0.955946702147719,-0.012305441689582851,0.012154211301702772,0.09354212002635359,0.4244175384407976,0.05000000000000015,0.8780348129388174,0.01,SAFE_DELTA_AWAY_FROM_EPSILON,21,0.00015626978877921672
near_symmetric_m3_selected,0.05,21,-0.0016585586981696147,-0.0001512303878800784,-7.89789856271245e-05,-1.8056478601190342e-32,-0.0001512303878800784,-0.0034328959522436295,0.003281665564363551,0.955946702147719,-0.012305441689582851,0.012154211301702772,0.09354212002635359,0.4244175384407976,0.05000000000000015,0.8780348129388174,0.02,SAFE_DELTA_AWAY_FROM_EPSILON,21,0.00015626978877921672
near_symmetric_m3_selected,0.05,21,-0.0016585586981696147,-0.0001512303878800784,-7.89789856271245e-05,-1.8056478601190342e-32,-0.0001512303878800784,-0.0034328959522436295,0.003281665564363551,0.955946702147719,-0.012305441689582851,0.012154211301702772,0.09354212002635359,0.4244175384407976,0.05000000000000015,0.8780348129388174,0.05,EXCLUDED_FROM_FITS_DELTA_EQUALS_EPSILON_ROUNDOFF_SENSITIVE,21,0.00015626978877921672
near_symmetric_m3_selected,0.05,21,-0.0016585586981696147,-0.0001512303878800784,-7.89789856271245e-05,-1.8056478601190342e-32,-0.0001512303878800784,-0.0034328959522436295,0.003281665564363551,0.955946702147719,-0.012305441689582851,0.012154211301702772,0.09354212002635359,0.4244175384407976,0.05000000000000015,0.8780348129388174,0.1,SAFE_DELTA_AWAY_FROM_EPSILON,7,0.00046880936633765015
near_symmetric_m3_selected,0.05,21,-0.0016585586981696147,-0.0001512303878800784,-7.89789856271245e-05,-1.8056478601190342e-32,-0.0001512303878800784,-0.0034328959522436295,0.003281665564363551,0.955946702147719,-0.012305441689582851,0.012154211301702772,0.09354212002635359,0.4244175384407976,0.05000000000000015,0.8780348129388174,0.2,SAFE_DELTA_AWAY_FROM_EPSILON,3,0.001093888521454517
near_symmetric_m3_selected,0.05,22,-0.001813805961156375,-0.00015524726298676018,-8.244572550710795e-05,-1.8567583669520901e-32,-0.00015524726298676018,-0.0035393135912931833,0.003384066328306423,0.9561363357661573,-0.012305441689582851,0.012150194426596091,0.09354212002635359,0.4244175384407976,0.04999999999999996,0.9000817337774645,0.01,SAFE_DELTA_AWAY_FROM_EPSILON,22,0.00015382119674120105
near_symmetric_m3_selected,0.05,22,-0.001813805961156375,-0.00015524726298676018,-8.244572550710795e-05,-1.8567583669520901e-32,-0.00015524726298676018,-0.0035393135912931833,0.003384066328306423,0.9561363357661573,-0.012305441689582851,0.012150194426596091,0.09354212002635359,0.4244175384407976,0.04999999999999996,0.9000817337774645,0.02,SAFE_DELTA_AWAY_FROM_EPSILON,22,0.00015382119674120105
near_symmetric_m3_selected,0.05,22,-0.001813805961156375,-0.00015524726298676018,-8.244572550710795e-05,-1.8567583669520901e-32,-0.00015524726298676018,-0.0035393135912931833,0.003384066328306423,0.9561363357661573,-0.012305441689582851,0.012150194426596091,0.09354212002635359,0.4244175384407976,0.04999999999999996,0.9000817337774645,0.05,EXCLUDED_FROM_FITS_DELTA_EQUALS_EPSILON_ROUNDOFF_SENSITIVE,21,0.0001611460156336392
near_symmetric_m3_selected,0.05,22,-0.001813805961156375,-0.00015524726298676018,-8.244572550710795e-05,-1.8567583669520901e-32,-0.00015524726298676018,-0.0035393135912931833,0.003384066328306423,0.9561363357661573,-0.012305441689582851,0.012150194426596091,0.09354212002635359,0.4244175384407976,0.04999999999999996,0.9000817337774645,0.1,SAFE_DELTA_AWAY_FROM_EPSILON,6,0.0005640110547177372
near_symmetric_m3_selected,0.05,22,-0.001813805961156375,-0.00015524726298676018,-8.244572550710795e-05,-1.8567583669520901e-32,-0.00015524726298676018,-0.0035393135912931833,0.003384066328306423,0.9561363357661573,-0.012305441689582851,0.012150194426596091,0.09354212002635359,0.4244175384407976,0.04999999999999996,0.9000817337774645,0.2,SAFE_DELTA_AWAY_FROM_EPSILON,3,0.0011280221094354744
near_symmetric_m3_selected,0.01,2,-1.5103787564440067e-08,-1.5103787564440067e-08,-7.551893782220034e-09,-3.5862813730985045e-34,-1.5103787564440067e-08,-2.3587033482853804e-07,2.2076654726409797e-07,0.9359657178787679,-0.014590303948981937,0.014590288845194373,0.027399603548608077,0.4897837596710102,0.09677352548723173,0.2972967504241435,0.01,EXCLUDED_FROM_FITS_DELTA_EQUALS_EPSILON_ROUNDOFF_SENSITIVE,2,1.1038327363204898e-07
near_symmetric_m3_selected,0.01,2,-1.5103787564440067e-08,-1.5103787564440067e-08,-7.551893782220034e-09,-3.5862813730985045e-34,-1.5103787564440067e-08,-2.3587033482853804e-07,2.2076654726409797e-07,0.9359657178787679,-0.014590303948981937,0.014590288845194373,0.027399603548608077,0.4897837596710102,0.09677352548723173,0.2972967504241435,0.02,SAFE_DELTA_AWAY_FROM_EPSILON,2,1.1038327363204898e-07
near_symmetric_m3_selected,0.01,2,-1.5103787564440067e-08,-1.5103787564440067e-08,-7.551893782220034e-09,-3.5862813730985045e-34,-1.5103787564440067e-08,-2.3587033482853804e-07,2.2076654726409797e-07,0.9359657178787679,-0.014590303948981937,0.014590288845194373,0.027399603548608077,0.4897837596710102,0.09677352548723173,0.2972967504241435,0.05,SAFE_DELTA_AWAY_FROM_EPSILON,2,1.1038327363204898e-07
near_symmetric_m3_selected,0.01,2,-1.5103787564440067e-08,-1.5103787564440067e-08,-7.551893782220034e-09,-3.5862813730985045e-34,-1.5103787564440067e-08,-2.3587033482853804e-07,2.2076654726409797e-07,0.9359657178787679,-0.014590303948981937,0.014590288845194373,0.027399603548608077,0.4897837596710102,0.09677352548723173,0.2972967504241435,0.1,SAFE_DELTA_AWAY_FROM_EPSILON,1,2.2076654726409797e-07
near_symmetric_m3_selected,0.01,2,-1.5103787564440067e-08,-1.5103787564440067e-08,-7.551893782220034e-09,-3.5862813730985045e-34,-1.5103787564440067e-08,-2.3587033482853804e-07,2.2076654726409797e-07,0.9359657178787679,-0.014590303948981937,0.014590288845194373,0.027399603548608077,0.4897837596710102,0.09677352548723173,0.2972967504241435,0.2,SAFE_DELTA_AWAY_FROM_EPSILON,1,2.2076654726409797e-07
near_symmetric_m3_selected,0.01,3,-1.2026379264115044e-06,-1.1875341388470643e-06,-4.008793088038348e-07,-5.043990669579813e-34,-1.1875341388470643e-06,-6.59411650496151e-05,6.475363091076804e-05,0.9819910045878998,-0.014590303948981937,0.01458911641484309,0.027399603548608077,0.4897837596710102,0.03289143933463263,0.319517950506195,0.01,EXCLUDED_FROM_FITS_DELTA_EQUALS_EPSILON_ROUNDOFF_SENSITIVE,3,2.158454363692268e-05
near_symmetric_m3_selected,0.01,3,-1.2026379264115044e-06,-1.1875341388470643e-06,-4.008793088038348e-07,-5.043990669579813e-34,-1.1875341388470643e-06,-6.59411650496151e-05,6.475363091076804e-05,0.9819910045878998,-0.014590303948981937,0.01458911641484309,0.027399603548608077,0.4897837596710102,0.03289143933463263,0.319517950506195,0.02,SAFE_DELTA_AWAY_FROM_EPSILON,3,2.158454363692268e-05
near_symmetric_m3_selected,0.01,3,-1.2026379264115044e-06,-1.1875341388470643e-06,-4.008793088038348e-07,-5.043990669579813e-34,-1.1875341388470643e-06,-6.59411650496151e-05,6.475363091076804e-05,0.9819910045878998,-0.014590303948981937,0.01458911641484309,0.027399603548608077,0.4897837596710102,0.03289143933463263,0.319517950506195,0.05,SAFE_DELTA_AWAY_FROM_EPSILON,2,3.237681545538402e-05
near_symmetric_m3_selected,0.01,3,-1.2026379264115044e-06,-1.1875341388470643e-06,-4.008793088038348e-07,-5.043990669579813e-34,-1.1875341388470643e-06,-6.59411650496151e-05,6.475363091076804e-05,0.9819910045878998,-0.014590303948981937,0.01458911641484309,0.027399603548608077,0.4897837596710102,0.03289143933463263,0.319517950506195,0.1,SAFE_DELTA_AWAY_FROM_EPSILON,2,3.237681545538402e-05
near_symmetric_m3_selected,0.01,3,-1.2026379264115044e-06,-1.1875341388470643e-06,-4.008793088038348e-07,-5.043990669579813e-34,-1.1875341388470643e-06,-6.59411650496151e-05,6.475363091076804e-05,0.9819910045878998,-0.014590303948981937,0.01458911641484309,0.027399603548608077,0.4897837596710102,0.03289143933463263,0.319517950506195,0.2,SAFE_DELTA_AWAY_FROM_EPSILON,2,3.237681545538402e-05
near_symmetric_m3_selected,0.01,4,-6.776971695021252e-06,-5.5743337686097475e-06,-1.694242923755313e-06,-8.658337223373995e-34,-5.5743337686097475e-06,-0.00023751660215987357,0.0002319422683912638,0.9765307615639531,-0.014590303948981937,0.014584729615213328,0.027399603548608077,0.4897837596710102,0.011319493910383763,0.33247914662507083,0.01,EXCLUDED_FROM_FITS_DELTA_EQUALS_EPSILON_ROUNDOFF_SENSITIVE,4,5.798556709781595e-05
near_symmetric_m3_selected,0.01,4,-6.776971695021252e-06,-5.5743337686097475e-06,-1.694242923755313e-06,-8.658337223373995e-34,-5.5743337686097475e-06,-0.00023751660215987357,0.0002319422683912638,0.9765307615639531,-0.014590303948981937,0.014584729615213328,0.027399603548608077,0.4897837596710102,0.011319493910383763,0.33247914662507083,0.02,SAFE_DELTA_AWAY_FROM_EPSILON,3,7.73140894637546e-05
near_symmetric_m3_selected,0.01,4,-6.776971695021252e-06,-5.5743337686097475e-06,-1.694242923755313e-06,-8.658337223373995e-34,-5.5743337686097475e-06,-0.00023751660215987357,0.0002319422683912638,0.9765307615639531,-0.014590303948981937,0.014584729615213328,0.027399603548608077,0.4897837596710102,0.011319493910383763,0.33247914662507083,0.05,SAFE_DELTA_AWAY_FROM_EPSILON,3,7.73140894637546e-05
near_symmetric_m3_selected,0.01,4,-6.776971695021252e-06,-5.5743337686097475e-06,-1.694242923755313e-06,-8.658337223373995e-34,-5.5743337686097475e-06,-0.00023751660215987357,0.0002319422683912638,0.9765307615639531,-0.014590303948981937,0.014584729615213328,0.027399603548608077,0.4897837596710102,0.011319493910383763,0.33247914662507083,0.1,SAFE_DELTA_AWAY_FROM_EPSILON,3,7.73140894637546e-05
near_symmetric_m3_selected,0.01,4,-6.776971695021252e-06,-5.5743337686097475e-06,-1.694242923755313e-06,-8.658337223373995e-34,-5.5743337686097475e-06,-0.00023751660215987357,0.0002319422683912638,0.9765307615639531,-0.014590303948981937,0.014584729615213328,0.027399603548608077,0.4897837596710102,0.011319493910383763,0.33247914662507083,0.2,SAFE_DELTA_AWAY_FROM_EPSILON,2,0.0001159711341956319
near_symmetric_m3_selected,0.01,5,-2.182359811507781e-05,-1.504662642005656e-05,-4.364719623015562e-06,-6.563767356704132e-33,-1.504662642005656e-05,-0.0004993189351124042,0.0004842723086923476,0.969865700333056,-0.014590303948981937,0.014575257322561881,0.027399603548608077,0.4897837596710102,0.010417732307694896,0.3416626257092743,0.01,EXCLUDED_FROM_FITS_DELTA_EQUALS_EPSILON_ROUNDOFF_SENSITIVE,5,9.685446173846953e-05
near_symmetric_m3_selected,0.01,5,-2.182359811507781e-05,-1.504662642005656e-05,-4.364719623015562e-06,-6.563767356704132e-33,-1.504662642005656e-05,-0.0004993189351124042,0.0004842723086923476,0.969865700333056,-0.014590303948981937,0.014575257322561881,0.027399603548608077,0.4897837596710102,0.010417732307694896,0.3416626257092743,0.02,SAFE_DELTA_AWAY_FROM_EPSILON,3,0.0001614241028974492
near_symmetric_m3_selected,0.01,5,-2.182359811507781e-05,-1.504662642005656e-05,-4.364719623015562e-06,-6.563767356704132e-33,-1.504662642005656e-05,-0.0004993189351124042,0.0004842723086923476,0.969865700333056,-0.014590303948981937,0.014575257322561881,0.027399603548608077,0.4897837596710102,0.010417732307694896,0.3416626257092743,0.05,SAFE_DELTA_AWAY_FROM_EPSILON,3,0.0001614241028974492
near_symmetric_m3_selected,0.01,5,-2.182359811507781e-05,-1.504662642005656e-05,-4.364719623015562e-06,-6.563767356704132e-33,-1.504662642005656e-05,-0.0004993189351124042,0.0004842723086923476,0.969865700333056,-0.014590303948981937,0.014575257322561881,0.027399603548608077,0.4897837596710102,0.010417732307694896,0.3416626257092743,0.1,SAFE_DELTA_AWAY_FROM_EPSILON,3,0.0001614241028974492
near_symmetric_m3_selected,0.01,5,-2.182359811507781e-05,-1.504662642005656e-05,-4.364719623015562e-06,-6.563767356704132e-33,-1.504662642005656e-05,-0.0004993189351124042,0.0004842723086923476,0.969865700333056,-0.014590303948981937,0.014575257322561881,0.027399603548608077,0.4897837596710102,0.010417732307694896,0.3416626257092743,0.2,SAFE_DELTA_AWAY_FROM_EPSILON,3,0.0001614241028974492
near_symmetric_m3_selected,0.01,6,-7.716502010761478e-05,-5.534142199253697e-05,-1.2860836684602463e-05,-7.685579384157735e-33,-5.534142199253697e-05,-0.0008641873365564567,0.0008088459145639198,0.9359613134195452,-0.014590303948981937,0.0145349625269894,0.027399603548608077,0.4897837596710102,0.010044768488055406,0.46974500888824144,0.01,EXCLUDED_FROM_FITS_DELTA_EQUALS_EPSILON_ROUNDOFF_SENSITIVE,6,0.00013480765242731996
near_symmetric_m3_selected,0.01,6,-7.716502010761478e-05,-5.534142199253697e-05,-1.2860836684602463e-05,-7.685579384157735e-33,-5.534142199253697e-05,-0.0008641873365564567,0.0008088459145639198,0.9359613134195452,-0.014590303948981937,0.0145349625269894,0.027399603548608077,0.4897837596710102,0.010044768488055406,0.46974500888824144,0.02,SAFE_DELTA_AWAY_FROM_EPSILON,4,0.00020221147864097995
near_symmetric_m3_selected,0.01,6,-7.716502010761478e-05,-5.534142199253697e-05,-1.2860836684602463e-05,-7.685579384157735e-33,-5.534142199253697e-05,-0.0008641873365564567,0.0008088459145639198,0.9359613134195452,-0.014590303948981937,0.0145349625269894,0.027399603548608077,0.4897837596710102,0.010044768488055406,0.46974500888824144,0.05,SAFE_DELTA_AWAY_FROM_EPSILON,3,0.0002696153048546399
near_symmetric_m3_selected,0.01,6,-7.716502010761478e-05,-5.534142199253697e-05,-1.2860836684602463e-05,-7.685579384157735e-33,-5.534142199253697e-05,-0.0008641873365564567,0.0008088459145639198,0.9359613134195452,-0.014590303948981937,0.0145349625269894,0.027399603548608077,0.4897837596710102,0.010044768488055406,0.46974500888824144,0.1,SAFE_DELTA_AWAY_FROM_EPSILON,3,0.0002696153048546399
near_symmetric_m3_selected,0.01,6,-7.716502010761478e-05,-5.534142199253697e-05,-1.2860836684602463e-05,-7.685579384157735e-33,-5.534142199253697e-05,-0.0008641873365564567,0.0008088459145639198,0.9359613134195452,-0.014590303948981937,0.0145349625269894,0.027399603548608077,0.4897837596710102,0.010044768488055406,0.46974500888824144,0.2,SAFE_DELTA_AWAY_FROM_EPSILON,3,0.0002696153048546399
near_symmetric_m3_selected,0.01,7,-0.00016309679107994027,-8.593177097232549e-05,-2.329954158284861e-05,-1.0880550278247111e-32,-8.593177097232549e-05,-0.0011948187771533593,0.0011088870061810338,0.928079661438652,-0.014590303948981937,0.014504372178009612,0.027399603548608077,0.4897837596710102,0.010003244400933265,0.5613544128145561,0.01,EXCLUDED_FROM_FITS_DELTA_EQUALS_EPSILON_ROUNDOFF_SENSITIVE,7,0.0001584124294544334
near_symmetric_m3_selected,0.01,7,-0.00016309679107994027,-8.593177097232549e-05,-2.329954158284861e-05,-1.0880550278247111e-32,-8.593177097232549e-05,-0.0011948187771533593,0.0011088870061810338,0.928079661438652,-0.014590303948981937,0.014504372178009612,0.027399603548608077,0.4897837596710102,0.010003244400933265,0.5613544128145561,0.02,SAFE_DELTA_AWAY_FROM_EPSILON,5,0.00022177740123620676
near_symmetric_m3_selected,0.01,7,-0.00016309679107994027,-8.593177097232549e-05,-2.329954158284861e-05,-1.0880550278247111e-32,-8.593177097232549e-05,-0.0011948187771533593,0.0011088870061810338,0.928079661438652,-0.014590303948981937,0.014504372178009612,0.027399603548608077,0.4897837596710102,0.010003244400933265,0.5613544128145561,0.05,SAFE_DELTA_AWAY_FROM_EPSILON,4,0.00027722175154525845
near_symmetric_m3_selected,0.01,7,-0.00016309679107994027,-8.593177097232549e-05,-2.329954158284861e-05,-1.0880550278247111e-32,-8.593177097232549e-05,-0.0011948187771533593,0.0011088870061810338,0.928079661438652,-0.014590303948981937,0.014504372178009612,0.027399603548608077,0.4897837596710102,0.010003244400933265,0.5613544128145561,0.1,SAFE_DELTA_AWAY_FROM_EPSILON,3,0.0003696290020603446
near_symmetric_m3_selected,0.01,7,-0.00016309679107994027,-8.593177097232549e-05,-2.329954158284861e-05,-1.0880550278247111e-32,-8.593177097232549e-05,-0.0011948187771533593,0.0011088870061810338,0.928079661438652,-0.014590303948981937,0.014504372178009612,0.027399603548608077,0.4897837596710102,0.010003244400933265,0.5613544128145561,0.2,SAFE_DELTA_AWAY_FROM_EPSILON,3,0.0003696290020603446
near_symmetric_m3_selected,0.01,8,-0.0002612665779612648,-9.816978688132453e-05,-3.26583222451581e-05,-1.2079371449763692e-32,-9.816978688132453e-05,-0.0015598531974663921,0.0014616834105850675,0.9370647269622694,-0.014590303948981937,0.014492134162100613,0.027399603548608077,0.4897837596710102,0.010001014980791735,0.5823605558864621,0.01,EXCLUDED_FROM_FITS_DELTA_EQUALS_EPSILON_ROUNDOFF_SENSITIVE,8,0.00018271042632313344
near_symmetric_m3_selected,0.01,8,-0.0002612665779612648,-9.816978688132453e-05,-3.26583222451581e-05,-1.2079371449763692e-32,-9.816978688132453e-05,-0.0015598531974663921,0.0014616834105850675,0.9370647269622694,-0.014590303948981937,0.014492134162100613,0.027399603548608077,0.4897837596710102,0.010001014980791735,0.5823605558864621,0.02,SAFE_DELTA_AWAY_FROM_EPSILON,5,0.0002923366821170135
near_symmetric_m3_selected,0.01,8,-0.0002612665779612648,-9.816978688132453e-05,-3.26583222451581e-05,-1.2079371449763692e-32,-9.816978688132453e-05,-0.0015598531974663921,0.0014616834105850675,0.9370647269622694,-0.014590303948981937,0.014492134162100613,0.027399603548608077,0.4897837596710102,0.010001014980791735,0.5823605558864621,0.05,SAFE_DELTA_AWAY_FROM_EPSILON,5,0.0002923366821170135
near_symmetric_m3_selected,0.01,8,-0.0002612665779612648,-9.816978688132453e-05,-3.26583222451581e-05,-1.2079371449763692e-32,-9.816978688132453e-05,-0.0015598531974663921,0.0014616834105850675,0.9370647269622694,-0.014590303948981937,0.014492134162100613,0.027399603548608077,0.4897837596710102,0.010001014980791735,0.5823605558864621,0.1,SAFE_DELTA_AWAY_FROM_EPSILON,3,0.00048722780352835585
near_symmetric_m3_selected,0.01,8,-0.0002612665779612648,-9.816978688132453e-05,-3.26583222451581e-05,-1.2079371449763692e-32,-9.816978688132453e-05,-0.0015598531974663921,0.0014616834105850675,0.9370647269622694,-0.014590303948981937,0.014492134162100613,0.027399603548608077,0.4897837596710102,0.010001014980791735,0.5823605558864621,0.2,SAFE_DELTA_AWAY_FROM_EPSILON,3,0.00048722780352835585
near_symmetric_m3_selected,0.01,9,-0.0003718383034655773,-0.00011057172550431253,-4.131536705173081e-05,-1.4775062963379482e-32,-0.00011057172550431253,-0.001963708085618923,0.0018531363601146107,0.9436923816151307,-0.014590303948981937,0.014479732223477624,0.027399603548608077,0.4897837596710102,0.010000054978326062,0.5984409844802567,0.01,EXCLUDED_FROM_FITS_DELTA_EQUALS_EPSILON_ROUNDOFF_SENSITIVE,9,0.00020590404001273453
near_symmetric_m3_selected,0.01,9,-0.0003718383034655773,-0.00011057172550431253,-4.131536705173081e-05,-1.4775062963379482e-32,-0.00011057172550431253,-0.001963708085618923,0.0018531363601146107,0.9436923816151307,-0.014590303948981937,0.014479732223477624,0.027399603548608077,0.4897837596710102,0.010000054978326062,0.5984409844802567,0.02,SAFE_DELTA_AWAY_FROM_EPSILON,6,0.00030885606001910176
near_symmetric_m3_selected,0.01,9,-0.0003718383034655773,-0.00011057172550431253,-4.131536705173081e-05,-1.4775062963379482e-32,-0.00011057172550431253,-0.001963708085618923,0.0018531363601146107,0.9436923816151307,-0.014590303948981937,0.014479732223477624,0.027399603548608077,0.4897837596710102,0.010000054978326062,0.5984409844802567,0.05,SAFE_DELTA_AWAY_FROM_EPSILON,5,0.00037062727202292215
near_symmetric_m3_selected,0.01,9,-0.0003718383034655773,-0.00011057172550431253,-4.131536705173081e-05,-1.4775062963379482e-32,-0.00011057172550431253,-0.001963708085618923,0.0018531363601146107,0.9436923816151307,-0.014590303948981937,0.014479732223477624,0.027399603548608077,0.4897837596710102,0.010000054978326062,0.5984409844802567,0.1,SAFE_DELTA_AWAY_FROM_EPSILON,3,0.0006177121200382035
near_symmetric_m3_selected,0.01,9,-0.0003718383034655773,-0.00011057172550431253,-4.131536705173081e-05,-1.4775062963379482e-32,-0.00011057172550431253,-0.001963708085618923,0.0018531363601146107,0.9436923816151307,-0.014590303948981937,0.014479732223477624,0.027399603548608077,0.4897837596710102,0.010000054978326062,0.5984409844802567,0.2,SAFE_DELTA_AWAY_FROM_EPSILON,3,0.0006177121200382035
near_symmetric_m3_selected,0.01,10,-0.0005026729093293086,-0.00013083460586373128,-5.026729093293086e-05,-1.6439547187128545e-32,-0.00013083460586373128,-0.0021297634933303937,0.0019989288874666623,0.9385684813015833,-0.014590303948981937,0.014459469343118207,0.027399603548608077,0.4897837596710102,0.01000000711606896,0.6138250307042102,0.01,EXCLUDED_FROM_FITS_DELTA_EQUALS_EPSILON_ROUNDOFF_SENSITIVE,10,0.00019989288874666623
near_symmetric_m3_selected,0.01,10,-0.0005026729093293086,-0.00013083460586373128,-5.026729093293086e-05,-1.6439547187128545e-32,-0.00013083460586373128,-0.0021297634933303937,0.0019989288874666623,0.9385684813015833,-0.014590303948981937,0.014459469343118207,0.027399603548608077,0.4897837596710102,0.01000000711606896,0.6138250307042102,0.02,SAFE_DELTA_AWAY_FROM_EPSILON,6,0.00033315481457777703
near_symmetric_m3_selected,0.01,10,-0.0005026729093293086,-0.00013083460586373128,-5.026729093293086e-05,-1.6439547187128545e-32,-0.00013083460586373128,-0.0021297634933303937,0.0019989288874666623,0.9385684813015833,-0.014590303948981937,0.014459469343118207,0.027399603548608077,0.4897837596710102,0.01000000711606896,0.6138250307042102,0.05,SAFE_DELTA_AWAY_FROM_EPSILON,6,0.00033315481457777703
near_symmetric_m3_selected,0.01,10,-0.0005026729093293086,-0.00013083460586373128,-5.026729093293086e-05,-1.6439547187128545e-32,-0.00013083460586373128,-0.0021297634933303937,0.0019989288874666623,0.9385684813015833,-0.014590303948981937,0.014459469343118207,0.027399603548608077,0.4897837596710102,0.01000000711606896,0.6138250307042102,0.1,SAFE_DELTA_AWAY_FROM_EPSILON,3,0.0006663096291555541
near_symmetric_m3_selected,0.01,10,-0.0005026729093293086,-0.00013083460586373128,-5.026729093293086e-05,-1.6439547187128545e-32,-0.00013083460586373128,-0.0021297634933303937,0.0019989288874666623,0.9385684813015833,-0.014590303948981937,0.014459469343118207,0.027399603548608077,0.4897837596710102,0.01000000711606896,0.6138250307042102,0.2,SAFE_DELTA_AWAY_FROM_EPSILON,3,0.0006663096291555541
near_symmetric_m3_selected,0.01,11,-0.0006764518184921274,-0.0001737789091628188,-6.149561986292067e-05,-1.7760793036013472e-32,-0.0001737789091628188,-0.00216812963356835,0.0019943507244055314,0.9198484691725698,-0.014590303948981937,0.014416525039819118,0.027399603548608077,0.4897837596710102,0.010000001999817676,0.683623336155667,0.01,EXCLUDED_FROM_FITS_DELTA_EQUALS_EPSILON_ROUNDOFF_SENSITIVE,11,0.00018130461130959376
near_symmetric_m3_selected,0.01,11,-0.0006764518184921274,-0.0001737789091628188,-6.149561986292067e-05,-1.7760793036013472e-32,-0.0001737789091628188,-0.00216812963356835,0.0019943507244055314,0.9198484691725698,-0.014590303948981937,0.014416525039819118,0.027399603548608077,0.4897837596710102,0.010000001999817676,0.683623336155667,0.02,SAFE_DELTA_AWAY_FROM_EPSILON,6,0.0003323917874009219
near_symmetric_m3_selected,0.01,11,-0.0006764518184921274,-0.0001737789091628188,-6.149561986292067e-05,-1.7760793036013472e-32,-0.0001737789091628188,-0.00216812963356835,0.0019943507244055314,0.9198484691725698,-0.014590303948981937,0.014416525039819118,0.027399603548608077,0.4897837596710102,0.010000001999817676,0.683623336155667,0.05,SAFE_DELTA_AWAY_FROM_EPSILON,6,0.0003323917874009219
near_symmetric_m3_selected,0.01,11,-0.0006764518184921274,-0.0001737789091628188,-6.149561986292067e-05,-1.7760793036013472e-32,-0.0001737789091628188,-0.00216812963356835,0.0019943507244055314,0.9198484691725698,-0.014590303948981937,0.014416525039819118,0.027399603548608077,0.4897837596710102,0.010000001999817676,0.683623336155667,0.1,SAFE_DELTA_AWAY_FROM_EPSILON,4,0.0004985876811013829
near_symmetric_m3_selected,0.01,11,-0.0006764518184921274,-0.0001737789091628188,-6.149561986292067e-05,-1.7760793036013472e-32,-0.0001737789091628188,-0.00216812963356835,0.0019943507244055314,0.9198484691725698,-0.014590303948981937,0.014416525039819118,0.027399603548608077,0.4897837596710102,0.010000001999817676,0.683623336155667,0.2,SAFE_DELTA_AWAY_FROM_EPSILON,3,0.0006647835748018438
near_symmetric_m3_selected,0.01,12,-0.0008962013001521153,-0.0002197494816599879,-7.468344167934294e-05,-2.8519162136257646e-32,-0.0002197494816599879,-0.0023307297409216887,0.002110980259261701,0.9057164467412305,-0.014590303948981937,0.01437055446732195,0.027399603548608077,0.4897837596710102,0.010000000072969606,0.7529674347760601,0.01,EXCLUDED_FROM_FITS_DELTA_EQUALS_EPSILON_ROUNDOFF_SENSITIVE,12,0.00017591502160514173
near_symmetric_m3_selected,0.01,12,-0.0008962013001521153,-0.0002197494816599879,-7.468344167934294e-05,-2.8519162136257646e-32,-0.0002197494816599879,-0.0023307297409216887,0.002110980259261701,0.9057164467412305,-0.014590303948981937,0.01437055446732195,0.027399603548608077,0.4897837596710102,0.010000000072969606,0.7529674347760601,0.02,SAFE_DELTA_AWAY_FROM_EPSILON,6,0.00035183004321028347
near_symmetric_m3_selected,0.01,12,-0.0008962013001521153,-0.0002197494816599879,-7.468344167934294e-05,-2.8519162136257646e-32,-0.0002197494816599879,-0.0023307297409216887,0.002110980259261701,0.9057164467412305,-0.014590303948981937,0.01437055446732195,0.027399603548608077,0.4897837596710102,0.010000000072969606,0.7529674347760601,0.05,SAFE_DELTA_AWAY_FROM_EPSILON,6,0.00035183004321028347
near_symmetric_m3_selected,0.01,12,-0.0008962013001521153,-0.0002197494816599879,-7.468344167934294e-05,-2.8519162136257646e-32,-0.0002197494816599879,-0.0023307297409216887,0.002110980259261701,0.9057164467412305,-0.014590303948981937,0.01437055446732195,0.027399603548608077,0.4897837596710102,0.010000000072969606,0.7529674347760601,0.1,SAFE_DELTA_AWAY_FROM_EPSILON,4,0.0005277450648154252
near_symmetric_m3_selected,0.01,12,-0.0008962013001521153,-0.0002197494816599879,-7.468344167934294e-05,-2.8519162136257646e-32,-0.0002197494816599879,-0.0023307297409216887,0.002110980259261701,0.9057164467412305,-0.014590303948981937,0.01437055446732195,0.027399603548608077,0.4897837596710102,0.010000000072969606,0.7529674347760601,0.2,SAFE_DELTA_AWAY_FROM_EPSILON,3,0.0007036600864205669
near_symmetric_m3_selected,0.01,13,-0.0011366140898163885,-0.00024041278966427314,-8.743185306279911e-05,-3.0745402413086967e-32,-0.00024041278966427314,-0.002718213881037955,0.002477801091373682,0.9115548664726593,-0.014590303948981937,0.014349891159317663,0.027399603548608077,0.4897837596710102,0.010000000014906868,0.7700211994632324,0.01,EXCLUDED_FROM_FITS_DELTA_EQUALS_EPSILON_ROUNDOFF_SENSITIVE,13,0.0001906000839518217
near_symmetric_m3_selected,0.01,13,-0.0011366140898163885,-0.00024041278966427314,-8.743185306279911e-05,-3.0745402413086967e-32,-0.00024041278966427314,-0.002718213881037955,0.002477801091373682,0.9115548664726593,-0.014590303948981937,0.014349891159317663,0.027399603548608077,0.4897837596710102,0.010000000014906868,0.7700211994632324,0.02,SAFE_DELTA_AWAY_FROM_EPSILON,6,0.00041296684856228035
near_symmetric_m3_selected,0.01,13,-0.0011366140898163885,-0.00024041278966427314,-8.743185306279911e-05,-3.0745402413086967e-32,-0.00024041278966427314,-0.002718213881037955,0.002477801091373682,0.9115548664726593,-0.014590303948981937,0.014349891159317663,0.027399603548608077,0.4897837596710102,0.010000000014906868,0.7700211994632324,0.05,SAFE_DELTA_AWAY_FROM_EPSILON,6,0.00041296684856228035
near_symmetric_m3_selected,0.01,13,-0.0011366140898163885,-0.00024041278966427314,-8.743185306279911e-05,-3.0745402413086967e-32,-0.00024041278966427314,-0.002718213881037955,0.002477801091373682,0.9115548664726593,-0.014590303948981937,0.014349891159317663,0.027399603548608077,0.4897837596710102,0.010000000014906868,0.7700211994632324,0.1,SAFE_DELTA_AWAY_FROM_EPSILON,5,0.0004955602182747364
near_symmetric_m3_selected,0.01,13,-0.0011366140898163885,-0.00024041278966427314,-8.743185306279911e-05,-3.0745402413086967e-32,-0.00024041278966427314,-0.002718213881037955,0.002477801091373682,0.9115548664726593,-0.014590303948981937,0.014349891159317663,0.027399603548608077,0.4897837596710102,0.010000000014906868,0.7700211994632324,0.2,SAFE_DELTA_AWAY_FROM_EPSILON,3,0.0008259336971245607
near_symmetric_m3_selected,0.01,14,-0.001386583034381883,-0.0002499689445654946,-9.904164531299164e-05,-3.3378466058392046e-32,-0.0002499689445654946,-0.0032137557083612434,0.002963786763795749,0.9222190585565825,-0.014590303948981937,0.014340335004416442,0.027399603548608077,0.4897837596710102,0.01000000000327297,0.7821460384449386,0.01,EXCLUDED_FROM_FITS_DELTA_EQUALS_EPSILON_ROUNDOFF_SENSITIVE,14,0.0002116990545568392
near_symmetric_m3_selected,0.01,14,-0.001386583034381883,-0.0002499689445654946,-9.904164531299164e-05,-3.3378466058392046e-32,-0.0002499689445654946,-0.0032137557083612434,0.002963786763795749,0.9222190585565825,-0.014590303948981937,0.014340335004416442,0.027399603548608077,0.4897837596710102,0.01000000000327297,0.7821460384449386,0.02,SAFE_DELTA_AWAY_FROM_EPSILON,6,0.0004939644606326248
near_symmetric_m3_selected,0.01,14,-0.001386583034381883,-0.0002499689445654946,-9.904164531299164e-05,-3.3378466058392046e-32,-0.0002499689445654946,-0.0032137557083612434,0.002963786763795749,0.9222190585565825,-0.014590303948981937,0.014340335004416442,0.027399603548608077,0.4897837596710102,0.01000000000327297,0.7821460384449386,0.05,SAFE_DELTA_AWAY_FROM_EPSILON,6,0.0004939644606326248
near_symmetric_m3_selected,0.01,14,-0.001386583034381883,-0.0002499689445654946,-9.904164531299164e-05,-3.3378466058392046e-32,-0.0002499689445654946,-0.0032137557083612434,0.002963786763795749,0.9222190585565825,-0.014590303948981937,0.014340335004416442,0.027399603548608077,0.4897837596710102,0.01000000000327297,0.7821460384449386,0.1,SAFE_DELTA_AWAY_FROM_EPSILON,5,0.0005927573527591498
near_symmetric_m3_selected,0.01,14,-0.001386583034381883,-0.0002499689445654946,-9.904164531299164e-05,-3.3378466058392046e-32,-0.0002499689445654946,-0.0032137557083612434,0.002963786763795749,0.9222190585565825,-0.014590303948981937,0.014340335004416442,0.027399603548608077,0.4897837596710102,0.01000000000327297,0.7821460384449386,0.2,SAFE_DELTA_AWAY_FROM_EPSILON,4,0.0007409466909489372
near_symmetric_m3_selected,0.01,15,-0.0016509824839572001,-0.00026439944957531704,-0.00011006549893048,-3.5307975266302183e-32,-0.00026439944957531704,-0.0034586102224056156,0.0031942107728302987,0.9235532677656243,-0.014590303948981937,0.01432590449940662,0.027399603548608077,0.4897837596710102,0.010000000000114346,0.797974487521296,0.01,EXCLUDED_FROM_FITS_DELTA_EQUALS_EPSILON_ROUNDOFF_SENSITIVE,15,0.00021294738485535324
near_symmetric_m3_selected,0.01,15,-0.0016509824839572001,-0.00026439944957531704,-0.00011006549893048,-3.5307975266302183e-32,-0.00026439944957531704,-0.0034586102224056156,0.0031942107728302987,0.9235532677656243,-0.014590303948981937,0.01432590449940662,0.027399603548608077,0.4897837596710102,0.010000000000114346,0.797974487521296,0.02,SAFE_DELTA_AWAY_FROM_EPSILON,6,0.0005323684621383831
near_symmetric_m3_selected,0.01,15,-0.0016509824839572001,-0.00026439944957531704,-0.00011006549893048,-3.5307975266302183e-32,-0.00026439944957531704,-0.0034586102224056156,0.0031942107728302987,0.9235532677656243,-0.014590303948981937,0.01432590449940662,0.027399603548608077,0.4897837596710102,0.010000000000114346,0.797974487521296,0.05,SAFE_DELTA_AWAY_FROM_EPSILON,6,0.0005323684621383831
near_symmetric_m3_selected,0.01,15,-0.0016509824839572001,-0.00026439944957531704,-0.00011006549893048,-3.5307975266302183e-32,-0.00026439944957531704,-0.0034586102224056156,0.0031942107728302987,0.9235532677656243,-0.014590303948981937,0.01432590449940662,0.027399603548608077,0.4897837596710102,0.010000000000114346,0.797974487521296,0.1,SAFE_DELTA_AWAY_FROM_EPSILON,6,0.0005323684621383831
near_symmetric_m3_selected,0.01,15,-0.0016509824839572001,-0.00026439944957531704,-0.00011006549893048,-3.5307975266302183e-32,-0.00026439944957531704,-0.0034586102224056156,0.0031942107728302987,0.9235532677656243,-0.014590303948981937,0.01432590449940662,0.027399603548608077,0.4897837596710102,0.010000000000114346,0.797974487521296,0.2,SAFE_DELTA_AWAY_FROM_EPSILON,4,0.0007985526932075747
near_symmetric_m3_selected,0.01,16,-0.0019400565661720393,-0.00028907408221483905,-0.00012125353538575245,-3.6682904227559496e-32,-0.00028907408221483905,-0.0034797645797785513,0.0031906904975637124,0.9169271151575331,-0.014590303948981937,0.014301229866767098,0.027399603548608077,0.4897837596710102,0.010000000000030448,0.8275839017898554,0.01,EXCLUDED_FROM_FITS_DELTA_EQUALS_EPSILON_ROUNDOFF_SENSITIVE,16,0.00019941815609773202
near_symmetric_m3_selected,0.01,16,-0.0019400565661720393,-0.00028907408221483905,-0.00012125353538575245,-3.6682904227559496e-32,-0.00028907408221483905,-0.0034797645797785513,0.0031906904975637124,0.9169271151575331,-0.014590303948981937,0.014301229866767098,0.027399603548608077,0.4897837596710102,0.010000000000030448,0.8275839017898554,0.02,SAFE_DELTA_AWAY_FROM_EPSILON,7,0.00045581292822338747
near_symmetric_m3_selected,0.01,16,-0.0019400565661720393,-0.00028907408221483905,-0.00012125353538575245,-3.6682904227559496e-32,-0.00028907408221483905,-0.0034797645797785513,0.0031906904975637124,0.9169271151575331,-0.014590303948981937,0.014301229866767098,0.027399603548608077,0.4897837596710102,0.010000000000030448,0.8275839017898554,0.05,SAFE_DELTA_AWAY_FROM_EPSILON,6,0.0005317817495939521
near_symmetric_m3_selected,0.01,16,-0.0019400565661720393,-0.00028907408221483905,-0.00012125353538575245,-3.6682904227559496e-32,-0.00028907408221483905,-0.0034797645797785513,0.0031906904975637124,0.9169271151575331,-0.014590303948981937,0.014301229866767098,0.027399603548608077,0.4897837596710102,0.010000000000030448,0.8275839017898554,0.1,SAFE_DELTA_AWAY_FROM_EPSILON,6,0.0005317817495939521
near_symmetric_m3_selected,0.01,16,-0.0019400565661720393,-0.00028907408221483905,-0.00012125353538575245,-3.6682904227559496e-32,-0.00028907408221483905,-0.0034797645797785513,0.0031906904975637124,0.9169271151575331,-0.014590303948981937,0.014301229866767098,0.027399603548608077,0.4897837596710102,0.010000000000030448,0.8275839017898554,0.2,SAFE_DELTA_AWAY_FROM_EPSILON,4,0.0007976726243909281
near_symmetric_m3_selected,0.01,17,-0.002254959412989043,-0.0003149028468170039,-0.00013264467135229666,-4.2031130780706474e-32,-0.0003149028468170039,-0.0036021479778607854,0.0032872451310437816,0.9125791475662763,-0.014590303948981937,0.014275401102164933,0.027399603548608077,0.4897837596710102,0.010000000000004554,0.8716527897118934,0.01,EXCLUDED_FROM_FITS_DELTA_EQUALS_EPSILON_ROUNDOFF_SENSITIVE,17,0.00019336736064963421
near_symmetric_m3_selected,0.01,17,-0.002254959412989043,-0.0003149028468170039,-0.00013264467135229666,-4.2031130780706474e-32,-0.0003149028468170039,-0.0036021479778607854,0.0032872451310437816,0.9125791475662763,-0.014590303948981937,0.014275401102164933,0.027399603548608077,0.4897837596710102,0.010000000000004554,0.8716527897118934,0.02,SAFE_DELTA_AWAY_FROM_EPSILON,8,0.0004109056413804727
near_symmetric_m3_selected,0.01,17,-0.002254959412989043,-0.0003149028468170039,-0.00013264467135229666,-4.2031130780706474e-32,-0.0003149028468170039,-0.0036021479778607854,0.0032872451310437816,0.9125791475662763,-0.014590303948981937,0.014275401102164933,0.027399603548608077,0.4897837596710102,0.010000000000004554,0.8716527897118934,0.05,SAFE_DELTA_AWAY_FROM_EPSILON,6,0.000547874188507297
near_symmetric_m3_selected,0.01,17,-0.002254959412989043,-0.0003149028468170039,-0.00013264467135229666,-4.2031130780706474e-32,-0.0003149028468170039,-0.0036021479778607854,0.0032872451310437816,0.9125791475662763,-0.014590303948981937,0.014275401102164933,0.027399603548608077,0.4897837596710102,0.010000000000004554,0.8716527897118934,0.1,SAFE_DELTA_AWAY_FROM_EPSILON,6,0.000547874188507297
near_symmetric_m3_selected,0.01,17,-0.002254959412989043,-0.0003149028468170039,-0.00013264467135229666,-4.2031130780706474e-32,-0.0003149028468170039,-0.0036021479778607854,0.0032872451310437816,0.9125791475662763,-0.014590303948981937,0.014275401102164933,0.027399603548608077,0.4897837596710102,0.010000000000004554,0.8716527897118934,0.2,SAFE_DELTA_AWAY_FROM_EPSILON,3,0.001095748377014594
near_symmetric_m3_selected,0.01,18,-0.002585858340303121,-0.00033089892731407794,-0.00014365879668350672,-4.5015729150159486e-32,-0.00033089892731407794,-0.00394283460110513,0.003611935673791052,0.9160758792110298,-0.014590303948981937,0.01425940502166786,0.027399603548608077,0.4897837596710102,0.010000000000000349,0.8835472481755797,0.01,EXCLUDED_FROM_FITS_DELTA_EQUALS_EPSILON_ROUNDOFF_SENSITIVE,18,0.0002006630929883918
near_symmetric_m3_selected,0.01,18,-0.002585858340303121,-0.00033089892731407794,-0.00014365879668350672,-4.5015729150159486e-32,-0.00033089892731407794,-0.00394283460110513,0.003611935673791052,0.9160758792110298,-0.014590303948981937,0.01425940502166786,0.027399603548608077,0.4897837596710102,0.010000000000000349,0.8835472481755797,0.02,SAFE_DELTA_AWAY_FROM_EPSILON,8,0.0004514919592238815
near_symmetric_m3_selected,0.01,18,-0.002585858340303121,-0.00033089892731407794,-0.00014365879668350672,-4.5015729150159486e-32,-0.00033089892731407794,-0.00394283460110513,0.003611935673791052,0.9160758792110298,-0.014590303948981937,0.01425940502166786,0.027399603548608077,0.4897837596710102,0.010000000000000349,0.8835472481755797,0.05,SAFE_DELTA_AWAY_FROM_EPSILON,6,0.0006019892789651753
near_symmetric_m3_selected,0.01,18,-0.002585858340303121,-0.00033089892731407794,-0.00014365879668350672,-4.5015729150159486e-32,-0.00033089892731407794,-0.00394283460110513,0.003611935673791052,0.9160758792110298,-0.014590303948981937,0.01425940502166786,0.027399603548608077,0.4897837596710102,0.010000000000000349,0.8835472481755797,0.1,SAFE_DELTA_AWAY_FROM_EPSILON,6,0.0006019892789651753
near_symmetric_m3_selected,0.01,18,-0.002585858340303121,-0.00033089892731407794,-0.00014365879668350672,-4.5015729150159486e-32,-0.00033089892731407794,-0.00394283460110513,0.003611935673791052,0.9160758792110298,-0.014590303948981937,0.01425940502166786,0.027399603548608077,0.4897837596710102,0.010000000000000349,0.8835472481755797,0.2,SAFE_DELTA_AWAY_FROM_EPSILON,3,0.0012039785579303507
near_symmetric_m3_selected,0.01,19,-0.0029250644228436392,-0.00033920608254051825,-0.00015395075909703363,-4.7784518361424666e-32,-0.00033920608254051825,-0.004391978518464748,0.0040527724359242295,0.9227669076443729,-0.014590303948981937,0.01425109786644142,0.027399603548608077,0.4897837596710102,0.010000000000000174,0.8900998029010357,0.01,EXCLUDED_FROM_FITS_DELTA_EQUALS_EPSILON_ROUNDOFF_SENSITIVE,19,0.00021330381241706472
near_symmetric_m3_selected,0.01,19,-0.0029250644228436392,-0.00033920608254051825,-0.00015395075909703363,-4.7784518361424666e-32,-0.00033920608254051825,-0.004391978518464748,0.0040527724359242295,0.9227669076443729,-0.014590303948981937,0.01425109786644142,0.027399603548608077,0.4897837596710102,0.010000000000000174,0.8900998029010357,0.02,SAFE_DELTA_AWAY_FROM_EPSILON,9,0.0004503080484360255
near_symmetric_m3_selected,0.01,19,-0.0029250644228436392,-0.00033920608254051825,-0.00015395075909703363,-4.7784518361424666e-32,-0.00033920608254051825,-0.004391978518464748,0.0040527724359242295,0.9227669076443729,-0.014590303948981937,0.01425109786644142,0.027399603548608077,0.4897837596710102,0.010000000000000174,0.8900998029010357,0.05,SAFE_DELTA_AWAY_FROM_EPSILON,6,0.0006754620726540382
near_symmetric_m3_selected,0.01,19,-0.0029250644228436392,-0.00033920608254051825,-0.00015395075909703363,-4.7784518361424666e-32,-0.00033920608254051825,-0.004391978518464748,0.0040527724359242295,0.9227669076443729,-0.014590303948981937,0.01425109786644142,0.027399603548608077,0.4897837596710102,0.010000000000000174,0.8900998029010357,0.1,SAFE_DELTA_AWAY_FROM_EPSILON,6,0.0006754620726540382
near_symmetric_m3_selected,0.01,19,-0.0029250644228436392,-0.00033920608254051825,-0.00015395075909703363,-4.7784518361424666e-32,-0.00033920608254051825,-0.004391978518464748,0.0040527724359242295,0.9227669076443729,-0.014590303948981937,0.01425109786644142,0.027399603548608077,0.4897837596710102,0.010000000000000174,0.8900998029010357,0.2,SAFE_DELTA_AWAY_FROM_EPSILON,4,0.0010131931089810574
near_symmetric_m3_selected,0.01,20,-0.0032729471324186975,-0.00034788270957505853,-0.00016364735662093488,-5.068977427858869e-32,-0.00034788270957505853,-0.0046161165093514395,0.004268233799776381,0.9246373637081496,-0.014590303948981937,0.014242421239406878,0.027399603548608077,0.4897837596710102,0.010000000000000186,0.9022264053051415,0.01,EXCLUDED_FROM_FITS_DELTA_EQUALS_EPSILON_ROUNDOFF_SENSITIVE,20,0.00021341168998881906
near_symmetric_m3_selected,0.01,20,-0.0032729471324186975,-0.00034788270957505853,-0.00016364735662093488,-5.068977427858869e-32,-0.00034788270957505853,-0.0046161165093514395,0.004268233799776381,0.9246373637081496,-0.014590303948981937,0.014242421239406878,0.027399603548608077,0.4897837596710102,0.010000000000000186,0.9022264053051415,0.02,SAFE_DELTA_AWAY_FROM_EPSILON,9,0.00047424819997515344
near_symmetric_m3_selected,0.01,20,-0.0032729471324186975,-0.00034788270957505853,-0.00016364735662093488,-5.068977427858869e-32,-0.00034788270957505853,-0.0046161165093514395,0.004268233799776381,0.9246373637081496,-0.014590303948981937,0.014242421239406878,0.027399603548608077,0.4897837596710102,0.010000000000000186,0.9022264053051415,0.05,SAFE_DELTA_AWAY_FROM_EPSILON,6,0.0007113722999627302
near_symmetric_m3_selected,0.01,20,-0.0032729471324186975,-0.00034788270957505853,-0.00016364735662093488,-5.068977427858869e-32,-0.00034788270957505853,-0.0046161165093514395,0.004268233799776381,0.9246373637081496,-0.014590303948981937,0.014242421239406878,0.027399603548608077,0.4897837596710102,0.010000000000000186,0.9022264053051415,0.1,SAFE_DELTA_AWAY_FROM_EPSILON,5,0.0008536467599552762
near_symmetric_m3_selected,0.01,20,-0.0032729471324186975,-0.00034788270957505853,-0.00016364735662093488,-5.068977427858869e-32,-0.00034788270957505853,-0.0046161165093514395,0.004268233799776381,0.9246373637081496,-0.014590303948981937,0.014242421239406878,0.027399603548608077,0.4897837596710102,0.010000000000000186,0.9022264053051415,0.2,SAFE_DELTA_AWAY_FROM_EPSILON,3,0.0014227445999254603
near_symmetric_m3_selected,0.01,21,-0.0036400133706961787,-0.0003670662382774812,-0.00017333397003315137,-5.384966682926125e-32,-0.0003670662382774812,-0.004590317271815261,0.00422325103353778,0.920034669383033,-0.014590303948981937,0.014223237710704457,0.027399603548608077,0.4897837596710102,0.010000000000000103,0.9116379074222685,0.01,EXCLUDED_FROM_FITS_DELTA_EQUALS_EPSILON_ROUNDOFF_SENSITIVE,21,0.00020110719207322761
near_symmetric_m3_selected,0.01,21,-0.0036400133706961787,-0.0003670662382774812,-0.00017333397003315137,-5.384966682926125e-32,-0.0003670662382774812,-0.004590317271815261,0.00422325103353778,0.920034669383033,-0.014590303948981937,0.014223237710704457,0.027399603548608077,0.4897837596710102,0.010000000000000103,0.9116379074222685,0.02,SAFE_DELTA_AWAY_FROM_EPSILON,9,0.00046925011483753114
near_symmetric_m3_selected,0.01,21,-0.0036400133706961787,-0.0003670662382774812,-0.00017333397003315137,-5.384966682926125e-32,-0.0003670662382774812,-0.004590317271815261,0.00422325103353778,0.920034669383033,-0.014590303948981937,0.014223237710704457,0.027399603548608077,0.4897837596710102,0.010000000000000103,0.9116379074222685,0.05,SAFE_DELTA_AWAY_FROM_EPSILON,7,0.0006033215762196828
near_symmetric_m3_selected,0.01,21,-0.0036400133706961787,-0.0003670662382774812,-0.00017333397003315137,-5.384966682926125e-32,-0.0003670662382774812,-0.004590317271815261,0.00422325103353778,0.920034669383033,-0.014590303948981937,0.014223237710704457,0.027399603548608077,0.4897837596710102,0.010000000000000103,0.9116379074222685,0.1,SAFE_DELTA_AWAY_FROM_EPSILON,5,0.000844650206707556
near_symmetric_m3_selected,0.01,21,-0.0036400133706961787,-0.0003670662382774812,-0.00017333397003315137,-5.384966682926125e-32,-0.0003670662382774812,-0.004590317271815261,0.00422325103353778,0.920034669383033,-0.014590303948981937,0.014223237710704457,0.027399603548608077,0.4897837596710102,0.010000000000000103,0.9116379074222685,0.2,SAFE_DELTA_AWAY_FROM_EPSILON,3,0.0014077503445125933
near_symmetric_m3_selected,0.01,22,-0.004026450340149497,-0.0003864369694533187,-0.00018302047000679533,-5.693392224623403e-32,-0.0003864369694533187,-0.004657581656965157,0.004271144687511838,0.917030554069745,-0.014590303948981937,0.014203866979528619,0.027399603548608077,0.4897837596710102,0.009999999999999969,0.9356445545576839,0.01,EXCLUDED_FROM_FITS_DELTA_EQUALS_EPSILON_ROUNDOFF_SENSITIVE,21,0.0002033878422624685
near_symmetric_m3_selected,0.01,22,-0.004026450340149497,-0.0003864369694533187,-0.00018302047000679533,-5.693392224623403e-32,-0.0003864369694533187,-0.004657581656965157,0.004271144687511838,0.917030554069745,-0.014590303948981937,0.014203866979528619,0.027399603548608077,0.4897837596710102,0.009999999999999969,0.9356445545576839,0.02,SAFE_DELTA_AWAY_FROM_EPSILON,9,0.00047457163194575985
near_symmetric_m3_selected,0.01,22,-0.004026450340149497,-0.0003864369694533187,-0.00018302047000679533,-5.693392224623403e-32,-0.0003864369694533187,-0.004657581656965157,0.004271144687511838,0.917030554069745,-0.014590303948981937,0.014203866979528619,0.027399603548608077,0.4897837596710102,0.009999999999999969,0.9356445545576839,0.05,SAFE_DELTA_AWAY_FROM_EPSILON,8,0.0005338930859389798
near_symmetric_m3_selected,0.01,22,-0.004026450340149497,-0.0003864369694533187,-0.00018302047000679533,-5.693392224623403e-32,-0.0003864369694533187,-0.004657581656965157,0.004271144687511838,0.917030554069745,-0.014590303948981937,0.014203866979528619,0.027399603548608077,0.4897837596710102,0.009999999999999969,0.9356445545576839,0.1,SAFE_DELTA_AWAY_FROM_EPSILON,4,0.0010677861718779596
near_symmetric_m3_selected,0.01,22,-0.004026450340149497,-0.0003864369694533187,-0.00018302047000679533,-5.693392224623403e-32,-0.0003864369694533187,-0.004657581656965157,0.004271144687511838,0.917030554069745,-0.014590303948981937,0.014203866979528619,0.027399603548608077,0.4897837596710102,0.009999999999999969,0.9356445545576839,0.2,SAFE_DELTA_AWAY_FROM_EPSILON,3,0.0014237148958372795
near_symmetric_m3_selected,0.002,2,-1.693301425900401e-08,-1.693301425900401e-08,-8.466507129502004e-09,-4.0747632492084896e-34,-1.693301425900401e-08,-2.5051204283169115e-07,2.3357902857268715e-07,0.9324063862655074,-0.015070611164362,0.015070594231347741,0.00853293181655385,0.5101187293316786,0.09019023610743143,0.29398730961474173,0.01,SAFE_DELTA_AWAY_FROM_EPSILON,2,1.1678951428634358e-07
near_symmetric_m3_selected,0.002,2,-1.693301425900401e-08,-1.693301425900401e-08,-8.466507129502004e-09,-4.0747632492084896e-34,-1.693301425900401e-08,-2.5051204283169115e-07,2.3357902857268715e-07,0.9324063862655074,-0.015070611164362,0.015070594231347741,0.00853293181655385,0.5101187293316786,0.09019023610743143,0.29398730961474173,0.02,SAFE_DELTA_AWAY_FROM_EPSILON,2,1.1678951428634358e-07
near_symmetric_m3_selected,0.002,2,-1.693301425900401e-08,-1.693301425900401e-08,-8.466507129502004e-09,-4.0747632492084896e-34,-1.693301425900401e-08,-2.5051204283169115e-07,2.3357902857268715e-07,0.9324063862655074,-0.015070611164362,0.015070594231347741,0.00853293181655385,0.5101187293316786,0.09019023610743143,0.29398730961474173,0.05,SAFE_DELTA_AWAY_FROM_EPSILON,2,1.1678951428634358e-07
near_symmetric_m3_selected,0.002,2,-1.693301425900401e-08,-1.693301425900401e-08,-8.466507129502004e-09,-4.0747632492084896e-34,-1.693301425900401e-08,-2.5051204283169115e-07,2.3357902857268715e-07,0.9324063862655074,-0.015070611164362,0.015070594231347741,0.00853293181655385,0.5101187293316786,0.09019023610743143,0.29398730961474173,0.1,SAFE_DELTA_AWAY_FROM_EPSILON,1,2.3357902857268715e-07
near_symmetric_m3_selected,0.002,2,-1.693301425900401e-08,-1.693301425900401e-08,-8.466507129502004e-09,-4.0747632492084896e-34,-1.693301425900401e-08,-2.5051204283169115e-07,2.3357902857268715e-07,0.9324063862655074,-0.015070611164362,0.015070594231347741,0.00853293181655385,0.5101187293316786,0.09019023610743143,0.29398730961474173,0.2,SAFE_DELTA_AWAY_FROM_EPSILON,1,2.3357902857268715e-07
near_symmetric_m3_selected,0.002,3,-1.4767882024667268e-06,-1.4598551882077228e-06,-4.922627341555756e-07,-5.684142399556411e-34,-1.4598551882077228e-06,-7.2580848775014e-05,7.112099358680628e-05,0.9798864960544484,-0.015070611164362,0.015069151309173794,0.00853293181655385,0.5101187293316786,0.0252651771196878,0.31657130480017365,0.01,SAFE_DELTA_AWAY_FROM_EPSILON,3,2.370699786226876e-05
near_symmetric_m3_selected,0.002,3,-1.4767882024667268e-06,-1.4598551882077228e-06,-4.922627341555756e-07,-5.684142399556411e-34,-1.4598551882077228e-06,-7.2580848775014e-05,7.112099358680628e-05,0.9798864960544484,-0.015070611164362,0.015069151309173794,0.00853293181655385,0.5101187293316786,0.0252651771196878,0.31657130480017365,0.02,SAFE_DELTA_AWAY_FROM_EPSILON,3,2.370699786226876e-05
near_symmetric_m3_selected,0.002,3,-1.4767882024667268e-06,-1.4598551882077228e-06,-4.922627341555756e-07,-5.684142399556411e-34,-1.4598551882077228e-06,-7.2580848775014e-05,7.112099358680628e-05,0.9798864960544484,-0.015070611164362,0.015069151309173794,0.00853293181655385,0.5101187293316786,0.0252651771196878,0.31657130480017365,0.05,SAFE_DELTA_AWAY_FROM_EPSILON,2,3.556049679340314e-05
near_symmetric_m3_selected,0.002,3,-1.4767882024667268e-06,-1.4598551882077228e-06,-4.922627341555756e-07,-5.684142399556411e-34,-1.4598551882077228e-06,-7.2580848775014e-05,7.112099358680628e-05,0.9798864960544484,-0.015070611164362,0.015069151309173794,0.00853293181655385,0.5101187293316786,0.0252651771196878,0.31657130480017365,0.1,SAFE_DELTA_AWAY_FROM_EPSILON,2,3.556049679340314e-05
near_symmetric_m3_selected,0.002,3,-1.4767882024667268e-06,-1.4598551882077228e-06,-4.922627341555756e-07,-5.684142399556411e-34,-1.4598551882077228e-06,-7.2580848775014e-05,7.112099358680628e-05,0.9798864960544484,-0.015070611164362,0.015069151309173794,0.00853293181655385,0.5101187293316786,0.0252651771196878,0.31657130480017365,0.2,SAFE_DELTA_AWAY_FROM_EPSILON,2,3.556049679340314e-05
near_symmetric_m3_selected,0.002,4,-7.844730755214345e-06,-6.367942552747618e-06,-1.9611826888035864e-06,-1.0830713819787342e-33,-6.367942552747618e-06,-0.00025529084726976686,0.00024892290471701924,0.9750561266851114,-0.015070611164362,0.015064243221809253,0.00853293181655385,0.5101187293316786,0.0033410366681044506,0.3297441122842557,0.01,SAFE_DELTA_AWAY_FROM_EPSILON,3,8.297430157233974e-05
near_symmetric_m3_selected,0.002,4,-7.844730755214345e-06,-6.367942552747618e-06,-1.9611826888035864e-06,-1.0830713819787342e-33,-6.367942552747618e-06,-0.00025529084726976686,0.00024892290471701924,0.9750561266851114,-0.015070611164362,0.015064243221809253,0.00853293181655385,0.5101187293316786,0.0033410366681044506,0.3297441122842557,0.02,SAFE_DELTA_AWAY_FROM_EPSILON,3,8.297430157233974e-05
near_symmetric_m3_selected,0.002,4,-7.844730755214345e-06,-6.367942552747618e-06,-1.9611826888035864e-06,-1.0830713819787342e-33,-6.367942552747618e-06,-0.00025529084726976686,0.00024892290471701924,0.9750561266851114,-0.015070611164362,0.015064243221809253,0.00853293181655385,0.5101187293316786,0.0033410366681044506,0.3297441122842557,0.05,SAFE_DELTA_AWAY_FROM_EPSILON,3,8.297430157233974e-05
near_symmetric_m3_selected,0.002,4,-7.844730755214345e-06,-6.367942552747618e-06,-1.9611826888035864e-06,-1.0830713819787342e-33,-6.367942552747618e-06,-0.00025529084726976686,0.00024892290471701924,0.9750561266851114,-0.015070611164362,0.015064243221809253,0.00853293181655385,0.5101187293316786,0.0033410366681044506,0.3297441122842557,0.1,SAFE_DELTA_AWAY_FROM_EPSILON,3,8.297430157233974e-05
near_symmetric_m3_selected,0.002,4,-7.844730755214345e-06,-6.367942552747618e-06,-1.9611826888035864e-06,-1.0830713819787342e-33,-6.367942552747618e-06,-0.00025529084726976686,0.00024892290471701924,0.9750561266851114,-0.015070611164362,0.015064243221809253,0.00853293181655385,0.5101187293316786,0.0033410366681044506,0.3297441122842557,0.2,SAFE_DELTA_AWAY_FROM_EPSILON,2,0.00012446145235850962
near_symmetric_m3_selected,0.002,5,-2.546869507184476e-05,-1.7623964316630413e-05,-5.093739014368952e-06,-7.744996007723488e-33,-1.7623964316630413e-05,-0.0005481808589151947,0.0005305568945985643,0.9678500917534648,-0.015070611164362,0.015052987200045371,0.00853293181655385,0.5101187293316786,0.002424552427004267,0.33907752572085437,0.01,SAFE_DELTA_AWAY_FROM_EPSILON,4,0.00013263922364964109
near_symmetric_m3_selected,0.002,5,-2.546869507184476e-05,-1.7623964316630413e-05,-5.093739014368952e-06,-7.744996007723488e-33,-1.7623964316630413e-05,-0.0005481808589151947,0.0005305568945985643,0.9678500917534648,-0.015070611164362,0.015052987200045371,0.00853293181655385,0.5101187293316786,0.002424552427004267,0.33907752572085437,0.02,SAFE_DELTA_AWAY_FROM_EPSILON,3,0.00017685229819952144
near_symmetric_m3_selected,0.002,5,-2.546869507184476e-05,-1.7623964316630413e-05,-5.093739014368952e-06,-7.744996007723488e-33,-1.7623964316630413e-05,-0.0005481808589151947,0.0005305568945985643,0.9678500917534648,-0.015070611164362,0.015052987200045371,0.00853293181655385,0.5101187293316786,0.002424552427004267,0.33907752572085437,0.05,SAFE_DELTA_AWAY_FROM_EPSILON,3,0.00017685229819952144
near_symmetric_m3_selected,0.002,5,-2.546869507184476e-05,-1.7623964316630413e-05,-5.093739014368952e-06,-7.744996007723488e-33,-1.7623964316630413e-05,-0.0005481808589151947,0.0005305568945985643,0.9678500917534648,-0.015070611164362,0.015052987200045371,0.00853293181655385,0.5101187293316786,0.002424552427004267,0.33907752572085437,0.1,SAFE_DELTA_AWAY_FROM_EPSILON,3,0.00017685229819952144
near_symmetric_m3_selected,0.002,5,-2.546869507184476e-05,-1.7623964316630413e-05,-5.093739014368952e-06,-7.744996007723488e-33,-1.7623964316630413e-05,-0.0005481808589151947,0.0005305568945985643,0.9678500917534648,-0.015070611164362,0.015052987200045371,0.00853293181655385,0.5101187293316786,0.002424552427004267,0.33907752572085437,0.2,SAFE_DELTA_AWAY_FROM_EPSILON,3,0.00017685229819952144
near_symmetric_m3_selected,0.002,6,-9.014789318198526e-05,-6.46791981101405e-05,-1.502464886366421e-05,-9.255166529592882e-33,-6.46791981101405e-05,-0.000932961309533235,0.0008682821114230946,0.9306732257284069,-0.015070611164362,0.01500593196625186,0.00853293181655385,0.5101187293316786,0.0020454994021461004,0.469251049849682,0.01,SAFE_DELTA_AWAY_FROM_EPSILON,4,0.00021707052785577364
near_symmetric_m3_selected,0.002,6,-9.014789318198526e-05,-6.46791981101405e-05,-1.502464886366421e-05,-9.255166529592882e-33,-6.46791981101405e-05,-0.000932961309533235,0.0008682821114230946,0.9306732257284069,-0.015070611164362,0.01500593196625186,0.00853293181655385,0.5101187293316786,0.0020454994021461004,0.469251049849682,0.02,SAFE_DELTA_AWAY_FROM_EPSILON,4,0.00021707052785577364
near_symmetric_m3_selected,0.002,6,-9.014789318198526e-05,-6.46791981101405e-05,-1.502464886366421e-05,-9.255166529592882e-33,-6.46791981101405e-05,-0.000932961309533235,0.0008682821114230946,0.9306732257284069,-0.015070611164362,0.01500593196625186,0.00853293181655385,0.5101187293316786,0.0020454994021461004,0.469251049849682,0.05,SAFE_DELTA_AWAY_FROM_EPSILON,3,0.00028942737047436487
near_symmetric_m3_selected,0.002,6,-9.014789318198526e-05,-6.46791981101405e-05,-1.502464886366421e-05,-9.255166529592882e-33,-6.46791981101405e-05,-0.000932961309533235,0.0008682821114230946,0.9306732257284069,-0.015070611164362,0.01500593196625186,0.00853293181655385,0.5101187293316786,0.0020454994021461004,0.469251049849682,0.1,SAFE_DELTA_AWAY_FROM_EPSILON,3,0.00028942737047436487
near_symmetric_m3_selected,0.002,6,-9.014789318198526e-05,-6.46791981101405e-05,-1.502464886366421e-05,-9.255166529592882e-33,-6.46791981101405e-05,-0.000932961309533235,0.0008682821114230946,0.9306732257284069,-0.015070611164362,0.01500593196625186,0.00853293181655385,0.5101187293316786,0.0020454994021461004,0.469251049849682,0.2,SAFE_DELTA_AWAY_FROM_EPSILON,3,0.00028942737047436487
near_symmetric_m3_selected,0.002,7,-0.00019119411595045906,-0.0001010462227684738,-2.7313445135779864e-05,-1.3265619739645527e-32,-0.0001010462227684738,-0.0012939874967757509,0.001192941274007277,0.9219109743948436,-0.015070611164362,0.014969564941593527,0.00853293181655385,0.5101187293316786,0.002003297370744409,0.5623561175135688,0.01,SAFE_DELTA_AWAY_FROM_EPSILON,5,0.0002385882548014554
near_symmetric_m3_selected,0.002,7,-0.00019119411595045906,-0.0001010462227684738,-2.7313445135779864e-05,-1.3265619739645527e-32,-0.0001010462227684738,-0.0012939874967757509,0.001192941274007277,0.9219109743948436,-0.015070611164362,0.014969564941593527,0.00853293181655385,0.5101187293316786,0.002003297370744409,0.5623561175135688,0.02,SAFE_DELTA_AWAY_FROM_EPSILON,4,0.00029823531850181926
near_symmetric_m3_selected,0.002,7,-0.00019119411595045906,-0.0001010462227684738,-2.7313445135779864e-05,-1.3265619739645527e-32,-0.0001010462227684738,-0.0012939874967757509,0.001192941274007277,0.9219109743948436,-0.015070611164362,0.014969564941593527,0.00853293181655385,0.5101187293316786,0.002003297370744409,0.5623561175135688,0.05,SAFE_DELTA_AWAY_FROM_EPSILON,4,0.00029823531850181926
near_symmetric_m3_selected,0.002,7,-0.00019119411595045906,-0.0001010462227684738,-2.7313445135779864e-05,-1.3265619739645527e-32,-0.0001010462227684738,-0.0012939874967757509,0.001192941274007277,0.9219109743948436,-0.015070611164362,0.014969564941593527,0.00853293181655385,0.5101187293316786,0.002003297370744409,0.5623561175135688,0.1,SAFE_DELTA_AWAY_FROM_EPSILON,3,0.000397647091335759
near_symmetric_m3_selected,0.002,7,-0.00019119411595045906,-0.0001010462227684738,-2.7313445135779864e-05,-1.3265619739645527e-32,-0.0001010462227684738,-0.0012939874967757509,0.001192941274007277,0.9219109743948436,-0.015070611164362,0.014969564941593527,0.00853293181655385,0.5101187293316786,0.002003297370744409,0.5623561175135688,0.2,SAFE_DELTA_AWAY_FROM_EPSILON,3,0.000397647091335759
near_symmetric_m3_selected,0.002,8,-0.00030846511717330443,-0.00011727100122284539,-3.8558139646663054e-05,-1.5733706769425082e-32,-0.00011727100122284539,-0.0017089961222229704,0.001591725121000125,0.931380182963607,-0.015070611164362,0.014953340163139156,0.00853293181655385,0.5101187293316786,0.0020010315519067715,0.5837052180233837,0.01,SAFE_DELTA_AWAY_FROM_EPSILON,5,0.000318345024200025
near_symmetric_m3_selected,0.002,8,-0.00030846511717330443,-0.00011727100122284539,-3.8558139646663054e-05,-1.5733706769425082e-32,-0.00011727100122284539,-0.0017089961222229704,0.001591725121000125,0.931380182963607,-0.015070611164362,0.014953340163139156,0.00853293181655385,0.5101187293316786,0.0020010315519067715,0.5837052180233837,0.02,SAFE_DELTA_AWAY_FROM_EPSILON,5,0.000318345024200025
near_symmetric_m3_selected,0.002,8,-0.00030846511717330443,-0.00011727100122284539,-3.8558139646663054e-05,-1.5733706769425082e-32,-0.00011727100122284539,-0.0017089961222229704,0.001591725121000125,0.931380182963607,-0.015070611164362,0.014953340163139156,0.00853293181655385,0.5101187293316786,0.0020010315519067715,0.5837052180233837,0.05,SAFE_DELTA_AWAY_FROM_EPSILON,4,0.00039793128025003127
near_symmetric_m3_selected,0.002,8,-0.00030846511717330443,-0.00011727100122284539,-3.8558139646663054e-05,-1.5733706769425082e-32,-0.00011727100122284539,-0.0017089961222229704,0.001591725121000125,0.931380182963607,-0.015070611164362,0.014953340163139156,0.00853293181655385,0.5101187293316786,0.0020010315519067715,0.5837052180233837,0.1,SAFE_DELTA_AWAY_FROM_EPSILON,3,0.000530575040333375
near_symmetric_m3_selected,0.002,8,-0.00030846511717330443,-0.00011727100122284539,-3.8558139646663054e-05,-1.5733706769425082e-32,-0.00011727100122284539,-0.0017089961222229704,0.001591725121000125,0.931380182963607,-0.015070611164362,0.014953340163139156,0.00853293181655385,0.5101187293316786,0.0020010315519067715,0.5837052180233837,0.2,SAFE_DELTA_AWAY_FROM_EPSILON,3,0.000530575040333375
near_symmetric_m3_selected,0.002,9,-0.0004404265280780778,-0.00013196141090477336,-4.89362808975642e-05,-1.9410224517841829e-32,-0.00013196141090477336,-0.002096354362864529,0.001964392951959756,0.9370519539814554,-0.015070611164362,0.014938649753457227,0.00853293181655385,0.5101187293316786,0.0020000558759313497,0.6000481842268731,0.01,SAFE_DELTA_AWAY_FROM_EPSILON,6,0.000327398825326626
near_symmetric_m3_selected,0.002,9,-0.0004404265280780778,-0.00013196141090477336,-4.89362808975642e-05,-1.9410224517841829e-32,-0.00013196141090477336,-0.002096354362864529,0.001964392951959756,0.9370519539814554,-0.015070611164362,0.014938649753457227,0.00853293181655385,0.5101187293316786,0.0020000558759313497,0.6000481842268731,0.02,SAFE_DELTA_AWAY_FROM_EPSILON,6,0.000327398825326626
near_symmetric_m3_selected,0.002,9,-0.0004404265280780778,-0.00013196141090477336,-4.89362808975642e-05,-1.9410224517841829e-32,-0.00013196141090477336,-0.002096354362864529,0.001964392951959756,0.9370519539814554,-0.015070611164362,0.014938649753457227,0.00853293181655385,0.5101187293316786,0.0020000558759313497,0.6000481842268731,0.05,SAFE_DELTA_AWAY_FROM_EPSILON,5,0.0003928785903919512
near_symmetric_m3_selected,0.002,9,-0.0004404265280780778,-0.00013196141090477336,-4.89362808975642e-05,-1.9410224517841829e-32,-0.00013196141090477336,-0.002096354362864529,0.001964392951959756,0.9370519539814554,-0.015070611164362,0.014938649753457227,0.00853293181655385,0.5101187293316786,0.0020000558759313497,0.6000481842268731,0.1,SAFE_DELTA_AWAY_FROM_EPSILON,3,0.000654797650653252
near_symmetric_m3_selected,0.002,9,-0.0004404265280780778,-0.00013196141090477336,-4.89362808975642e-05,-1.9410224517841829e-32,-0.00013196141090477336,-0.002096354362864529,0.001964392951959756,0.9370519539814554,-0.015070611164362,0.014938649753457227,0.00853293181655385,0.5101187293316786,0.0020000558759313497,0.6000481842268731,0.2,SAFE_DELTA_AWAY_FROM_EPSILON,3,0.000654797650653252
near_symmetric_m3_selected,0.002,10,-0.0005975068856402473,-0.0001570803575621695,-5.975068856402473e-05,-2.2266445647848566e-32,-0.0001570803575621695,-0.0022483555239850347,0.002091275166422865,0.9301354452681234,-0.015070611164362,0.014913530806799831,0.00853293181655385,0.5101187293316786,0.002000007232249649,0.6156833985524419,0.01,SAFE_DELTA_AWAY_FROM_EPSILON,6,0.0003485458610704775
near_symmetric_m3_selected,0.002,10,-0.0005975068856402473,-0.0001570803575621695,-5.975068856402473e-05,-2.2266445647848566e-32,-0.0001570803575621695,-0.0022483555239850347,0.002091275166422865,0.9301354452681234,-0.015070611164362,0.014913530806799831,0.00853293181655385,0.5101187293316786,0.002000007232249649,0.6156833985524419,0.02,SAFE_DELTA_AWAY_FROM_EPSILON,6,0.0003485458610704775
near_symmetric_m3_selected,0.002,10,-0.0005975068856402473,-0.0001570803575621695,-5.975068856402473e-05,-2.2266445647848566e-32,-0.0001570803575621695,-0.0022483555239850347,0.002091275166422865,0.9301354452681234,-0.015070611164362,0.014913530806799831,0.00853293181655385,0.5101187293316786,0.002000007232249649,0.6156833985524419,0.05,SAFE_DELTA_AWAY_FROM_EPSILON,5,0.00041825503328457304
near_symmetric_m3_selected,0.002,10,-0.0005975068856402473,-0.0001570803575621695,-5.975068856402473e-05,-2.2266445647848566e-32,-0.0001570803575621695,-0.0022483555239850347,0.002091275166422865,0.9301354452681234,-0.015070611164362,0.014913530806799831,0.00853293181655385,0.5101187293316786,0.002000007232249649,0.6156833985524419,0.1,SAFE_DELTA_AWAY_FROM_EPSILON,3,0.000697091722140955
near_symmetric_m3_selected,0.002,10,-0.0005975068856402473,-0.0001570803575621695,-5.975068856402473e-05,-2.2266445647848566e-32,-0.0001570803575621695,-0.0022483555239850347,0.002091275166422865,0.9301354452681234,-0.015070611164362,0.014913530806799831,0.00853293181655385,0.5101187293316786,0.002000007232249649,0.6156833985524419,0.2,SAFE_DELTA_AWAY_FROM_EPSILON,3,0.000697091722140955
near_symmetric_m3_selected,0.002,11,-0.0008034853922795578,-0.00020597850663931058,-7.30441265708689e-05,-2.4395563730247462e-32,-0.00020597850663931058,-0.002329801516871212,0.002123823010231901,0.9115896761386232,-0.015070611164362,0.01486463265772269,0.00853293181655385,0.5101187293316786,0.0020000020324678217,0.6866212681745345,0.01,SAFE_DELTA_AWAY_FROM_EPSILON,6,0.0003539705017053169
near_symmetric_m3_selected,0.002,11,-0.0008034853922795578,-0.00020597850663931058,-7.30441265708689e-05,-2.4395563730247462e-32,-0.00020597850663931058,-0.002329801516871212,0.002123823010231901,0.9115896761386232,-0.015070611164362,0.01486463265772269,0.00853293181655385,0.5101187293316786,0.0020000020324678217,0.6866212681745345,0.02,SAFE_DELTA_AWAY_FROM_EPSILON,6,0.0003539705017053169
near_symmetric_m3_selected,0.002,11,-0.0008034853922795578,-0.00020597850663931058,-7.30441265708689e-05,-2.4395563730247462e-32,-0.00020597850663931058,-0.002329801516871212,0.002123823010231901,0.9115896761386232,-0.015070611164362,0.01486463265772269,0.00853293181655385,0.5101187293316786,0.0020000020324678217,0.6866212681745345,0.05,SAFE_DELTA_AWAY_FROM_EPSILON,5,0.00042476460204638025
near_symmetric_m3_selected,0.002,11,-0.0008034853922795578,-0.00020597850663931058,-7.30441265708689e-05,-2.4395563730247462e-32,-0.00020597850663931058,-0.002329801516871212,0.002123823010231901,0.9115896761386232,-0.015070611164362,0.01486463265772269,0.00853293181655385,0.5101187293316786,0.0020000020324678217,0.6866212681745345,0.1,SAFE_DELTA_AWAY_FROM_EPSILON,4,0.0005309557525579753
near_symmetric_m3_selected,0.002,11,-0.0008034853922795578,-0.00020597850663931058,-7.30441265708689e-05,-2.4395563730247462e-32,-0.00020597850663931058,-0.002329801516871212,0.002123823010231901,0.9115896761386232,-0.015070611164362,0.01486463265772269,0.00853293181655385,0.5101187293316786,0.0020000020324678217,0.6866212681745345,0.2,SAFE_DELTA_AWAY_FROM_EPSILON,3,0.0007079410034106338
near_symmetric_m3_selected,0.002,12,-0.0010630992525994668,-0.0002596138603199089,-8.85916043832889e-05,-4.006336030621137e-32,-0.0002596138603199089,-0.0025322946935649304,0.0022726808332450216,0.8974788120120302,-0.015070611164362,0.014810997304042091,0.00853293181655385,0.5101187293316786,0.0020000000741609777,0.7570975153438325,0.01,SAFE_DELTA_AWAY_FROM_EPSILON,6,0.00037878013887417025
near_symmetric_m3_selected,0.002,12,-0.0010630992525994668,-0.0002596138603199089,-8.85916043832889e-05,-4.006336030621137e-32,-0.0002596138603199089,-0.0025322946935649304,0.0022726808332450216,0.8974788120120302,-0.015070611164362,0.014810997304042091,0.00853293181655385,0.5101187293316786,0.0020000000741609777,0.7570975153438325,0.02,SAFE_DELTA_AWAY_FROM_EPSILON,6,0.00037878013887417025
near_symmetric_m3_selected,0.002,12,-0.0010630992525994668,-0.0002596138603199089,-8.85916043832889e-05,-4.006336030621137e-32,-0.0002596138603199089,-0.0025322946935649304,0.0022726808332450216,0.8974788120120302,-0.015070611164362,0.014810997304042091,0.00853293181655385,0.5101187293316786,0.0020000000741609777,0.7570975153438325,0.05,SAFE_DELTA_AWAY_FROM_EPSILON,6,0.00037878013887417025
near_symmetric_m3_selected,0.002,12,-0.0010630992525994668,-0.0002596138603199089,-8.85916043832889e-05,-4.006336030621137e-32,-0.0002596138603199089,-0.0025322946935649304,0.0022726808332450216,0.8974788120120302,-0.015070611164362,0.014810997304042091,0.00853293181655385,0.5101187293316786,0.0020000000741609777,0.7570975153438325,0.1,SAFE_DELTA_AWAY_FROM_EPSILON,4,0.0005681702083112554
near_symmetric_m3_selected,0.002,12,-0.0010630992525994668,-0.0002596138603199089,-8.85916043832889e-05,-4.006336030621137e-32,-0.0002596138603199089,-0.0025322946935649304,0.0022726808332450216,0.8974788120120302,-0.015070611164362,0.014810997304042091,0.00853293181655385,0.5101187293316786,0.0020000000741609777,0.7570975153438325,0.2,SAFE_DELTA_AWAY_FROM_EPSILON,3,0.0007575602777483405
near_symmetric_m3_selected,0.002,13,-0.0013487395856117256,-0.0002856403330122589,-0.00010374919889320967,-4.426829629731471e-32,-0.0002856403330122589,-0.002952109571090513,0.002666469238078254,0.9032419609998612,-0.015070611164362,0.014784970831349742,0.00853293181655385,0.5101187293316786,0.002000000015150228,0.7744297088422243,0.01,SAFE_DELTA_AWAY_FROM_EPSILON,6,0.000444411539679709
near_symmetric_m3_selected,0.002,13,-0.0013487395856117256,-0.0002856403330122589,-0.00010374919889320967,-4.426829629731471e-32,-0.0002856403330122589,-0.002952109571090513,0.002666469238078254,0.9032419609998612,-0.015070611164362,0.014784970831349742,0.00853293181655385,0.5101187293316786,0.002000000015150228,0.7744297088422243,0.02,SAFE_DELTA_AWAY_FROM_EPSILON,6,0.000444411539679709
near_symmetric_m3_selected,0.002,13,-0.0013487395856117256,-0.0002856403330122589,-0.00010374919889320967,-4.426829629731471e-32,-0.0002856403330122589,-0.002952109571090513,0.002666469238078254,0.9032419609998612,-0.015070611164362,0.014784970831349742,0.00853293181655385,0.5101187293316786,0.002000000015150228,0.7744297088422243,0.05,SAFE_DELTA_AWAY_FROM_EPSILON,6,0.000444411539679709
near_symmetric_m3_selected,0.002,13,-0.0013487395856117256,-0.0002856403330122589,-0.00010374919889320967,-4.426829629731471e-32,-0.0002856403330122589,-0.002952109571090513,0.002666469238078254,0.9032419609998612,-0.015070611164362,0.014784970831349742,0.00853293181655385,0.5101187293316786,0.002000000015150228,0.7744297088422243,0.1,SAFE_DELTA_AWAY_FROM_EPSILON,5,0.0005332938476156508
near_symmetric_m3_selected,0.002,13,-0.0013487395856117256,-0.0002856403330122589,-0.00010374919889320967,-4.426829629731471e-32,-0.0002856403330122589,-0.002952109571090513,0.002666469238078254,0.9032419609998612,-0.015070611164362,0.014784970831349742,0.00853293181655385,0.5101187293316786,0.002000000015150228,0.7744297088422243,0.2,SAFE_DELTA_AWAY_FROM_EPSILON,3,0.000888823079359418
near_symmetric_m3_selected,0.002,14,-0.0016469250272532776,-0.0002981854416415519,-0.00011763750194666269,-4.86310481039867e-32,-0.0002981854416415519,-0.0034858428536111014,0.0031876574119695496,0.9144581513958234,-0.015070611164362,0.014772425722720448,0.00853293181655385,0.5101187293316786,0.0020000000033263965,0.7867525043787327,0.01,SAFE_DELTA_AWAY_FROM_EPSILON,6,0.0005312762353282583
near_symmetric_m3_selected,0.002,14,-0.0016469250272532776,-0.0002981854416415519,-0.00011763750194666269,-4.86310481039867e-32,-0.0002981854416415519,-0.0034858428536111014,0.0031876574119695496,0.9144581513958234,-0.015070611164362,0.014772425722720448,0.00853293181655385,0.5101187293316786,0.0020000000033263965,0.7867525043787327,0.02,SAFE_DELTA_AWAY_FROM_EPSILON,6,0.0005312762353282583
near_symmetric_m3_selected,0.002,14,-0.0016469250272532776,-0.0002981854416415519,-0.00011763750194666269,-4.86310481039867e-32,-0.0002981854416415519,-0.0034858428536111014,0.0031876574119695496,0.9144581513958234,-0.015070611164362,0.014772425722720448,0.00853293181655385,0.5101187293316786,0.0020000000033263965,0.7867525043787327,0.05,SAFE_DELTA_AWAY_FROM_EPSILON,6,0.0005312762353282583
near_symmetric_m3_selected,0.002,14,-0.0016469250272532776,-0.0002981854416415519,-0.00011763750194666269,-4.86310481039867e-32,-0.0002981854416415519,-0.0034858428536111014,0.0031876574119695496,0.9144581513958234,-0.015070611164362,0.014772425722720448,0.00853293181655385,0.5101187293316786,0.0020000000033263965,0.7867525043787327,0.1,SAFE_DELTA_AWAY_FROM_EPSILON,5,0.00063753148239391
near_symmetric_m3_selected,0.002,14,-0.0016469250272532776,-0.0002981854416415519,-0.00011763750194666269,-4.86310481039867e-32,-0.0002981854416415519,-0.0034858428536111014,0.0031876574119695496,0.9144581513958234,-0.015070611164362,0.014772425722720448,0.00853293181655385,0.5101187293316786,0.0020000000033263965,0.7867525043787327,0.2,SAFE_DELTA_AWAY_FROM_EPSILON,3,0.0010625524706565166
near_symmetric_m3_selected,0.002,15,-0.0019638701168958423,-0.00031694508964256497,-0.00013092467445972284,-5.21599876200314e-32,-0.00031694508964256497,-0.003723563277496268,0.0034066181878537032,0.9148812398172324,-0.015070611164362,0.014753666074719436,0.00853293181655385,0.5101187293316786,0.002000000000116198,0.8028393771134802,0.01,SAFE_DELTA_AWAY_FROM_EPSILON,7,0.0004866597411219576
near_symmetric_m3_selected,0.002,15,-0.0019638701168958423,-0.00031694508964256497,-0.00013092467445972284,-5.21599876200314e-32,-0.00031694508964256497,-0.003723563277496268,0.0034066181878537032,0.9148812398172324,-0.015070611164362,0.014753666074719436,0.00853293181655385,0.5101187293316786,0.002000000000116198,0.8028393771134802,0.02,SAFE_DELTA_AWAY_FROM_EPSILON,6,0.0005677696979756172
near_symmetric_m3_selected,0.002,15,-0.0019638701168958423,-0.00031694508964256497,-0.00013092467445972284,-5.21599876200314e-32,-0.00031694508964256497,-0.003723563277496268,0.0034066181878537032,0.9148812398172324,-0.015070611164362,0.014753666074719436,0.00853293181655385,0.5101187293316786,0.002000000000116198,0.8028393771134802,0.05,SAFE_DELTA_AWAY_FROM_EPSILON,6,0.0005677696979756172
near_symmetric_m3_selected,0.002,15,-0.0019638701168958423,-0.00031694508964256497,-0.00013092467445972284,-5.21599876200314e-32,-0.00031694508964256497,-0.003723563277496268,0.0034066181878537032,0.9148812398172324,-0.015070611164362,0.014753666074719436,0.00853293181655385,0.5101187293316786,0.002000000000116198,0.8028393771134802,0.1,SAFE_DELTA_AWAY_FROM_EPSILON,6,0.0005677696979756172
near_symmetric_m3_selected,0.002,15,-0.0019638701168958423,-0.00031694508964256497,-0.00013092467445972284,-5.21599876200314e-32,-0.00031694508964256497,-0.003723563277496268,0.0034066181878537032,0.9148812398172324,-0.015070611164362,0.014753666074719436,0.00853293181655385,0.5101187293316786,0.002000000000116198,0.8028393771134802,0.2,SAFE_DELTA_AWAY_FROM_EPSILON,3,0.0011355393959512343
near_symmetric_m3_selected,0.002,16,-0.002312140151487976,-0.00034827003459213376,-0.0001445087594679985,-5.503531964306383e-32,-0.00034827003459213376,-0.003708894910097519,0.003360624875505385,0.9060987051307483,-0.015070611164362,0.014722341129769867,0.00853293181655385,0.5101187293316786,0.0020000000000309688,0.8329322103905058,0.01,SAFE_DELTA_AWAY_FROM_EPSILON,7,0.0004800892679293407
near_symmetric_m3_selected,0.002,16,-0.002312140151487976,-0.00034827003459213376,-0.0001445087594679985,-5.503531964306383e-32,-0.00034827003459213376,-0.003708894910097519,0.003360624875505385,0.9060987051307483,-0.015070611164362,0.014722341129769867,0.00853293181655385,0.5101187293316786,0.0020000000000309688,0.8329322103905058,0.02,SAFE_DELTA_AWAY_FROM_EPSILON,7,0.0004800892679293407
near_symmetric_m3_selected,0.002,16,-0.002312140151487976,-0.00034827003459213376,-0.0001445087594679985,-5.503531964306383e-32,-0.00034827003459213376,-0.003708894910097519,0.003360624875505385,0.9060987051307483,-0.015070611164362,0.014722341129769867,0.00853293181655385,0.5101187293316786,0.0020000000000309688,0.8329322103905058,0.05,SAFE_DELTA_AWAY_FROM_EPSILON,6,0.0005601041459175642
near_symmetric_m3_selected,0.002,16,-0.002312140151487976,-0.00034827003459213376,-0.0001445087594679985,-5.503531964306383e-32,-0.00034827003459213376,-0.003708894910097519,0.003360624875505385,0.9060987051307483,-0.015070611164362,0.014722341129769867,0.00853293181655385,0.5101187293316786,0.0020000000000309688,0.8329322103905058,0.1,SAFE_DELTA_AWAY_FROM_EPSILON,6,0.0005601041459175642
near_symmetric_m3_selected,0.002,16,-0.002312140151487976,-0.00034827003459213376,-0.0001445087594679985,-5.503531964306383e-32,-0.00034827003459213376,-0.003708894910097519,0.003360624875505385,0.9060987051307483,-0.015070611164362,0.014722341129769867,0.00853293181655385,0.5101187293316786,0.0020000000000309688,0.8329322103905058,0.2,SAFE_DELTA_AWAY_FROM_EPSILON,4,0.0008401562188763463
near_symmetric_m3_selected,0.002,17,-0.0026939286181213926,-0.0003817884666334163,-0.0001584663893012584,-6.398579651081375e-32,-0.0003817884666334163,-0.0038307051932962993,0.003448916726662883,0.900334677985259,-0.015070611164362,0.014688822697728584,0.00853293181655385,0.5101187293316786,0.002000000000004621,0.8777205903602509,0.01,SAFE_DELTA_AWAY_FROM_EPSILON,8,0.00043111459083286036
near_symmetric_m3_selected,0.002,17,-0.0026939286181213926,-0.0003817884666334163,-0.0001584663893012584,-6.398579651081375e-32,-0.0003817884666334163,-0.0038307051932962993,0.003448916726662883,0.900334677985259,-0.015070611164362,0.014688822697728584,0.00853293181655385,0.5101187293316786,0.002000000000004621,0.8777205903602509,0.02,SAFE_DELTA_AWAY_FROM_EPSILON,7,0.000492702389523269
near_symmetric_m3_selected,0.002,17,-0.0026939286181213926,-0.0003817884666334163,-0.0001584663893012584,-6.398579651081375e-32,-0.0003817884666334163,-0.0038307051932962993,0.003448916726662883,0.900334677985259,-0.015070611164362,0.014688822697728584,0.00853293181655385,0.5101187293316786,0.002000000000004621,0.8777205903602509,0.05,SAFE_DELTA_AWAY_FROM_EPSILON,6,0.0005748194544438138
near_symmetric_m3_selected,0.002,17,-0.0026939286181213926,-0.0003817884666334163,-0.0001584663893012584,-6.398579651081375e-32,-0.0003817884666334163,-0.0038307051932962993,0.003448916726662883,0.900334677985259,-0.015070611164362,0.014688822697728584,0.00853293181655385,0.5101187293316786,0.002000000000004621,0.8777205903602509,0.1,SAFE_DELTA_AWAY_FROM_EPSILON,6,0.0005748194544438138
near_symmetric_m3_selected,0.002,17,-0.0026939286181213926,-0.0003817884666334163,-0.0001584663893012584,-6.398579651081375e-32,-0.0003817884666334163,-0.0038307051932962993,0.003448916726662883,0.900334677985259,-0.015070611164362,0.014688822697728584,0.00853293181655385,0.5101187293316786,0.002000000000004621,0.8777205903602509,0.2,SAFE_DELTA_AWAY_FROM_EPSILON,3,0.0011496389088876276
near_symmetric_m3_selected,0.002,18,-0.0030980757840059743,-0.00040414716588458167,-0.00017211532133366524,-6.957763429885963e-32,-0.00040414716588458167,-0.004213725708135732,0.0038095785422511503,0.9040879274357448,-0.015070611164362,0.01466646399847742,0.00853293181655385,0.5101187293316786,0.0020000000000003886,0.8898092440641608,0.01,SAFE_DELTA_AWAY_FROM_EPSILON,8,0.0004761973177813938
near_symmetric_m3_selected,0.002,18,-0.0030980757840059743,-0.00040414716588458167,-0.00017211532133366524,-6.957763429885963e-32,-0.00040414716588458167,-0.004213725708135732,0.0038095785422511503,0.9040879274357448,-0.015070611164362,0.01466646399847742,0.00853293181655385,0.5101187293316786,0.0020000000000003886,0.8898092440641608,0.02,SAFE_DELTA_AWAY_FROM_EPSILON,8,0.0004761973177813938
near_symmetric_m3_selected,0.002,18,-0.0030980757840059743,-0.00040414716588458167,-0.00017211532133366524,-6.957763429885963e-32,-0.00040414716588458167,-0.004213725708135732,0.0038095785422511503,0.9040879274357448,-0.015070611164362,0.01466646399847742,0.00853293181655385,0.5101187293316786,0.0020000000000003886,0.8898092440641608,0.05,SAFE_DELTA_AWAY_FROM_EPSILON,6,0.0006349297570418584
near_symmetric_m3_selected,0.002,18,-0.0030980757840059743,-0.00040414716588458167,-0.00017211532133366524,-6.957763429885963e-32,-0.00040414716588458167,-0.004213725708135732,0.0038095785422511503,0.9040879274357448,-0.015070611164362,0.01466646399847742,0.00853293181655385,0.5101187293316786,0.0020000000000003886,0.8898092440641608,0.1,SAFE_DELTA_AWAY_FROM_EPSILON,6,0.0006349297570418584
near_symmetric_m3_selected,0.002,18,-0.0030980757840059743,-0.00040414716588458167,-0.00017211532133366524,-6.957763429885963e-32,-0.00040414716588458167,-0.004213725708135732,0.0038095785422511503,0.9040879274357448,-0.015070611164362,0.01466646399847742,0.00853293181655385,0.5101187293316786,0.0020000000000003886,0.8898092440641608,0.2,SAFE_DELTA_AWAY_FROM_EPSILON,3,0.0012698595140837167
near_symmetric_m3_selected,0.002,19,-0.0035149087421372364,-0.0004168329581312622,-0.0001849951969545914,-7.435290616177797e-32,-0.0004168329581312622,-0.004713388751113573,0.0042965557929823105,0.9115640614127611,-0.015070611164362,0.014653778206230738,0.00853293181655385,0.5101187293316786,0.002000000000000282,0.8964687792749302,0.01,SAFE_DELTA_AWAY_FROM_EPSILON,9,0.0004773950881091456
near_symmetric_m3_selected,0.002,19,-0.0035149087421372364,-0.0004168329581312622,-0.0001849951969545914,-7.435290616177797e-32,-0.0004168329581312622,-0.004713388751113573,0.0042965557929823105,0.9115640614127611,-0.015070611164362,0.014653778206230738,0.00853293181655385,0.5101187293316786,0.002000000000000282,0.8964687792749302,0.02,SAFE_DELTA_AWAY_FROM_EPSILON,8,0.0005370694741227888
near_symmetric_m3_selected,0.002,19,-0.0035149087421372364,-0.0004168329581312622,-0.0001849951969545914,-7.435290616177797e-32,-0.0004168329581312622,-0.004713388751113573,0.0042965557929823105,0.9115640614127611,-0.015070611164362,0.014653778206230738,0.00853293181655385,0.5101187293316786,0.002000000000000282,0.8964687792749302,0.05,SAFE_DELTA_AWAY_FROM_EPSILON,6,0.0007160926321637184
near_symmetric_m3_selected,0.002,19,-0.0035149087421372364,-0.0004168329581312622,-0.0001849951969545914,-7.435290616177797e-32,-0.0004168329581312622,-0.004713388751113573,0.0042965557929823105,0.9115640614127611,-0.015070611164362,0.014653778206230738,0.00853293181655385,0.5101187293316786,0.002000000000000282,0.8964687792749302,0.1,SAFE_DELTA_AWAY_FROM_EPSILON,6,0.0007160926321637184
near_symmetric_m3_selected,0.002,19,-0.0035149087421372364,-0.0004168329581312622,-0.0001849951969545914,-7.435290616177797e-32,-0.0004168329581312622,-0.004713388751113573,0.0042965557929823105,0.9115640614127611,-0.015070611164362,0.014653778206230738,0.00853293181655385,0.5101187293316786,0.002000000000000282,0.8964687792749302,0.2,SAFE_DELTA_AWAY_FROM_EPSILON,4,0.0010741389482455776
near_symmetric_m3_selected,0.002,20,-0.003945485324191856,-0.00043057658205461957,-0.0001972742662095928,-7.925038383597036e-32,-0.00043057658205461957,-0.004948238178129567,0.004517661596074947,0.9129838608097524,-0.015070611164362,0.01464003458230738,0.00853293181655385,0.5101187293316786,0.002000000000000144,0.9087933670244093,0.01,SAFE_DELTA_AWAY_FROM_EPSILON,9,0.0005019623995638831
near_symmetric_m3_selected,0.002,20,-0.003945485324191856,-0.00043057658205461957,-0.0001972742662095928,-7.925038383597036e-32,-0.00043057658205461957,-0.004948238178129567,0.004517661596074947,0.9129838608097524,-0.015070611164362,0.01464003458230738,0.00853293181655385,0.5101187293316786,0.002000000000000144,0.9087933670244093,0.02,SAFE_DELTA_AWAY_FROM_EPSILON,9,0.0005019623995638831
near_symmetric_m3_selected,0.002,20,-0.003945485324191856,-0.00043057658205461957,-0.0001972742662095928,-7.925038383597036e-32,-0.00043057658205461957,-0.004948238178129567,0.004517661596074947,0.9129838608097524,-0.015070611164362,0.01464003458230738,0.00853293181655385,0.5101187293316786,0.002000000000000144,0.9087933670244093,0.05,SAFE_DELTA_AWAY_FROM_EPSILON,6,0.0007529435993458245
near_symmetric_m3_selected,0.002,20,-0.003945485324191856,-0.00043057658205461957,-0.0001972742662095928,-7.925038383597036e-32,-0.00043057658205461957,-0.004948238178129567,0.004517661596074947,0.9129838608097524,-0.015070611164362,0.01464003458230738,0.00853293181655385,0.5101187293316786,0.002000000000000144,0.9087933670244093,0.1,SAFE_DELTA_AWAY_FROM_EPSILON,5,0.0009035323192149895
near_symmetric_m3_selected,0.002,20,-0.003945485324191856,-0.00043057658205461957,-0.0001972742662095928,-7.925038383597036e-32,-0.00043057658205461957,-0.004948238178129567,0.004517661596074947,0.9129838608097524,-0.015070611164362,0.01464003458230738,0.00853293181655385,0.5101187293316786,0.002000000000000144,0.9087933670244093,0.2,SAFE_DELTA_AWAY_FROM_EPSILON,3,0.001505887198691649
near_symmetric_m3_selected,0.002,21,-0.00440345071922044,-0.0004579653950285839,-0.00020968812948668762,-8.472752302406716e-32,-0.0004579653950285839,-0.004921859999632558,0.004463894604603974,0.9069527790179377,-0.015070611164362,0.014612645769333417,0.00853293181655385,0.5101187293316786,0.002000000000000127,0.9183585263189588,0.01,SAFE_DELTA_AWAY_FROM_EPSILON,9,0.0004959882894004416
near_symmetric_m3_selected,0.002,21,-0.00440345071922044,-0.0004579653950285839,-0.00020968812948668762,-8.472752302406716e-32,-0.0004579653950285839,-0.004921859999632558,0.004463894604603974,0.9069527790179377,-0.015070611164362,0.014612645769333417,0.00853293181655385,0.5101187293316786,0.002000000000000127,0.9183585263189588,0.02,SAFE_DELTA_AWAY_FROM_EPSILON,9,0.0004959882894004416
near_symmetric_m3_selected,0.002,21,-0.00440345071922044,-0.0004579653950285839,-0.00020968812948668762,-8.472752302406716e-32,-0.0004579653950285839,-0.004921859999632558,0.004463894604603974,0.9069527790179377,-0.015070611164362,0.014612645769333417,0.00853293181655385,0.5101187293316786,0.002000000000000127,0.9183585263189588,0.05,SAFE_DELTA_AWAY_FROM_EPSILON,7,0.0006376992292291392
near_symmetric_m3_selected,0.002,21,-0.00440345071922044,-0.0004579653950285839,-0.00020968812948668762,-8.472752302406716e-32,-0.0004579653950285839,-0.004921859999632558,0.004463894604603974,0.9069527790179377,-0.015070611164362,0.014612645769333417,0.00853293181655385,0.5101187293316786,0.002000000000000127,0.9183585263189588,0.1,SAFE_DELTA_AWAY_FROM_EPSILON,4,0.0011159736511509935
near_symmetric_m3_selected,0.002,21,-0.00440345071922044,-0.0004579653950285839,-0.00020968812948668762,-8.472752302406716e-32,-0.0004579653950285839,-0.004921859999632558,0.004463894604603974,0.9069527790179377,-0.015070611164362,0.014612645769333417,0.00853293181655385,0.5101187293316786,0.002000000000000127,0.9183585263189588,0.2,SAFE_DELTA_AWAY_FROM_EPSILON,3,0.0014879648682013247
near_symmetric_m3_selected,0.002,22,-0.004889828816868265,-0.0004863780976478245,-0.00022226494622128474,-9.096530588842611e-32,-0.0004863780976478245,-0.005009434899711486,0.004523056802063661,0.9029075918970746,-0.015070611164362,0.014584233066714176,0.00853293181655385,0.5101187293316786,0.0020000000000000365,0.9427571187137277,0.01,SAFE_DELTA_AWAY_FROM_EPSILON,9,0.0005025618668959624
near_symmetric_m3_selected,0.002,22,-0.004889828816868265,-0.0004863780976478245,-0.00022226494622128474,-9.096530588842611e-32,-0.0004863780976478245,-0.005009434899711486,0.004523056802063661,0.9029075918970746,-0.015070611164362,0.014584233066714176,0.00853293181655385,0.5101187293316786,0.0020000000000000365,0.9427571187137277,0.02,SAFE_DELTA_AWAY_FROM_EPSILON,9,0.0005025618668959624
near_symmetric_m3_selected,0.002,22,-0.004889828816868265,-0.0004863780976478245,-0.00022226494622128474,-9.096530588842611e-32,-0.0004863780976478245,-0.005009434899711486,0.004523056802063661,0.9029075918970746,-0.015070611164362,0.014584233066714176,0.00853293181655385,0.5101187293316786,0.0020000000000000365,0.9427571187137277,0.05,SAFE_DELTA_AWAY_FROM_EPSILON,8,0.0005653821002579577
near_symmetric_m3_selected,0.002,22,-0.004889828816868265,-0.0004863780976478245,-0.00022226494622128474,-9.096530588842611e-32,-0.0004863780976478245,-0.005009434899711486,0.004523056802063661,0.9029075918970746,-0.015070611164362,0.014584233066714176,0.00853293181655385,0.5101187293316786,0.0020000000000000365,0.9427571187137277,0.1,SAFE_DELTA_AWAY_FROM_EPSILON,4,0.0011307642005159153
near_symmetric_m3_selected,0.002,22,-0.004889828816868265,-0.0004863780976478245,-0.00022226494622128474,-9.096530588842611e-32,-0.0004863780976478245,-0.005009434899711486,0.004523056802063661,0.9029075918970746,-0.015070611164362,0.014584233066714176,0.00853293181655385,0.5101187293316786,0.0020000000000000365,0.9427571187137277,0.2,SAFE_DELTA_AWAY_FROM_EPSILON,3,0.0015076856006878872
near_symmetric_m4_meaningful,0.2,2,-4.924797642581009e-09,-4.924797642581009e-09,-2.4623988212905045e-09,-6.141649843614338e-38,-4.924797642581009e-09,-0.0002850445717049905,0.00028503964690734795,0.9999827227103008,-0.009166920151086387,0.009166915226288744,0.27601603815967984,0.399710987477177,0.3300844630651931,0.3339995357019676,0.01,SAFE_DELTA_AWAY_FROM_EPSILON,2,0.00014251982345367398
near_symmetric_m4_meaningful,0.2,2,-4.924797642581009e-09,-4.924797642581009e-09,-2.4623988212905045e-09,-6.141649843614338e-38,-4.924797642581009e-09,-0.0002850445717049905,0.00028503964690734795,0.9999827227103008,-0.009166920151086387,0.009166915226288744,0.27601603815967984,0.399710987477177,0.3300844630651931,0.3339995357019676,0.02,SAFE_DELTA_AWAY_FROM_EPSILON,2,0.00014251982345367398
near_symmetric_m4_meaningful,0.2,2,-4.924797642581009e-09,-4.924797642581009e-09,-2.4623988212905045e-09,-6.141649843614338e-38,-4.924797642581009e-09,-0.0002850445717049905,0.00028503964690734795,0.9999827227103008,-0.009166920151086387,0.009166915226288744,0.27601603815967984,0.399710987477177,0.3300844630651931,0.3339995357019676,0.05,SAFE_DELTA_AWAY_FROM_EPSILON,2,0.00014251982345367398
near_symmetric_m4_meaningful,0.2,2,-4.924797642581009e-09,-4.924797642581009e-09,-2.4623988212905045e-09,-6.141649843614338e-38,-4.924797642581009e-09,-0.0002850445717049905,0.00028503964690734795,0.9999827227103008,-0.009166920151086387,0.009166915226288744,0.27601603815967984,0.399710987477177,0.3300844630651931,0.3339995357019676,0.1,SAFE_DELTA_AWAY_FROM_EPSILON,2,0.00014251982345367398
near_symmetric_m4_meaningful,0.2,2,-4.924797642581009e-09,-4.924797642581009e-09,-2.4623988212905045e-09,-6.141649843614338e-38,-4.924797642581009e-09,-0.0002850445717049905,0.00028503964690734795,0.9999827227103008,-0.009166920151086387,0.009166915226288744,0.27601603815967984,0.399710987477177,0.3300844630651931,0.3339995357019676,0.2,EXCLUDED_FROM_FITS_DELTA_EQUALS_EPSILON_ROUNDOFF_SENSITIVE,2,0.00014251982345367398
near_symmetric_m4_meaningful,0.2,3,-1.6587790892647308e-08,-1.1662993250066299e-08,-5.529263630882436e-09,-7.348877809734476e-38,-1.1662993250066299e-08,-0.00029217929432053376,0.0002921676313272837,0.9999600827523485,-0.009166920151086387,0.009166908488093137,0.27601603815967984,0.399710987477177,0.3202795750725621,0.34315286610128587,0.01,SAFE_DELTA_AWAY_FROM_EPSILON,3,9.73892104424279e-05
near_symmetric_m4_meaningful,0.2,3,-1.6587790892647308e-08,-1.1662993250066299e-08,-5.529263630882436e-09,-7.348877809734476e-38,-1.1662993250066299e-08,-0.00029217929432053376,0.0002921676313272837,0.9999600827523485,-0.009166920151086387,0.009166908488093137,0.27601603815967984,0.399710987477177,0.3202795750725621,0.34315286610128587,0.02,SAFE_DELTA_AWAY_FROM_EPSILON,3,9.73892104424279e-05
near_symmetric_m4_meaningful,0.2,3,-1.6587790892647308e-08,-1.1662993250066299e-08,-5.529263630882436e-09,-7.348877809734476e-38,-1.1662993250066299e-08,-0.00029217929432053376,0.0002921676313272837,0.9999600827523485,-0.009166920151086387,0.009166908488093137,0.27601603815967984,0.399710987477177,0.3202795750725621,0.34315286610128587,0.05,SAFE_DELTA_AWAY_FROM_EPSILON,3,9.73892104424279e-05
near_symmetric_m4_meaningful,0.2,3,-1.6587790892647308e-08,-1.1662993250066299e-08,-5.529263630882436e-09,-7.348877809734476e-38,-1.1662993250066299e-08,-0.00029217929432053376,0.0002921676313272837,0.9999600827523485,-0.009166920151086387,0.009166908488093137,0.27601603815967984,0.399710987477177,0.3202795750725621,0.34315286610128587,0.1,SAFE_DELTA_AWAY_FROM_EPSILON,3,9.73892104424279e-05
near_symmetric_m4_meaningful,0.2,3,-1.6587790892647308e-08,-1.1662993250066299e-08,-5.529263630882436e-09,-7.348877809734476e-38,-1.1662993250066299e-08,-0.00029217929432053376,0.0002921676313272837,0.9999600827523485,-0.009166920151086387,0.009166908488093137,0.27601603815967984,0.399710987477177,0.3202795750725621,0.34315286610128587,0.2,EXCLUDED_FROM_FITS_DELTA_EQUALS_EPSILON_ROUNDOFF_SENSITIVE,3,9.73892104424279e-05
near_symmetric_m4_meaningful,0.2,4,-5.73455549851513e-07,-5.568677589588657e-07,-1.4336388746287825e-07,-3.7142177253122675e-36,-5.568677589588657e-07,-0.00044542475556511203,0.0004448678878061532,0.9987498050972664,-0.009166920151086387,0.009166363283327428,0.27601603815967984,0.399710987477177,0.29749299110308225,0.36413144551979626,0.01,SAFE_DELTA_AWAY_FROM_EPSILON,4,0.0001112169719515383
near_symmetric_m4_meaningful,0.2,4,-5.73455549851513e-07,-5.568677589588657e-07,-1.4336388746287825e-07,-3.7142177253122675e-36,-5.568677589588657e-07,-0.00044542475556511203,0.0004448678878061532,0.9987498050972664,-0.009166920151086387,0.009166363283327428,0.27601603815967984,0.399710987477177,0.29749299110308225,0.36413144551979626,0.02,SAFE_DELTA_AWAY_FROM_EPSILON,4,0.0001112169719515383
near_symmetric_m4_meaningful,0.2,4,-5.73455549851513e-07,-5.568677589588657e-07,-1.4336388746287825e-07,-3.7142177253122675e-36,-5.568677589588657e-07,-0.00044542475556511203,0.0004448678878061532,0.9987498050972664,-0.009166920151086387,0.009166363283327428,0.27601603815967984,0.399710987477177,0.29749299110308225,0.36413144551979626,0.05,SAFE_DELTA_AWAY_FROM_EPSILON,4,0.0001112169719515383
near_symmetric_m4_meaningful,0.2,4,-5.73455549851513e-07,-5.568677589588657e-07,-1.4336388746287825e-07,-3.7142177253122675e-36,-5.568677589588657e-07,-0.00044542475556511203,0.0004448678878061532,0.9987498050972664,-0.009166920151086387,0.009166363283327428,0.27601603815967984,0.399710987477177,0.29749299110308225,0.36413144551979626,0.1,SAFE_DELTA_AWAY_FROM_EPSILON,4,0.0001112169719515383
near_symmetric_m4_meaningful,0.2,4,-5.73455549851513e-07,-5.568677589588657e-07,-1.4336388746287825e-07,-3.7142177253122675e-36,-5.568677589588657e-07,-0.00044542475556511203,0.0004448678878061532,0.9987498050972664,-0.009166920151086387,0.009166363283327428,0.27601603815967984,0.399710987477177,0.29749299110308225,0.36413144551979626,0.2,EXCLUDED_FROM_FITS_DELTA_EQUALS_EPSILON_ROUNDOFF_SENSITIVE,4,0.0001112169719515383
near_symmetric_m4_meaningful,0.2,5,-1.2480018838631138e-06,-6.745463340116008e-07,-2.4960037677262274e-07,-3.8944486519249776e-36,-6.745463340116008e-07,-0.00039242585064447897,0.00039175130431046737,0.9982810858843683,-0.009166920151086387,0.009166245604752375,0.27601603815967984,0.399710987477177,0.20991893137788234,0.45012374726325205,0.01,SAFE_DELTA_AWAY_FROM_EPSILON,5,7.835026086209348e-05
near_symmetric_m4_meaningful,0.2,5,-1.2480018838631138e-06,-6.745463340116008e-07,-2.4960037677262274e-07,-3.8944486519249776e-36,-6.745463340116008e-07,-0.00039242585064447897,0.00039175130431046737,0.9982810858843683,-0.009166920151086387,0.009166245604752375,0.27601603815967984,0.399710987477177,0.20991893137788234,0.45012374726325205,0.02,SAFE_DELTA_AWAY_FROM_EPSILON,5,7.835026086209348e-05
near_symmetric_m4_meaningful,0.2,5,-1.2480018838631138e-06,-6.745463340116008e-07,-2.4960037677262274e-07,-3.8944486519249776e-36,-6.745463340116008e-07,-0.00039242585064447897,0.00039175130431046737,0.9982810858843683,-0.009166920151086387,0.009166245604752375,0.27601603815967984,0.399710987477177,0.20991893137788234,0.45012374726325205,0.05,SAFE_DELTA_AWAY_FROM_EPSILON,5,7.835026086209348e-05
near_symmetric_m4_meaningful,0.2,5,-1.2480018838631138e-06,-6.745463340116008e-07,-2.4960037677262274e-07,-3.8944486519249776e-36,-6.745463340116008e-07,-0.00039242585064447897,0.00039175130431046737,0.9982810858843683,-0.009166920151086387,0.009166245604752375,0.27601603815967984,0.399710987477177,0.20991893137788234,0.45012374726325205,0.1,SAFE_DELTA_AWAY_FROM_EPSILON,5,7.835026086209348e-05
near_symmetric_m4_meaningful,0.2,5,-1.2480018838631138e-06,-6.745463340116008e-07,-2.4960037677262274e-07,-3.8944486519249776e-36,-6.745463340116008e-07,-0.00039242585064447897,0.00039175130431046737,0.9982810858843683,-0.009166920151086387,0.009166245604752375,0.27601603815967984,0.399710987477177,0.20991893137788234,0.45012374726325205,0.2,EXCLUDED_FROM_FITS_DELTA_EQUALS_EPSILON_ROUNDOFF_SENSITIVE,5,7.835026086209348e-05
near_symmetric_m4_meaningful,0.2,6,-3.634233115948824e-06,-2.3862312320857103e-06,-6.05705519324804e-07,-1.584468874901255e-35,-2.3862312320857103e-06,-0.0005622023255507386,0.0005598160943186529,0.9957555649921083,-0.009166920151086387,0.009164533919854301,0.27601603815967984,0.399710987477177,0.2091516230599713,0.4606247091248733,0.01,SAFE_DELTA_AWAY_FROM_EPSILON,6,9.330268238644215e-05
near_symmetric_m4_meaningful,0.2,6,-3.634233115948824e-06,-2.3862312320857103e-06,-6.05705519324804e-07,-1.584468874901255e-35,-2.3862312320857103e-06,-0.0005622023255507386,0.0005598160943186529,0.9957555649921083,-0.009166920151086387,0.009164533919854301,0.27601603815967984,0.399710987477177,0.2091516230599713,0.4606247091248733,0.02,SAFE_DELTA_AWAY_FROM_EPSILON,6,9.330268238644215e-05
near_symmetric_m4_meaningful,0.2,6,-3.634233115948824e-06,-2.3862312320857103e-06,-6.05705519324804e-07,-1.584468874901255e-35,-2.3862312320857103e-06,-0.0005622023255507386,0.0005598160943186529,0.9957555649921083,-0.009166920151086387,0.009164533919854301,0.27601603815967984,0.399710987477177,0.2091516230599713,0.4606247091248733,0.05,SAFE_DELTA_AWAY_FROM_EPSILON,6,9.330268238644215e-05
near_symmetric_m4_meaningful,0.2,6,-3.634233115948824e-06,-2.3862312320857103e-06,-6.05705519324804e-07,-1.584468874901255e-35,-2.3862312320857103e-06,-0.0005622023255507386,0.0005598160943186529,0.9957555649921083,-0.009166920151086387,0.009164533919854301,0.27601603815967984,0.399710987477177,0.2091516230599713,0.4606247091248733,0.1,SAFE_DELTA_AWAY_FROM_EPSILON,6,9.330268238644215e-05
near_symmetric_m4_meaningful,0.2,6,-3.634233115948824e-06,-2.3862312320857103e-06,-6.05705519324804e-07,-1.584468874901255e-35,-2.3862312320857103e-06,-0.0005622023255507386,0.0005598160943186529,0.9957555649921083,-0.009166920151086387,0.009164533919854301,0.27601603815967984,0.399710987477177,0.2091516230599713,0.4606247091248733,0.2,EXCLUDED_FROM_FITS_DELTA_EQUALS_EPSILON_ROUNDOFF_SENSITIVE,6,9.330268238644215e-05
near_symmetric_m4_meaningful,0.2,7,-6.083470339884575e-06,-2.4492372239357506e-06,-8.690671914120821e-07,-1.649088984021671e-35,-2.4492372239357506e-06,-0.0005811120385487076,0.0005786628013247718,0.9957852581576995,-0.009166920151086387,0.00916447091386245,0.27601603815967984,0.399710987477177,0.20715747053344585,0.4780933526550307,0.01,SAFE_DELTA_AWAY_FROM_EPSILON,7,8.26661144749674e-05
near_symmetric_m4_meaningful,0.2,7,-6.083470339884575e-06,-2.4492372239357506e-06,-8.690671914120821e-07,-1.649088984021671e-35,-2.4492372239357506e-06,-0.0005811120385487076,0.0005786628013247718,0.9957852581576995,-0.009166920151086387,0.00916447091386245,0.27601603815967984,0.399710987477177,0.20715747053344585,0.4780933526550307,0.02,SAFE_DELTA_AWAY_FROM_EPSILON,7,8.26661144749674e-05
near_symmetric_m4_meaningful,0.2,7,-6.083470339884575e-06,-2.4492372239357506e-06,-8.690671914120821e-07,-1.649088984021671e-35,-2.4492372239357506e-06,-0.0005811120385487076,0.0005786628013247718,0.9957852581576995,-0.009166920151086387,0.00916447091386245,0.27601603815967984,0.399710987477177,0.20715747053344585,0.4780933526550307,0.05,SAFE_DELTA_AWAY_FROM_EPSILON,7,8.26661144749674e-05
near_symmetric_m4_meaningful,0.2,7,-6.083470339884575e-06,-2.4492372239357506e-06,-8.690671914120821e-07,-1.649088984021671e-35,-2.4492372239357506e-06,-0.0005811120385487076,0.0005786628013247718,0.9957852581576995,-0.009166920151086387,0.00916447091386245,0.27601603815967984,0.399710987477177,0.20715747053344585,0.4780933526550307,0.1,SAFE_DELTA_AWAY_FROM_EPSILON,7,8.26661144749674e-05
near_symmetric_m4_meaningful,0.2,7,-6.083470339884575e-06,-2.4492372239357506e-06,-8.690671914120821e-07,-1.649088984021671e-35,-2.4492372239357506e-06,-0.0005811120385487076,0.0005786628013247718,0.9957852581576995,-0.009166920151086387,0.00916447091386245,0.27601603815967984,0.399710987477177,0.20715747053344585,0.4780933526550307,0.2,EXCLUDED_FROM_FITS_DELTA_EQUALS_EPSILON_ROUNDOFF_SENSITIVE,7,8.26661144749674e-05
near_symmetric_m4_meaningful,0.2,8,-8.871372975447234e-06,-2.78790263556266e-06,-1.1089216219309043e-06,-1.6952790136777996e-35,-2.78790263556266e-06,-0.0006005255024143078,0.0005977375997787452,0.9953575616283499,-0.009166920151086387,0.009164132248450824,0.27601603815967984,0.399710987477177,0.20424246039468108,0.5039169297546796,0.01,SAFE_DELTA_AWAY_FROM_EPSILON,8,7.471719997234315e-05
near_symmetric_m4_meaningful,0.2,8,-8.871372975447234e-06,-2.78790263556266e-06,-1.1089216219309043e-06,-1.6952790136777996e-35,-2.78790263556266e-06,-0.0006005255024143078,0.0005977375997787452,0.9953575616283499,-0.009166920151086387,0.009164132248450824,0.27601603815967984,0.399710987477177,0.20424246039468108,0.5039169297546796,0.02,SAFE_DELTA_AWAY_FROM_EPSILON,8,7.471719997234315e-05
near_symmetric_m4_meaningful,0.2,8,-8.871372975447234e-06,-2.78790263556266e-06,-1.1089216219309043e-06,-1.6952790136777996e-35,-2.78790263556266e-06,-0.0006005255024143078,0.0005977375997787452,0.9953575616283499,-0.009166920151086387,0.009164132248450824,0.27601603815967984,0.399710987477177,0.20424246039468108,0.5039169297546796,0.05,SAFE_DELTA_AWAY_FROM_EPSILON,8,7.471719997234315e-05
near_symmetric_m4_meaningful,0.2,8,-8.871372975447234e-06,-2.78790263556266e-06,-1.1089216219309043e-06,-1.6952790136777996e-35,-2.78790263556266e-06,-0.0006005255024143078,0.0005977375997787452,0.9953575616283499,-0.009166920151086387,0.009164132248450824,0.27601603815967984,0.399710987477177,0.20424246039468108,0.5039169297546796,0.1,SAFE_DELTA_AWAY_FROM_EPSILON,8,7.471719997234315e-05
near_symmetric_m4_meaningful,0.2,8,-8.871372975447234e-06,-2.78790263556266e-06,-1.1089216219309043e-06,-1.6952790136777996e-35,-2.78790263556266e-06,-0.0006005255024143078,0.0005977375997787452,0.9953575616283499,-0.009166920151086387,0.009164132248450824,0.27601603815967984,0.399710987477177,0.20424246039468108,0.5039169297546796,0.2,EXCLUDED_FROM_FITS_DELTA_EQUALS_EPSILON_ROUNDOFF_SENSITIVE,8,7.471719997234315e-05
near_symmetric_m4_meaningful,0.2,9,-1.21188834870221e-05,-3.247510511574866e-06,-1.3465426096691222e-06,-3.130946228804948e-35,-3.247510511574866e-06,-0.0006570074273887215,0.0006537599168771465,0.9950571175055324,-0.009166920151086387,0.009163672640574811,0.27601603815967984,0.399710987477177,0.20040197948417124,0.5464204466930693,0.01,SAFE_DELTA_AWAY_FROM_EPSILON,9,7.263999076412739e-05
near_symmetric_m4_meaningful,0.2,9,-1.21188834870221e-05,-3.247510511574866e-06,-1.3465426096691222e-06,-3.130946228804948e-35,-3.247510511574866e-06,-0.0006570074273887215,0.0006537599168771465,0.9950571175055324,-0.009166920151086387,0.009163672640574811,0.27601603815967984,0.399710987477177,0.20040197948417124,0.5464204466930693,0.02,SAFE_DELTA_AWAY_FROM_EPSILON,9,7.263999076412739e-05
near_symmetric_m4_meaningful,0.2,9,-1.21188834870221e-05,-3.247510511574866e-06,-1.3465426096691222e-06,-3.130946228804948e-35,-3.247510511574866e-06,-0.0006570074273887215,0.0006537599168771465,0.9950571175055324,-0.009166920151086387,0.009163672640574811,0.27601603815967984,0.399710987477177,0.20040197948417124,0.5464204466930693,0.05,SAFE_DELTA_AWAY_FROM_EPSILON,9,7.263999076412739e-05
near_symmetric_m4_meaningful,0.2,9,-1.21188834870221e-05,-3.247510511574866e-06,-1.3465426096691222e-06,-3.130946228804948e-35,-3.247510511574866e-06,-0.0006570074273887215,0.0006537599168771465,0.9950571175055324,-0.009166920151086387,0.009163672640574811,0.27601603815967984,0.399710987477177,0.20040197948417124,0.5464204466930693,0.1,SAFE_DELTA_AWAY_FROM_EPSILON,9,7.263999076412739e-05
near_symmetric_m4_meaningful,0.2,9,-1.21188834870221e-05,-3.247510511574866e-06,-1.3465426096691222e-06,-3.130946228804948e-35,-3.247510511574866e-06,-0.0006570074273887215,0.0006537599168771465,0.9950571175055324,-0.009166920151086387,0.009163672640574811,0.27601603815967984,0.399710987477177,0.20040197948417124,0.5464204466930693,0.2,EXCLUDED_FROM_FITS_DELTA_EQUALS_EPSILON_ROUNDOFF_SENSITIVE,9,7.263999076412739e-05
near_symmetric_m4_meaningful,0.2,10,-1.7213377994101374e-05,-5.094494507079275e-06,-1.7213377994101375e-06,-1.666046039847249e-33,-5.094494507079275e-06,-0.0007460122909505899,0.0007409177964435107,0.9931710314040701,-0.009166920151086387,0.009161825656579307,0.27601603815967984,0.399710987477177,0.20034475075582153,0.5705271000463608,0.01,SAFE_DELTA_AWAY_FROM_EPSILON,10,7.409177964435107e-05
near_symmetric_m4_meaningful,0.2,10,-1.7213377994101374e-05,-5.094494507079275e-06,-1.7213377994101375e-06,-1.666046039847249e-33,-5.094494507079275e-06,-0.0007460122909505899,0.0007409177964435107,0.9931710314040701,-0.009166920151086387,0.009161825656579307,0.27601603815967984,0.399710987477177,0.20034475075582153,0.5705271000463608,0.02,SAFE_DELTA_AWAY_FROM_EPSILON,10,7.409177964435107e-05
near_symmetric_m4_meaningful,0.2,10,-1.7213377994101374e-05,-5.094494507079275e-06,-1.7213377994101375e-06,-1.666046039847249e-33,-5.094494507079275e-06,-0.0007460122909505899,0.0007409177964435107,0.9931710314040701,-0.009166920151086387,0.009161825656579307,0.27601603815967984,0.399710987477177,0.20034475075582153,0.5705271000463608,0.05,SAFE_DELTA_AWAY_FROM_EPSILON,10,7.409177964435107e-05
near_symmetric_m4_meaningful,0.2,10,-1.7213377994101374e-05,-5.094494507079275e-06,-1.7213377994101375e-06,-1.666046039847249e-33,-5.094494507079275e-06,-0.0007460122909505899,0.0007409177964435107,0.9931710314040701,-0.009166920151086387,0.009161825656579307,0.27601603815967984,0.399710987477177,0.20034475075582153,0.5705271000463608,0.1,SAFE_DELTA_AWAY_FROM_EPSILON,10,7.409177964435107e-05
near_symmetric_m4_meaningful,0.2,10,-1.7213377994101374e-05,-5.094494507079275e-06,-1.7213377994101375e-06,-1.666046039847249e-33,-5.094494507079275e-06,-0.0007460122909505899,0.0007409177964435107,0.9931710314040701,-0.009166920151086387,0.009161825656579307,0.27601603815967984,0.399710987477177,0.20034475075582153,0.5705271000463608,0.2,EXCLUDED_FROM_FITS_DELTA_EQUALS_EPSILON_ROUNDOFF_SENSITIVE,10,7.409177964435107e-05
near_symmetric_m4_meaningful,0.2,11,-2.2321769782559336e-05,-5.1083917884579614e-06,-2.029251798414485e-06,-1.6839150889316784e-33,-5.1083917884579614e-06,-0.0007696262078068688,0.0007645178160184108,0.9933625028141715,-0.009166920151086387,0.009161811759297929,0.27601603815967984,0.399710987477177,0.20022718547511184,0.5893183909035695,0.01,SAFE_DELTA_AWAY_FROM_EPSILON,11,6.950161963803734e-05
near_symmetric_m4_meaningful,0.2,11,-2.2321769782559336e-05,-5.1083917884579614e-06,-2.029251798414485e-06,-1.6839150889316784e-33,-5.1083917884579614e-06,-0.0007696262078068688,0.0007645178160184108,0.9933625028141715,-0.009166920151086387,0.009161811759297929,0.27601603815967984,0.399710987477177,0.20022718547511184,0.5893183909035695,0.02,SAFE_DELTA_AWAY_FROM_EPSILON,11,6.950161963803734e-05
near_symmetric_m4_meaningful,0.2,11,-2.2321769782559336e-05,-5.1083917884579614e-06,-2.029251798414485e-06,-1.6839150889316784e-33,-5.1083917884579614e-06,-0.0007696262078068688,0.0007645178160184108,0.9933625028141715,-0.009166920151086387,0.009161811759297929,0.27601603815967984,0.399710987477177,0.20022718547511184,0.5893183909035695,0.05,SAFE_DELTA_AWAY_FROM_EPSILON,11,6.950161963803734e-05
near_symmetric_m4_meaningful,0.2,11,-2.2321769782559336e-05,-5.1083917884579614e-06,-2.029251798414485e-06,-1.6839150889316784e-33,-5.1083917884579614e-06,-0.0007696262078068688,0.0007645178160184108,0.9933625028141715,-0.009166920151086387,0.009161811759297929,0.27601603815967984,0.399710987477177,0.20022718547511184,0.5893183909035695,0.1,SAFE_DELTA_AWAY_FROM_EPSILON,11,6.950161963803734e-05
near_symmetric_m4_meaningful,0.2,11,-2.2321769782559336e-05,-5.1083917884579614e-06,-2.029251798414485e-06,-1.6839150889316784e-33,-5.1083917884579614e-06,-0.0007696262078068688,0.0007645178160184108,0.9933625028141715,-0.009166920151086387,0.009161811759297929,0.27601603815967984,0.399710987477177,0.20022718547511184,0.5893183909035695,0.2,EXCLUDED_FROM_FITS_DELTA_EQUALS_EPSILON_ROUNDOFF_SENSITIVE,11,6.950161963803734e-05
near_symmetric_m4_meaningful,0.2,12,-2.7513548167894247e-05,-5.19177838533491e-06,-2.292795680657854e-06,-1.7244280350955575e-33,-5.19177838533491e-06,-0.0007706796614957252,0.0007654878831103903,0.9932633769324355,-0.009166920151086387,0.009161728372701052,0.27601603815967984,0.399710987477177,0.20010584328776398,0.6075259964670986,0.01,SAFE_DELTA_AWAY_FROM_EPSILON,12,6.379065692586586e-05
near_symmetric_m4_meaningful,0.2,12,-2.7513548167894247e-05,-5.19177838533491e-06,-2.292795680657854e-06,-1.7244280350955575e-33,-5.19177838533491e-06,-0.0007706796614957252,0.0007654878831103903,0.9932633769324355,-0.009166920151086387,0.009161728372701052,0.27601603815967984,0.399710987477177,0.20010584328776398,0.6075259964670986,0.02,SAFE_DELTA_AWAY_FROM_EPSILON,12,6.379065692586586e-05
near_symmetric_m4_meaningful,0.2,12,-2.7513548167894247e-05,-5.19177838533491e-06,-2.292795680657854e-06,-1.7244280350955575e-33,-5.19177838533491e-06,-0.0007706796614957252,0.0007654878831103903,0.9932633769324355,-0.009166920151086387,0.009161728372701052,0.27601603815967984,0.399710987477177,0.20010584328776398,0.6075259964670986,0.05,SAFE_DELTA_AWAY_FROM_EPSILON,12,6.379065692586586e-05
near_symmetric_m4_meaningful,0.2,12,-2.7513548167894247e-05,-5.19177838533491e-06,-2.292795680657854e-06,-1.7244280350955575e-33,-5.19177838533491e-06,-0.0007706796614957252,0.0007654878831103903,0.9932633769324355,-0.009166920151086387,0.009161728372701052,0.27601603815967984,0.399710987477177,0.20010584328776398,0.6075259964670986,0.1,SAFE_DELTA_AWAY_FROM_EPSILON,12,6.379065692586586e-05
near_symmetric_m4_meaningful,0.2,12,-2.7513548167894247e-05,-5.19177838533491e-06,-2.292795680657854e-06,-1.7244280350955575e-33,-5.19177838533491e-06,-0.0007706796614957252,0.0007654878831103903,0.9932633769324355,-0.009166920151086387,0.009161728372701052,0.27601603815967984,0.399710987477177,0.20010584328776398,0.6075259964670986,0.2,EXCLUDED_FROM_FITS_DELTA_EQUALS_EPSILON_ROUNDOFF_SENSITIVE,12,6.379065692586586e-05
near_symmetric_m4_meaningful,0.2,13,-3.3980680050449096e-05,-6.467131882554848e-06,-2.6138984654191614e-06,-1.73347903338832e-33,-6.467131882554848e-06,-0.000990190141373643,0.0009837230094910882,0.9934687979486614,-0.009166920151086387,0.009160453019203832,0.27601603815967984,0.399710987477177,0.20001295313710635,0.6210411707555985,0.01,SAFE_DELTA_AWAY_FROM_EPSILON,13,7.56710007300837e-05
near_symmetric_m4_meaningful,0.2,13,-3.3980680050449096e-05,-6.467131882554848e-06,-2.6138984654191614e-06,-1.73347903338832e-33,-6.467131882554848e-06,-0.000990190141373643,0.0009837230094910882,0.9934687979486614,-0.009166920151086387,0.009160453019203832,0.27601603815967984,0.399710987477177,0.20001295313710635,0.6210411707555985,0.02,SAFE_DELTA_AWAY_FROM_EPSILON,13,7.56710007300837e-05
near_symmetric_m4_meaningful,0.2,13,-3.3980680050449096e-05,-6.467131882554848e-06,-2.6138984654191614e-06,-1.73347903338832e-33,-6.467131882554848e-06,-0.000990190141373643,0.0009837230094910882,0.9934687979486614,-0.009166920151086387,0.009160453019203832,0.27601603815967984,0.399710987477177,0.20001295313710635,0.6210411707555985,0.05,SAFE_DELTA_AWAY_FROM_EPSILON,13,7.56710007300837e-05
near_symmetric_m4_meaningful,0.2,13,-3.3980680050449096e-05,-6.467131882554848e-06,-2.6138984654191614e-06,-1.73347903338832e-33,-6.467131882554848e-06,-0.000990190141373643,0.0009837230094910882,0.9934687979486614,-0.009166920151086387,0.009160453019203832,0.27601603815967984,0.399710987477177,0.20001295313710635,0.6210411707555985,0.1,SAFE_DELTA_AWAY_FROM_EPSILON,13,7.56710007300837e-05
near_symmetric_m4_meaningful,0.2,13,-3.3980680050449096e-05,-6.467131882554848e-06,-2.6138984654191614e-06,-1.73347903338832e-33,-6.467131882554848e-06,-0.000990190141373643,0.0009837230094910882,0.9934687979486614,-0.009166920151086387,0.009160453019203832,0.27601603815967984,0.399710987477177,0.20001295313710635,0.6210411707555985,0.2,EXCLUDED_FROM_FITS_DELTA_EQUALS_EPSILON_ROUNDOFF_SENSITIVE,13,7.56710007300837e-05
near_symmetric_m4_meaningful,0.2,14,-4.102018198669837e-05,-7.0395019362492745e-06,-2.9300129990498836e-06,-2.358386937092047e-33,-7.0395019362492745e-06,-0.0010354117370758673,0.0010283722351396181,0.9932012534876902,-0.009166920151086387,0.009159880649150137,0.27601603815967984,0.399710987477177,0.20001063289336787,0.6560600071160899,0.01,SAFE_DELTA_AWAY_FROM_EPSILON,14,7.345515965282986e-05
near_symmetric_m4_meaningful,0.2,14,-4.102018198669837e-05,-7.0395019362492745e-06,-2.9300129990498836e-06,-2.358386937092047e-33,-7.0395019362492745e-06,-0.0010354117370758673,0.0010283722351396181,0.9932012534876902,-0.009166920151086387,0.009159880649150137,0.27601603815967984,0.399710987477177,0.20001063289336787,0.6560600071160899,0.02,SAFE_DELTA_AWAY_FROM_EPSILON,14,7.345515965282986e-05
near_symmetric_m4_meaningful,0.2,14,-4.102018198669837e-05,-7.0395019362492745e-06,-2.9300129990498836e-06,-2.358386937092047e-33,-7.0395019362492745e-06,-0.0010354117370758673,0.0010283722351396181,0.9932012534876902,-0.009166920151086387,0.009159880649150137,0.27601603815967984,0.399710987477177,0.20001063289336787,0.6560600071160899,0.05,SAFE_DELTA_AWAY_FROM_EPSILON,14,7.345515965282986e-05
near_symmetric_m4_meaningful,0.2,14,-4.102018198669837e-05,-7.0395019362492745e-06,-2.9300129990498836e-06,-2.358386937092047e-33,-7.0395019362492745e-06,-0.0010354117370758673,0.0010283722351396181,0.9932012534876902,-0.009166920151086387,0.009159880649150137,0.27601603815967984,0.399710987477177,0.20001063289336787,0.6560600071160899,0.1,SAFE_DELTA_AWAY_FROM_EPSILON,14,7.345515965282986e-05
near_symmetric_m4_meaningful,0.2,14,-4.102018198669837e-05,-7.0395019362492745e-06,-2.9300129990498836e-06,-2.358386937092047e-33,-7.0395019362492745e-06,-0.0010354117370758673,0.0010283722351396181,0.9932012534876902,-0.009166920151086387,0.009159880649150137,0.27601603815967984,0.399710987477177,0.20001063289336787,0.6560600071160899,0.2,EXCLUDED_FROM_FITS_DELTA_EQUALS_EPSILON_ROUNDOFF_SENSITIVE,14,7.345515965282986e-05
near_symmetric_m4_meaningful,0.2,15,-4.80724830833114e-05,-7.052301096613025e-06,-3.2048322055540934e-06,-2.362034230580367e-33,-7.052301096613025e-06,-0.001077910768527984,0.001070858467431371,0.9934574351583446,-0.009166920151086387,0.009159867849989773,0.27601603815967984,0.399710987477177,0.20000595659902692,0.6693501405354283,0.01,SAFE_DELTA_AWAY_FROM_EPSILON,15,7.139056449542473e-05
near_symmetric_m4_meaningful,0.2,15,-4.80724830833114e-05,-7.052301096613025e-06,-3.2048322055540934e-06,-2.362034230580367e-33,-7.052301096613025e-06,-0.001077910768527984,0.001070858467431371,0.9934574351583446,-0.009166920151086387,0.009159867849989773,0.27601603815967984,0.399710987477177,0.20000595659902692,0.6693501405354283,0.02,SAFE_DELTA_AWAY_FROM_EPSILON,15,7.139056449542473e-05
near_symmetric_m4_meaningful,0.2,15,-4.80724830833114e-05,-7.052301096613025e-06,-3.2048322055540934e-06,-2.362034230580367e-33,-7.052301096613025e-06,-0.001077910768527984,0.001070858467431371,0.9934574351583446,-0.009166920151086387,0.009159867849989773,0.27601603815967984,0.399710987477177,0.20000595659902692,0.6693501405354283,0.05,SAFE_DELTA_AWAY_FROM_EPSILON,15,7.139056449542473e-05
near_symmetric_m4_meaningful,0.2,15,-4.80724830833114e-05,-7.052301096613025e-06,-3.2048322055540934e-06,-2.362034230580367e-33,-7.052301096613025e-06,-0.001077910768527984,0.001070858467431371,0.9934574351583446,-0.009166920151086387,0.009159867849989773,0.27601603815967984,0.399710987477177,0.20000595659902692,0.6693501405354283,0.1,SAFE_DELTA_AWAY_FROM_EPSILON,15,7.139056449542473e-05
near_symmetric_m4_meaningful,0.2,15,-4.80724830833114e-05,-7.052301096613025e-06,-3.2048322055540934e-06,-2.362034230580367e-33,-7.052301096613025e-06,-0.001077910768527984,0.001070858467431371,0.9934574351583446,-0.009166920151086387,0.009159867849989773,0.27601603815967984,0.399710987477177,0.20000595659902692,0.6693501405354283,0.2,EXCLUDED_FROM_FITS_DELTA_EQUALS_EPSILON_ROUNDOFF_SENSITIVE,15,7.139056449542473e-05
near_symmetric_m4_meaningful,0.2,16,-5.513384571839172e-05,-7.061362635080323e-06,-3.4458653573994827e-06,-2.366201849293584e-33,-7.061362635080323e-06,-0.0010832792392296772,0.0010762178765945968,0.9934814936173781,-0.009166920151086387,0.009159858788451306,0.27601603815967984,0.399710987477177,0.2000023150155741,0.6772813690174952,0.01,SAFE_DELTA_AWAY_FROM_EPSILON,16,6.72636172871623e-05
near_symmetric_m4_meaningful,0.2,16,-5.513384571839172e-05,-7.061362635080323e-06,-3.4458653573994827e-06,-2.366201849293584e-33,-7.061362635080323e-06,-0.0010832792392296772,0.0010762178765945968,0.9934814936173781,-0.009166920151086387,0.009159858788451306,0.27601603815967984,0.399710987477177,0.2000023150155741,0.6772813690174952,0.02,SAFE_DELTA_AWAY_FROM_EPSILON,16,6.72636172871623e-05
near_symmetric_m4_meaningful,0.2,16,-5.513384571839172e-05,-7.061362635080323e-06,-3.4458653573994827e-06,-2.366201849293584e-33,-7.061362635080323e-06,-0.0010832792392296772,0.0010762178765945968,0.9934814936173781,-0.009166920151086387,0.009159858788451306,0.27601603815967984,0.399710987477177,0.2000023150155741,0.6772813690174952,0.05,SAFE_DELTA_AWAY_FROM_EPSILON,16,6.72636172871623e-05
near_symmetric_m4_meaningful,0.2,16,-5.513384571839172e-05,-7.061362635080323e-06,-3.4458653573994827e-06,-2.366201849293584e-33,-7.061362635080323e-06,-0.0010832792392296772,0.0010762178765945968,0.9934814936173781,-0.009166920151086387,0.009159858788451306,0.27601603815967984,0.399710987477177,0.2000023150155741,0.6772813690174952,0.1,SAFE_DELTA_AWAY_FROM_EPSILON,16,6.72636172871623e-05
near_symmetric_m4_meaningful,0.2,16,-5.513384571839172e-05,-7.061362635080323e-06,-3.4458653573994827e-06,-2.366201849293584e-33,-7.061362635080323e-06,-0.0010832792392296772,0.0010762178765945968,0.9934814936173781,-0.009166920151086387,0.009159858788451306,0.27601603815967984,0.399710987477177,0.2000023150155741,0.6772813690174952,0.2,EXCLUDED_FROM_FITS_DELTA_EQUALS_EPSILON_ROUNDOFF_SENSITIVE,16,6.72636172871623e-05
near_symmetric_m4_meaningful,0.2,17,-6.305353039735079e-05,-7.919684678959064e-06,-3.7090311998441642e-06,-2.3724758684566915e-33,-7.919684678959064e-06,-0.0013796923366534188,0.0013717726519744597,0.9942598183170539,-0.009166920151086387,0.009159000466407427,0.27601603815967984,0.399710987477177,0.20000038136476297,0.6782430246943564,0.01,SAFE_DELTA_AWAY_FROM_EPSILON,17,8.06925089396741e-05
near_symmetric_m4_meaningful,0.2,17,-6.305353039735079e-05,-7.919684678959064e-06,-3.7090311998441642e-06,-2.3724758684566915e-33,-7.919684678959064e-06,-0.0013796923366534188,0.0013717726519744597,0.9942598183170539,-0.009166920151086387,0.009159000466407427,0.27601603815967984,0.399710987477177,0.20000038136476297,0.6782430246943564,0.02,SAFE_DELTA_AWAY_FROM_EPSILON,17,8.06925089396741e-05
near_symmetric_m4_meaningful,0.2,17,-6.305353039735079e-05,-7.919684678959064e-06,-3.7090311998441642e-06,-2.3724758684566915e-33,-7.919684678959064e-06,-0.0013796923366534188,0.0013717726519744597,0.9942598183170539,-0.009166920151086387,0.009159000466407427,0.27601603815967984,0.399710987477177,0.20000038136476297,0.6782430246943564,0.05,SAFE_DELTA_AWAY_FROM_EPSILON,17,8.06925089396741e-05
near_symmetric_m4_meaningful,0.2,17,-6.305353039735079e-05,-7.919684678959064e-06,-3.7090311998441642e-06,-2.3724758684566915e-33,-7.919684678959064e-06,-0.0013796923366534188,0.0013717726519744597,0.9942598183170539,-0.009166920151086387,0.009159000466407427,0.27601603815967984,0.399710987477177,0.20000038136476297,0.6782430246943564,0.1,SAFE_DELTA_AWAY_FROM_EPSILON,17,8.06925089396741e-05
near_symmetric_m4_meaningful,0.2,17,-6.305353039735079e-05,-7.919684678959064e-06,-3.7090311998441642e-06,-2.3724758684566915e-33,-7.919684678959064e-06,-0.0013796923366534188,0.0013717726519744597,0.9942598183170539,-0.009166920151086387,0.009159000466407427,0.27601603815967984,0.399710987477177,0.20000038136476297,0.6782430246943564,0.2,EXCLUDED_FROM_FITS_DELTA_EQUALS_EPSILON_ROUNDOFF_SENSITIVE,17,8.06925089396741e-05
near_symmetric_m4_meaningful,0.2,18,-7.114210993644598e-05,-8.088579539095193e-06,-3.952339440913666e-06,-2.425038653610624e-33,-8.088579539095193e-06,-0.0013660214148924158,0.0013579328353533207,0.9940787315257922,-0.009166920151086387,0.009158831571547291,0.27601603815967984,0.399710987477177,0.20000030744388678,0.7147366545818327,0.01,SAFE_DELTA_AWAY_FROM_EPSILON,18,7.544071307518448e-05
near_symmetric_m4_meaningful,0.2,18,-7.114210993644598e-05,-8.088579539095193e-06,-3.952339440913666e-06,-2.425038653610624e-33,-8.088579539095193e-06,-0.0013660214148924158,0.0013579328353533207,0.9940787315257922,-0.009166920151086387,0.009158831571547291,0.27601603815967984,0.399710987477177,0.20000030744388678,0.7147366545818327,0.02,SAFE_DELTA_AWAY_FROM_EPSILON,18,7.544071307518448e-05
near_symmetric_m4_meaningful,0.2,18,-7.114210993644598e-05,-8.088579539095193e-06,-3.952339440913666e-06,-2.425038653610624e-33,-8.088579539095193e-06,-0.0013660214148924158,0.0013579328353533207,0.9940787315257922,-0.009166920151086387,0.009158831571547291,0.27601603815967984,0.399710987477177,0.20000030744388678,0.7147366545818327,0.05,SAFE_DELTA_AWAY_FROM_EPSILON,18,7.544071307518448e-05
near_symmetric_m4_meaningful,0.2,18,-7.114210993644598e-05,-8.088579539095193e-06,-3.952339440913666e-06,-2.425038653610624e-33,-8.088579539095193e-06,-0.0013660214148924158,0.0013579328353533207,0.9940787315257922,-0.009166920151086387,0.009158831571547291,0.27601603815967984,0.399710987477177,0.20000030744388678,0.7147366545818327,0.1,SAFE_DELTA_AWAY_FROM_EPSILON,18,7.544071307518448e-05
near_symmetric_m4_meaningful,0.2,18,-7.114210993644598e-05,-8.088579539095193e-06,-3.952339440913666e-06,-2.425038653610624e-33,-8.088579539095193e-06,-0.0013660214148924158,0.0013579328353533207,0.9940787315257922,-0.009166920151086387,0.009158831571547291,0.27601603815967984,0.399710987477177,0.20000030744388678,0.7147366545818327,0.2,EXCLUDED_FROM_FITS_DELTA_EQUALS_EPSILON_ROUNDOFF_SENSITIVE,18,7.544071307518448e-05
near_symmetric_m4_meaningful,0.2,19,-7.92847110316286e-05,-8.142601095182622e-06,-4.172879527980453e-06,-2.433734324917361e-33,-8.142601095182622e-06,-0.0014460903616377602,0.0014379477605425777,0.9943692307817052,-0.009166920151086387,0.009158777549991204,0.27601603815967984,0.399710987477177,0.2000001430013295,0.7210364937022387,0.01,SAFE_DELTA_AWAY_FROM_EPSILON,19,7.56814610811883e-05
near_symmetric_m4_meaningful,0.2,19,-7.92847110316286e-05,-8.142601095182622e-06,-4.172879527980453e-06,-2.433734324917361e-33,-8.142601095182622e-06,-0.0014460903616377602,0.0014379477605425777,0.9943692307817052,-0.009166920151086387,0.009158777549991204,0.27601603815967984,0.399710987477177,0.2000001430013295,0.7210364937022387,0.02,SAFE_DELTA_AWAY_FROM_EPSILON,19,7.56814610811883e-05
near_symmetric_m4_meaningful,0.2,19,-7.92847110316286e-05,-8.142601095182622e-06,-4.172879527980453e-06,-2.433734324917361e-33,-8.142601095182622e-06,-0.0014460903616377602,0.0014379477605425777,0.9943692307817052,-0.009166920151086387,0.009158777549991204,0.27601603815967984,0.399710987477177,0.2000001430013295,0.7210364937022387,0.05,SAFE_DELTA_AWAY_FROM_EPSILON,19,7.56814610811883e-05
near_symmetric_m4_meaningful,0.2,19,-7.92847110316286e-05,-8.142601095182622e-06,-4.172879527980453e-06,-2.433734324917361e-33,-8.142601095182622e-06,-0.0014460903616377602,0.0014379477605425777,0.9943692307817052,-0.009166920151086387,0.009158777549991204,0.27601603815967984,0.399710987477177,0.2000001430013295,0.7210364937022387,0.1,SAFE_DELTA_AWAY_FROM_EPSILON,19,7.56814610811883e-05
near_symmetric_m4_meaningful,0.2,19,-7.92847110316286e-05,-8.142601095182622e-06,-4.172879527980453e-06,-2.433734324917361e-33,-8.142601095182622e-06,-0.0014460903616377602,0.0014379477605425777,0.9943692307817052,-0.009166920151086387,0.009158777549991204,0.27601603815967984,0.399710987477177,0.2000001430013295,0.7210364937022387,0.2,EXCLUDED_FROM_FITS_DELTA_EQUALS_EPSILON_ROUNDOFF_SENSITIVE,19,7.56814610811883e-05
near_symmetric_m4_meaningful,0.2,20,-8.74268747822595e-05,-8.142163750630893e-06,-4.371343739112975e-06,-2.436221012883142e-33,-8.142163750630893e-06,-0.001466238277515226,0.001458096113764595,0.9944469027473289,-0.009166920151086387,0.009158777987335756,0.27601603815967984,0.399710987477177,0.20000004801821294,0.7224134698842529,0.01,SAFE_DELTA_AWAY_FROM_EPSILON,20,7.290480568822975e-05
near_symmetric_m4_meaningful,0.2,20,-8.74268747822595e-05,-8.142163750630893e-06,-4.371343739112975e-06,-2.436221012883142e-33,-8.142163750630893e-06,-0.001466238277515226,0.001458096113764595,0.9944469027473289,-0.009166920151086387,0.009158777987335756,0.27601603815967984,0.399710987477177,0.20000004801821294,0.7224134698842529,0.02,SAFE_DELTA_AWAY_FROM_EPSILON,20,7.290480568822975e-05
near_symmetric_m4_meaningful,0.2,20,-8.74268747822595e-05,-8.142163750630893e-06,-4.371343739112975e-06,-2.436221012883142e-33,-8.142163750630893e-06,-0.001466238277515226,0.001458096113764595,0.9944469027473289,-0.009166920151086387,0.009158777987335756,0.27601603815967984,0.399710987477177,0.20000004801821294,0.7224134698842529,0.05,SAFE_DELTA_AWAY_FROM_EPSILON,20,7.290480568822975e-05
near_symmetric_m4_meaningful,0.2,20,-8.74268747822595e-05,-8.142163750630893e-06,-4.371343739112975e-06,-2.436221012883142e-33,-8.142163750630893e-06,-0.001466238277515226,0.001458096113764595,0.9944469027473289,-0.009166920151086387,0.009158777987335756,0.27601603815967984,0.399710987477177,0.20000004801821294,0.7224134698842529,0.1,SAFE_DELTA_AWAY_FROM_EPSILON,20,7.290480568822975e-05
near_symmetric_m4_meaningful,0.2,20,-8.74268747822595e-05,-8.142163750630893e-06,-4.371343739112975e-06,-2.436221012883142e-33,-8.142163750630893e-06,-0.001466238277515226,0.001458096113764595,0.9944469027473289,-0.009166920151086387,0.009158777987335756,0.27601603815967984,0.399710987477177,0.20000004801821294,0.7224134698842529,0.2,EXCLUDED_FROM_FITS_DELTA_EQUALS_EPSILON_ROUNDOFF_SENSITIVE,20,7.290480568822975e-05
near_symmetric_m4_meaningful,0.2,21,-9.608789318035433e-05,-8.661018398094828e-06,-4.575613960969254e-06,-2.4393832531095844e-33,-8.661018398094828e-06,-0.0016777880969727176,0.0016691270785746228,0.9948378353537481,-0.009166920151086387,0.009158259132688291,0.27601603815967984,0.399710987477177,0.20000001080138388,0.7317008286582471,0.01,SAFE_DELTA_AWAY_FROM_EPSILON,21,7.94822418368868e-05
near_symmetric_m4_meaningful,0.2,21,-9.608789318035433e-05,-8.661018398094828e-06,-4.575613960969254e-06,-2.4393832531095844e-33,-8.661018398094828e-06,-0.0016777880969727176,0.0016691270785746228,0.9948378353537481,-0.009166920151086387,0.009158259132688291,0.27601603815967984,0.399710987477177,0.20000001080138388,0.7317008286582471,0.02,SAFE_DELTA_AWAY_FROM_EPSILON,21,7.94822418368868e-05
near_symmetric_m4_meaningful,0.2,21,-9.608789318035433e-05,-8.661018398094828e-06,-4.575613960969254e-06,-2.4393832531095844e-33,-8.661018398094828e-06,-0.0016777880969727176,0.0016691270785746228,0.9948378353537481,-0.009166920151086387,0.009158259132688291,0.27601603815967984,0.399710987477177,0.20000001080138388,0.7317008286582471,0.05,SAFE_DELTA_AWAY_FROM_EPSILON,21,7.94822418368868e-05
near_symmetric_m4_meaningful,0.2,21,-9.608789318035433e-05,-8.661018398094828e-06,-4.575613960969254e-06,-2.4393832531095844e-33,-8.661018398094828e-06,-0.0016777880969727176,0.0016691270785746228,0.9948378353537481,-0.009166920151086387,0.009158259132688291,0.27601603815967984,0.399710987477177,0.20000001080138388,0.7317008286582471,0.1,SAFE_DELTA_AWAY_FROM_EPSILON,21,7.94822418368868e-05
near_symmetric_m4_meaningful,0.2,21,-9.608789318035433e-05,-8.661018398094828e-06,-4.575613960969254e-06,-2.4393832531095844e-33,-8.661018398094828e-06,-0.0016777880969727176,0.0016691270785746228,0.9948378353537481,-0.009166920151086387,0.009158259132688291,0.27601603815967984,0.399710987477177,0.20000001080138388,0.7317008286582471,0.2,EXCLUDED_FROM_FITS_DELTA_EQUALS_EPSILON_ROUNDOFF_SENSITIVE,21,7.94822418368868e-05
near_symmetric_m4_meaningful,0.2,22,-0.0001048091278795094,-8.721234699155059e-06,-4.764051267250427e-06,-2.452013469107997e-33,-8.721234699155059e-06,-0.0016943149809108098,0.0016855937462116547,0.9948526485350045,-0.009166920151086387,0.009158198916387231,0.27601603815967984,0.399710987477177,0.20000000864694403,0.7507575672777587,0.01,SAFE_DELTA_AWAY_FROM_EPSILON,22,7.661789755507521e-05
near_symmetric_m4_meaningful,0.2,22,-0.0001048091278795094,-8.721234699155059e-06,-4.764051267250427e-06,-2.452013469107997e-33,-8.721234699155059e-06,-0.0016943149809108098,0.0016855937462116547,0.9948526485350045,-0.009166920151086387,0.009158198916387231,0.27601603815967984,0.399710987477177,0.20000000864694403,0.7507575672777587,0.02,SAFE_DELTA_AWAY_FROM_EPSILON,22,7.661789755507521e-05
near_symmetric_m4_meaningful,0.2,22,-0.0001048091278795094,-8.721234699155059e-06,-4.764051267250427e-06,-2.452013469107997e-33,-8.721234699155059e-06,-0.0016943149809108098,0.0016855937462116547,0.9948526485350045,-0.009166920151086387,0.009158198916387231,0.27601603815967984,0.399710987477177,0.20000000864694403,0.7507575672777587,0.05,SAFE_DELTA_AWAY_FROM_EPSILON,22,7.661789755507521e-05
near_symmetric_m4_meaningful,0.2,22,-0.0001048091278795094,-8.721234699155059e-06,-4.764051267250427e-06,-2.452013469107997e-33,-8.721234699155059e-06,-0.0016943149809108098,0.0016855937462116547,0.9948526485350045,-0.009166920151086387,0.009158198916387231,0.27601603815967984,0.399710987477177,0.20000000864694403,0.7507575672777587,0.1,SAFE_DELTA_AWAY_FROM_EPSILON,22,7.661789755507521e-05
near_symmetric_m4_meaningful,0.2,22,-0.0001048091278795094,-8.721234699155059e-06,-4.764051267250427e-06,-2.452013469107997e-33,-8.721234699155059e-06,-0.0016943149809108098,0.0016855937462116547,0.9948526485350045,-0.009166920151086387,0.009158198916387231,0.27601603815967984,0.399710987477177,0.20000000864694403,0.7507575672777587,0.2,EXCLUDED_FROM_FITS_DELTA_EQUALS_EPSILON_ROUNDOFF_SENSITIVE,22,7.661789755507521e-05
near_symmetric_m4_meaningful,0.05,2,-3.5250285766052656e-08,-3.5250285766052656e-08,-1.7625142883026328e-08,-4.3961353971242444e-37,-3.5250285766052656e-08,-0.0007626162414031978,0.0007625809911174317,0.9999537771635951,-0.02062557033994437,0.020625535089658604,0.10345079223353279,0.45261139540729817,0.24512669459778963,0.25099930355295136,0.01,SAFE_DELTA_AWAY_FROM_EPSILON,2,0.00038129049555871587
near_symmetric_m4_meaningful,0.05,2,-3.5250285766052656e-08,-3.5250285766052656e-08,-1.7625142883026328e-08,-4.3961353971242444e-37,-3.5250285766052656e-08,-0.0007626162414031978,0.0007625809911174317,0.9999537771635951,-0.02062557033994437,0.020625535089658604,0.10345079223353279,0.45261139540729817,0.24512669459778963,0.25099930355295136,0.02,SAFE_DELTA_AWAY_FROM_EPSILON,2,0.00038129049555871587
near_symmetric_m4_meaningful,0.05,2,-3.5250285766052656e-08,-3.5250285766052656e-08,-1.7625142883026328e-08,-4.3961353971242444e-37,-3.5250285766052656e-08,-0.0007626162414031978,0.0007625809911174317,0.9999537771635951,-0.02062557033994437,0.020625535089658604,0.10345079223353279,0.45261139540729817,0.24512669459778963,0.25099930355295136,0.05,EXCLUDED_FROM_FITS_DELTA_EQUALS_EPSILON_ROUNDOFF_SENSITIVE,2,0.00038129049555871587
near_symmetric_m4_meaningful,0.05,2,-3.5250285766052656e-08,-3.5250285766052656e-08,-1.7625142883026328e-08,-4.3961353971242444e-37,-3.5250285766052656e-08,-0.0007626162414031978,0.0007625809911174317,0.9999537771635951,-0.02062557033994437,0.020625535089658604,0.10345079223353279,0.45261139540729817,0.24512669459778963,0.25099930355295136,0.1,SAFE_DELTA_AWAY_FROM_EPSILON,2,0.00038129049555871587
near_symmetric_m4_meaningful,0.05,2,-3.5250285766052656e-08,-3.5250285766052656e-08,-1.7625142883026328e-08,-4.3961353971242444e-37,-3.5250285766052656e-08,-0.0007626162414031978,0.0007625809911174317,0.9999537771635951,-0.02062557033994437,0.020625535089658604,0.10345079223353279,0.45261139540729817,0.24512669459778963,0.25099930355295136,0.2,SAFE_DELTA_AWAY_FROM_EPSILON,2,0.00038129049555871587
near_symmetric_m4_meaningful,0.05,3,-1.1869600019778401e-07,-8.344571443173136e-08,-3.9565333399261335e-08,-5.288138321161463e-37,-8.344571443173136e-08,-0.0007599978397177911,0.0007599143940033593,0.9998902026952304,-0.02062557033994437,0.02062548689422994,0.10345079223353279,0.45261139540729817,0.23041936260884313,0.2647292991519287,0.01,SAFE_DELTA_AWAY_FROM_EPSILON,3,0.00025330479800111976
near_symmetric_m4_meaningful,0.05,3,-1.1869600019778401e-07,-8.344571443173136e-08,-3.9565333399261335e-08,-5.288138321161463e-37,-8.344571443173136e-08,-0.0007599978397177911,0.0007599143940033593,0.9998902026952304,-0.02062557033994437,0.02062548689422994,0.10345079223353279,0.45261139540729817,0.23041936260884313,0.2647292991519287,0.02,SAFE_DELTA_AWAY_FROM_EPSILON,3,0.00025330479800111976
near_symmetric_m4_meaningful,0.05,3,-1.1869600019778401e-07,-8.344571443173136e-08,-3.9565333399261335e-08,-5.288138321161463e-37,-8.344571443173136e-08,-0.0007599978397177911,0.0007599143940033593,0.9998902026952304,-0.02062557033994437,0.02062548689422994,0.10345079223353279,0.45261139540729817,0.23041936260884313,0.2647292991519287,0.05,EXCLUDED_FROM_FITS_DELTA_EQUALS_EPSILON_ROUNDOFF_SENSITIVE,3,0.00025330479800111976
near_symmetric_m4_meaningful,0.05,3,-1.1869600019778401e-07,-8.344571443173136e-08,-3.9565333399261335e-08,-5.288138321161463e-37,-8.344571443173136e-08,-0.0007599978397177911,0.0007599143940033593,0.9998902026952304,-0.02062557033994437,0.02062548689422994,0.10345079223353279,0.45261139540729817,0.23041936260884313,0.2647292991519287,0.1,SAFE_DELTA_AWAY_FROM_EPSILON,3,0.00025330479800111976
near_symmetric_m4_meaningful,0.05,3,-1.1869600019778401e-07,-8.344571443173136e-08,-3.9565333399261335e-08,-5.288138321161463e-37,-8.344571443173136e-08,-0.0007599978397177911,0.0007599143940033593,0.9998902026952304,-0.02062557033994437,0.02062548689422994,0.10345079223353279,0.45261139540729817,0.23041936260884313,0.2647292991519287,0.2,SAFE_DELTA_AWAY_FROM_EPSILON,3,0.00025330479800111976
near_symmetric_m4_meaningful,0.05,4,-4.152426006670048e-06,-4.033730006472264e-06,-1.038106501667512e-06,-2.7002411688922574e-35,-4.033730006472264e-06,-0.0012347894416573546,0.0012307557116508824,0.9967332649029959,-0.02062557033994437,0.020621536609937898,0.10345079223353279,0.45261139540729817,0.1962394866546234,0.29619716827969433,0.01,SAFE_DELTA_AWAY_FROM_EPSILON,4,0.0003076889279127206
near_symmetric_m4_meaningful,0.05,4,-4.152426006670048e-06,-4.033730006472264e-06,-1.038106501667512e-06,-2.7002411688922574e-35,-4.033730006472264e-06,-0.0012347894416573546,0.0012307557116508824,0.9967332649029959,-0.02062557033994437,0.020621536609937898,0.10345079223353279,0.45261139540729817,0.1962394866546234,0.29619716827969433,0.02,SAFE_DELTA_AWAY_FROM_EPSILON,4,0.0003076889279127206
near_symmetric_m4_meaningful,0.05,4,-4.152426006670048e-06,-4.033730006472264e-06,-1.038106501667512e-06,-2.7002411688922574e-35,-4.033730006472264e-06,-0.0012347894416573546,0.0012307557116508824,0.9967332649029959,-0.02062557033994437,0.020621536609937898,0.10345079223353279,0.45261139540729817,0.1962394866546234,0.29619716827969433,0.05,EXCLUDED_FROM_FITS_DELTA_EQUALS_EPSILON_ROUNDOFF_SENSITIVE,4,0.0003076889279127206
near_symmetric_m4_meaningful,0.05,4,-4.152426006670048e-06,-4.033730006472264e-06,-1.038106501667512e-06,-2.7002411688922574e-35,-4.033730006472264e-06,-0.0012347894416573546,0.0012307557116508824,0.9967332649029959,-0.02062557033994437,0.020621536609937898,0.10345079223353279,0.45261139540729817,0.1962394866546234,0.29619716827969433,0.1,SAFE_DELTA_AWAY_FROM_EPSILON,4,0.0003076889279127206
near_symmetric_m4_meaningful,0.05,4,-4.152426006670048e-06,-4.033730006472264e-06,-1.038106501667512e-06,-2.7002411688922574e-35,-4.033730006472264e-06,-0.0012347894416573546,0.0012307557116508824,0.9967332649029959,-0.02062557033994437,0.020621536609937898,0.10345079223353279,0.45261139540729817,0.1962394866546234,0.29619716827969433,0.2,SAFE_DELTA_AWAY_FROM_EPSILON,3,0.00041025190388362744
near_symmetric_m4_meaningful,0.05,5,-9.707397737851854e-06,-5.554971731181806e-06,-1.941479547570371e-06,-3.4559329452965914e-35,-5.554971731181806e-06,-0.0008935172005486392,0.0008879622288174574,0.9937830276487448,-0.02062557033994437,0.020620015368213188,0.10345079223353279,0.45261139540729817,0.0648783970668235,0.425185620894878,0.01,SAFE_DELTA_AWAY_FROM_EPSILON,5,0.00017759244576349148
near_symmetric_m4_meaningful,0.05,5,-9.707397737851854e-06,-5.554971731181806e-06,-1.941479547570371e-06,-3.4559329452965914e-35,-5.554971731181806e-06,-0.0008935172005486392,0.0008879622288174574,0.9937830276487448,-0.02062557033994437,0.020620015368213188,0.10345079223353279,0.45261139540729817,0.0648783970668235,0.425185620894878,0.02,SAFE_DELTA_AWAY_FROM_EPSILON,5,0.00017759244576349148
near_symmetric_m4_meaningful,0.05,5,-9.707397737851854e-06,-5.554971731181806e-06,-1.941479547570371e-06,-3.4559329452965914e-35,-5.554971731181806e-06,-0.0008935172005486392,0.0008879622288174574,0.9937830276487448,-0.02062557033994437,0.020620015368213188,0.10345079223353279,0.45261139540729817,0.0648783970668235,0.425185620894878,0.05,EXCLUDED_FROM_FITS_DELTA_EQUALS_EPSILON_ROUNDOFF_SENSITIVE,5,0.00017759244576349148
near_symmetric_m4_meaningful,0.05,5,-9.707397737851854e-06,-5.554971731181806e-06,-1.941479547570371e-06,-3.4559329452965914e-35,-5.554971731181806e-06,-0.0008935172005486392,0.0008879622288174574,0.9937830276487448,-0.02062557033994437,0.020620015368213188,0.10345079223353279,0.45261139540729817,0.0648783970668235,0.425185620894878,0.1,SAFE_DELTA_AWAY_FROM_EPSILON,4,0.00022199055720436436
near_symmetric_m4_meaningful,0.05,5,-9.707397737851854e-06,-5.554971731181806e-06,-1.941479547570371e-06,-3.4559329452965914e-35,-5.554971731181806e-06,-0.0008935172005486392,0.0008879622288174574,0.9937830276487448,-0.02062557033994437,0.020620015368213188,0.10345079223353279,0.45261139540729817,0.0648783970668235,0.425185620894878,0.2,SAFE_DELTA_AWAY_FROM_EPSILON,4,0.00022199055720436436
near_symmetric_m4_meaningful,0.05,6,-2.8309334749267866e-05,-1.8601937011416012e-05,-4.718222458211311e-06,-1.5452570911503593e-34,-1.8601937011416012e-05,-0.0012828410348276129,0.0012642390978161969,0.9854994215912998,-0.02062557033994437,0.020606968402932954,0.10345079223353279,0.45261139540729817,0.06372743458995689,0.44093706368730984,0.01,SAFE_DELTA_AWAY_FROM_EPSILON,6,0.00021070651630269947
near_symmetric_m4_meaningful,0.05,6,-2.8309334749267866e-05,-1.8601937011416012e-05,-4.718222458211311e-06,-1.5452570911503593e-34,-1.8601937011416012e-05,-0.0012828410348276129,0.0012642390978161969,0.9854994215912998,-0.02062557033994437,0.020606968402932954,0.10345079223353279,0.45261139540729817,0.06372743458995689,0.44093706368730984,0.02,SAFE_DELTA_AWAY_FROM_EPSILON,6,0.00021070651630269947
near_symmetric_m4_meaningful,0.05,6,-2.8309334749267866e-05,-1.8601937011416012e-05,-4.718222458211311e-06,-1.5452570911503593e-34,-1.8601937011416012e-05,-0.0012828410348276129,0.0012642390978161969,0.9854994215912998,-0.02062557033994437,0.020606968402932954,0.10345079223353279,0.45261139540729817,0.06372743458995689,0.44093706368730984,0.05,EXCLUDED_FROM_FITS_DELTA_EQUALS_EPSILON_ROUNDOFF_SENSITIVE,6,0.00021070651630269947
near_symmetric_m4_meaningful,0.05,6,-2.8309334749267866e-05,-1.8601937011416012e-05,-4.718222458211311e-06,-1.5452570911503593e-34,-1.8601937011416012e-05,-0.0012828410348276129,0.0012642390978161969,0.9854994215912998,-0.02062557033994437,0.020606968402932954,0.10345079223353279,0.45261139540729817,0.06372743458995689,0.44093706368730984,0.1,SAFE_DELTA_AWAY_FROM_EPSILON,4,0.0003160597744540492
near_symmetric_m4_meaningful,0.05,6,-2.8309334749267866e-05,-1.8601937011416012e-05,-4.718222458211311e-06,-1.5452570911503593e-34,-1.8601937011416012e-05,-0.0012828410348276129,0.0012642390978161969,0.9854994215912998,-0.02062557033994437,0.020606968402932954,0.10345079223353279,0.45261139540729817,0.06372743458995689,0.44093706368730984,0.2,SAFE_DELTA_AWAY_FROM_EPSILON,4,0.0003160597744540492
near_symmetric_m4_meaningful,0.05,7,-4.737071238875787e-05,-1.9061377639490004e-05,-6.76724462696541e-06,-1.6038538036297146e-34,-1.9061377639490004e-05,-0.0013289307253446262,0.0013098693477051363,0.9856566055130174,-0.02062557033994437,0.02060650896230488,0.10345079223353279,0.45261139540729817,0.0607362058001689,0.46714002898254636,0.01,SAFE_DELTA_AWAY_FROM_EPSILON,7,0.00018712419252930518
near_symmetric_m4_meaningful,0.05,7,-4.737071238875787e-05,-1.9061377639490004e-05,-6.76724462696541e-06,-1.6038538036297146e-34,-1.9061377639490004e-05,-0.0013289307253446262,0.0013098693477051363,0.9856566055130174,-0.02062557033994437,0.02060650896230488,0.10345079223353279,0.45261139540729817,0.0607362058001689,0.46714002898254636,0.02,SAFE_DELTA_AWAY_FROM_EPSILON,7,0.00018712419252930518
near_symmetric_m4_meaningful,0.05,7,-4.737071238875787e-05,-1.9061377639490004e-05,-6.76724462696541e-06,-1.6038538036297146e-34,-1.9061377639490004e-05,-0.0013289307253446262,0.0013098693477051363,0.9856566055130174,-0.02062557033994437,0.02060650896230488,0.10345079223353279,0.45261139540729817,0.0607362058001689,0.46714002898254636,0.05,EXCLUDED_FROM_FITS_DELTA_EQUALS_EPSILON_ROUNDOFF_SENSITIVE,7,0.00018712419252930518
near_symmetric_m4_meaningful,0.05,7,-4.737071238875787e-05,-1.9061377639490004e-05,-6.76724462696541e-06,-1.6038538036297146e-34,-1.9061377639490004e-05,-0.0013289307253446262,0.0013098693477051363,0.9856566055130174,-0.02062557033994437,0.02060650896230488,0.10345079223353279,0.45261139540729817,0.0607362058001689,0.46714002898254636,0.1,SAFE_DELTA_AWAY_FROM_EPSILON,4,0.0003274673369262841
near_symmetric_m4_meaningful,0.05,7,-4.737071238875787e-05,-1.9061377639490004e-05,-6.76724462696541e-06,-1.6038538036297146e-34,-1.9061377639490004e-05,-0.0013289307253446262,0.0013098693477051363,0.9856566055130174,-0.02062557033994437,0.02060650896230488,0.10345079223353279,0.45261139540729817,0.0607362058001689,0.46714002898254636,0.2,SAFE_DELTA_AWAY_FROM_EPSILON,4,0.0003274673369262841
near_symmetric_m4_meaningful,0.05,8,-7.116395276913997e-05,-2.3793240380382107e-05,-8.895494096142497e-06,-1.6479475810414346e-34,-2.3793240380382107e-05,-0.001391944426877013,0.0013681511864966308,0.9829064724704815,-0.02062557033994437,0.020601777099563987,0.10345079223353279,0.45261139540729817,0.05636369059202153,0.5058753946320189,0.01,SAFE_DELTA_AWAY_FROM_EPSILON,8,0.00017101889831207885
near_symmetric_m4_meaningful,0.05,8,-7.116395276913997e-05,-2.3793240380382107e-05,-8.895494096142497e-06,-1.6479475810414346e-34,-2.3793240380382107e-05,-0.001391944426877013,0.0013681511864966308,0.9829064724704815,-0.02062557033994437,0.020601777099563987,0.10345079223353279,0.45261139540729817,0.05636369059202153,0.5058753946320189,0.02,SAFE_DELTA_AWAY_FROM_EPSILON,8,0.00017101889831207885
near_symmetric_m4_meaningful,0.05,8,-7.116395276913997e-05,-2.3793240380382107e-05,-8.895494096142497e-06,-1.6479475810414346e-34,-2.3793240380382107e-05,-0.001391944426877013,0.0013681511864966308,0.9829064724704815,-0.02062557033994437,0.020601777099563987,0.10345079223353279,0.45261139540729817,0.05636369059202153,0.5058753946320189,0.05,EXCLUDED_FROM_FITS_DELTA_EQUALS_EPSILON_ROUNDOFF_SENSITIVE,8,0.00017101889831207885
near_symmetric_m4_meaningful,0.05,8,-7.116395276913997e-05,-2.3793240380382107e-05,-8.895494096142497e-06,-1.6479475810414346e-34,-2.3793240380382107e-05,-0.001391944426877013,0.0013681511864966308,0.9829064724704815,-0.02062557033994437,0.020601777099563987,0.10345079223353279,0.45261139540729817,0.05636369059202153,0.5058753946320189,0.1,SAFE_DELTA_AWAY_FROM_EPSILON,4,0.0003420377966241577
near_symmetric_m4_meaningful,0.05,8,-7.116395276913997e-05,-2.3793240380382107e-05,-8.895494096142497e-06,-1.6479475810414346e-34,-2.3793240380382107e-05,-0.001391944426877013,0.0013681511864966308,0.9829064724704815,-0.02062557033994437,0.020601777099563987,0.10345079223353279,0.45261139540729817,0.05636369059202153,0.5058753946320189,0.2,SAFE_DELTA_AWAY_FROM_EPSILON,4,0.0003420377966241577
near_symmetric_m4_meaningful,0.05,9,-0.0001003293785990223,-2.9165425829882318e-05,-1.11477087332247e-05,-3.069543557917909e-34,-2.9165425829882318e-05,-0.001715480500161382,0.0016863150743314998,0.9829986841429333,-0.02062557033994437,0.020596404914114488,0.10345079223353279,0.45261139540729817,0.050602969226257004,0.5696306700396037,0.01,SAFE_DELTA_AWAY_FROM_EPSILON,9,0.00018736834159238885
near_symmetric_m4_meaningful,0.05,9,-0.0001003293785990223,-2.9165425829882318e-05,-1.11477087332247e-05,-3.069543557917909e-34,-2.9165425829882318e-05,-0.001715480500161382,0.0016863150743314998,0.9829986841429333,-0.02062557033994437,0.020596404914114488,0.10345079223353279,0.45261139540729817,0.050602969226257004,0.5696306700396037,0.02,SAFE_DELTA_AWAY_FROM_EPSILON,9,0.00018736834159238885
near_symmetric_m4_meaningful,0.05,9,-0.0001003293785990223,-2.9165425829882318e-05,-1.11477087332247e-05,-3.069543557917909e-34,-2.9165425829882318e-05,-0.001715480500161382,0.0016863150743314998,0.9829986841429333,-0.02062557033994437,0.020596404914114488,0.10345079223353279,0.45261139540729817,0.050602969226257004,0.5696306700396037,0.05,EXCLUDED_FROM_FITS_DELTA_EQUALS_EPSILON_ROUNDOFF_SENSITIVE,9,0.00018736834159238885
near_symmetric_m4_meaningful,0.05,9,-0.0001003293785990223,-2.9165425829882318e-05,-1.11477087332247e-05,-3.069543557917909e-34,-2.9165425829882318e-05,-0.001715480500161382,0.0016863150743314998,0.9829986841429333,-0.02062557033994437,0.020596404914114488,0.10345079223353279,0.45261139540729817,0.050602969226257004,0.5696306700396037,0.1,SAFE_DELTA_AWAY_FROM_EPSILON,5,0.00033726301486629995
near_symmetric_m4_meaningful,0.05,9,-0.0001003293785990223,-2.9165425829882318e-05,-1.11477087332247e-05,-3.069543557917909e-34,-2.9165425829882318e-05,-0.001715480500161382,0.0016863150743314998,0.9829986841429333,-0.02062557033994437,0.020596404914114488,0.10345079223353279,0.45261139540729817,0.050602969226257004,0.5696306700396037,0.2,SAFE_DELTA_AWAY_FROM_EPSILON,4,0.00042157876858287495
near_symmetric_m4_meaningful,0.05,10,-0.00015420366132210293,-5.3874282723080644e-05,-1.5420366132210292e-05,-1.2935165905919223e-32,-5.3874282723080644e-05,-0.002095034934693183,0.0020411606519701022,0.9742847807304127,-0.02062557033994437,0.02057169605722129,0.10345079223353279,0.45261139540729817,0.05051712613373228,0.6057906500695417,0.01,SAFE_DELTA_AWAY_FROM_EPSILON,10,0.00020411606519701023
near_symmetric_m4_meaningful,0.05,10,-0.00015420366132210293,-5.3874282723080644e-05,-1.5420366132210292e-05,-1.2935165905919223e-32,-5.3874282723080644e-05,-0.002095034934693183,0.0020411606519701022,0.9742847807304127,-0.02062557033994437,0.02057169605722129,0.10345079223353279,0.45261139540729817,0.05051712613373228,0.6057906500695417,0.02,SAFE_DELTA_AWAY_FROM_EPSILON,10,0.00020411606519701023
near_symmetric_m4_meaningful,0.05,10,-0.00015420366132210293,-5.3874282723080644e-05,-1.5420366132210292e-05,-1.2935165905919223e-32,-5.3874282723080644e-05,-0.002095034934693183,0.0020411606519701022,0.9742847807304127,-0.02062557033994437,0.02057169605722129,0.10345079223353279,0.45261139540729817,0.05051712613373228,0.6057906500695417,0.05,EXCLUDED_FROM_FITS_DELTA_EQUALS_EPSILON_ROUNDOFF_SENSITIVE,10,0.00020411606519701023
near_symmetric_m4_meaningful,0.05,10,-0.00015420366132210293,-5.3874282723080644e-05,-1.5420366132210292e-05,-1.2935165905919223e-32,-5.3874282723080644e-05,-0.002095034934693183,0.0020411606519701022,0.9742847807304127,-0.02062557033994437,0.02057169605722129,0.10345079223353279,0.45261139540729817,0.05051712613373228,0.6057906500695417,0.1,SAFE_DELTA_AWAY_FROM_EPSILON,5,0.00040823213039402047
near_symmetric_m4_meaningful,0.05,10,-0.00015420366132210293,-5.3874282723080644e-05,-1.5420366132210292e-05,-1.2935165905919223e-32,-5.3874282723080644e-05,-0.002095034934693183,0.0020411606519701022,0.9742847807304127,-0.02062557033994437,0.02057169605722129,0.10345079223353279,0.45261139540729817,0.05051712613373228,0.6057906500695417,0.2,SAFE_DELTA_AWAY_FROM_EPSILON,4,0.0005102901629925256
near_symmetric_m4_meaningful,0.05,11,-0.00020806174021567998,-5.385807889357704e-05,-1.891470365597091e-05,-1.32523465293922e-32,-5.385807889357704e-05,-0.0022126900391710273,0.0021588319602774504,0.9756594561641564,-0.02062557033994437,0.020571712261050795,0.10345079223353279,0.45261139540729817,0.05034077821266764,0.6339775863553544,0.01,SAFE_DELTA_AWAY_FROM_EPSILON,11,0.00019625745093431368
near_symmetric_m4_meaningful,0.05,11,-0.00020806174021567998,-5.385807889357704e-05,-1.891470365597091e-05,-1.32523465293922e-32,-5.385807889357704e-05,-0.0022126900391710273,0.0021588319602774504,0.9756594561641564,-0.02062557033994437,0.020571712261050795,0.10345079223353279,0.45261139540729817,0.05034077821266764,0.6339775863553544,0.02,SAFE_DELTA_AWAY_FROM_EPSILON,11,0.00019625745093431368
near_symmetric_m4_meaningful,0.05,11,-0.00020806174021567998,-5.385807889357704e-05,-1.891470365597091e-05,-1.32523465293922e-32,-5.385807889357704e-05,-0.0022126900391710273,0.0021588319602774504,0.9756594561641564,-0.02062557033994437,0.020571712261050795,0.10345079223353279,0.45261139540729817,0.05034077821266764,0.6339775863553544,0.05,EXCLUDED_FROM_FITS_DELTA_EQUALS_EPSILON_ROUNDOFF_SENSITIVE,11,0.00019625745093431368
near_symmetric_m4_meaningful,0.05,11,-0.00020806174021567998,-5.385807889357704e-05,-1.891470365597091e-05,-1.32523465293922e-32,-5.385807889357704e-05,-0.0022126900391710273,0.0021588319602774504,0.9756594561641564,-0.02062557033994437,0.020571712261050795,0.10345079223353279,0.45261139540729817,0.05034077821266764,0.6339775863553544,0.1,SAFE_DELTA_AWAY_FROM_EPSILON,6,0.0003598053267129084
near_symmetric_m4_meaningful,0.05,11,-0.00020806174021567998,-5.385807889357704e-05,-1.891470365597091e-05,-1.32523465293922e-32,-5.385807889357704e-05,-0.0022126900391710273,0.0021588319602774504,0.9756594561641564,-0.02062557033994437,0.020571712261050795,0.10345079223353279,0.45261139540729817,0.05034077821266764,0.6339775863553544,0.2,SAFE_DELTA_AWAY_FROM_EPSILON,4,0.0005397079900693626
near_symmetric_m4_meaningful,0.05,12,-0.0002648772980356807,-5.681555782000072e-05,-2.207310816964006e-05,-1.3726505232326816e-32,-5.681555782000072e-05,-0.0022543211468138927,0.002197505588993892,0.974797043491208,-0.02062557033994437,0.02056875478212437,0.10345079223353279,0.45261139540729817,0.05015876493164571,0.661288994700648,0.01,SAFE_DELTA_AWAY_FROM_EPSILON,12,0.000183125465749491
near_symmetric_m4_meaningful,0.05,12,-0.0002648772980356807,-5.681555782000072e-05,-2.207310816964006e-05,-1.3726505232326816e-32,-5.681555782000072e-05,-0.0022543211468138927,0.002197505588993892,0.974797043491208,-0.02062557033994437,0.02056875478212437,0.10345079223353279,0.45261139540729817,0.05015876493164571,0.661288994700648,0.02,SAFE_DELTA_AWAY_FROM_EPSILON,12,0.000183125465749491
near_symmetric_m4_meaningful,0.05,12,-0.0002648772980356807,-5.681555782000072e-05,-2.207310816964006e-05,-1.3726505232326816e-32,-5.681555782000072e-05,-0.0022543211468138927,0.002197505588993892,0.974797043491208,-0.02062557033994437,0.02056875478212437,0.10345079223353279,0.45261139540729817,0.05015876493164571,0.661288994700648,0.05,EXCLUDED_FROM_FITS_DELTA_EQUALS_EPSILON_ROUNDOFF_SENSITIVE,12,0.000183125465749491
near_symmetric_m4_meaningful,0.05,12,-0.0002648772980356807,-5.681555782000072e-05,-2.207310816964006e-05,-1.3726505232326816e-32,-5.681555782000072e-05,-0.0022543211468138927,0.002197505588993892,0.974797043491208,-0.02062557033994437,0.02056875478212437,0.10345079223353279,0.45261139540729817,0.05015876493164571,0.661288994700648,0.1,SAFE_DELTA_AWAY_FROM_EPSILON,7,0.0003139293698562703
near_symmetric_m4_meaningful,0.05,12,-0.0002648772980356807,-5.681555782000072e-05,-2.207310816964006e-05,-1.3726505232326816e-32,-5.681555782000072e-05,-0.0022543211468138927,0.002197505588993892,0.974797043491208,-0.02062557033994437,0.02056875478212437,0.10345079223353279,0.45261139540729817,0.05015876493164571,0.661288994700648,0.2,SAFE_DELTA_AWAY_FROM_EPSILON,4,0.000549376397248473
near_symmetric_m4_meaningful,0.05,13,-0.0003450838452522479,-8.020654721656717e-05,-2.654491117324984e-05,-1.4241457478985466e-32,-8.020654721656717e-05,-0.002815488522687988,0.002735281975471421,0.971512387079457,-0.02062557033994437,0.020545363792727804,0.10345079223353279,0.45261139540729817,0.05001942970565941,0.6815617561333981,0.01,SAFE_DELTA_AWAY_FROM_EPSILON,13,0.00021040630580549394
near_symmetric_m4_meaningful,0.05,13,-0.0003450838452522479,-8.020654721656717e-05,-2.654491117324984e-05,-1.4241457478985466e-32,-8.020654721656717e-05,-0.002815488522687988,0.002735281975471421,0.971512387079457,-0.02062557033994437,0.020545363792727804,0.10345079223353279,0.45261139540729817,0.05001942970565941,0.6815617561333981,0.02,SAFE_DELTA_AWAY_FROM_EPSILON,13,0.00021040630580549394
near_symmetric_m4_meaningful,0.05,13,-0.0003450838452522479,-8.020654721656717e-05,-2.654491117324984e-05,-1.4241457478985466e-32,-8.020654721656717e-05,-0.002815488522687988,0.002735281975471421,0.971512387079457,-0.02062557033994437,0.020545363792727804,0.10345079223353279,0.45261139540729817,0.05001942970565941,0.6815617561333981,0.05,EXCLUDED_FROM_FITS_DELTA_EQUALS_EPSILON_ROUNDOFF_SENSITIVE,13,0.00021040630580549394
near_symmetric_m4_meaningful,0.05,13,-0.0003450838452522479,-8.020654721656717e-05,-2.654491117324984e-05,-1.4241457478985466e-32,-8.020654721656717e-05,-0.002815488522687988,0.002735281975471421,0.971512387079457,-0.02062557033994437,0.020545363792727804,0.10345079223353279,0.45261139540729817,0.05001942970565941,0.6815617561333981,0.1,SAFE_DELTA_AWAY_FROM_EPSILON,8,0.00034191024693392764
near_symmetric_m4_meaningful,0.05,13,-0.0003450838452522479,-8.020654721656717e-05,-2.654491117324984e-05,-1.4241457478985466e-32,-8.020654721656717e-05,-0.002815488522687988,0.002735281975471421,0.971512387079457,-0.02062557033994437,0.020545363792727804,0.10345079223353279,0.45261139540729817,0.05001942970565941,0.6815617561333981,0.2,SAFE_DELTA_AWAY_FROM_EPSILON,4,0.0006838204938678553
near_symmetric_m4_meaningful,0.05,14,-0.00044070316461730175,-9.561931936505385e-05,-3.147879747266441e-05,-2.2802096506857778e-32,-9.561931936505385e-05,-0.002967616637105052,0.002871997317739998,0.9677790863653023,-0.02062557033994437,0.020529951020579317,0.10345079223353279,0.45261139540729817,0.05001594934005186,0.7340900106741345,0.01,SAFE_DELTA_AWAY_FROM_EPSILON,14,0.000205142665552857
near_symmetric_m4_meaningful,0.05,14,-0.00044070316461730175,-9.561931936505385e-05,-3.147879747266441e-05,-2.2802096506857778e-32,-9.561931936505385e-05,-0.002967616637105052,0.002871997317739998,0.9677790863653023,-0.02062557033994437,0.020529951020579317,0.10345079223353279,0.45261139540729817,0.05001594934005186,0.7340900106741345,0.02,SAFE_DELTA_AWAY_FROM_EPSILON,14,0.000205142665552857
near_symmetric_m4_meaningful,0.05,14,-0.00044070316461730175,-9.561931936505385e-05,-3.147879747266441e-05,-2.2802096506857778e-32,-9.561931936505385e-05,-0.002967616637105052,0.002871997317739998,0.9677790863653023,-0.02062557033994437,0.020529951020579317,0.10345079223353279,0.45261139540729817,0.05001594934005186,0.7340900106741345,0.05,EXCLUDED_FROM_FITS_DELTA_EQUALS_EPSILON_ROUNDOFF_SENSITIVE,14,0.000205142665552857
near_symmetric_m4_meaningful,0.05,14,-0.00044070316461730175,-9.561931936505385e-05,-3.147879747266441e-05,-2.2802096506857778e-32,-9.561931936505385e-05,-0.002967616637105052,0.002871997317739998,0.9677790863653023,-0.02062557033994437,0.020529951020579317,0.10345079223353279,0.45261139540729817,0.05001594934005186,0.7340900106741345,0.1,SAFE_DELTA_AWAY_FROM_EPSILON,8,0.0003589996647174998
near_symmetric_m4_meaningful,0.05,14,-0.00044070316461730175,-9.561931936505385e-05,-3.147879747266441e-05,-2.2802096506857778e-32,-9.561931936505385e-05,-0.002967616637105052,0.002871997317739998,0.9677790863653023,-0.02062557033994437,0.020529951020579317,0.10345079223353279,0.45261139540729817,0.05001594934005186,0.7340900106741345,0.2,SAFE_DELTA_AWAY_FROM_EPSILON,5,0.0005743994635479996
near_symmetric_m4_meaningful,0.05,15,-0.0005372093983310628,-9.650623371376098e-05,-3.5813959888737516e-05,-2.315565894178335e-32,-9.650623371376098e-05,-0.0031350185707265145,0.0030385123370127534,0.9692166947223548,-0.02062557033994437,0.02052906410623061,0.10345079223353279,0.45261139540729817,0.050008934898540504,0.7540252108031423,0.01,SAFE_DELTA_AWAY_FROM_EPSILON,15,0.00020256748913418356
near_symmetric_m4_meaningful,0.05,15,-0.0005372093983310628,-9.650623371376098e-05,-3.5813959888737516e-05,-2.315565894178335e-32,-9.650623371376098e-05,-0.0031350185707265145,0.0030385123370127534,0.9692166947223548,-0.02062557033994437,0.02052906410623061,0.10345079223353279,0.45261139540729817,0.050008934898540504,0.7540252108031423,0.02,SAFE_DELTA_AWAY_FROM_EPSILON,15,0.00020256748913418356
near_symmetric_m4_meaningful,0.05,15,-0.0005372093983310628,-9.650623371376098e-05,-3.5813959888737516e-05,-2.315565894178335e-32,-9.650623371376098e-05,-0.0031350185707265145,0.0030385123370127534,0.9692166947223548,-0.02062557033994437,0.02052906410623061,0.10345079223353279,0.45261139540729817,0.050008934898540504,0.7540252108031423,0.05,EXCLUDED_FROM_FITS_DELTA_EQUALS_EPSILON_ROUNDOFF_SENSITIVE,15,0.00020256748913418356
near_symmetric_m4_meaningful,0.05,15,-0.0005372093983310628,-9.650623371376098e-05,-3.5813959888737516e-05,-2.315565894178335e-32,-9.650623371376098e-05,-0.0031350185707265145,0.0030385123370127534,0.9692166947223548,-0.02062557033994437,0.02052906410623061,0.10345079223353279,0.45261139540729817,0.050008934898540504,0.7540252108031423,0.1,SAFE_DELTA_AWAY_FROM_EPSILON,8,0.00037981404212659417
near_symmetric_m4_meaningful,0.05,15,-0.0005372093983310628,-9.650623371376098e-05,-3.5813959888737516e-05,-2.315565894178335e-32,-9.650623371376098e-05,-0.0031350185707265145,0.0030385123370127534,0.9692166947223548,-0.02062557033994437,0.02052906410623061,0.10345079223353279,0.45261139540729817,0.050008934898540504,0.7540252108031423,0.2,SAFE_DELTA_AWAY_FROM_EPSILON,5,0.0006077024674025507
near_symmetric_m4_meaningful,0.05,16,-0.000634926926334295,-9.771752800323225e-05,-3.968293289589344e-05,-2.338990366938837e-32,-9.771752800323225e-05,-0.003185007762030064,0.003087290234026832,0.9693195322258967,-0.02062557033994437,0.02052785281194114,0.10345079223353279,0.45261139540729817,0.050003472523361375,0.7659220535262431,0.01,SAFE_DELTA_AWAY_FROM_EPSILON,16,0.000192955639626677
near_symmetric_m4_meaningful,0.05,16,-0.000634926926334295,-9.771752800323225e-05,-3.968293289589344e-05,-2.338990366938837e-32,-9.771752800323225e-05,-0.003185007762030064,0.003087290234026832,0.9693195322258967,-0.02062557033994437,0.02052785281194114,0.10345079223353279,0.45261139540729817,0.050003472523361375,0.7659220535262431,0.02,SAFE_DELTA_AWAY_FROM_EPSILON,16,0.000192955639626677
near_symmetric_m4_meaningful,0.05,16,-0.000634926926334295,-9.771752800323225e-05,-3.968293289589344e-05,-2.338990366938837e-32,-9.771752800323225e-05,-0.003185007762030064,0.003087290234026832,0.9693195322258967,-0.02062557033994437,0.02052785281194114,0.10345079223353279,0.45261139540729817,0.050003472523361375,0.7659220535262431,0.05,EXCLUDED_FROM_FITS_DELTA_EQUALS_EPSILON_ROUNDOFF_SENSITIVE,16,0.000192955639626677
near_symmetric_m4_meaningful,0.05,16,-0.000634926926334295,-9.771752800323225e-05,-3.968293289589344e-05,-2.338990366938837e-32,-9.771752800323225e-05,-0.003185007762030064,0.003087290234026832,0.9693195322258967,-0.02062557033994437,0.02052785281194114,0.10345079223353279,0.45261139540729817,0.050003472523361375,0.7659220535262431,0.1,SAFE_DELTA_AWAY_FROM_EPSILON,8,0.000385911279253354
near_symmetric_m4_meaningful,0.05,16,-0.000634926926334295,-9.771752800323225e-05,-3.968293289589344e-05,-2.338990366938837e-32,-9.771752800323225e-05,-0.003185007762030064,0.003087290234026832,0.9693195322258967,-0.02062557033994437,0.02052785281194114,0.10345079223353279,0.45261139540729817,0.050003472523361375,0.7659220535262431,0.2,SAFE_DELTA_AWAY_FROM_EPSILON,6,0.0005145483723378053
near_symmetric_m4_meaningful,0.05,17,-0.0007592969830080619,-0.0001243700566737668,-4.466452841223894e-05,-2.3828933678340735e-32,-0.0001243700566737668,-0.003699730149689974,0.0035753600930162072,0.966384019471207,-0.02062557033994437,0.020501200283270602,0.10345079223353279,0.45261139540729817,0.0500005720471445,0.7673645370415351,0.01,SAFE_DELTA_AWAY_FROM_EPSILON,17,0.00021031529958918867
near_symmetric_m4_meaningful,0.05,17,-0.0007592969830080619,-0.0001243700566737668,-4.466452841223894e-05,-2.3828933678340735e-32,-0.0001243700566737668,-0.003699730149689974,0.0035753600930162072,0.966384019471207,-0.02062557033994437,0.020501200283270602,0.10345079223353279,0.45261139540729817,0.0500005720471445,0.7673645370415351,0.02,SAFE_DELTA_AWAY_FROM_EPSILON,17,0.00021031529958918867
near_symmetric_m4_meaningful,0.05,17,-0.0007592969830080619,-0.0001243700566737668,-4.466452841223894e-05,-2.3828933678340735e-32,-0.0001243700566737668,-0.003699730149689974,0.0035753600930162072,0.966384019471207,-0.02062557033994437,0.020501200283270602,0.10345079223353279,0.45261139540729817,0.0500005720471445,0.7673645370415351,0.05,EXCLUDED_FROM_FITS_DELTA_EQUALS_EPSILON_ROUNDOFF_SENSITIVE,17,0.00021031529958918867
near_symmetric_m4_meaningful,0.05,17,-0.0007592969830080619,-0.0001243700566737668,-4.466452841223894e-05,-2.3828933678340735e-32,-0.0001243700566737668,-0.003699730149689974,0.0035753600930162072,0.966384019471207,-0.02062557033994437,0.020501200283270602,0.10345079223353279,0.45261139540729817,0.0500005720471445,0.7673645370415351,0.1,SAFE_DELTA_AWAY_FROM_EPSILON,8,0.0004469200116270259
near_symmetric_m4_meaningful,0.05,17,-0.0007592969830080619,-0.0001243700566737668,-4.466452841223894e-05,-2.3828933678340735e-32,-0.0001243700566737668,-0.003699730149689974,0.0035753600930162072,0.966384019471207,-0.02062557033994437,0.020501200283270602,0.10345079223353279,0.45261139540729817,0.0500005720471445,0.7673645370415351,0.2,SAFE_DELTA_AWAY_FROM_EPSILON,6,0.0005958933488360345
near_symmetric_m4_meaningful,0.05,18,-0.0008924682723372624,-0.00013317128932920056,-4.9581570685403466e-05,-2.7340782418024225e-32,-0.00013317128932920056,-0.003729955370846451,0.0035967840815172504,0.9642968142809227,-0.02062557033994437,0.02049239905061517,0.10345079223353279,0.45261139540729817,0.05000046116583008,0.8221049818727489,0.01,SAFE_DELTA_AWAY_FROM_EPSILON,18,0.00019982133786206947
near_symmetric_m4_meaningful,0.05,18,-0.0008924682723372624,-0.00013317128932920056,-4.9581570685403466e-05,-2.7340782418024225e-32,-0.00013317128932920056,-0.003729955370846451,0.0035967840815172504,0.9642968142809227,-0.02062557033994437,0.02049239905061517,0.10345079223353279,0.45261139540729817,0.05000046116583008,0.8221049818727489,0.02,SAFE_DELTA_AWAY_FROM_EPSILON,18,0.00019982133786206947
near_symmetric_m4_meaningful,0.05,18,-0.0008924682723372624,-0.00013317128932920056,-4.9581570685403466e-05,-2.7340782418024225e-32,-0.00013317128932920056,-0.003729955370846451,0.0035967840815172504,0.9642968142809227,-0.02062557033994437,0.02049239905061517,0.10345079223353279,0.45261139540729817,0.05000046116583008,0.8221049818727489,0.05,EXCLUDED_FROM_FITS_DELTA_EQUALS_EPSILON_ROUNDOFF_SENSITIVE,18,0.00019982133786206947
near_symmetric_m4_meaningful,0.05,18,-0.0008924682723372624,-0.00013317128932920056,-4.9581570685403466e-05,-2.7340782418024225e-32,-0.00013317128932920056,-0.003729955370846451,0.0035967840815172504,0.9642968142809227,-0.02062557033994437,0.02049239905061517,0.10345079223353279,0.45261139540729817,0.05000046116583008,0.8221049818727489,0.1,SAFE_DELTA_AWAY_FROM_EPSILON,8,0.0004495980101896563
near_symmetric_m4_meaningful,0.05,18,-0.0008924682723372624,-0.00013317128932920056,-4.9581570685403466e-05,-2.7340782418024225e-32,-0.00013317128932920056,-0.003729955370846451,0.0035967840815172504,0.9642968142809227,-0.02062557033994437,0.02049239905061517,0.10345079223353279,0.45261139540729817,0.05000046116583008,0.8221049818727489,0.2,SAFE_DELTA_AWAY_FROM_EPSILON,5,0.0007193568163034501
near_symmetric_m4_meaningful,0.05,19,-0.0010282137862487042,-0.0001357455139114417,-5.4116515065721277e-05,-2.8322938724896534e-32,-0.0001357455139114417,-0.0038766924503430694,0.0037409469364316278,0.964984193187822,-0.02062557033994437,0.02048982482603293,0.10345079223353279,0.45261139540729817,0.05000021450199401,0.831554740553358,0.01,SAFE_DELTA_AWAY_FROM_EPSILON,19,0.00019689194402271724
near_symmetric_m4_meaningful,0.05,19,-0.0010282137862487042,-0.0001357455139114417,-5.4116515065721277e-05,-2.8322938724896534e-32,-0.0001357455139114417,-0.0038766924503430694,0.0037409469364316278,0.964984193187822,-0.02062557033994437,0.02048982482603293,0.10345079223353279,0.45261139540729817,0.05000021450199401,0.831554740553358,0.02,SAFE_DELTA_AWAY_FROM_EPSILON,19,0.00019689194402271724
near_symmetric_m4_meaningful,0.05,19,-0.0010282137862487042,-0.0001357455139114417,-5.4116515065721277e-05,-2.8322938724896534e-32,-0.0001357455139114417,-0.0038766924503430694,0.0037409469364316278,0.964984193187822,-0.02062557033994437,0.02048982482603293,0.10345079223353279,0.45261139540729817,0.05000021450199401,0.831554740553358,0.05,EXCLUDED_FROM_FITS_DELTA_EQUALS_EPSILON_ROUNDOFF_SENSITIVE,19,0.00019689194402271724
near_symmetric_m4_meaningful,0.05,19,-0.0010282137862487042,-0.0001357455139114417,-5.4116515065721277e-05,-2.8322938724896534e-32,-0.0001357455139114417,-0.0038766924503430694,0.0037409469364316278,0.964984193187822,-0.02062557033994437,0.02048982482603293,0.10345079223353279,0.45261139540729817,0.05000021450199401,0.831554740553358,0.1,SAFE_DELTA_AWAY_FROM_EPSILON,8,0.00046761836705395347
near_symmetric_m4_meaningful,0.05,19,-0.0010282137862487042,-0.0001357455139114417,-5.4116515065721277e-05,-2.8322938724896534e-32,-0.0001357455139114417,-0.0038766924503430694,0.0037409469364316278,0.964984193187822,-0.02062557033994437,0.02048982482603293,0.10345079223353279,0.45261139540729817,0.05000021450199401,0.831554740553358,0.2,SAFE_DELTA_AWAY_FROM_EPSILON,5,0.0007481893872863255
near_symmetric_m4_meaningful,0.05,20,-0.0011646047867468832,-0.00013639100049817897,-5.823023933734416e-05,-2.8680317698648144e-32,-0.00013639100049817897,-0.003959743493711858,0.003823352493213679,0.9655555970444121,-0.02062557033994437,0.020489179339446193,0.10345079223353279,0.45261139540729817,0.05000007202731932,0.8336202048263796,0.01,SAFE_DELTA_AWAY_FROM_EPSILON,20,0.00019116762466068395
near_symmetric_m4_meaningful,0.05,20,-0.0011646047867468832,-0.00013639100049817897,-5.823023933734416e-05,-2.8680317698648144e-32,-0.00013639100049817897,-0.003959743493711858,0.003823352493213679,0.9655555970444121,-0.02062557033994437,0.020489179339446193,0.10345079223353279,0.45261139540729817,0.05000007202731932,0.8336202048263796,0.02,SAFE_DELTA_AWAY_FROM_EPSILON,20,0.00019116762466068395
near_symmetric_m4_meaningful,0.05,20,-0.0011646047867468832,-0.00013639100049817897,-5.823023933734416e-05,-2.8680317698648144e-32,-0.00013639100049817897,-0.003959743493711858,0.003823352493213679,0.9655555970444121,-0.02062557033994437,0.020489179339446193,0.10345079223353279,0.45261139540729817,0.05000007202731932,0.8336202048263796,0.05,EXCLUDED_FROM_FITS_DELTA_EQUALS_EPSILON_ROUNDOFF_SENSITIVE,20,0.00019116762466068395
near_symmetric_m4_meaningful,0.05,20,-0.0011646047867468832,-0.00013639100049817897,-5.823023933734416e-05,-2.8680317698648144e-32,-0.00013639100049817897,-0.003959743493711858,0.003823352493213679,0.9655555970444121,-0.02062557033994437,0.020489179339446193,0.10345079223353279,0.45261139540729817,0.05000007202731932,0.8336202048263796,0.1,SAFE_DELTA_AWAY_FROM_EPSILON,8,0.0004779190616517099
near_symmetric_m4_meaningful,0.05,20,-0.0011646047867468832,-0.00013639100049817897,-5.823023933734416e-05,-2.8680317698648144e-32,-0.00013639100049817897,-0.003959743493711858,0.003823352493213679,0.9655555970444121,-0.02062557033994437,0.020489179339446193,0.10345079223353279,0.45261139540729817,0.05000007202731932,0.8336202048263796,0.2,SAFE_DELTA_AWAY_FROM_EPSILON,5,0.0007646704986427358
near_symmetric_m4_meaningful,0.05,21,-0.0013205013133490752,-0.00015589652660219201,-6.288101492138453e-05,-2.8967097444253577e-32,-0.00015589652660219201,-0.004333662121398615,0.004177765594796423,0.9640266079276435,-0.02062557033994437,0.02046967381334218,0.10345079223353279,0.45261139540729817,0.05000001620207556,0.8475512429873705,0.01,SAFE_DELTA_AWAY_FROM_EPSILON,21,0.00019894121879982966
near_symmetric_m4_meaningful,0.05,21,-0.0013205013133490752,-0.00015589652660219201,-6.288101492138453e-05,-2.8967097444253577e-32,-0.00015589652660219201,-0.004333662121398615,0.004177765594796423,0.9640266079276435,-0.02062557033994437,0.02046967381334218,0.10345079223353279,0.45261139540729817,0.05000001620207556,0.8475512429873705,0.02,SAFE_DELTA_AWAY_FROM_EPSILON,21,0.00019894121879982966
near_symmetric_m4_meaningful,0.05,21,-0.0013205013133490752,-0.00015589652660219201,-6.288101492138453e-05,-2.8967097444253577e-32,-0.00015589652660219201,-0.004333662121398615,0.004177765594796423,0.9640266079276435,-0.02062557033994437,0.02046967381334218,0.10345079223353279,0.45261139540729817,0.05000001620207556,0.8475512429873705,0.05,EXCLUDED_FROM_FITS_DELTA_EQUALS_EPSILON_ROUNDOFF_SENSITIVE,21,0.00019894121879982966
near_symmetric_m4_meaningful,0.05,21,-0.0013205013133490752,-0.00015589652660219201,-6.288101492138453e-05,-2.8967097444253577e-32,-0.00015589652660219201,-0.004333662121398615,0.004177765594796423,0.9640266079276435,-0.02062557033994437,0.02046967381334218,0.10345079223353279,0.45261139540729817,0.05000001620207556,0.8475512429873705,0.1,SAFE_DELTA_AWAY_FROM_EPSILON,8,0.0005222206993495529
near_symmetric_m4_meaningful,0.05,21,-0.0013205013133490752,-0.00015589652660219201,-6.288101492138453e-05,-2.8967097444253577e-32,-0.00015589652660219201,-0.004333662121398615,0.004177765594796423,0.9640266079276435,-0.02062557033994437,0.02046967381334218,0.10345079223353279,0.45261139540729817,0.05000001620207556,0.8475512429873705,0.2,SAFE_DELTA_AWAY_FROM_EPSILON,6,0.0006962942657994038
near_symmetric_m4_meaningful,0.05,22,-0.0014824627781368355,-0.00016196146478776033,-6.738467173349252e-05,-3.08271785630928e-32,-0.00016196146478776033,-0.004539564628218008,0.0043776031634302475,0.9643222471641871,-0.02062557033994437,0.02046360887515661,0.10345079223353279,0.45261139540729817,0.05000001297041592,0.8761363509166373,0.01,SAFE_DELTA_AWAY_FROM_EPSILON,22,0.00019898196197410217
near_symmetric_m4_meaningful,0.05,22,-0.0014824627781368355,-0.00016196146478776033,-6.738467173349252e-05,-3.08271785630928e-32,-0.00016196146478776033,-0.004539564628218008,0.0043776031634302475,0.9643222471641871,-0.02062557033994437,0.02046360887515661,0.10345079223353279,0.45261139540729817,0.05000001297041592,0.8761363509166373,0.02,SAFE_DELTA_AWAY_FROM_EPSILON,22,0.00019898196197410217
near_symmetric_m4_meaningful,0.05,22,-0.0014824627781368355,-0.00016196146478776033,-6.738467173349252e-05,-3.08271785630928e-32,-0.00016196146478776033,-0.004539564628218008,0.0043776031634302475,0.9643222471641871,-0.02062557033994437,0.02046360887515661,0.10345079223353279,0.45261139540729817,0.05000001297041592,0.8761363509166373,0.05,EXCLUDED_FROM_FITS_DELTA_EQUALS_EPSILON_ROUNDOFF_SENSITIVE,22,0.00019898196197410217
near_symmetric_m4_meaningful,0.05,22,-0.0014824627781368355,-0.00016196146478776033,-6.738467173349252e-05,-3.08271785630928e-32,-0.00016196146478776033,-0.004539564628218008,0.0043776031634302475,0.9643222471641871,-0.02062557033994437,0.02046360887515661,0.10345079223353279,0.45261139540729817,0.05000001297041592,0.8761363509166373,0.1,SAFE_DELTA_AWAY_FROM_EPSILON,9,0.0004864003514922497
near_symmetric_m4_meaningful,0.05,22,-0.0014824627781368355,-0.00016196146478776033,-6.738467173349252e-05,-3.08271785630928e-32,-0.00016196146478776033,-0.004539564628218008,0.0043776031634302475,0.9643222471641871,-0.02062557033994437,0.02046360887515661,0.10345079223353279,0.45261139540729817,0.05000001297041592,0.8761363509166373,0.2,SAFE_DELTA_AWAY_FROM_EPSILON,6,0.0007296005272383745
near_symmetric_m4_meaningful,0.01,2,-5.64671690380335e-08,-5.64671690380335e-08,-2.823358451901675e-08,-7.042269781226736e-37,-5.64671690380335e-08,-0.0009652190505397771,0.0009651625833707391,0.99994149807859,-0.02445530586973157,0.024455249402562534,0.03305228596747336,0.5014680013781926,0.2224712896731487,0.2288659083132137,0.01,EXCLUDED_FROM_FITS_DELTA_EQUALS_EPSILON_ROUNDOFF_SENSITIVE,2,0.00048258129168536954
near_symmetric_m4_meaningful,0.01,2,-5.64671690380335e-08,-5.64671690380335e-08,-2.823358451901675e-08,-7.042269781226736e-37,-5.64671690380335e-08,-0.0009652190505397771,0.0009651625833707391,0.99994149807859,-0.02445530586973157,0.024455249402562534,0.03305228596747336,0.5014680013781926,0.2224712896731487,0.2288659083132137,0.02,SAFE_DELTA_AWAY_FROM_EPSILON,2,0.00048258129168536954
near_symmetric_m4_meaningful,0.01,2,-5.64671690380335e-08,-5.64671690380335e-08,-2.823358451901675e-08,-7.042269781226736e-37,-5.64671690380335e-08,-0.0009652190505397771,0.0009651625833707391,0.99994149807859,-0.02445530586973157,0.024455249402562534,0.03305228596747336,0.5014680013781926,0.2224712896731487,0.2288659083132137,0.05,SAFE_DELTA_AWAY_FROM_EPSILON,2,0.00048258129168536954
near_symmetric_m4_meaningful,0.01,2,-5.64671690380335e-08,-5.64671690380335e-08,-2.823358451901675e-08,-7.042269781226736e-37,-5.64671690380335e-08,-0.0009652190505397771,0.0009651625833707391,0.99994149807859,-0.02445530586973157,0.024455249402562534,0.03305228596747336,0.5014680013781926,0.2224712896731487,0.2288659083132137,0.1,SAFE_DELTA_AWAY_FROM_EPSILON,2,0.00048258129168536954
near_symmetric_m4_meaningful,0.01,2,-5.64671690380335e-08,-5.64671690380335e-08,-2.823358451901675e-08,-7.042269781226736e-37,-5.64671690380335e-08,-0.0009652190505397771,0.0009651625833707391,0.99994149807859,-0.02445530586973157,0.024455249402562534,0.03305228596747336,0.5014680013781926,0.2224712896731487,0.2288659083132137,0.2,SAFE_DELTA_AWAY_FROM_EPSILON,2,0.00048258129168536954
near_symmetric_m4_meaningful,0.01,3,-1.9013274829638772e-07,-1.3366557925835422e-07,-6.337758276546257e-08,-8.489882497501592e-37,-1.3366557925835422e-07,-0.0009505346380721808,0.0009504009724929225,0.9998593785287726,-0.02445530586973157,0.024455172204152314,0.03305228596747336,0.5014680013781926,0.2064566392851847,0.24381634796543353,0.01,EXCLUDED_FROM_FITS_DELTA_EQUALS_EPSILON_ROUNDOFF_SENSITIVE,3,0.0003168003241643075
near_symmetric_m4_meaningful,0.01,3,-1.9013274829638772e-07,-1.3366557925835422e-07,-6.337758276546257e-08,-8.489882497501592e-37,-1.3366557925835422e-07,-0.0009505346380721808,0.0009504009724929225,0.9998593785287726,-0.02445530586973157,0.024455172204152314,0.03305228596747336,0.5014680013781926,0.2064566392851847,0.24381634796543353,0.02,SAFE_DELTA_AWAY_FROM_EPSILON,3,0.0003168003241643075
near_symmetric_m4_meaningful,0.01,3,-1.9013274829638772e-07,-1.3366557925835422e-07,-6.337758276546257e-08,-8.489882497501592e-37,-1.3366557925835422e-07,-0.0009505346380721808,0.0009504009724929225,0.9998593785287726,-0.02445530586973157,0.024455172204152314,0.03305228596747336,0.5014680013781926,0.2064566392851847,0.24381634796543353,0.05,SAFE_DELTA_AWAY_FROM_EPSILON,3,0.0003168003241643075
near_symmetric_m4_meaningful,0.01,3,-1.9013274829638772e-07,-1.3366557925835422e-07,-6.337758276546257e-08,-8.489882497501592e-37,-1.3366557925835422e-07,-0.0009505346380721808,0.0009504009724929225,0.9998593785287726,-0.02445530586973157,0.024455172204152314,0.03305228596747336,0.5014680013781926,0.2064566392851847,0.24381634796543353,0.1,SAFE_DELTA_AWAY_FROM_EPSILON,3,0.0003168003241643075
near_symmetric_m4_meaningful,0.01,3,-1.9013274829638772e-07,-1.3366557925835422e-07,-6.337758276546257e-08,-8.489882497501592e-37,-1.3366557925835422e-07,-0.0009505346380721808,0.0009504009724929225,0.9998593785287726,-0.02445530586973157,0.024455172204152314,0.03305228596747336,0.5014680013781926,0.2064566392851847,0.24381634796543353,0.2,SAFE_DELTA_AWAY_FROM_EPSILON,3,0.0003168003241643075
near_symmetric_m4_meaningful,0.01,4,-6.697847326404943e-06,-6.5077145781085554e-06,-1.6744618316012358e-06,-4.3708252295170587e-35,-6.5077145781085554e-06,-0.001589615788074893,0.0015831080734967846,0.9959061084905367,-0.02445530586973157,0.024448798155153464,0.03305228596747336,0.5014680013781926,0.16923855213503436,0.2780813610156672,0.01,EXCLUDED_FROM_FITS_DELTA_EQUALS_EPSILON_ROUNDOFF_SENSITIVE,4,0.00039577701837419614
near_symmetric_m4_meaningful,0.01,4,-6.697847326404943e-06,-6.5077145781085554e-06,-1.6744618316012358e-06,-4.3708252295170587e-35,-6.5077145781085554e-06,-0.001589615788074893,0.0015831080734967846,0.9959061084905367,-0.02445530586973157,0.024448798155153464,0.03305228596747336,0.5014680013781926,0.16923855213503436,0.2780813610156672,0.02,SAFE_DELTA_AWAY_FROM_EPSILON,4,0.00039577701837419614
near_symmetric_m4_meaningful,0.01,4,-6.697847326404943e-06,-6.5077145781085554e-06,-1.6744618316012358e-06,-4.3708252295170587e-35,-6.5077145781085554e-06,-0.001589615788074893,0.0015831080734967846,0.9959061084905367,-0.02445530586973157,0.024448798155153464,0.03305228596747336,0.5014680013781926,0.16923855213503436,0.2780813610156672,0.05,SAFE_DELTA_AWAY_FROM_EPSILON,4,0.00039577701837419614
near_symmetric_m4_meaningful,0.01,4,-6.697847326404943e-06,-6.5077145781085554e-06,-1.6744618316012358e-06,-4.3708252295170587e-35,-6.5077145781085554e-06,-0.001589615788074893,0.0015831080734967846,0.9959061084905367,-0.02445530586973157,0.024448798155153464,0.03305228596747336,0.5014680013781926,0.16923855213503436,0.2780813610156672,0.1,SAFE_DELTA_AWAY_FROM_EPSILON,4,0.00039577701837419614
near_symmetric_m4_meaningful,0.01,4,-6.697847326404943e-06,-6.5077145781085554e-06,-1.6744618316012358e-06,-4.3708252295170587e-35,-6.5077145781085554e-06,-0.001589615788074893,0.0015831080734967846,0.9959061084905367,-0.02445530586973157,0.024448798155153464,0.03305228596747336,0.5014680013781926,0.16923855213503436,0.2780813610156672,0.2,SAFE_DELTA_AWAY_FROM_EPSILON,3,0.0005277026911655948
near_symmetric_m4_meaningful,0.01,5,-1.6402246070949143e-05,-9.7043987445442e-06,-3.2804492141898285e-06,-7.675942900374506e-35,-9.7043987445442e-06,-0.0010902884703892154,0.0010805840716446712,0.991099237487965,-0.02445530586973157,0.024445601470987028,0.03305228596747336,0.5014680013781926,0.026200921250541093,0.4185354538633116,0.01,EXCLUDED_FROM_FITS_DELTA_EQUALS_EPSILON_ROUNDOFF_SENSITIVE,5,0.00021611681432893423
near_symmetric_m4_meaningful,0.01,5,-1.6402246070949143e-05,-9.7043987445442e-06,-3.2804492141898285e-06,-7.675942900374506e-35,-9.7043987445442e-06,-0.0010902884703892154,0.0010805840716446712,0.991099237487965,-0.02445530586973157,0.024445601470987028,0.03305228596747336,0.5014680013781926,0.026200921250541093,0.4185354538633116,0.02,SAFE_DELTA_AWAY_FROM_EPSILON,5,0.00021611681432893423
near_symmetric_m4_meaningful,0.01,5,-1.6402246070949143e-05,-9.7043987445442e-06,-3.2804492141898285e-06,-7.675942900374506e-35,-9.7043987445442e-06,-0.0010902884703892154,0.0010805840716446712,0.991099237487965,-0.02445530586973157,0.024445601470987028,0.03305228596747336,0.5014680013781926,0.026200921250541093,0.4185354538633116,0.05,SAFE_DELTA_AWAY_FROM_EPSILON,4,0.0002701460179111678
near_symmetric_m4_meaningful,0.01,5,-1.6402246070949143e-05,-9.7043987445442e-06,-3.2804492141898285e-06,-7.675942900374506e-35,-9.7043987445442e-06,-0.0010902884703892154,0.0010805840716446712,0.991099237487965,-0.02445530586973157,0.024445601470987028,0.03305228596747336,0.5014680013781926,0.026200921250541093,0.4185354538633116,0.1,SAFE_DELTA_AWAY_FROM_EPSILON,4,0.0002701460179111678
near_symmetric_m4_meaningful,0.01,5,-1.6402246070949143e-05,-9.7043987445442e-06,-3.2804492141898285e-06,-7.675942900374506e-35,-9.7043987445442e-06,-0.0010902884703892154,0.0010805840716446712,0.991099237487965,-0.02445530586973157,0.024445601470987028,0.03305228596747336,0.5014680013781926,0.026200921250541093,0.4185354538633116,0.2,SAFE_DELTA_AWAY_FROM_EPSILON,4,0.0002701460179111678
near_symmetric_m4_meaningful,0.01,6,-4.703543192922204e-05,-3.06331858582729e-05,-7.83923865487034e-06,-3.7701357547330375e-34,-3.06331858582729e-05,-0.00169201830433445,0.001661385118476177,0.9818954760833262,-0.02445530586973157,0.0244246726838733,0.03305228596747336,0.5014680013781926,0.024947650997952948,0.4356870249039592,0.01,EXCLUDED_FROM_FITS_DELTA_EQUALS_EPSILON_ROUNDOFF_SENSITIVE,6,0.0002768975197460295
near_symmetric_m4_meaningful,0.01,6,-4.703543192922204e-05,-3.06331858582729e-05,-7.83923865487034e-06,-3.7701357547330375e-34,-3.06331858582729e-05,-0.00169201830433445,0.001661385118476177,0.9818954760833262,-0.02445530586973157,0.0244246726838733,0.03305228596747336,0.5014680013781926,0.024947650997952948,0.4356870249039592,0.02,SAFE_DELTA_AWAY_FROM_EPSILON,6,0.0002768975197460295
near_symmetric_m4_meaningful,0.01,6,-4.703543192922204e-05,-3.06331858582729e-05,-7.83923865487034e-06,-3.7701357547330375e-34,-3.06331858582729e-05,-0.00169201830433445,0.001661385118476177,0.9818954760833262,-0.02445530586973157,0.0244246726838733,0.03305228596747336,0.5014680013781926,0.024947650997952948,0.4356870249039592,0.05,SAFE_DELTA_AWAY_FROM_EPSILON,4,0.00041534627961904426
near_symmetric_m4_meaningful,0.01,6,-4.703543192922204e-05,-3.06331858582729e-05,-7.83923865487034e-06,-3.7701357547330375e-34,-3.06331858582729e-05,-0.00169201830433445,0.001661385118476177,0.9818954760833262,-0.02445530586973157,0.0244246726838733,0.03305228596747336,0.5014680013781926,0.024947650997952948,0.4356870249039592,0.1,SAFE_DELTA_AWAY_FROM_EPSILON,4,0.00041534627961904426
near_symmetric_m4_meaningful,0.01,6,-4.703543192922204e-05,-3.06331858582729e-05,-7.83923865487034e-06,-3.7701357547330375e-34,-3.06331858582729e-05,-0.00169201830433445,0.001661385118476177,0.9818954760833262,-0.02445530586973157,0.0244246726838733,0.03305228596747336,0.5014680013781926,0.024947650997952948,0.4356870249039592,0.2,SAFE_DELTA_AWAY_FROM_EPSILON,4,0.00041534627961904426
near_symmetric_m4_meaningful,0.01,7,-7.83484512142868e-05,-3.1313019285064766e-05,-1.1192635887755258e-05,-3.87859836122061e-34,-3.1313019285064766e-05,-0.0017516372718645555,0.0017203242525794908,0.9821235710223652,-0.02445530586973157,0.024423992850446507,0.03305228596747336,0.5014680013781926,0.021690535204628308,0.46421914266988357,0.01,EXCLUDED_FROM_FITS_DELTA_EQUALS_EPSILON_ROUNDOFF_SENSITIVE,7,0.0002457606075113558
near_symmetric_m4_meaningful,0.01,7,-7.83484512142868e-05,-3.1313019285064766e-05,-1.1192635887755258e-05,-3.87859836122061e-34,-3.1313019285064766e-05,-0.0017516372718645555,0.0017203242525794908,0.9821235710223652,-0.02445530586973157,0.024423992850446507,0.03305228596747336,0.5014680013781926,0.021690535204628308,0.46421914266988357,0.02,SAFE_DELTA_AWAY_FROM_EPSILON,7,0.0002457606075113558
near_symmetric_m4_meaningful,0.01,7,-7.83484512142868e-05,-3.1313019285064766e-05,-1.1192635887755258e-05,-3.87859836122061e-34,-3.1313019285064766e-05,-0.0017516372718645555,0.0017203242525794908,0.9821235710223652,-0.02445530586973157,0.024423992850446507,0.03305228596747336,0.5014680013781926,0.021690535204628308,0.46421914266988357,0.05,SAFE_DELTA_AWAY_FROM_EPSILON,4,0.0004300810631448727
near_symmetric_m4_meaningful,0.01,7,-7.83484512142868e-05,-3.1313019285064766e-05,-1.1192635887755258e-05,-3.87859836122061e-34,-3.1313019285064766e-05,-0.0017516372718645555,0.0017203242525794908,0.9821235710223652,-0.02445530586973157,0.024423992850446507,0.03305228596747336,0.5014680013781926,0.021690535204628308,0.46421914266988357,0.1,SAFE_DELTA_AWAY_FROM_EPSILON,4,0.0004300810631448727
near_symmetric_m4_meaningful,0.01,7,-7.83484512142868e-05,-3.1313019285064766e-05,-1.1192635887755258e-05,-3.87859836122061e-34,-3.1313019285064766e-05,-0.0017516372718645555,0.0017203242525794908,0.9821235710223652,-0.02445530586973157,0.024423992850446507,0.03305228596747336,0.5014680013781926,0.021690535204628308,0.46421914266988357,0.2,SAFE_DELTA_AWAY_FROM_EPSILON,4,0.0004300810631448727
near_symmetric_m4_meaningful,0.01,8,-0.0001188033009750005,-4.04548497607137e-05,-1.4850412621875063e-05,-4.161050213765322e-34,-4.04548497607137e-05,-0.001941590692475681,0.0019011358427149672,0.9791640689680426,-0.02445530586973157,0.02441485101997086,0.03305228596747336,0.5014680013781926,0.016929351977979,0.5063976519326431,0.01,EXCLUDED_FROM_FITS_DELTA_EQUALS_EPSILON_ROUNDOFF_SENSITIVE,8,0.0002376419803393709
near_symmetric_m4_meaningful,0.01,8,-0.0001188033009750005,-4.04548497607137e-05,-1.4850412621875063e-05,-4.161050213765322e-34,-4.04548497607137e-05,-0.001941590692475681,0.0019011358427149672,0.9791640689680426,-0.02445530586973157,0.02441485101997086,0.03305228596747336,0.5014680013781926,0.016929351977979,0.5063976519326431,0.02,SAFE_DELTA_AWAY_FROM_EPSILON,7,0.00027159083467356675
near_symmetric_m4_meaningful,0.01,8,-0.0001188033009750005,-4.04548497607137e-05,-1.4850412621875063e-05,-4.161050213765322e-34,-4.04548497607137e-05,-0.001941590692475681,0.0019011358427149672,0.9791640689680426,-0.02445530586973157,0.02441485101997086,0.03305228596747336,0.5014680013781926,0.016929351977979,0.5063976519326431,0.05,SAFE_DELTA_AWAY_FROM_EPSILON,4,0.0004752839606787418
near_symmetric_m4_meaningful,0.01,8,-0.0001188033009750005,-4.04548497607137e-05,-1.4850412621875063e-05,-4.161050213765322e-34,-4.04548497607137e-05,-0.001941590692475681,0.0019011358427149672,0.9791640689680426,-0.02445530586973157,0.02441485101997086,0.03305228596747336,0.5014680013781926,0.016929351977979,0.5063976519326431,0.1,SAFE_DELTA_AWAY_FROM_EPSILON,4,0.0004752839606787418
near_symmetric_m4_meaningful,0.01,8,-0.0001188033009750005,-4.04548497607137e-05,-1.4850412621875063e-05,-4.161050213765322e-34,-4.04548497607137e-05,-0.001941590692475681,0.0019011358427149672,0.9791640689680426,-0.02445530586973157,0.02441485101997086,0.03305228596747336,0.5014680013781926,0.016929351977979,0.5063976519326431,0.2,SAFE_DELTA_AWAY_FROM_EPSILON,4,0.0004752839606787418
near_symmetric_m4_meaningful,0.01,9,-0.00017306703149018267,-5.4263730515182165e-05,-1.9229670165575854e-05,-7.494050861575602e-34,-5.4263730515182165e-05,-0.0023394180193411426,0.0022851542888259603,0.9768046026547813,-0.02445530586973157,0.02440104213921639,0.03305228596747336,0.5014680013781926,0.010656566490813112,0.5758200629320132,0.01,EXCLUDED_FROM_FITS_DELTA_EQUALS_EPSILON_ROUNDOFF_SENSITIVE,9,0.0002539060320917734
near_symmetric_m4_meaningful,0.01,9,-0.00017306703149018267,-5.4263730515182165e-05,-1.9229670165575854e-05,-7.494050861575602e-34,-5.4263730515182165e-05,-0.0023394180193411426,0.0022851542888259603,0.9768046026547813,-0.02445530586973157,0.02440104213921639,0.03305228596747336,0.5014680013781926,0.010656566490813112,0.5758200629320132,0.02,SAFE_DELTA_AWAY_FROM_EPSILON,8,0.00028564428610324504
near_symmetric_m4_meaningful,0.01,9,-0.00017306703149018267,-5.4263730515182165e-05,-1.9229670165575854e-05,-7.494050861575602e-34,-5.4263730515182165e-05,-0.0023394180193411426,0.0022851542888259603,0.9768046026547813,-0.02445530586973157,0.02440104213921639,0.03305228596747336,0.5014680013781926,0.010656566490813112,0.5758200629320132,0.05,SAFE_DELTA_AWAY_FROM_EPSILON,5,0.0004570308577651921
near_symmetric_m4_meaningful,0.01,9,-0.00017306703149018267,-5.4263730515182165e-05,-1.9229670165575854e-05,-7.494050861575602e-34,-5.4263730515182165e-05,-0.0023394180193411426,0.0022851542888259603,0.9768046026547813,-0.02445530586973157,0.02440104213921639,0.03305228596747336,0.5014680013781926,0.010656566490813112,0.5758200629320132,0.1,SAFE_DELTA_AWAY_FROM_EPSILON,4,0.0005712885722064901
near_symmetric_m4_meaningful,0.01,9,-0.00017306703149018267,-5.4263730515182165e-05,-1.9229670165575854e-05,-7.494050861575602e-34,-5.4263730515182165e-05,-0.0023394180193411426,0.0022851542888259603,0.9768046026547813,-0.02445530586973157,0.02440104213921639,0.03305228596747336,0.5014680013781926,0.010656566490813112,0.5758200629320132,0.2,SAFE_DELTA_AWAY_FROM_EPSILON,4,0.0005712885722064901
near_symmetric_m4_meaningful,0.01,10,-0.0002728766949729943,-9.980966348281164e-05,-2.728766949729943e-05,-2.3357014321114346e-32,-9.980966348281164e-05,-0.0028087619964435543,0.0027089523329607425,0.9644648910768551,-0.02445530586973157,0.02435549620624876,0.03305228596747336,0.5014680013781926,0.010563092901175146,0.6151942634090557,0.01,EXCLUDED_FROM_FITS_DELTA_EQUALS_EPSILON_ROUNDOFF_SENSITIVE,10,0.00027089523329607425
near_symmetric_m4_meaningful,0.01,10,-0.0002728766949729943,-9.980966348281164e-05,-2.728766949729943e-05,-2.3357014321114346e-32,-9.980966348281164e-05,-0.0028087619964435543,0.0027089523329607425,0.9644648910768551,-0.02445530586973157,0.02435549620624876,0.03305228596747336,0.5014680013781926,0.010563092901175146,0.6151942634090557,0.02,SAFE_DELTA_AWAY_FROM_EPSILON,8,0.0003386190416200928
near_symmetric_m4_meaningful,0.01,10,-0.0002728766949729943,-9.980966348281164e-05,-2.728766949729943e-05,-2.3357014321114346e-32,-9.980966348281164e-05,-0.0028087619964435543,0.0027089523329607425,0.9644648910768551,-0.02445530586973157,0.02435549620624876,0.03305228596747336,0.5014680013781926,0.010563092901175146,0.6151942634090557,0.05,SAFE_DELTA_AWAY_FROM_EPSILON,6,0.00045149205549345706
near_symmetric_m4_meaningful,0.01,10,-0.0002728766949729943,-9.980966348281164e-05,-2.728766949729943e-05,-2.3357014321114346e-32,-9.980966348281164e-05,-0.0028087619964435543,0.0027089523329607425,0.9644648910768551,-0.02445530586973157,0.02435549620624876,0.03305228596747336,0.5014680013781926,0.010563092901175146,0.6151942634090557,0.1,SAFE_DELTA_AWAY_FROM_EPSILON,4,0.0006772380832401856
near_symmetric_m4_meaningful,0.01,10,-0.0002728766949729943,-9.980966348281164e-05,-2.728766949729943e-05,-2.3357014321114346e-32,-9.980966348281164e-05,-0.0028087619964435543,0.0027089523329607425,0.9644648910768551,-0.02445530586973157,0.02435549620624876,0.03305228596747336,0.5014680013781926,0.010563092901175146,0.6151942634090557,0.2,SAFE_DELTA_AWAY_FROM_EPSILON,4,0.0006772380832401856
near_symmetric_m4_meaningful,0.01,11,-0.00037256383986636126,-9.968714489336691e-05,-3.386943998785102e-05,-2.423370812733365e-32,-9.968714489336691e-05,-0.002963529354057073,0.002863842209163706,0.9663620187338805,-0.02445530586973157,0.024355618724838206,0.03305228596747336,0.5014680013781926,0.010371069609349194,0.6458867051424969,0.01,EXCLUDED_FROM_FITS_DELTA_EQUALS_EPSILON_ROUNDOFF_SENSITIVE,11,0.0002603492917421551
near_symmetric_m4_meaningful,0.01,11,-0.00037256383986636126,-9.968714489336691e-05,-3.386943998785102e-05,-2.423370812733365e-32,-9.968714489336691e-05,-0.002963529354057073,0.002863842209163706,0.9663620187338805,-0.02445530586973157,0.024355618724838206,0.03305228596747336,0.5014680013781926,0.010371069609349194,0.6458867051424969,0.02,SAFE_DELTA_AWAY_FROM_EPSILON,8,0.00035798027614546325
near_symmetric_m4_meaningful,0.01,11,-0.00037256383986636126,-9.968714489336691e-05,-3.386943998785102e-05,-2.423370812733365e-32,-9.968714489336691e-05,-0.002963529354057073,0.002863842209163706,0.9663620187338805,-0.02445530586973157,0.024355618724838206,0.03305228596747336,0.5014680013781926,0.010371069609349194,0.6458867051424969,0.05,SAFE_DELTA_AWAY_FROM_EPSILON,7,0.00040912031559481516
near_symmetric_m4_meaningful,0.01,11,-0.00037256383986636126,-9.968714489336691e-05,-3.386943998785102e-05,-2.423370812733365e-32,-9.968714489336691e-05,-0.002963529354057073,0.002863842209163706,0.9663620187338805,-0.02445530586973157,0.024355618724838206,0.03305228596747336,0.5014680013781926,0.010371069609349194,0.6458867051424969,0.1,SAFE_DELTA_AWAY_FROM_EPSILON,4,0.0007159605522909265
near_symmetric_m4_meaningful,0.01,11,-0.00037256383986636126,-9.968714489336691e-05,-3.386943998785102e-05,-2.423370812733365e-32,-9.968714489336691e-05,-0.002963529354057073,0.002863842209163706,0.9663620187338805,-0.02445530586973157,0.024355618724838206,0.03305228596747336,0.5014680013781926,0.010371069609349194,0.6458867051424969,0.2,SAFE_DELTA_AWAY_FROM_EPSILON,4,0.0007159605522909265
near_symmetric_m4_meaningful,0.01,12,-0.00047970374056569904,-0.00010713990069933776,-3.997531171380825e-05,-2.534983150933243e-32,-0.00010713990069933776,-0.003081094724764668,0.0029739548240653303,0.9652266774409148,-0.02445530586973157,0.024348165969032234,0.03305228596747336,0.5014680013781926,0.010172877370014263,0.6756257942295941,0.01,EXCLUDED_FROM_FITS_DELTA_EQUALS_EPSILON_ROUNDOFF_SENSITIVE,12,0.00024782956867211084
near_symmetric_m4_meaningful,0.01,12,-0.00047970374056569904,-0.00010713990069933776,-3.997531171380825e-05,-2.534983150933243e-32,-0.00010713990069933776,-0.003081094724764668,0.0029739548240653303,0.9652266774409148,-0.02445530586973157,0.024348165969032234,0.03305228596747336,0.5014680013781926,0.010172877370014263,0.6756257942295941,0.02,SAFE_DELTA_AWAY_FROM_EPSILON,8,0.0003717443530081663
near_symmetric_m4_meaningful,0.01,12,-0.00047970374056569904,-0.00010713990069933776,-3.997531171380825e-05,-2.534983150933243e-32,-0.00010713990069933776,-0.003081094724764668,0.0029739548240653303,0.9652266774409148,-0.02445530586973157,0.024348165969032234,0.03305228596747336,0.5014680013781926,0.010172877370014263,0.6756257942295941,0.05,SAFE_DELTA_AWAY_FROM_EPSILON,7,0.00042485068915219007
near_symmetric_m4_meaningful,0.01,12,-0.00047970374056569904,-0.00010713990069933776,-3.997531171380825e-05,-2.534983150933243e-32,-0.00010713990069933776,-0.003081094724764668,0.0029739548240653303,0.9652266774409148,-0.02445530586973157,0.024348165969032234,0.03305228596747336,0.5014680013781926,0.010172877370014263,0.6756257942295941,0.1,SAFE_DELTA_AWAY_FROM_EPSILON,5,0.000594790964813066
near_symmetric_m4_meaningful,0.01,12,-0.00047970374056569904,-0.00010713990069933776,-3.997531171380825e-05,-2.534983150933243e-32,-0.00010713990069933776,-0.003081094724764668,0.0029739548240653303,0.9652266774409148,-0.02445530586973157,0.024348165969032234,0.03305228596747336,0.5014680013781926,0.010172877370014263,0.6756257942295941,0.2,SAFE_DELTA_AWAY_FROM_EPSILON,4,0.0007434887060163326
near_symmetric_m4_meaningful,0.01,13,-0.00064173942443504,-0.00016203568386934097,-4.936457111038769e-05,-2.7183754962265786e-32,-0.00016203568386934097,-0.0036440530476246798,0.003482017363755339,0.9555342137582323,-0.02445530586973157,0.02429327018586223,0.03305228596747336,0.5014680013781926,0.010021156790607002,0.6977005789008113,0.01,EXCLUDED_FROM_FITS_DELTA_EQUALS_EPSILON_ROUNDOFF_SENSITIVE,13,0.00026784748951964144
near_symmetric_m4_meaningful,0.01,13,-0.00064173942443504,-0.00016203568386934097,-4.936457111038769e-05,-2.7183754962265786e-32,-0.00016203568386934097,-0.0036440530476246798,0.003482017363755339,0.9555342137582323,-0.02445530586973157,0.02429327018586223,0.03305228596747336,0.5014680013781926,0.010021156790607002,0.6977005789008113,0.02,SAFE_DELTA_AWAY_FROM_EPSILON,8,0.00043525217046941735
near_symmetric_m4_meaningful,0.01,13,-0.00064173942443504,-0.00016203568386934097,-4.936457111038769e-05,-2.7183754962265786e-32,-0.00016203568386934097,-0.0036440530476246798,0.003482017363755339,0.9555342137582323,-0.02445530586973157,0.02429327018586223,0.03305228596747336,0.5014680013781926,0.010021156790607002,0.6977005789008113,0.05,SAFE_DELTA_AWAY_FROM_EPSILON,8,0.00043525217046941735
near_symmetric_m4_meaningful,0.01,13,-0.00064173942443504,-0.00016203568386934097,-4.936457111038769e-05,-2.7183754962265786e-32,-0.00016203568386934097,-0.0036440530476246798,0.003482017363755339,0.9555342137582323,-0.02445530586973157,0.02429327018586223,0.03305228596747336,0.5014680013781926,0.010021156790607002,0.6977005789008113,0.1,SAFE_DELTA_AWAY_FROM_EPSILON,5,0.0006964034727510677
near_symmetric_m4_meaningful,0.01,13,-0.00064173942443504,-0.00016203568386934097,-4.936457111038769e-05,-2.7183754962265786e-32,-0.00016203568386934097,-0.0036440530476246798,0.003482017363755339,0.9555342137582323,-0.02445530586973157,0.02429327018586223,0.03305228596747336,0.5014680013781926,0.010021156790607002,0.6977005789008113,0.2,SAFE_DELTA_AWAY_FROM_EPSILON,4,0.0008705043409388347
near_symmetric_m4_meaningful,0.01,14,-0.0008374204640722345,-0.00019568103963719455,-5.981574743373103e-05,-4.5287131344722655e-32,-0.00019568103963719455,-0.003871156183286293,0.0036754751436490984,0.9494515254946192,-0.02445530586973157,0.024259624830094376,0.03305228596747336,0.5014680013781926,0.010017367059167627,0.7548980116229462,0.01,EXCLUDED_FROM_FITS_DELTA_EQUALS_EPSILON_ROUNDOFF_SENSITIVE,14,0.00026253393883207845
near_symmetric_m4_meaningful,0.01,14,-0.0008374204640722345,-0.00019568103963719455,-5.981574743373103e-05,-4.5287131344722655e-32,-0.00019568103963719455,-0.003871156183286293,0.0036754751436490984,0.9494515254946192,-0.02445530586973157,0.024259624830094376,0.03305228596747336,0.5014680013781926,0.010017367059167627,0.7548980116229462,0.02,SAFE_DELTA_AWAY_FROM_EPSILON,8,0.0004594343929561373
near_symmetric_m4_meaningful,0.01,14,-0.0008374204640722345,-0.00019568103963719455,-5.981574743373103e-05,-4.5287131344722655e-32,-0.00019568103963719455,-0.003871156183286293,0.0036754751436490984,0.9494515254946192,-0.02445530586973157,0.024259624830094376,0.03305228596747336,0.5014680013781926,0.010017367059167627,0.7548980116229462,0.05,SAFE_DELTA_AWAY_FROM_EPSILON,8,0.0004594343929561373
near_symmetric_m4_meaningful,0.01,14,-0.0008374204640722345,-0.00019568103963719455,-5.981574743373103e-05,-4.5287131344722655e-32,-0.00019568103963719455,-0.003871156183286293,0.0036754751436490984,0.9494515254946192,-0.02445530586973157,0.024259624830094376,0.03305228596747336,0.5014680013781926,0.010017367059167627,0.7548980116229462,0.1,SAFE_DELTA_AWAY_FROM_EPSILON,6,0.000612579190608183
near_symmetric_m4_meaningful,0.01,14,-0.0008374204640722345,-0.00019568103963719455,-5.981574743373103e-05,-4.5287131344722655e-32,-0.00019568103963719455,-0.003871156183286293,0.0036754751436490984,0.9494515254946192,-0.02445530586973157,0.024259624830094376,0.03305228596747336,0.5014680013781926,0.010017367059167627,0.7548980116229462,0.2,SAFE_DELTA_AWAY_FROM_EPSILON,4,0.0009188687859122746
near_symmetric_m4_meaningful,0.01,15,-0.0010366993498060002,-0.00019927888573376565,-6.911328998706668e-05,-4.658974909858469e-32,-0.00019927888573376565,-0.004094974222223019,0.0038956953364892534,0.9513357411012995,-0.02445530586973157,0.024256026983997807,0.03305228596747336,0.5014680013781926,0.010009729111744137,0.7766052295411996,0.01,EXCLUDED_FROM_FITS_DELTA_EQUALS_EPSILON_ROUNDOFF_SENSITIVE,15,0.00025971302243261687
near_symmetric_m4_meaningful,0.01,15,-0.0010366993498060002,-0.00019927888573376565,-6.911328998706668e-05,-4.658974909858469e-32,-0.00019927888573376565,-0.004094974222223019,0.0038956953364892534,0.9513357411012995,-0.02445530586973157,0.024256026983997807,0.03305228596747336,0.5014680013781926,0.010009729111744137,0.7766052295411996,0.02,SAFE_DELTA_AWAY_FROM_EPSILON,8,0.00048696191706115667
near_symmetric_m4_meaningful,0.01,15,-0.0010366993498060002,-0.00019927888573376565,-6.911328998706668e-05,-4.658974909858469e-32,-0.00019927888573376565,-0.004094974222223019,0.0038956953364892534,0.9513357411012995,-0.02445530586973157,0.024256026983997807,0.03305228596747336,0.5014680013781926,0.010009729111744137,0.7766052295411996,0.05,SAFE_DELTA_AWAY_FROM_EPSILON,8,0.00048696191706115667
near_symmetric_m4_meaningful,0.01,15,-0.0010366993498060002,-0.00019927888573376565,-6.911328998706668e-05,-4.658974909858469e-32,-0.00019927888573376565,-0.004094974222223019,0.0038956953364892534,0.9513357411012995,-0.02445530586973157,0.024256026983997807,0.03305228596747336,0.5014680013781926,0.010009729111744137,0.7766052295411996,0.1,SAFE_DELTA_AWAY_FROM_EPSILON,7,0.0005565279052127505
near_symmetric_m4_meaningful,0.01,15,-0.0010366993498060002,-0.00019927888573376565,-6.911328998706668e-05,-4.658974909858469e-32,-0.00019927888573376565,-0.004094974222223019,0.0038956953364892534,0.9513357411012995,-0.02445530586973157,0.024256026983997807,0.03305228596747336,0.5014680013781926,0.010009729111744137,0.7766052295411996,0.2,SAFE_DELTA_AWAY_FROM_EPSILON,4,0.0009739238341223133
near_symmetric_m4_meaningful,0.01,16,-0.0012410430734245078,-0.0002043437236185077,-7.756519208903174e-05,-4.75358700728965e-32,-0.0002043437236185077,-0.004169787084038243,0.003965443360419735,0.9509942067783924,-0.02445530586973157,0.024250962146113064,0.03305228596747336,0.5014680013781926,0.010003781192104612,0.789559569395243,0.01,EXCLUDED_FROM_FITS_DELTA_EQUALS_EPSILON_ROUNDOFF_SENSITIVE,16,0.0002478402100262334
near_symmetric_m4_meaningful,0.01,16,-0.0012410430734245078,-0.0002043437236185077,-7.756519208903174e-05,-4.75358700728965e-32,-0.0002043437236185077,-0.004169787084038243,0.003965443360419735,0.9509942067783924,-0.02445530586973157,0.024250962146113064,0.03305228596747336,0.5014680013781926,0.010003781192104612,0.789559569395243,0.02,SAFE_DELTA_AWAY_FROM_EPSILON,8,0.0004956804200524668
near_symmetric_m4_meaningful,0.01,16,-0.0012410430734245078,-0.0002043437236185077,-7.756519208903174e-05,-4.75358700728965e-32,-0.0002043437236185077,-0.004169787084038243,0.003965443360419735,0.9509942067783924,-0.02445530586973157,0.024250962146113064,0.03305228596747336,0.5014680013781926,0.010003781192104612,0.789559569395243,0.05,SAFE_DELTA_AWAY_FROM_EPSILON,8,0.0004956804200524668
near_symmetric_m4_meaningful,0.01,16,-0.0012410430734245078,-0.0002043437236185077,-7.756519208903174e-05,-4.75358700728965e-32,-0.0002043437236185077,-0.004169787084038243,0.003965443360419735,0.9509942067783924,-0.02445530586973157,0.024250962146113064,0.03305228596747336,0.5014680013781926,0.010003781192104612,0.789559569395243,0.1,SAFE_DELTA_AWAY_FROM_EPSILON,7,0.0005664919086313906
near_symmetric_m4_meaningful,0.01,16,-0.0012410430734245078,-0.0002043437236185077,-7.756519208903174e-05,-4.75358700728965e-32,-0.0002043437236185077,-0.004169787084038243,0.003965443360419735,0.9509942067783924,-0.02445530586973157,0.024250962146113064,0.03305228596747336,0.5014680013781926,0.010003781192104612,0.789559569395243,0.2,SAFE_DELTA_AWAY_FROM_EPSILON,5,0.0007930886720839469
near_symmetric_m4_meaningful,0.01,17,-0.0015097142925527302,-0.0002686712191282224,-8.880672309133707e-05,-4.928607890663539e-32,-0.0002686712191282224,-0.004791689252112291,0.004523018032984069,0.9439297489899234,-0.02445530586973157,0.024186634650603347,0.03305228596747336,0.5014680013781926,0.010000622895779547,0.7911302736674491,0.01,EXCLUDED_FROM_FITS_DELTA_EQUALS_EPSILON_ROUNDOFF_SENSITIVE,17,0.00026605988429318053
near_symmetric_m4_meaningful,0.01,17,-0.0015097142925527302,-0.0002686712191282224,-8.880672309133707e-05,-4.928607890663539e-32,-0.0002686712191282224,-0.004791689252112291,0.004523018032984069,0.9439297489899234,-0.02445530586973157,0.024186634650603347,0.03305228596747336,0.5014680013781926,0.010000622895779547,0.7911302736674491,0.02,SAFE_DELTA_AWAY_FROM_EPSILON,9,0.0005025575592204521
near_symmetric_m4_meaningful,0.01,17,-0.0015097142925527302,-0.0002686712191282224,-8.880672309133707e-05,-4.928607890663539e-32,-0.0002686712191282224,-0.004791689252112291,0.004523018032984069,0.9439297489899234,-0.02445530586973157,0.024186634650603347,0.03305228596747336,0.5014680013781926,0.010000622895779547,0.7911302736674491,0.05,SAFE_DELTA_AWAY_FROM_EPSILON,8,0.0005653772541230086
near_symmetric_m4_meaningful,0.01,17,-0.0015097142925527302,-0.0002686712191282224,-8.880672309133707e-05,-4.928607890663539e-32,-0.0002686712191282224,-0.004791689252112291,0.004523018032984069,0.9439297489899234,-0.02445530586973157,0.024186634650603347,0.03305228596747336,0.5014680013781926,0.010000622895779547,0.7911302736674491,0.1,SAFE_DELTA_AWAY_FROM_EPSILON,8,0.0005653772541230086
near_symmetric_m4_meaningful,0.01,17,-0.0015097142925527302,-0.0002686712191282224,-8.880672309133707e-05,-4.928607890663539e-32,-0.0002686712191282224,-0.004791689252112291,0.004523018032984069,0.9439297489899234,-0.02445530586973157,0.024186634650603347,0.03305228596747336,0.5014680013781926,0.010000622895779547,0.7911302736674491,0.2,SAFE_DELTA_AWAY_FROM_EPSILON,6,0.0007538363388306782
near_symmetric_m4_meaningful,0.01,18,-0.0018050766397405492,-0.0002953623471878191,-0.00010028203554114163,-6.261430668122958e-32,-0.0002953623471878191,-0.00502063127674944,0.004725268929561622,0.9411702770216083,-0.02445530586973157,0.02415994352254375,0.03305228596747336,0.5014680013781926,0.010000502158348315,0.8507365358169928,0.01,EXCLUDED_FROM_FITS_DELTA_EQUALS_EPSILON_ROUNDOFF_SENSITIVE,18,0.0002625149405312012
near_symmetric_m4_meaningful,0.01,18,-0.0018050766397405492,-0.0002953623471878191,-0.00010028203554114163,-6.261430668122958e-32,-0.0002953623471878191,-0.00502063127674944,0.004725268929561622,0.9411702770216083,-0.02445530586973157,0.02415994352254375,0.03305228596747336,0.5014680013781926,0.010000502158348315,0.8507365358169928,0.02,SAFE_DELTA_AWAY_FROM_EPSILON,10,0.00047252689295616216
near_symmetric_m4_meaningful,0.01,18,-0.0018050766397405492,-0.0002953623471878191,-0.00010028203554114163,-6.261430668122958e-32,-0.0002953623471878191,-0.00502063127674944,0.004725268929561622,0.9411702770216083,-0.02445530586973157,0.02415994352254375,0.03305228596747336,0.5014680013781926,0.010000502158348315,0.8507365358169928,0.05,SAFE_DELTA_AWAY_FROM_EPSILON,8,0.0005906586161952027
near_symmetric_m4_meaningful,0.01,18,-0.0018050766397405492,-0.0002953623471878191,-0.00010028203554114163,-6.261430668122958e-32,-0.0002953623471878191,-0.00502063127674944,0.004725268929561622,0.9411702770216083,-0.02445530586973157,0.02415994352254375,0.03305228596747336,0.5014680013781926,0.010000502158348315,0.8507365358169928,0.1,SAFE_DELTA_AWAY_FROM_EPSILON,8,0.0005906586161952027
near_symmetric_m4_meaningful,0.01,18,-0.0018050766397405492,-0.0002953623471878191,-0.00010028203554114163,-6.261430668122958e-32,-0.0002953623471878191,-0.00502063127674944,0.004725268929561622,0.9411702770216083,-0.02445530586973157,0.02415994352254375,0.03305228596747336,0.5014680013781926,0.010000502158348315,0.8507365358169928,0.2,SAFE_DELTA_AWAY_FROM_EPSILON,5,0.0009450537859123243
near_symmetric_m4_meaningful,0.01,19,-0.0021097918962192245,-0.00030471525647867505,-0.00011104167874838024,-6.659804761361365e-32,-0.00030471525647867505,-0.005270356659818058,0.004965641403339383,0.9421831811114669,-0.02445530586973157,0.024150590613252896,0.03305228596747336,0.5014680013781926,0.010000233568837879,0.8610262730469899,0.01,EXCLUDED_FROM_FITS_DELTA_EQUALS_EPSILON_ROUNDOFF_SENSITIVE,19,0.0002613495475441781
near_symmetric_m4_meaningful,0.01,19,-0.0021097918962192245,-0.00030471525647867505,-0.00011104167874838024,-6.659804761361365e-32,-0.00030471525647867505,-0.005270356659818058,0.004965641403339383,0.9421831811114669,-0.02445530586973157,0.024150590613252896,0.03305228596747336,0.5014680013781926,0.010000233568837879,0.8610262730469899,0.02,SAFE_DELTA_AWAY_FROM_EPSILON,10,0.0004965641403339384
near_symmetric_m4_meaningful,0.01,19,-0.0021097918962192245,-0.00030471525647867505,-0.00011104167874838024,-6.659804761361365e-32,-0.00030471525647867505,-0.005270356659818058,0.004965641403339383,0.9421831811114669,-0.02445530586973157,0.024150590613252896,0.03305228596747336,0.5014680013781926,0.010000233568837879,0.8610262730469899,0.05,SAFE_DELTA_AWAY_FROM_EPSILON,8,0.0006207051754174229
near_symmetric_m4_meaningful,0.01,19,-0.0021097918962192245,-0.00030471525647867505,-0.00011104167874838024,-6.659804761361365e-32,-0.00030471525647867505,-0.005270356659818058,0.004965641403339383,0.9421831811114669,-0.02445530586973157,0.024150590613252896,0.03305228596747336,0.5014680013781926,0.010000233568837879,0.8610262730469899,0.1,SAFE_DELTA_AWAY_FROM_EPSILON,8,0.0006207051754174229
near_symmetric_m4_meaningful,0.01,19,-0.0021097918962192245,-0.00030471525647867505,-0.00011104167874838024,-6.659804761361365e-32,-0.00030471525647867505,-0.005270356659818058,0.004965641403339383,0.9421831811114669,-0.02445530586973157,0.024150590613252896,0.03305228596747336,0.5014680013781926,0.010000233568837879,0.8610262730469899,0.2,SAFE_DELTA_AWAY_FROM_EPSILON,4,0.0012414103508348458
near_symmetric_m4_meaningful,0.01,20,-0.002419319207498617,-0.00030952731127939265,-0.00012096596037493084,-6.827313361628889e-32,-0.00030952731127939265,-0.00537179561034281,0.005062268299063417,0.9423791719321132,-0.02445530586973157,0.02414577855845218,0.03305228596747336,0.5014680013781926,0.010000078429747731,0.8632753341442804,0.01,EXCLUDED_FROM_FITS_DELTA_EQUALS_EPSILON_ROUNDOFF_SENSITIVE,20,0.00025311341495317085
near_symmetric_m4_meaningful,0.01,20,-0.002419319207498617,-0.00030952731127939265,-0.00012096596037493084,-6.827313361628889e-32,-0.00030952731127939265,-0.00537179561034281,0.005062268299063417,0.9423791719321132,-0.02445530586973157,0.02414577855845218,0.03305228596747336,0.5014680013781926,0.010000078429747731,0.8632753341442804,0.02,SAFE_DELTA_AWAY_FROM_EPSILON,11,0.00046020620900576523
near_symmetric_m4_meaningful,0.01,20,-0.002419319207498617,-0.00030952731127939265,-0.00012096596037493084,-6.827313361628889e-32,-0.00030952731127939265,-0.00537179561034281,0.005062268299063417,0.9423791719321132,-0.02445530586973157,0.02414577855845218,0.03305228596747336,0.5014680013781926,0.010000078429747731,0.8632753341442804,0.05,SAFE_DELTA_AWAY_FROM_EPSILON,8,0.0006327835373829272
near_symmetric_m4_meaningful,0.01,20,-0.002419319207498617,-0.00030952731127939265,-0.00012096596037493084,-6.827313361628889e-32,-0.00030952731127939265,-0.00537179561034281,0.005062268299063417,0.9423791719321132,-0.02445530586973157,0.02414577855845218,0.03305228596747336,0.5014680013781926,0.010000078429747731,0.8632753341442804,0.1,SAFE_DELTA_AWAY_FROM_EPSILON,8,0.0006327835373829272
near_symmetric_m4_meaningful,0.01,20,-0.002419319207498617,-0.00030952731127939265,-0.00012096596037493084,-6.827313361628889e-32,-0.00030952731127939265,-0.00537179561034281,0.005062268299063417,0.9423791719321132,-0.02445530586973157,0.02414577855845218,0.03305228596747336,0.5014680013781926,0.010000078429747731,0.8632753341442804,0.2,SAFE_DELTA_AWAY_FROM_EPSILON,4,0.0012655670747658543
near_symmetric_m4_meaningful,0.01,21,-0.0027782684371519296,-0.000358949229653313,-0.00013229849700723475,-6.999043071000613e-32,-0.000358949229653313,-0.0058667282344588845,0.005507779004805572,0.9388161143130878,-0.02445530586973157,0.024096356640078257,0.03305228596747336,0.5014680013781926,0.010000017642260129,0.8784446868084702,0.01,EXCLUDED_FROM_FITS_DELTA_EQUALS_EPSILON_ROUNDOFF_SENSITIVE,21,0.0002622751907050272
near_symmetric_m4_meaningful,0.01,21,-0.0027782684371519296,-0.000358949229653313,-0.00013229849700723475,-6.999043071000613e-32,-0.000358949229653313,-0.0058667282344588845,0.005507779004805572,0.9388161143130878,-0.02445530586973157,0.024096356640078257,0.03305228596747336,0.5014680013781926,0.010000017642260129,0.8784446868084702,0.02,SAFE_DELTA_AWAY_FROM_EPSILON,12,0.00045898158373379764
near_symmetric_m4_meaningful,0.01,21,-0.0027782684371519296,-0.000358949229653313,-0.00013229849700723475,-6.999043071000613e-32,-0.000358949229653313,-0.0058667282344588845,0.005507779004805572,0.9388161143130878,-0.02445530586973157,0.024096356640078257,0.03305228596747336,0.5014680013781926,0.010000017642260129,0.8784446868084702,0.05,SAFE_DELTA_AWAY_FROM_EPSILON,8,0.0006884723756006965
near_symmetric_m4_meaningful,0.01,21,-0.0027782684371519296,-0.000358949229653313,-0.00013229849700723475,-6.999043071000613e-32,-0.000358949229653313,-0.0058667282344588845,0.005507779004805572,0.9388161143130878,-0.02445530586973157,0.024096356640078257,0.03305228596747336,0.5014680013781926,0.010000017642260129,0.8784446868084702,0.1,SAFE_DELTA_AWAY_FROM_EPSILON,8,0.0006884723756006965
near_symmetric_m4_meaningful,0.01,21,-0.0027782684371519296,-0.000358949229653313,-0.00013229849700723475,-6.999043071000613e-32,-0.000358949229653313,-0.0058667282344588845,0.005507779004805572,0.9388161143130878,-0.02445530586973157,0.024096356640078257,0.03305228596747336,0.5014680013781926,0.010000017642260129,0.8784446868084702,0.2,SAFE_DELTA_AWAY_FROM_EPSILON,5,0.0011015558009611144
near_symmetric_m4_meaningful,0.01,22,-0.003161575559055084,-0.00038330712190315456,-0.0001437079799570493,-7.896207894694022e-32,-0.00038330712190315456,-0.006191529316347366,0.005808222194444212,0.938091689093498,-0.02445530586973157,0.024071998747828418,0.03305228596747336,0.5014680013781926,0.01000001412334175,0.9095706932203381,0.01,EXCLUDED_FROM_FITS_DELTA_EQUALS_EPSILON_ROUNDOFF_SENSITIVE,22,0.00026401009974746416
near_symmetric_m4_meaningful,0.01,22,-0.003161575559055084,-0.00038330712190315456,-0.0001437079799570493,-7.896207894694022e-32,-0.00038330712190315456,-0.006191529316347366,0.005808222194444212,0.938091689093498,-0.02445530586973157,0.024071998747828418,0.03305228596747336,0.5014680013781926,0.01000001412334175,0.9095706932203381,0.02,SAFE_DELTA_AWAY_FROM_EPSILON,12,0.0004840185162036843
near_symmetric_m4_meaningful,0.01,22,-0.003161575559055084,-0.00038330712190315456,-0.0001437079799570493,-7.896207894694022e-32,-0.00038330712190315456,-0.006191529316347366,0.005808222194444212,0.938091689093498,-0.02445530586973157,0.024071998747828418,0.03305228596747336,0.5014680013781926,0.01000001412334175,0.9095706932203381,0.05,SAFE_DELTA_AWAY_FROM_EPSILON,9,0.0006453580216049124
near_symmetric_m4_meaningful,0.01,22,-0.003161575559055084,-0.00038330712190315456,-0.0001437079799570493,-7.896207894694022e-32,-0.00038330712190315456,-0.006191529316347366,0.005808222194444212,0.938091689093498,-0.02445530586973157,0.024071998747828418,0.03305228596747336,0.5014680013781926,0.01000001412334175,0.9095706932203381,0.1,SAFE_DELTA_AWAY_FROM_EPSILON,7,0.0008297460277777445
near_symmetric_m4_meaningful,0.01,22,-0.003161575559055084,-0.00038330712190315456,-0.0001437079799570493,-7.896207894694022e-32,-0.00038330712190315456,-0.006191529316347366,0.005808222194444212,0.938091689093498,-0.02445530586973157,0.024071998747828418,0.03305228596747336,0.5014680013781926,0.01000001412334175,0.9095706932203381,0.2,SAFE_DELTA_AWAY_FROM_EPSILON,4,0.001452055548611053
near_symmetric_m4_meaningful,0.002,2,-6.199176333382276e-08,-6.199176333382276e-08,-3.099588166691138e-08,-7.731304439835758e-37,-6.199176333382276e-08,-0.0010113363890353856,0.0010112743972720518,0.9999387031219228,-0.02526036516833365,0.025260303176570315,0.010821402817169803,0.5147822241599931,0.2179402086882205,0.22443922926526616,0.01,SAFE_DELTA_AWAY_FROM_EPSILON,2,0.0005056371986360259
near_symmetric_m4_meaningful,0.002,2,-6.199176333382276e-08,-6.199176333382276e-08,-3.099588166691138e-08,-7.731304439835758e-37,-6.199176333382276e-08,-0.0010113363890353856,0.0010112743972720518,0.9999387031219228,-0.02526036516833365,0.025260303176570315,0.010821402817169803,0.5147822241599931,0.2179402086882205,0.22443922926526616,0.02,SAFE_DELTA_AWAY_FROM_EPSILON,2,0.0005056371986360259
near_symmetric_m4_meaningful,0.002,2,-6.199176333382276e-08,-6.199176333382276e-08,-3.099588166691138e-08,-7.731304439835758e-37,-6.199176333382276e-08,-0.0010113363890353856,0.0010112743972720518,0.9999387031219228,-0.02526036516833365,0.025260303176570315,0.010821402817169803,0.5147822241599931,0.2179402086882205,0.22443922926526616,0.05,SAFE_DELTA_AWAY_FROM_EPSILON,2,0.0005056371986360259
near_symmetric_m4_meaningful,0.002,2,-6.199176333382276e-08,-6.199176333382276e-08,-3.099588166691138e-08,-7.731304439835758e-37,-6.199176333382276e-08,-0.0010113363890353856,0.0010112743972720518,0.9999387031219228,-0.02526036516833365,0.025260303176570315,0.010821402817169803,0.5147822241599931,0.2179402086882205,0.22443922926526616,0.1,SAFE_DELTA_AWAY_FROM_EPSILON,2,0.0005056371986360259
near_symmetric_m4_meaningful,0.002,2,-6.199176333382276e-08,-6.199176333382276e-08,-3.099588166691138e-08,-7.731304439835758e-37,-6.199176333382276e-08,-0.0010113363890353856,0.0010112743972720518,0.9999387031219228,-0.02526036516833365,0.025260303176570315,0.010821402817169803,0.5147822241599931,0.2179402086882205,0.22443922926526616,0.2,SAFE_DELTA_AWAY_FROM_EPSILON,2,0.0005056371986360259
near_symmetric_m4_meaningful,0.002,3,-2.087351088901233e-07,-1.4674334555630055e-07,-6.95783696300411e-08,-9.325207293861309e-37,-1.4674334555630055e-07,-0.0009932626590401642,0.000993115915694608,0.9998522612883706,-0.02526036516833365,0.025260218424988094,0.010821402817169803,0.5147822241599931,0.20166409462045298,0.23963375772813447,0.01,SAFE_DELTA_AWAY_FROM_EPSILON,3,0.0003310386385648693
near_symmetric_m4_meaningful,0.002,3,-2.087351088901233e-07,-1.4674334555630055e-07,-6.95783696300411e-08,-9.325207293861309e-37,-1.4674334555630055e-07,-0.0009932626590401642,0.000993115915694608,0.9998522612883706,-0.02526036516833365,0.025260218424988094,0.010821402817169803,0.5147822241599931,0.20166409462045298,0.23963375772813447,0.02,SAFE_DELTA_AWAY_FROM_EPSILON,3,0.0003310386385648693
near_symmetric_m4_meaningful,0.002,3,-2.087351088901233e-07,-1.4674334555630055e-07,-6.95783696300411e-08,-9.325207293861309e-37,-1.4674334555630055e-07,-0.0009932626590401642,0.000993115915694608,0.9998522612883706,-0.02526036516833365,0.025260218424988094,0.010821402817169803,0.5147822241599931,0.20166409462045298,0.23963375772813447,0.05,SAFE_DELTA_AWAY_FROM_EPSILON,3,0.0003310386385648693
near_symmetric_m4_meaningful,0.002,3,-2.087351088901233e-07,-1.4674334555630055e-07,-6.95783696300411e-08,-9.325207293861309e-37,-1.4674334555630055e-07,-0.0009932626590401642,0.000993115915694608,0.9998522612883706,-0.02526036516833365,0.025260218424988094,0.010821402817169803,0.5147822241599931,0.20166409462045298,0.23963375772813447,0.1,SAFE_DELTA_AWAY_FROM_EPSILON,3,0.0003310386385648693
near_symmetric_m4_meaningful,0.002,3,-2.087351088901233e-07,-1.4674334555630055e-07,-6.95783696300411e-08,-9.325207293861309e-37,-1.4674334555630055e-07,-0.0009932626590401642,0.000993115915694608,0.9998522612883706,-0.02526036516833365,0.025260218424988094,0.010821402817169803,0.5147822241599931,0.20166409462045298,0.23963375772813447,0.2,SAFE_DELTA_AWAY_FROM_EPSILON,3,0.0003310386385648693
near_symmetric_m4_meaningful,0.002,4,-7.366000328477063e-06,-7.15726521958694e-06,-1.8415000821192658e-06,-4.8114644158431883e-35,-7.15726521958694e-06,-0.0016723016250412923,0.0016651443598217053,0.995720111065843,-0.02526036516833365,0.025253207903114062,0.010821402817169803,0.5147822241599931,0.16383836523111653,0.27445819956286177,0.01,SAFE_DELTA_AWAY_FROM_EPSILON,4,0.00041628608995542633
near_symmetric_m4_meaningful,0.002,4,-7.366000328477063e-06,-7.15726521958694e-06,-1.8415000821192658e-06,-4.8114644158431883e-35,-7.15726521958694e-06,-0.0016723016250412923,0.0016651443598217053,0.995720111065843,-0.02526036516833365,0.025253207903114062,0.010821402817169803,0.5147822241599931,0.16383836523111653,0.27445819956286177,0.02,SAFE_DELTA_AWAY_FROM_EPSILON,4,0.00041628608995542633
near_symmetric_m4_meaningful,0.002,4,-7.366000328477063e-06,-7.15726521958694e-06,-1.8415000821192658e-06,-4.8114644158431883e-35,-7.15726521958694e-06,-0.0016723016250412923,0.0016651443598217053,0.995720111065843,-0.02526036516833365,0.025253207903114062,0.010821402817169803,0.5147822241599931,0.16383836523111653,0.27445819956286177,0.05,SAFE_DELTA_AWAY_FROM_EPSILON,4,0.00041628608995542633
near_symmetric_m4_meaningful,0.002,4,-7.366000328477063e-06,-7.15726521958694e-06,-1.8415000821192658e-06,-4.8114644158431883e-35,-7.15726521958694e-06,-0.0016723016250412923,0.0016651443598217053,0.995720111065843,-0.02526036516833365,0.025253207903114062,0.010821402817169803,0.5147822241599931,0.16383836523111653,0.27445819956286177,0.1,SAFE_DELTA_AWAY_FROM_EPSILON,4,0.00041628608995542633
near_symmetric_m4_meaningful,0.002,4,-7.366000328477063e-06,-7.15726521958694e-06,-1.8415000821192658e-06,-4.8114644158431883e-35,-7.15726521958694e-06,-0.0016723016250412923,0.0016651443598217053,0.995720111065843,-0.02526036516833365,0.025253207903114062,0.010821402817169803,0.5147822241599931,0.16383836523111653,0.27445819956286177,0.2,SAFE_DELTA_AWAY_FROM_EPSILON,3,0.0005550481199405685
near_symmetric_m4_meaningful,0.002,5,-1.8408922368831945e-05,-1.1042922040354881e-05,-3.681784473766389e-06,-9.791266869366375e-35,-1.1042922040354881e-05,-0.0011454763457106228,0.001134433423670268,0.9903595372512873,-0.02526036516833365,0.025249322246293292,0.010821402817169803,0.5147822241599931,0.01846542608728467,0.4172054204569983,0.01,SAFE_DELTA_AWAY_FROM_EPSILON,5,0.0002268866847340536
near_symmetric_m4_meaningful,0.002,5,-1.8408922368831945e-05,-1.1042922040354881e-05,-3.681784473766389e-06,-9.791266869366375e-35,-1.1042922040354881e-05,-0.0011454763457106228,0.001134433423670268,0.9903595372512873,-0.02526036516833365,0.025249322246293292,0.010821402817169803,0.5147822241599931,0.01846542608728467,0.4172054204569983,0.02,SAFE_DELTA_AWAY_FROM_EPSILON,4,0.000283608355917567
near_symmetric_m4_meaningful,0.002,5,-1.8408922368831945e-05,-1.1042922040354881e-05,-3.681784473766389e-06,-9.791266869366375e-35,-1.1042922040354881e-05,-0.0011454763457106228,0.001134433423670268,0.9903595372512873,-0.02526036516833365,0.025249322246293292,0.010821402817169803,0.5147822241599931,0.01846542608728467,0.4172054204569983,0.05,SAFE_DELTA_AWAY_FROM_EPSILON,4,0.000283608355917567
near_symmetric_m4_meaningful,0.002,5,-1.8408922368831945e-05,-1.1042922040354881e-05,-3.681784473766389e-06,-9.791266869366375e-35,-1.1042922040354881e-05,-0.0011454763457106228,0.001134433423670268,0.9903595372512873,-0.02526036516833365,0.025249322246293292,0.010821402817169803,0.5147822241599931,0.01846542608728467,0.4172054204569983,0.1,SAFE_DELTA_AWAY_FROM_EPSILON,4,0.000283608355917567
near_symmetric_m4_meaningful,0.002,5,-1.8408922368831945e-05,-1.1042922040354881e-05,-3.681784473766389e-06,-9.791266869366375e-35,-1.1042922040354881e-05,-0.0011454763457106228,0.001134433423670268,0.9903595372512873,-0.02526036516833365,0.025249322246293292,0.010821402817169803,0.5147822241599931,0.01846542608728467,0.4172054204569983,0.2,SAFE_DELTA_AWAY_FROM_EPSILON,4,0.000283608355917567
near_symmetric_m4_meaningful,0.002,6,-5.247166282983666e-05,-3.406274046100471e-05,-8.745277138306109e-06,-4.943551326145436e-34,-3.406274046100471e-05,-0.0018785689935517007,0.001844506253090696,0.9818677192171663,-0.02526036516833365,0.025226302427872643,0.010821402817169803,0.5147822241599931,0.01719169427955232,0.4346370171472895,0.01,SAFE_DELTA_AWAY_FROM_EPSILON,6,0.0003074177088484493
near_symmetric_m4_meaningful,0.002,6,-5.247166282983666e-05,-3.406274046100471e-05,-8.745277138306109e-06,-4.943551326145436e-34,-3.406274046100471e-05,-0.0018785689935517007,0.001844506253090696,0.9818677192171663,-0.02526036516833365,0.025226302427872643,0.010821402817169803,0.5147822241599931,0.01719169427955232,0.4346370171472895,0.02,SAFE_DELTA_AWAY_FROM_EPSILON,5,0.00036890125061813924
near_symmetric_m4_meaningful,0.002,6,-5.247166282983666e-05,-3.406274046100471e-05,-8.745277138306109e-06,-4.943551326145436e-34,-3.406274046100471e-05,-0.0018785689935517007,0.001844506253090696,0.9818677192171663,-0.02526036516833365,0.025226302427872643,0.010821402817169803,0.5147822241599931,0.01719169427955232,0.4346370171472895,0.05,SAFE_DELTA_AWAY_FROM_EPSILON,4,0.000461126563272674
near_symmetric_m4_meaningful,0.002,6,-5.247166282983666e-05,-3.406274046100471e-05,-8.745277138306109e-06,-4.943551326145436e-34,-3.406274046100471e-05,-0.0018785689935517007,0.001844506253090696,0.9818677192171663,-0.02526036516833365,0.025226302427872643,0.010821402817169803,0.5147822241599931,0.01719169427955232,0.4346370171472895,0.1,SAFE_DELTA_AWAY_FROM_EPSILON,4,0.000461126563272674
near_symmetric_m4_meaningful,0.002,6,-5.247166282983666e-05,-3.406274046100471e-05,-8.745277138306109e-06,-4.943551326145436e-34,-3.406274046100471e-05,-0.0018785689935517007,0.001844506253090696,0.9818677192171663,-0.02526036516833365,0.025226302427872643,0.010821402817169803,0.5147822241599931,0.01719169427955232,0.4346370171472895,0.2,SAFE_DELTA_AWAY_FROM_EPSILON,4,0.000461126563272674
near_symmetric_m4_meaningful,0.002,7,-8.727531814494091e-05,-3.480365531510426e-05,-1.2467902592134416e-05,-5.093566294095284e-34,-3.480365531510426e-05,-0.0019231791841420034,0.0018883755288268992,0.9819030615544899,-0.02526036516833365,0.025225561513018545,0.010821402817169803,0.5147822241599931,0.013881401085520178,0.4636349654073511,0.01,SAFE_DELTA_AWAY_FROM_EPSILON,7,0.000269767932689557
near_symmetric_m4_meaningful,0.002,7,-8.727531814494091e-05,-3.480365531510426e-05,-1.2467902592134416e-05,-5.093566294095284e-34,-3.480365531510426e-05,-0.0019231791841420034,0.0018883755288268992,0.9819030615544899,-0.02526036516833365,0.025225561513018545,0.010821402817169803,0.5147822241599931,0.013881401085520178,0.4636349654073511,0.02,SAFE_DELTA_AWAY_FROM_EPSILON,5,0.00037767510576537986
near_symmetric_m4_meaningful,0.002,7,-8.727531814494091e-05,-3.480365531510426e-05,-1.2467902592134416e-05,-5.093566294095284e-34,-3.480365531510426e-05,-0.0019231791841420034,0.0018883755288268992,0.9819030615544899,-0.02526036516833365,0.025225561513018545,0.010821402817169803,0.5147822241599931,0.013881401085520178,0.4636349654073511,0.05,SAFE_DELTA_AWAY_FROM_EPSILON,4,0.0004720938822067248
near_symmetric_m4_meaningful,0.002,7,-8.727531814494091e-05,-3.480365531510426e-05,-1.2467902592134416e-05,-5.093566294095284e-34,-3.480365531510426e-05,-0.0019231791841420034,0.0018883755288268992,0.9819030615544899,-0.02526036516833365,0.025225561513018545,0.010821402817169803,0.5147822241599931,0.013881401085520178,0.4636349654073511,0.1,SAFE_DELTA_AWAY_FROM_EPSILON,4,0.0004720938822067248
near_symmetric_m4_meaningful,0.002,7,-8.727531814494091e-05,-3.480365531510426e-05,-1.2467902592134416e-05,-5.093566294095284e-34,-3.480365531510426e-05,-0.0019231791841420034,0.0018883755288268992,0.9819030615544899,-0.02526036516833365,0.025225561513018545,0.010821402817169803,0.5147822241599931,0.013881401085520178,0.4636349654073511,0.2,SAFE_DELTA_AWAY_FROM_EPSILON,4,0.0004720938822067248
near_symmetric_m4_meaningful,0.002,8,-0.00013262367682561076,-4.5348358680669835e-05,-1.6577959603201344e-05,-5.69510960357934e-34,-4.5348358680669835e-05,-0.0022742008426352347,0.0022288524839545647,0.9800596509197831,-0.02526036516833365,0.02521501680965298,0.010821402817169803,0.5147822241599931,0.009042484255170439,0.5065021033927679,0.01,SAFE_DELTA_AWAY_FROM_EPSILON,7,0.00031840749770779494
near_symmetric_m4_meaningful,0.002,8,-0.00013262367682561076,-4.5348358680669835e-05,-1.6577959603201344e-05,-5.69510960357934e-34,-4.5348358680669835e-05,-0.0022742008426352347,0.0022288524839545647,0.9800596509197831,-0.02526036516833365,0.02521501680965298,0.010821402817169803,0.5147822241599931,0.009042484255170439,0.5065021033927679,0.02,SAFE_DELTA_AWAY_FROM_EPSILON,6,0.00037147541399242743
near_symmetric_m4_meaningful,0.002,8,-0.00013262367682561076,-4.5348358680669835e-05,-1.6577959603201344e-05,-5.69510960357934e-34,-4.5348358680669835e-05,-0.0022742008426352347,0.0022288524839545647,0.9800596509197831,-0.02526036516833365,0.02521501680965298,0.010821402817169803,0.5147822241599931,0.009042484255170439,0.5065021033927679,0.05,SAFE_DELTA_AWAY_FROM_EPSILON,4,0.0005572131209886412
near_symmetric_m4_meaningful,0.002,8,-0.00013262367682561076,-4.5348358680669835e-05,-1.6577959603201344e-05,-5.69510960357934e-34,-4.5348358680669835e-05,-0.0022742008426352347,0.0022288524839545647,0.9800596509197831,-0.02526036516833365,0.02521501680965298,0.010821402817169803,0.5147822241599931,0.009042484255170439,0.5065021033927679,0.1,SAFE_DELTA_AWAY_FROM_EPSILON,4,0.0005572131209886412
near_symmetric_m4_meaningful,0.002,8,-0.00013262367682561076,-4.5348358680669835e-05,-1.6577959603201344e-05,-5.69510960357934e-34,-4.5348358680669835e-05,-0.0022742008426352347,0.0022288524839545647,0.9800596509197831,-0.02526036516833365,0.02521501680965298,0.010821402817169803,0.5147822241599931,0.009042484255170439,0.5065021033927679,0.2,SAFE_DELTA_AWAY_FROM_EPSILON,4,0.0005572131209886412
near_symmetric_m4_meaningful,0.002,9,-0.00019645187305176336,-6.382819622615262e-05,-2.1827985894640374e-05,-1.0485801015361148e-33,-6.382819622615262e-05,-0.0025095020433984205,0.002445673847172268,0.9745653938023038,-0.02526036516833365,0.025196536972107497,0.010821402817169803,0.5147822241599931,0.0026672859437242027,0.5770579415104946,0.01,SAFE_DELTA_AWAY_FROM_EPSILON,8,0.0003057092308965335
near_symmetric_m4_meaningful,0.002,9,-0.00019645187305176336,-6.382819622615262e-05,-2.1827985894640374e-05,-1.0485801015361148e-33,-6.382819622615262e-05,-0.0025095020433984205,0.002445673847172268,0.9745653938023038,-0.02526036516833365,0.025196536972107497,0.010821402817169803,0.5147822241599931,0.0026672859437242027,0.5770579415104946,0.02,SAFE_DELTA_AWAY_FROM_EPSILON,6,0.00040761230786204463
near_symmetric_m4_meaningful,0.002,9,-0.00019645187305176336,-6.382819622615262e-05,-2.1827985894640374e-05,-1.0485801015361148e-33,-6.382819622615262e-05,-0.0025095020433984205,0.002445673847172268,0.9745653938023038,-0.02526036516833365,0.025196536972107497,0.010821402817169803,0.5147822241599931,0.0026672859437242027,0.5770579415104946,0.05,SAFE_DELTA_AWAY_FROM_EPSILON,5,0.0004891347694344536
near_symmetric_m4_meaningful,0.002,9,-0.00019645187305176336,-6.382819622615262e-05,-2.1827985894640374e-05,-1.0485801015361148e-33,-6.382819622615262e-05,-0.0025095020433984205,0.002445673847172268,0.9745653938023038,-0.02526036516833365,0.025196536972107497,0.010821402817169803,0.5147822241599931,0.0026672859437242027,0.5770579415104946,0.1,SAFE_DELTA_AWAY_FROM_EPSILON,4,0.000611418461793067
near_symmetric_m4_meaningful,0.002,9,-0.00019645187305176336,-6.382819622615262e-05,-2.1827985894640374e-05,-1.0485801015361148e-33,-6.382819622615262e-05,-0.0025095020433984205,0.002445673847172268,0.9745653938023038,-0.02526036516833365,0.025196536972107497,0.010821402817169803,0.5147822241599931,0.0026672859437242027,0.5770579415104946,0.2,SAFE_DELTA_AWAY_FROM_EPSILON,4,0.000611418461793067
near_symmetric_m4_meaningful,0.002,10,-0.00031171926533766353,-0.00011526739228590018,-3.117192653376635e-05,-2.760588136148526e-32,-0.00011526739228590018,-0.0029886606381112936,0.0028733932458253936,0.9614317561465446,-0.02526036516833365,0.02514509777604775,0.010821402817169803,0.5147822241599931,0.0025722862546638313,0.6170749860769591,0.01,SAFE_DELTA_AWAY_FROM_EPSILON,8,0.0003591741557281742
near_symmetric_m4_meaningful,0.002,10,-0.00031171926533766353,-0.00011526739228590018,-3.117192653376635e-05,-2.760588136148526e-32,-0.00011526739228590018,-0.0029886606381112936,0.0028733932458253936,0.9614317561465446,-0.02526036516833365,0.02514509777604775,0.010821402817169803,0.5147822241599931,0.0025722862546638313,0.6170749860769591,0.02,SAFE_DELTA_AWAY_FROM_EPSILON,7,0.00041048474940362766
near_symmetric_m4_meaningful,0.002,10,-0.00031171926533766353,-0.00011526739228590018,-3.117192653376635e-05,-2.760588136148526e-32,-0.00011526739228590018,-0.0029886606381112936,0.0028733932458253936,0.9614317561465446,-0.02526036516833365,0.02514509777604775,0.010821402817169803,0.5147822241599931,0.0025722862546638313,0.6170749860769591,0.05,SAFE_DELTA_AWAY_FROM_EPSILON,6,0.00047889887430423226
near_symmetric_m4_meaningful,0.002,10,-0.00031171926533766353,-0.00011526739228590018,-3.117192653376635e-05,-2.760588136148526e-32,-0.00011526739228590018,-0.0029886606381112936,0.0028733932458253936,0.9614317561465446,-0.02526036516833365,0.02514509777604775,0.010821402817169803,0.5147822241599931,0.0025722862546638313,0.6170749860769591,0.1,SAFE_DELTA_AWAY_FROM_EPSILON,4,0.0007183483114563484
near_symmetric_m4_meaningful,0.002,10,-0.00031171926533766353,-0.00011526739228590018,-3.117192653376635e-05,-2.760588136148526e-32,-0.00011526739228590018,-0.0029886606381112936,0.0028733932458253936,0.9614317561465446,-0.02526036516833365,0.02514509777604775,0.010821402817169803,0.5147822241599931,0.0025722862546638313,0.6170749860769591,0.2,SAFE_DELTA_AWAY_FROM_EPSILON,4,0.0007183483114563484
near_symmetric_m4_meaningful,0.002,11,-0.000426960301427055,-0.00011524103608939149,-3.8814572857005e-05,-2.88148647889302e-32,-0.00011524103608939149,-0.0031465181649572606,0.0030312771288678693,0.9633750609251746,-0.02526036516833365,0.02514512413224426,0.010821402817169803,0.5147822241599931,0.0023771278886855845,0.6482685288999255,0.01,SAFE_DELTA_AWAY_FROM_EPSILON,8,0.00037890964110848366
near_symmetric_m4_meaningful,0.002,11,-0.000426960301427055,-0.00011524103608939149,-3.8814572857005e-05,-2.88148647889302e-32,-0.00011524103608939149,-0.0031465181649572606,0.0030312771288678693,0.9633750609251746,-0.02526036516833365,0.02514512413224426,0.010821402817169803,0.5147822241599931,0.0023771278886855845,0.6482685288999255,0.02,SAFE_DELTA_AWAY_FROM_EPSILON,7,0.000433039589838267
near_symmetric_m4_meaningful,0.002,11,-0.000426960301427055,-0.00011524103608939149,-3.8814572857005e-05,-2.88148647889302e-32,-0.00011524103608939149,-0.0031465181649572606,0.0030312771288678693,0.9633750609251746,-0.02526036516833365,0.02514512413224426,0.010821402817169803,0.5147822241599931,0.0023771278886855845,0.6482685288999255,0.05,SAFE_DELTA_AWAY_FROM_EPSILON,6,0.0005052128548113116
near_symmetric_m4_meaningful,0.002,11,-0.000426960301427055,-0.00011524103608939149,-3.8814572857005e-05,-2.88148647889302e-32,-0.00011524103608939149,-0.0031465181649572606,0.0030312771288678693,0.9633750609251746,-0.02526036516833365,0.02514512413224426,0.010821402817169803,0.5147822241599931,0.0023771278886855845,0.6482685288999255,0.1,SAFE_DELTA_AWAY_FROM_EPSILON,4,0.0007578192822169673
near_symmetric_m4_meaningful,0.002,11,-0.000426960301427055,-0.00011524103608939149,-3.8814572857005e-05,-2.88148647889302e-32,-0.00011524103608939149,-0.0031465181649572606,0.0030312771288678693,0.9633750609251746,-0.02526036516833365,0.02514512413224426,0.010821402817169803,0.5147822241599931,0.0023771278886855845,0.6482685288999255,0.2,SAFE_DELTA_AWAY_FROM_EPSILON,4,0.0007578192822169673
near_symmetric_m4_meaningful,0.002,12,-0.0005514820563088316,-0.00012452175488177652,-4.595683802573596e-05,-3.030809712242126e-32,-0.00012452175488177652,-0.003282586329940978,0.003158064575059201,0.9620659619075378,-0.02526036516833365,0.02513584341345187,0.010821402817169803,0.5147822241599931,0.002175699857688018,0.6784931541353832,0.01,SAFE_DELTA_AWAY_FROM_EPSILON,8,0.00039475807188240014
near_symmetric_m4_meaningful,0.002,12,-0.0005514820563088316,-0.00012452175488177652,-4.595683802573596e-05,-3.030809712242126e-32,-0.00012452175488177652,-0.003282586329940978,0.003158064575059201,0.9620659619075378,-0.02526036516833365,0.02513584341345187,0.010821402817169803,0.5147822241599931,0.002175699857688018,0.6784931541353832,0.02,SAFE_DELTA_AWAY_FROM_EPSILON,8,0.00039475807188240014
near_symmetric_m4_meaningful,0.002,12,-0.0005514820563088316,-0.00012452175488177652,-4.595683802573596e-05,-3.030809712242126e-32,-0.00012452175488177652,-0.003282586329940978,0.003158064575059201,0.9620659619075378,-0.02526036516833365,0.02513584341345187,0.010821402817169803,0.5147822241599931,0.002175699857688018,0.6784931541353832,0.05,SAFE_DELTA_AWAY_FROM_EPSILON,7,0.00045115208215131447
near_symmetric_m4_meaningful,0.002,12,-0.0005514820563088316,-0.00012452175488177652,-4.595683802573596e-05,-3.030809712242126e-32,-0.00012452175488177652,-0.003282586329940978,0.003158064575059201,0.9620659619075378,-0.02526036516833365,0.02513584341345187,0.010821402817169803,0.5147822241599931,0.002175699857688018,0.6784931541353832,0.1,SAFE_DELTA_AWAY_FROM_EPSILON,5,0.0006316129150118402
near_symmetric_m4_meaningful,0.002,12,-0.0005514820563088316,-0.00012452175488177652,-4.595683802573596e-05,-3.030809712242126e-32,-0.00012452175488177652,-0.003282586329940978,0.003158064575059201,0.9620659619075378,-0.02526036516833365,0.02513584341345187,0.010821402817169803,0.5147822241599931,0.002175699857688018,0.6784931541353832,0.2,SAFE_DELTA_AWAY_FROM_EPSILON,4,0.0007895161437648003
near_symmetric_m4_meaningful,0.002,13,-0.0007430608565175659,-0.00019157880020873437,-5.7158527424428144e-05,-3.308585628359522e-32,-0.00019157880020873437,-0.0038844948143413223,0.003692916014132588,0.9506811543417597,-0.02526036516833365,0.025068786368124915,0.010821402817169803,0.5147822241599931,0.0020215022075964536,0.7009283434542937,0.01,SAFE_DELTA_AWAY_FROM_EPSILON,8,0.0004616145017665735
near_symmetric_m4_meaningful,0.002,13,-0.0007430608565175659,-0.00019157880020873437,-5.7158527424428144e-05,-3.308585628359522e-32,-0.00019157880020873437,-0.0038844948143413223,0.003692916014132588,0.9506811543417597,-0.02526036516833365,0.025068786368124915,0.010821402817169803,0.5147822241599931,0.0020215022075964536,0.7009283434542937,0.02,SAFE_DELTA_AWAY_FROM_EPSILON,8,0.0004616145017665735
near_symmetric_m4_meaningful,0.002,13,-0.0007430608565175659,-0.00019157880020873437,-5.7158527424428144e-05,-3.308585628359522e-32,-0.00019157880020873437,-0.0038844948143413223,0.003692916014132588,0.9506811543417597,-0.02526036516833365,0.025068786368124915,0.010821402817169803,0.5147822241599931,0.0020215022075964536,0.7009283434542937,0.05,SAFE_DELTA_AWAY_FROM_EPSILON,8,0.0004616145017665735
near_symmetric_m4_meaningful,0.002,13,-0.0007430608565175659,-0.00019157880020873437,-5.7158527424428144e-05,-3.308585628359522e-32,-0.00019157880020873437,-0.0038844948143413223,0.003692916014132588,0.9506811543417597,-0.02526036516833365,0.025068786368124915,0.010821402817169803,0.5147822241599931,0.0020215022075964536,0.7009283434542937,0.1,SAFE_DELTA_AWAY_FROM_EPSILON,5,0.0007385832028265176
near_symmetric_m4_meaningful,0.002,13,-0.0007430608565175659,-0.00019157880020873437,-5.7158527424428144e-05,-3.308585628359522e-32,-0.00019157880020873437,-0.0038844948143413223,0.003692916014132588,0.9506811543417597,-0.02526036516833365,0.025068786368124915,0.010821402817169803,0.5147822241599931,0.0020215022075964536,0.7009283434542937,0.2,SAFE_DELTA_AWAY_FROM_EPSILON,4,0.000923229003533147
near_symmetric_m4_meaningful,0.002,14,-0.0009747044839995119,-0.000231643627481946,-6.962174885710799e-05,-5.768296459321409e-32,-0.000231643627481946,-0.004183351254993136,0.00395170762751119,0.9446272585393201,-0.02526036516833365,0.025028721540851704,0.010821402817169803,0.5147822241599931,0.0020176506029907218,0.7590596118127088,0.01,SAFE_DELTA_AWAY_FROM_EPSILON,8,0.0004939634534388988
near_symmetric_m4_meaningful,0.002,14,-0.0009747044839995119,-0.000231643627481946,-6.962174885710799e-05,-5.768296459321409e-32,-0.000231643627481946,-0.004183351254993136,0.00395170762751119,0.9446272585393201,-0.02526036516833365,0.025028721540851704,0.010821402817169803,0.5147822241599931,0.0020176506029907218,0.7590596118127088,0.02,SAFE_DELTA_AWAY_FROM_EPSILON,8,0.0004939634534388988
near_symmetric_m4_meaningful,0.002,14,-0.0009747044839995119,-0.000231643627481946,-6.962174885710799e-05,-5.768296459321409e-32,-0.000231643627481946,-0.004183351254993136,0.00395170762751119,0.9446272585393201,-0.02526036516833365,0.025028721540851704,0.010821402817169803,0.5147822241599931,0.0020176506029907218,0.7590596118127088,0.05,SAFE_DELTA_AWAY_FROM_EPSILON,8,0.0004939634534388988
near_symmetric_m4_meaningful,0.002,14,-0.0009747044839995119,-0.000231643627481946,-6.962174885710799e-05,-5.768296459321409e-32,-0.000231643627481946,-0.004183351254993136,0.00395170762751119,0.9446272585393201,-0.02526036516833365,0.025028721540851704,0.010821402817169803,0.5147822241599931,0.0020176506029907218,0.7590596118127088,0.1,SAFE_DELTA_AWAY_FROM_EPSILON,6,0.0006586179379185317
near_symmetric_m4_meaningful,0.002,14,-0.0009747044839995119,-0.000231643627481946,-6.962174885710799e-05,-5.768296459321409e-32,-0.000231643627481946,-0.004183351254993136,0.00395170762751119,0.9446272585393201,-0.02526036516833365,0.025028721540851704,0.010821402817169803,0.5147822241599931,0.0020176506029907218,0.7590596118127088,0.2,SAFE_DELTA_AWAY_FROM_EPSILON,4,0.0009879269068777975
near_symmetric_m4_meaningful,0.002,15,-0.0012115549918440339,-0.00023685050784452198,-8.077033278960226e-05,-5.967727137076699e-32,-0.00023685050784452198,-0.004436920995523265,0.004200070487678743,0.9466182724273212,-0.02526036516833365,0.025023514660489125,0.010821402817169803,0.5147822241599931,0.002009887954384979,0.7811212332888112,0.01,SAFE_DELTA_AWAY_FROM_EPSILON,9,0.00046667449863097146
near_symmetric_m4_meaningful,0.002,15,-0.0012115549918440339,-0.00023685050784452198,-8.077033278960226e-05,-5.967727137076699e-32,-0.00023685050784452198,-0.004436920995523265,0.004200070487678743,0.9466182724273212,-0.02526036516833365,0.025023514660489125,0.010821402817169803,0.5147822241599931,0.002009887954384979,0.7811212332888112,0.02,SAFE_DELTA_AWAY_FROM_EPSILON,8,0.0005250088109598429
near_symmetric_m4_meaningful,0.002,15,-0.0012115549918440339,-0.00023685050784452198,-8.077033278960226e-05,-5.967727137076699e-32,-0.00023685050784452198,-0.004436920995523265,0.004200070487678743,0.9466182724273212,-0.02526036516833365,0.025023514660489125,0.010821402817169803,0.5147822241599931,0.002009887954384979,0.7811212332888112,0.05,SAFE_DELTA_AWAY_FROM_EPSILON,8,0.0005250088109598429
near_symmetric_m4_meaningful,0.002,15,-0.0012115549918440339,-0.00023685050784452198,-8.077033278960226e-05,-5.967727137076699e-32,-0.00023685050784452198,-0.004436920995523265,0.004200070487678743,0.9466182724273212,-0.02526036516833365,0.025023514660489125,0.010821402817169803,0.5147822241599931,0.002009887954384979,0.7811212332888112,0.1,SAFE_DELTA_AWAY_FROM_EPSILON,6,0.0007000117479464572
near_symmetric_m4_meaningful,0.002,15,-0.0012115549918440339,-0.00023685050784452198,-8.077033278960226e-05,-5.967727137076699e-32,-0.00023685050784452198,-0.004436920995523265,0.004200070487678743,0.9466182724273212,-0.02526036516833365,0.025023514660489125,0.010821402817169803,0.5147822241599931,0.002009887954384979,0.7811212332888112,0.2,SAFE_DELTA_AWAY_FROM_EPSILON,4,0.0010500176219196858
near_symmetric_m4_meaningful,0.002,16,-0.0014557417243673586,-0.00024418673252332484,-9.098385777295991e-05,-6.138754066840364e-32,-0.00024418673252332484,-0.004514662763261658,0.004270476030738333,0.9459125198651804,-0.02526036516833365,0.025016178435810325,0.010821402817169803,0.5147822241599931,0.0020038429258532877,0.7942870725690423,0.01,SAFE_DELTA_AWAY_FROM_EPSILON,9,0.00047449733674870373
near_symmetric_m4_meaningful,0.002,16,-0.0014557417243673586,-0.00024418673252332484,-9.098385777295991e-05,-6.138754066840364e-32,-0.00024418673252332484,-0.004514662763261658,0.004270476030738333,0.9459125198651804,-0.02526036516833365,0.025016178435810325,0.010821402817169803,0.5147822241599931,0.0020038429258532877,0.7942870725690423,0.02,SAFE_DELTA_AWAY_FROM_EPSILON,8,0.0005338095038422917
near_symmetric_m4_meaningful,0.002,16,-0.0014557417243673586,-0.00024418673252332484,-9.098385777295991e-05,-6.138754066840364e-32,-0.00024418673252332484,-0.004514662763261658,0.004270476030738333,0.9459125198651804,-0.02526036516833365,0.025016178435810325,0.010821402817169803,0.5147822241599931,0.0020038429258532877,0.7942870725690423,0.05,SAFE_DELTA_AWAY_FROM_EPSILON,8,0.0005338095038422917
near_symmetric_m4_meaningful,0.002,16,-0.0014557417243673586,-0.00024418673252332484,-9.098385777295991e-05,-6.138754066840364e-32,-0.00024418673252332484,-0.004514662763261658,0.004270476030738333,0.9459125198651804,-0.02526036516833365,0.025016178435810325,0.010821402817169803,0.5147822241599931,0.0020038429258532877,0.7942870725690423,0.1,SAFE_DELTA_AWAY_FROM_EPSILON,7,0.0006100680043911905
near_symmetric_m4_meaningful,0.002,16,-0.0014557417243673586,-0.00024418673252332484,-9.098385777295991e-05,-6.138754066840364e-32,-0.00024418673252332484,-0.004514662763261658,0.004270476030738333,0.9459125198651804,-0.02526036516833365,0.025016178435810325,0.010821402817169803,0.5147822241599931,0.0020038429258532877,0.7942870725690423,0.2,SAFE_DELTA_AWAY_FROM_EPSILON,5,0.0008540952061476667
near_symmetric_m4_meaningful,0.002,17,-0.0017772357450496392,-0.0003214940206822806,-0.00010454327912056701,-6.416680277448586e-32,-0.0003214940206822806,-0.005216980887590213,0.004895486866907932,0.9383754651187187,-0.02526036516833365,0.024938871147651368,0.010821402817169803,0.5147822241599931,0.0020006330655065806,0.7958834209926322,0.01,SAFE_DELTA_AWAY_FROM_EPSILON,10,0.0004895486866907932
near_symmetric_m4_meaningful,0.002,17,-0.0017772357450496392,-0.0003214940206822806,-0.00010454327912056701,-6.416680277448586e-32,-0.0003214940206822806,-0.005216980887590213,0.004895486866907932,0.9383754651187187,-0.02526036516833365,0.024938871147651368,0.010821402817169803,0.5147822241599931,0.0020006330655065806,0.7958834209926322,0.02,SAFE_DELTA_AWAY_FROM_EPSILON,8,0.0006119358583634915
near_symmetric_m4_meaningful,0.002,17,-0.0017772357450496392,-0.0003214940206822806,-0.00010454327912056701,-6.416680277448586e-32,-0.0003214940206822806,-0.005216980887590213,0.004895486866907932,0.9383754651187187,-0.02526036516833365,0.024938871147651368,0.010821402817169803,0.5147822241599931,0.0020006330655065806,0.7958834209926322,0.05,SAFE_DELTA_AWAY_FROM_EPSILON,8,0.0006119358583634915
near_symmetric_m4_meaningful,0.002,17,-0.0017772357450496392,-0.0003214940206822806,-0.00010454327912056701,-6.416680277448586e-32,-0.0003214940206822806,-0.005216980887590213,0.004895486866907932,0.9383754651187187,-0.02526036516833365,0.024938871147651368,0.010821402817169803,0.5147822241599931,0.0020006330655065806,0.7958834209926322,0.1,SAFE_DELTA_AWAY_FROM_EPSILON,8,0.0006119358583634915
near_symmetric_m4_meaningful,0.002,17,-0.0017772357450496392,-0.0003214940206822806,-0.00010454327912056701,-6.416680277448586e-32,-0.0003214940206822806,-0.005216980887590213,0.004895486866907932,0.9383754651187187,-0.02526036516833365,0.024938871147651368,0.010821402817169803,0.5147822241599931,0.0020006330655065806,0.7958834209926322,0.2,SAFE_DELTA_AWAY_FROM_EPSILON,6,0.0008159144778179887
near_symmetric_m4_meaningful,0.002,18,-0.002133960583373139,-0.0003567248383234998,-0.00011855336574295217,-8.422133283427491e-32,-0.0003567248383234998,-0.005419199010540533,0.005062474172217033,0.9341738811160731,-0.02526036516833365,0.02490364033001015,0.010821402817169803,0.5147822241599931,0.002000510356852043,0.8564628466058425,0.01,SAFE_DELTA_AWAY_FROM_EPSILON,10,0.0005062474172217033
near_symmetric_m4_meaningful,0.002,18,-0.002133960583373139,-0.0003567248383234998,-0.00011855336574295217,-8.422133283427491e-32,-0.0003567248383234998,-0.005419199010540533,0.005062474172217033,0.9341738811160731,-0.02526036516833365,0.02490364033001015,0.010821402817169803,0.5147822241599931,0.002000510356852043,0.8564628466058425,0.02,SAFE_DELTA_AWAY_FROM_EPSILON,9,0.0005624971302463371
near_symmetric_m4_meaningful,0.002,18,-0.002133960583373139,-0.0003567248383234998,-0.00011855336574295217,-8.422133283427491e-32,-0.0003567248383234998,-0.005419199010540533,0.005062474172217033,0.9341738811160731,-0.02526036516833365,0.02490364033001015,0.010821402817169803,0.5147822241599931,0.002000510356852043,0.8564628466058425,0.05,SAFE_DELTA_AWAY_FROM_EPSILON,8,0.0006328092715271291
near_symmetric_m4_meaningful,0.002,18,-0.002133960583373139,-0.0003567248383234998,-0.00011855336574295217,-8.422133283427491e-32,-0.0003567248383234998,-0.005419199010540533,0.005062474172217033,0.9341738811160731,-0.02526036516833365,0.02490364033001015,0.010821402817169803,0.5147822241599931,0.002000510356852043,0.8564628466058425,0.1,SAFE_DELTA_AWAY_FROM_EPSILON,8,0.0006328092715271291
near_symmetric_m4_meaningful,0.002,18,-0.002133960583373139,-0.0003567248383234998,-0.00011855336574295217,-8.422133283427491e-32,-0.0003567248383234998,-0.005419199010540533,0.005062474172217033,0.9341738811160731,-0.02526036516833365,0.02490364033001015,0.010821402817169803,0.5147822241599931,0.002000510356852043,0.8564628466058425,0.2,SAFE_DELTA_AWAY_FROM_EPSILON,5,0.0010124948344434066
near_symmetric_m4_meaningful,0.002,19,-0.0025031730256544725,-0.0003692124422813336,-0.00013174594871865646,-9.049404054560516e-32,-0.0003692124422813336,-0.005701890948305657,0.0053326785060243236,0.9352473687012469,-0.02526036516833365,0.024891152726052315,0.010821402817169803,0.5147822241599931,0.002000237382206661,0.8669205795457162,0.01,SAFE_DELTA_AWAY_FROM_EPSILON,10,0.0005332678506024324
near_symmetric_m4_meaningful,0.002,19,-0.0025031730256544725,-0.0003692124422813336,-0.00013174594871865646,-9.049404054560516e-32,-0.0003692124422813336,-0.005701890948305657,0.0053326785060243236,0.9352473687012469,-0.02526036516833365,0.024891152726052315,0.010821402817169803,0.5147822241599931,0.002000237382206661,0.8669205795457162,0.02,SAFE_DELTA_AWAY_FROM_EPSILON,10,0.0005332678506024324
near_symmetric_m4_meaningful,0.002,19,-0.0025031730256544725,-0.0003692124422813336,-0.00013174594871865646,-9.049404054560516e-32,-0.0003692124422813336,-0.005701890948305657,0.0053326785060243236,0.9352473687012469,-0.02526036516833365,0.024891152726052315,0.010821402817169803,0.5147822241599931,0.002000237382206661,0.8669205795457162,0.05,SAFE_DELTA_AWAY_FROM_EPSILON,8,0.0006665848132530404
near_symmetric_m4_meaningful,0.002,19,-0.0025031730256544725,-0.0003692124422813336,-0.00013174594871865646,-9.049404054560516e-32,-0.0003692124422813336,-0.005701890948305657,0.0053326785060243236,0.9352473687012469,-0.02526036516833365,0.024891152726052315,0.010821402817169803,0.5147822241599931,0.002000237382206661,0.8669205795457162,0.1,SAFE_DELTA_AWAY_FROM_EPSILON,8,0.0006665848132530404
near_symmetric_m4_meaningful,0.002,19,-0.0025031730256544725,-0.0003692124422813336,-0.00013174594871865646,-9.049404054560516e-32,-0.0003692124422813336,-0.005701890948305657,0.0053326785060243236,0.9352473687012469,-0.02526036516833365,0.024891152726052315,0.010821402817169803,0.5147822241599931,0.002000237382206661,0.8669205795457162,0.2,SAFE_DELTA_AWAY_FROM_EPSILON,4,0.0013331696265060809
near_symmetric_m4_meaningful,0.002,20,-0.0028802394871497803,-0.00037706646149530796,-0.00014401197435748902,-9.318758830747097e-32,-0.00037706646149530796,-0.005816374745861039,0.005439308284365731,0.9351715668314476,-0.02526036516833365,0.02488329870683834,0.010821402817169803,0.5147822241599931,0.002000079710233415,0.8692063600078602,0.01,SAFE_DELTA_AWAY_FROM_EPSILON,11,0.0004944825713059756
near_symmetric_m4_meaningful,0.002,20,-0.0028802394871497803,-0.00037706646149530796,-0.00014401197435748902,-9.318758830747097e-32,-0.00037706646149530796,-0.005816374745861039,0.005439308284365731,0.9351715668314476,-0.02526036516833365,0.02488329870683834,0.010821402817169803,0.5147822241599931,0.002000079710233415,0.8692063600078602,0.02,SAFE_DELTA_AWAY_FROM_EPSILON,10,0.0005439308284365731
near_symmetric_m4_meaningful,0.002,20,-0.0028802394871497803,-0.00037706646149530796,-0.00014401197435748902,-9.318758830747097e-32,-0.00037706646149530796,-0.005816374745861039,0.005439308284365731,0.9351715668314476,-0.02526036516833365,0.02488329870683834,0.010821402817169803,0.5147822241599931,0.002000079710233415,0.8692063600078602,0.05,SAFE_DELTA_AWAY_FROM_EPSILON,8,0.0006799135355457164
near_symmetric_m4_meaningful,0.002,20,-0.0028802394871497803,-0.00037706646149530796,-0.00014401197435748902,-9.318758830747097e-32,-0.00037706646149530796,-0.005816374745861039,0.005439308284365731,0.9351715668314476,-0.02526036516833365,0.02488329870683834,0.010821402817169803,0.5147822241599931,0.002000079710233415,0.8692063600078602,0.1,SAFE_DELTA_AWAY_FROM_EPSILON,8,0.0006799135355457164
near_symmetric_m4_meaningful,0.002,20,-0.0028802394871497803,-0.00037706646149530796,-0.00014401197435748902,-9.318758830747097e-32,-0.00037706646149530796,-0.005816374745861039,0.005439308284365731,0.9351715668314476,-0.02526036516833365,0.02488329870683834,0.010821402817169803,0.5147822241599931,0.002000079710233415,0.8692063600078602,0.2,SAFE_DELTA_AWAY_FROM_EPSILON,4,0.0013598270710914327
near_symmetric_m4_meaningful,0.002,21,-0.0033176598591047046,-0.0004374203719549244,-0.00015798380281450974,-9.644966320980918e-32,-0.0004374203719549244,-0.0063447725720169115,0.005907352200061987,0.9310581479493638,-0.02526036516833365,0.024822944796378723,0.010821402817169803,0.5147822241599931,0.0020000179302970375,0.8846233755726904,0.01,SAFE_DELTA_AWAY_FROM_EPSILON,12,0.0004922793500051656
near_symmetric_m4_meaningful,0.002,21,-0.0033176598591047046,-0.0004374203719549244,-0.00015798380281450974,-9.644966320980918e-32,-0.0004374203719549244,-0.0063447725720169115,0.005907352200061987,0.9310581479493638,-0.02526036516833365,0.024822944796378723,0.010821402817169803,0.5147822241599931,0.0020000179302970375,0.8846233755726904,0.02,SAFE_DELTA_AWAY_FROM_EPSILON,10,0.0005907352200061987
near_symmetric_m4_meaningful,0.002,21,-0.0033176598591047046,-0.0004374203719549244,-0.00015798380281450974,-9.644966320980918e-32,-0.0004374203719549244,-0.0063447725720169115,0.005907352200061987,0.9310581479493638,-0.02526036516833365,0.024822944796378723,0.010821402817169803,0.5147822241599931,0.0020000179302970375,0.8846233755726904,0.05,SAFE_DELTA_AWAY_FROM_EPSILON,8,0.0007384190250077484
near_symmetric_m4_meaningful,0.002,21,-0.0033176598591047046,-0.0004374203719549244,-0.00015798380281450974,-9.644966320980918e-32,-0.0004374203719549244,-0.0063447725720169115,0.005907352200061987,0.9310581479493638,-0.02526036516833365,0.024822944796378723,0.010821402817169803,0.5147822241599931,0.0020000179302970375,0.8846233755726904,0.1,SAFE_DELTA_AWAY_FROM_EPSILON,8,0.0007384190250077484
near_symmetric_m4_meaningful,0.002,21,-0.0033176598591047046,-0.0004374203719549244,-0.00015798380281450974,-9.644966320980918e-32,-0.0004374203719549244,-0.0063447725720169115,0.005907352200061987,0.9310581479493638,-0.02526036516833365,0.024822944796378723,0.010821402817169803,0.5147822241599931,0.0020000179302970375,0.8846233755726904,0.2,SAFE_DELTA_AWAY_FROM_EPSILON,5,0.0011814704400123974
near_symmetric_m4_meaningful,0.002,22,-0.0037884762353332245,-0.0004708163762285199,-0.0001722034652424193,-1.105207293150079e-31,-0.0004708163762285199,-0.006672173638796727,0.006201357262568208,0.9294358328010439,-0.02526036516833365,0.02478954879210513,0.010821402817169803,0.5147822241599931,0.002000014353927106,0.9162575616810789,0.01,SAFE_DELTA_AWAY_FROM_EPSILON,12,0.000516779771880684
near_symmetric_m4_meaningful,0.002,22,-0.0037884762353332245,-0.0004708163762285199,-0.0001722034652424193,-1.105207293150079e-31,-0.0004708163762285199,-0.006672173638796727,0.006201357262568208,0.9294358328010439,-0.02526036516833365,0.02478954879210513,0.010821402817169803,0.5147822241599931,0.002000014353927106,0.9162575616810789,0.02,SAFE_DELTA_AWAY_FROM_EPSILON,10,0.0006201357262568208
near_symmetric_m4_meaningful,0.002,22,-0.0037884762353332245,-0.0004708163762285199,-0.0001722034652424193,-1.105207293150079e-31,-0.0004708163762285199,-0.006672173638796727,0.006201357262568208,0.9294358328010439,-0.02526036516833365,0.02478954879210513,0.010821402817169803,0.5147822241599931,0.002000014353927106,0.9162575616810789,0.05,SAFE_DELTA_AWAY_FROM_EPSILON,9,0.000689039695840912
near_symmetric_m4_meaningful,0.002,22,-0.0037884762353332245,-0.0004708163762285199,-0.0001722034652424193,-1.105207293150079e-31,-0.0004708163762285199,-0.006672173638796727,0.006201357262568208,0.9294358328010439,-0.02526036516833365,0.02478954879210513,0.010821402817169803,0.5147822241599931,0.002000014353927106,0.9162575616810789,0.1,SAFE_DELTA_AWAY_FROM_EPSILON,7,0.0008859081803668868
near_symmetric_m4_meaningful,0.002,22,-0.0037884762353332245,-0.0004708163762285199,-0.0001722034652424193,-1.105207293150079e-31,-0.0004708163762285199,-0.006672173638796727,0.006201357262568208,0.9294358328010439,-0.02526036516833365,0.02478954879210513,0.010821402817169803,0.5147822241599931,0.002000014353927106,0.9162575616810789,0.2,SAFE_DELTA_AWAY_FROM_EPSILON,4,0.001550339315642052
