family,epsilon,n,delta,threshold_status,symmetric_difference,transition_count,count_over_log_n,spectral_distance_to_01,closest_to_half,eig_min,eig_max
near_symmetric_m2_least,0.2,8,0.01,SAFE_DELTA_AWAY_FROM_EPSILON,0.0029087459247931907,8,3.8471867757039027,2.1502158555749062,0.42272502354824182;0.33056354335043203;0.68323394545125371;0.74239976764912674;0.21561975595225247;0.20682437775805199,0.20000240486988846,0.7423997676491267
near_symmetric_m2_least,0.2,8,0.02,SAFE_DELTA_AWAY_FROM_EPSILON,0.0029087459247931907,8,3.8471867757039027,2.1502158555749062,0.42272502354824182;0.33056354335043203;0.68323394545125371;0.74239976764912674;0.21561975595225247;0.20682437775805199,0.20000240486988846,0.7423997676491267
near_symmetric_m2_least,0.2,8,0.05,SAFE_DELTA_AWAY_FROM_EPSILON,0.0029087459247931907,8,3.8471867757039027,2.1502158555749062,0.42272502354824182;0.33056354335043203;0.68323394545125371;0.74239976764912674;0.21561975595225247;0.20682437775805199,0.20000240486988846,0.7423997676491267
near_symmetric_m2_least,0.2,8,0.1,SAFE_DELTA_AWAY_FROM_EPSILON,0.0029087459247931907,8,3.8471867757039027,2.1502158555749062,0.42272502354824182;0.33056354335043203;0.68323394545125371;0.74239976764912674;0.21561975595225247;0.20682437775805199,0.20000240486988846,0.7423997676491267
near_symmetric_m2_least,0.2,8,0.2,EXCLUDED_FROM_FITS_DELTA_EQUALS_EPSILON_ROUNDOFF_SENSITIVE,0.0029087459247931907,8,3.8471867757039027,2.1502158555749062,0.42272502354824182;0.33056354335043203;0.68323394545125371;0.74239976764912674;0.21561975595225247;0.20682437775805199,0.20000240486988846,0.7423997676491267
near_symmetric_m2_least,0.05,8,0.01,SAFE_DELTA_AWAY_FROM_EPSILON,0.0029087459247931907,8,3.8471867757039027,1.2253237833623598,0.38408753532236278;0.24584531502564799;0.77485091817688057;0.86359965147369022;0.073429633928378674;0.060236566637077951,0.050003607304832685,0.8635996514736902
near_symmetric_m2_least,0.05,8,0.02,SAFE_DELTA_AWAY_FROM_EPSILON,0.0029087459247931907,8,3.8471867757039027,1.2253237833623598,0.38408753532236278;0.24584531502564799;0.77485091817688057;0.86359965147369022;0.073429633928378674;0.060236566637077951,0.050003607304832685,0.8635996514736902
near_symmetric_m2_least,0.05,8,0.05,EXCLUDED_FROM_FITS_DELTA_EQUALS_EPSILON_ROUNDOFF_SENSITIVE,0.0029087459247931907,8,3.8471867757039027,1.2253237833623598,0.38408753532236278;0.24584531502564799;0.77485091817688057;0.86359965147369022;0.073429633928378674;0.060236566637077951,0.050003607304832685,0.8635996514736902
near_symmetric_m2_least,0.05,8,0.1,SAFE_DELTA_AWAY_FROM_EPSILON,0.0029087459247931907,4,1.9235933878519513,1.2253237833623598,0.38408753532236278;0.24584531502564799;0.77485091817688057;0.86359965147369022;0.073429633928378674;0.060236566637077951,0.050003607304832685,0.8635996514736902
near_symmetric_m2_least,0.05,8,0.2,SAFE_DELTA_AWAY_FROM_EPSILON,0.0029087459247931907,3,1.4426950408889636,1.2253237833623598,0.38408753532236278;0.24584531502564799;0.77485091817688057;0.86359965147369022;0.073429633928378674;0.060236566637077951,0.050003607304832685,0.8635996514736902
near_symmetric_m2_least,0.01,8,0.01,EXCLUDED_FROM_FITS_DELTA_EQUALS_EPSILON_ROUNDOFF_SENSITIVE,0.0029087459247931907,8,3.8471867757039027,0.9786858974390142,0.37378420512879501;0.22325378747237226;0.79928211090371426;0.89591962049357365;0.035512268055345665;0.021146483671484879,0.010003927954151145,0.8959196204935737
near_symmetric_m2_least,0.01,8,0.02,SAFE_DELTA_AWAY_FROM_EPSILON,0.0029087459247931907,6,2.885390081777927,0.9786858974390142,0.37378420512879501;0.22325378747237226;0.79928211090371426;0.89591962049357365;0.035512268055345665;0.021146483671484879,0.010003927954151145,0.8959196204935737
near_symmetric_m2_least,0.01,8,0.05,SAFE_DELTA_AWAY_FROM_EPSILON,0.0029087459247931907,4,1.9235933878519513,0.9786858974390142,0.37378420512879501;0.22325378747237226;0.79928211090371426;0.89591962049357365;0.035512268055345665;0.021146483671484879,0.010003927954151145,0.8959196204935737
near_symmetric_m2_least,0.01,8,0.1,SAFE_DELTA_AWAY_FROM_EPSILON,0.0029087459247931907,4,1.9235933878519513,0.9786858974390142,0.37378420512879501;0.22325378747237226;0.79928211090371426;0.89591962049357365;0.035512268055345665;0.021146483671484879,0.010003927954151145,0.8959196204935737
near_symmetric_m2_least,0.01,8,0.2,SAFE_DELTA_AWAY_FROM_EPSILON,0.0029087459247931907,3,1.4426950408889636,0.9786858974390142,0.37378420512879501;0.22325378747237226;0.79928211090371426;0.89591962049357365;0.035512268055345665;0.021146483671484879,0.010003927954151145,0.8959196204935737
near_symmetric_m2_least,0.002,8,0.01,SAFE_DELTA_AWAY_FROM_EPSILON,0.0029087459247931907,6,2.885390081777927,0.9293583202543451,0.37172353909008143;0.2187354819617171;0.804168349449081;0.90238361429755043;0.027928794880739065;0.013328467078366265,0.0020039920840148363,0.9023836142975504
near_symmetric_m2_least,0.002,8,0.02,SAFE_DELTA_AWAY_FROM_EPSILON,0.0029087459247931907,5,2.4044917348149393,0.9293583202543451,0.37172353909008143;0.2187354819617171;0.804168349449081;0.90238361429755043;0.027928794880739065;0.013328467078366265,0.0020039920840148363,0.9023836142975504
near_symmetric_m2_least,0.002,8,0.05,SAFE_DELTA_AWAY_FROM_EPSILON,0.0029087459247931907,4,1.9235933878519513,0.9293583202543451,0.37172353909008143;0.2187354819617171;0.804168349449081;0.90238361429755043;0.027928794880739065;0.013328467078366265,0.0020039920840148363,0.9023836142975504
near_symmetric_m2_least,0.002,8,0.1,SAFE_DELTA_AWAY_FROM_EPSILON,0.0029087459247931907,3,1.4426950408889636,0.9293583202543451,0.37172353909008143;0.2187354819617171;0.804168349449081;0.90238361429755043;0.027928794880739065;0.013328467078366265,0.0020039920840148363,0.9023836142975504
near_symmetric_m2_least,0.002,8,0.2,SAFE_DELTA_AWAY_FROM_EPSILON,0.0029087459247931907,2,0.9617966939259757,0.9293583202543451,0.37172353909008143;0.2187354819617171;0.804168349449081;0.90238361429755043;0.027928794880739065;0.013328467078366265,0.0020039920840148363,0.9023836142975504
near_symmetric_m2_least,0.2,12,0.01,SAFE_DELTA_AWAY_FROM_EPSILON,0.0029087459247931907,12,4.829155252582136,3.040692483870922,0.58055440081556198;0.58766651567147099;0.29107127527773635;0.27167949010785275;0.78001091924163291;0.7825343836676244,0.20000000108102955,0.7825343836676244
near_symmetric_m2_least,0.2,12,0.02,SAFE_DELTA_AWAY_FROM_EPSILON,0.0029087459247931907,12,4.829155252582136,3.040692483870922,0.58055440081556198;0.58766651567147099;0.29107127527773635;0.27167949010785275;0.78001091924163291;0.7825343836676244,0.20000000108102955,0.7825343836676244
near_symmetric_m2_least,0.2,12,0.05,SAFE_DELTA_AWAY_FROM_EPSILON,0.0029087459247931907,12,4.829155252582136,3.040692483870922,0.58055440081556198;0.58766651567147099;0.29107127527773635;0.27167949010785275;0.78001091924163291;0.7825343836676244,0.20000000108102955,0.7825343836676244
near_symmetric_m2_least,0.2,12,0.1,SAFE_DELTA_AWAY_FROM_EPSILON,0.0029087459247931907,12,4.829155252582136,3.040692483870922,0.58055440081556198;0.58766651567147099;0.29107127527773635;0.27167949010785275;0.78001091924163291;0.7825343836676244,0.20000000108102955,0.7825343836676244
near_symmetric_m2_least,0.2,12,0.2,EXCLUDED_FROM_FITS_DELTA_EQUALS_EPSILON_ROUNDOFF_SENSITIVE,0.0029087459247931907,12,4.829155252582136,3.040692483870922,0.58055440081556198;0.58766651567147099;0.29107127527773635;0.27167949010785275;0.78001091924163291;0.7825343836676244,0.20000000108102955,0.7825343836676244
near_symmetric_m2_least,0.05,12,0.01,SAFE_DELTA_AWAY_FROM_EPSILON,0.0029087459247931907,12,4.829155252582136,1.561038725806382,0.62083160122334302;0.63149977350720654;0.18660691291660453;0.15751923516177913;0.92001637886244925;0.92380157550143671,0.05000000162154432,0.9238015755014367
near_symmetric_m2_least,0.05,12,0.02,SAFE_DELTA_AWAY_FROM_EPSILON,0.0029087459247931907,12,4.829155252582136,1.561038725806382,0.62083160122334302;0.63149977350720654;0.18660691291660453;0.15751923516177913;0.92001637886244925;0.92380157550143671,0.05000000162154432,0.9238015755014367
near_symmetric_m2_least,0.05,12,0.05,EXCLUDED_FROM_FITS_DELTA_EQUALS_EPSILON_ROUNDOFF_SENSITIVE,0.0029087459247931907,12,4.829155252582136,1.561038725806382,0.62083160122334302;0.63149977350720654;0.18660691291660453;0.15751923516177913;0.92001637886244925;0.92380157550143671,0.05000000162154432,0.9238015755014367
near_symmetric_m2_least,0.05,12,0.1,SAFE_DELTA_AWAY_FROM_EPSILON,0.0029087459247931907,4,1.6097184175273787,1.561038725806382,0.62083160122334302;0.63149977350720654;0.18660691291660453;0.15751923516177913;0.92001637886244925;0.92380157550143671,0.05000000162154432,0.9238015755014367
near_symmetric_m2_least,0.05,12,0.2,SAFE_DELTA_AWAY_FROM_EPSILON,0.0029087459247931907,2,0.8048592087636893,1.561038725806382,0.62083160122334302;0.63149977350720654;0.18660691291660453;0.15751923516177913;0.92001637886244925;0.92380157550143671,0.05000000162154432,0.9238015755014367
near_symmetric_m2_least,0.01,12,0.01,EXCLUDED_FROM_FITS_DELTA_EQUALS_EPSILON_ROUNDOFF_SENSITIVE,0.0029087459247931907,12,4.829155252582136,1.1664643903225058,0.63157218799875114;0.64318864226340255;0.15874974962030272;0.12707650050949282;0.95735116809466692;0.96147282665711986,0.010000001765681589,0.9614728266571199
near_symmetric_m2_least,0.01,12,0.02,SAFE_DELTA_AWAY_FROM_EPSILON,0.0029087459247931907,7,2.8170072306729126,1.1664643903225058,0.63157218799875114;0.64318864226340255;0.15874974962030272;0.12707650050949282;0.95735116809466692;0.96147282665711986,0.010000001765681589,0.9614728266571199
near_symmetric_m2_least,0.01,12,0.05,SAFE_DELTA_AWAY_FROM_EPSILON,0.0029087459247931907,4,1.6097184175273787,1.1664643903225058,0.63157218799875114;0.64318864226340255;0.15874974962030272;0.12707650050949282;0.95735116809466692;0.96147282665711986,0.010000001765681589,0.9614728266571199
near_symmetric_m2_least,0.01,12,0.1,SAFE_DELTA_AWAY_FROM_EPSILON,0.0029087459247931907,4,1.6097184175273787,1.1664643903225058,0.63157218799875114;0.64318864226340255;0.15874974962030272;0.12707650050949282;0.95735116809466692;0.96147282665711986,0.010000001765681589,0.9614728266571199
near_symmetric_m2_least,0.01,12,0.2,SAFE_DELTA_AWAY_FROM_EPSILON,0.0029087459247931907,2,0.8048592087636893,1.1664643903225058,0.63157218799875114;0.64318864226340255;0.15874974962030272;0.12707650050949282;0.95735116809466692;0.96147282665711986,0.010000001765681589,0.9614728266571199
near_symmetric_m2_least,0.002,12,0.01,SAFE_DELTA_AWAY_FROM_EPSILON,0.0029087459247931907,7,2.8170072306729126,1.08754952322573,0.63372030535383284;0.64552641601464178;0.15317831696104237;0.12098795357903555;0.96481812594111049;0.96900707688825649,0.002000001794509043,0.9690070768882565
near_symmetric_m2_least,0.002,12,0.02,SAFE_DELTA_AWAY_FROM_EPSILON,0.0029087459247931907,6,2.414577626291068,1.08754952322573,0.63372030535383284;0.64552641601464178;0.15317831696104237;0.12098795357903555;0.96481812594111049;0.96900707688825649,0.002000001794509043,0.9690070768882565
near_symmetric_m2_least,0.002,12,0.05,SAFE_DELTA_AWAY_FROM_EPSILON,0.0029087459247931907,4,1.6097184175273787,1.08754952322573,0.63372030535383284;0.64552641601464178;0.15317831696104237;0.12098795357903555;0.96481812594111049;0.96900707688825649,0.002000001794509043,0.9690070768882565
near_symmetric_m2_least,0.002,12,0.1,SAFE_DELTA_AWAY_FROM_EPSILON,0.0029087459247931907,4,1.6097184175273787,1.08754952322573,0.63372030535383284;0.64552641601464178;0.15317831696104237;0.12098795357903555;0.96481812594111049;0.96900707688825649,0.002000001794509043,0.9690070768882565
near_symmetric_m2_least,0.002,12,0.2,SAFE_DELTA_AWAY_FROM_EPSILON,0.0029087459247931907,2,0.8048592087636893,1.08754952322573,0.63372030535383284;0.64552641601464178;0.15317831696104237;0.12098795357903555;0.96481812594111049;0.96900707688825649,0.002000001794509043,0.9690070768882565
near_symmetric_m2_least,0.2,16,0.01,SAFE_DELTA_AWAY_FROM_EPSILON,0.0029087459247931907,16,5.7707801635558535,3.9318783335243874,0.49614751346318953;0.39245351847957322;0.6984924329230825;0.74459501497376279;0.25443908593739639;0.22042261105875188,0.2000000000004472,0.7975380769565121
near_symmetric_m2_least,0.2,16,0.02,SAFE_DELTA_AWAY_FROM_EPSILON,0.0029087459247931907,16,5.7707801635558535,3.9318783335243874,0.49614751346318953;0.39245351847957322;0.6984924329230825;0.74459501497376279;0.25443908593739639;0.22042261105875188,0.2000000000004472,0.7975380769565121
near_symmetric_m2_least,0.2,16,0.05,SAFE_DELTA_AWAY_FROM_EPSILON,0.0029087459247931907,16,5.7707801635558535,3.9318783335243874,0.49614751346318953;0.39245351847957322;0.6984924329230825;0.74459501497376279;0.25443908593739639;0.22042261105875188,0.2000000000004472,0.7975380769565121
near_symmetric_m2_least,0.2,16,0.1,SAFE_DELTA_AWAY_FROM_EPSILON,0.0029087459247931907,16,5.7707801635558535,3.9318783335243874,0.49614751346318953;0.39245351847957322;0.6984924329230825;0.74459501497376279;0.25443908593739639;0.22042261105875188,0.2000000000004472,0.7975380769565121
near_symmetric_m2_least,0.2,16,0.2,EXCLUDED_FROM_FITS_DELTA_EQUALS_EPSILON_ROUNDOFF_SENSITIVE,0.0029087459247931907,16,5.7707801635558535,3.9318783335243874,0.49614751346318953;0.39245351847957322;0.6984924329230825;0.74459501497376279;0.25443908593739639;0.22042261105875188,0.2000000000004472,0.7975380769565121
near_symmetric_m2_least,0.05,16,0.01,SAFE_DELTA_AWAY_FROM_EPSILON,0.0029087459247931907,16,5.7707801635558535,1.8978175002865805,0.49422127019478429;0.33868027771935988;0.7977386493846238;0.86689252246064441;0.13165862890609459;0.08063391658812781,0.05000000000067078,0.9463071154347682
near_symmetric_m2_least,0.05,16,0.02,SAFE_DELTA_AWAY_FROM_EPSILON,0.0029087459247931907,16,5.7707801635558535,1.8978175002865805,0.49422127019478429;0.33868027771935988;0.7977386493846238;0.86689252246064441;0.13165862890609459;0.08063391658812781,0.05000000000067078,0.9463071154347682
near_symmetric_m2_least,0.05,16,0.05,EXCLUDED_FROM_FITS_DELTA_EQUALS_EPSILON_ROUNDOFF_SENSITIVE,0.0029087459247931907,16,5.7707801635558535,1.8978175002865805,0.49422127019478429;0.33868027771935988;0.7977386493846238;0.86689252246064441;0.13165862890609459;0.08063391658812781,0.05000000000067078,0.9463071154347682
near_symmetric_m2_least,0.05,16,0.1,SAFE_DELTA_AWAY_FROM_EPSILON,0.0029087459247931907,5,1.8033688011112043,1.8978175002865805,0.49422127019478429;0.33868027771935988;0.7977386493846238;0.86689252246064441;0.13165862890609459;0.08063391658812781,0.05000000000067078,0.9463071154347682
near_symmetric_m2_least,0.05,16,0.2,SAFE_DELTA_AWAY_FROM_EPSILON,0.0029087459247931907,3,1.0820212806667227,1.8978175002865805,0.49422127019478429;0.33868027771935988;0.7977386493846238;0.86689252246064441;0.13165862890609459;0.08063391658812781,0.05000000000067078,0.9463071154347682
near_symmetric_m2_least,0.01,16,0.01,EXCLUDED_FROM_FITS_DELTA_EQUALS_EPSILON_ROUNDOFF_SENSITIVE,0.0029087459247931907,16,5.7707801635558535,1.3554012780898324,0.49370760532320956;0.32434074684996966;0.82420430710770143;0.89950519112381278;0.098917173697747426;0.043356931395961397,0.010000000000730404,0.9859788590289698
near_symmetric_m2_least,0.01,16,0.02,SAFE_DELTA_AWAY_FROM_EPSILON,0.0029087459247931907,6,2.1640425613334453,1.3554012780898324,0.49370760532320956;0.32434074684996966;0.82420430710770143;0.89950519112381278;0.098917173697747426;0.043356931395961397,0.010000000000730404,0.9859788590289698
near_symmetric_m2_least,0.01,16,0.05,SAFE_DELTA_AWAY_FROM_EPSILON,0.0029087459247931907,5,1.8033688011112043,1.3554012780898324,0.49370760532320956;0.32434074684996966;0.82420430710770143;0.89950519112381278;0.098917173697747426;0.043356931395961397,0.010000000000730404,0.9859788590289698
near_symmetric_m2_least,0.01,16,0.1,SAFE_DELTA_AWAY_FROM_EPSILON,0.0029087459247931907,4,1.4426950408889634,1.3554012780898324,0.49370760532320956;0.32434074684996966;0.82420430710770143;0.89950519112381278;0.098917173697747426;0.043356931395961397,0.010000000000730404,0.9859788590289698
near_symmetric_m2_least,0.01,16,0.2,SAFE_DELTA_AWAY_FROM_EPSILON,0.0029087459247931907,2,0.7213475204444817,1.3554012780898324,0.49370760532320956;0.32434074684996966;0.82420430710770143;0.89950519112381278;0.098917173697747426;0.043356931395961397,0.010000000000730404,0.9859788590289698
near_symmetric_m2_least,0.002,16,0.01,SAFE_DELTA_AWAY_FROM_EPSILON,0.0029087459247931907,7,2.5247163215556863,1.2469180336504824,0.49360487234889461;0.32147284067609161;0.82949743865231695;0.90602772485644645;0.092368882656077997;0.03590153435752811,0.0020000000007423294,0.9939132077478101
near_symmetric_m2_least,0.002,16,0.02,SAFE_DELTA_AWAY_FROM_EPSILON,0.0029087459247931907,6,2.1640425613334453,1.2469180336504824,0.49360487234889461;0.32147284067609161;0.82949743865231695;0.90602772485644645;0.092368882656077997;0.03590153435752811,0.0020000000007423294,0.9939132077478101
near_symmetric_m2_least,0.002,16,0.05,SAFE_DELTA_AWAY_FROM_EPSILON,0.0029087459247931907,5,1.8033688011112043,1.2469180336504824,0.49360487234889461;0.32147284067609161;0.82949743865231695;0.90602772485644645;0.092368882656077997;0.03590153435752811,0.0020000000007423294,0.9939132077478101
near_symmetric_m2_least,0.002,16,0.1,SAFE_DELTA_AWAY_FROM_EPSILON,0.0029087459247931907,3,1.0820212806667227,1.2469180336504824,0.49360487234889461;0.32147284067609161;0.82949743865231695;0.90602772485644645;0.092368882656077997;0.03590153435752811,0.0020000000007423294,0.9939132077478101
near_symmetric_m2_least,0.002,16,0.2,SAFE_DELTA_AWAY_FROM_EPSILON,0.0029087459247931907,2,0.7213475204444817,1.2469180336504824,0.49360487234889461;0.32147284067609161;0.82949743865231695;0.90602772485644645;0.092368882656077997;0.03590153435752811,0.0020000000007423294,0.9939132077478101
near_symmetric_m2_least,0.2,24,0.01,SAFE_DELTA_AWAY_FROM_EPSILON,0.0029087459247931907,24,7.551791530658996,5.646920893585573,0.51288666253511406;0.48590518139631234;0.27470384536979636;0.73548188958782412;0.73922553395726998;0.25375776922341564,0.19999999999999996,0.7999174307249732
near_symmetric_m2_least,0.2,24,0.02,SAFE_DELTA_AWAY_FROM_EPSILON,0.0029087459247931907,24,7.551791530658996,5.646920893585573,0.51288666253511406;0.48590518139631234;0.27470384536979636;0.73548188958782412;0.73922553395726998;0.25375776922341564,0.19999999999999996,0.7999174307249732
near_symmetric_m2_least,0.2,24,0.05,SAFE_DELTA_AWAY_FROM_EPSILON,0.0029087459247931907,24,7.551791530658996,5.646920893585573,0.51288666253511406;0.48590518139631234;0.27470384536979636;0.73548188958782412;0.73922553395726998;0.25375776922341564,0.19999999999999996,0.7999174307249732
near_symmetric_m2_least,0.2,24,0.1,SAFE_DELTA_AWAY_FROM_EPSILON,0.0029087459247931907,24,7.551791530658996,5.646920893585573,0.51288666253511406;0.48590518139631234;0.27470384536979636;0.73548188958782412;0.73922553395726998;0.25375776922341564,0.19999999999999996,0.7999174307249732
near_symmetric_m2_least,0.2,24,0.2,EXCLUDED_FROM_FITS_DELTA_EQUALS_EPSILON_ROUNDOFF_SENSITIVE,0.0029087459247931907,23,7.237133550214872,5.646920893585573,0.51288666253511406;0.48590518139631234;0.27470384536979636;0.73548188958782412;0.73922553395726998;0.25375776922341564,0.19999999999999996,0.7999174307249732
near_symmetric_m2_least,0.05,24,0.01,SAFE_DELTA_AWAY_FROM_EPSILON,0.0029087459247931907,24,7.551791530658996,2.47038134037836,0.51932999380267098;0.47885777209446856;0.16205576805469452;0.85322283438173618;0.85883830093590507;0.13063665383512349,0.04999999999999992,0.94987614608746
near_symmetric_m2_least,0.05,24,0.02,SAFE_DELTA_AWAY_FROM_EPSILON,0.0029087459247931907,24,7.551791530658996,2.47038134037836,0.51932999380267098;0.47885777209446856;0.16205576805469452;0.85322283438173618;0.85883830093590507;0.13063665383512349,0.04999999999999992,0.94987614608746
near_symmetric_m2_least,0.05,24,0.05,EXCLUDED_FROM_FITS_DELTA_EQUALS_EPSILON_ROUNDOFF_SENSITIVE,0.0029087459247931907,23,7.237133550214872,2.47038134037836,0.51932999380267098;0.47885777209446856;0.16205576805469452;0.85322283438173618;0.85883830093590507;0.13063665383512349,0.04999999999999992,0.94987614608746
near_symmetric_m2_least,0.05,24,0.1,SAFE_DELTA_AWAY_FROM_EPSILON,0.0029087459247931907,6,1.887947882664749,2.47038134037836,0.51932999380267098;0.47885777209446856;0.16205576805469452;0.85322283438173618;0.85883830093590507;0.13063665383512349,0.04999999999999992,0.94987614608746
near_symmetric_m2_least,0.05,24,0.2,SAFE_DELTA_AWAY_FROM_EPSILON,0.0029087459247931907,2,0.6293159608882497,2.47038134037836,0.51932999380267098;0.47885777209446856;0.16205576805469452;0.85322283438173618;0.85883830093590507;0.13063665383512349,0.04999999999999992,0.94987614608746
near_symmetric_m2_least,0.01,24,0.01,EXCLUDED_FROM_FITS_DELTA_EQUALS_EPSILON_ROUNDOFF_SENSITIVE,0.0029087459247931907,23,7.237133550214872,1.6233041261897705,0.52104821547401947;0.47697846294731017;0.13201628077066735;0.88462041966011262;0.89073503879687432;0.097804356398245557,0.009999999999999913,0.9898651368507897
near_symmetric_m2_least,0.01,24,0.02,SAFE_DELTA_AWAY_FROM_EPSILON,0.0029087459247931907,7,2.202605863108874,1.6233041261897705,0.52104821547401947;0.47697846294731017;0.13201628077066735;0.88462041966011262;0.89073503879687432;0.097804356398245557,0.009999999999999913,0.9898651368507897
near_symmetric_m2_least,0.01,24,0.05,SAFE_DELTA_AWAY_FROM_EPSILON,0.0029087459247931907,6,1.887947882664749,1.6233041261897705,0.52104821547401947;0.47697846294731017;0.13201628077066735;0.88462041966011262;0.89073503879687432;0.097804356398245557,0.009999999999999913,0.9898651368507897
near_symmetric_m2_least,0.01,24,0.1,SAFE_DELTA_AWAY_FROM_EPSILON,0.0029087459247931907,5,1.5732899022206244,1.6233041261897705,0.52104821547401947;0.47697846294731017;0.13201628077066735;0.88462041966011262;0.89073503879687432;0.097804356398245557,0.009999999999999913,0.9898651368507897
near_symmetric_m2_least,0.01,24,0.2,SAFE_DELTA_AWAY_FROM_EPSILON,0.0029087459247931907,2,0.6293159608882497,1.6233041261897705,0.52104821547401947;0.47697846294731017;0.13201628077066735;0.88462041966011262;0.89073503879687432;0.097804356398245557,0.009999999999999913,0.9898651368507897
near_symmetric_m2_least,0.002,24,0.01,SAFE_DELTA_AWAY_FROM_EPSILON,0.0029087459247931907,7,2.202605863108874,1.4538886833520526,0.52139185980828917;0.4766026011178785;0.12600838331386191;0.89089993671578793;0.89711438636906815;0.091237896910869989,0.001999999999999911,0.9978629350034557
near_symmetric_m2_least,0.002,24,0.02,SAFE_DELTA_AWAY_FROM_EPSILON,0.0029087459247931907,6,1.887947882664749,1.4538886833520526,0.52139185980828917;0.4766026011178785;0.12600838331386191;0.89089993671578793;0.89711438636906815;0.091237896910869989,0.001999999999999911,0.9978629350034557
near_symmetric_m2_least,0.002,24,0.05,SAFE_DELTA_AWAY_FROM_EPSILON,0.0029087459247931907,6,1.887947882664749,1.4538886833520526,0.52139185980828917;0.4766026011178785;0.12600838331386191;0.89089993671578793;0.89711438636906815;0.091237896910869989,0.001999999999999911,0.9978629350034557
near_symmetric_m2_least,0.002,24,0.1,SAFE_DELTA_AWAY_FROM_EPSILON,0.0029087459247931907,5,1.5732899022206244,1.4538886833520526,0.52139185980828917;0.4766026011178785;0.12600838331386191;0.89089993671578793;0.89711438636906815;0.091237896910869989,0.001999999999999911,0.9978629350034557
near_symmetric_m2_least,0.002,24,0.2,SAFE_DELTA_AWAY_FROM_EPSILON,0.0029087459247931907,2,0.6293159608882497,1.4538886833520526,0.52139185980828917;0.4766026011178785;0.12600838331386191;0.89089993671578793;0.89711438636906815;0.091237896910869989,0.001999999999999911,0.9978629350034557
near_symmetric_m2_least,0.2,32,0.01,SAFE_DELTA_AWAY_FROM_EPSILON,0.0029087459247931907,32,9.233248261689365,7.238369005604383,0.51859471246063582;0.57752958799553988;0.31315946481953916;0.28450643619466831;0.7356165636542491;0.76118098022384451,0.19999999999999984,0.7999984900867281
near_symmetric_m2_least,0.2,32,0.02,SAFE_DELTA_AWAY_FROM_EPSILON,0.0029087459247931907,32,9.233248261689365,7.238369005604383,0.51859471246063582;0.57752958799553988;0.31315946481953916;0.28450643619466831;0.7356165636542491;0.76118098022384451,0.19999999999999984,0.7999984900867281
near_symmetric_m2_least,0.2,32,0.05,SAFE_DELTA_AWAY_FROM_EPSILON,0.0029087459247931907,32,9.233248261689365,7.238369005604383,0.51859471246063582;0.57752958799553988;0.31315946481953916;0.28450643619466831;0.7356165636542491;0.76118098022384451,0.19999999999999984,0.7999984900867281
near_symmetric_m2_least,0.2,32,0.1,SAFE_DELTA_AWAY_FROM_EPSILON,0.0029087459247931907,32,9.233248261689365,7.238369005604383,0.51859471246063582;0.57752958799553988;0.31315946481953916;0.28450643619466831;0.7356165636542491;0.76118098022384451,0.19999999999999984,0.7999984900867281
near_symmetric_m2_least,0.2,32,0.2,EXCLUDED_FROM_FITS_DELTA_EQUALS_EPSILON_ROUNDOFF_SENSITIVE,0.0029087459247931907,29,8.367631237155988,7.238369005604383,0.51859471246063582;0.57752958799553988;0.31315946481953916;0.28450643619466831;0.7356165636542491;0.76118098022384451,0.19999999999999984,0.7999984900867281
near_symmetric_m2_least,0.05,32,0.01,SAFE_DELTA_AWAY_FROM_EPSILON,0.0029087459247931907,32,9.233248261689365,2.857553508406573,0.52789206869095384;0.61629438199330988;0.21973919722930879;0.17675965429200241;0.85342484548137376;0.89177147033576687,0.04999999999999975,0.9499977351300922
near_symmetric_m2_least,0.05,32,0.02,SAFE_DELTA_AWAY_FROM_EPSILON,0.0029087459247931907,32,9.233248261689365,2.857553508406573,0.52789206869095384;0.61629438199330988;0.21973919722930879;0.17675965429200241;0.85342484548137376;0.89177147033576687,0.04999999999999975,0.9499977351300922
near_symmetric_m2_least,0.05,32,0.05,EXCLUDED_FROM_FITS_DELTA_EQUALS_EPSILON_ROUNDOFF_SENSITIVE,0.0029087459247931907,29,8.367631237155988,2.857553508406573,0.52789206869095384;0.61629438199330988;0.21973919722930879;0.17675965429200241;0.85342484548137376;0.89177147033576687,0.04999999999999975,0.9499977351300922
near_symmetric_m2_least,0.05,32,0.1,SAFE_DELTA_AWAY_FROM_EPSILON,0.0029087459247931907,6,1.7312340490667562,2.857553508406573,0.52789206869095384;0.61629438199330988;0.21973919722930879;0.17675965429200241;0.85342484548137376;0.89177147033576687,0.04999999999999975,0.9499977351300922
near_symmetric_m2_least,0.05,32,0.2,SAFE_DELTA_AWAY_FROM_EPSILON,0.0029087459247931907,3,0.8656170245333781,2.857553508406573,0.52789206869095384;0.61629438199330988;0.21973919722930879;0.17675965429200241;0.85342484548137376;0.89177147033576687,0.04999999999999975,0.9499977351300922
near_symmetric_m2_least,0.01,32,0.01,EXCLUDED_FROM_FITS_DELTA_EQUALS_EPSILON_ROUNDOFF_SENSITIVE,0.0029087459247931907,29,8.367631237155988,1.6893360424871582,0.53037136368570525;0.62663166039271523;0.194827125871914;0.14802717911795818;0.88484038730194026;0.92659560103227934,0.009999999999999726,0.9899975338083226
near_symmetric_m2_least,0.01,32,0.02,SAFE_DELTA_AWAY_FROM_EPSILON,0.0029087459247931907,8,2.3083120654223412,1.6893360424871582,0.53037136368570525;0.62663166039271523;0.194827125871914;0.14802717911795818;0.88484038730194026;0.92659560103227934,0.009999999999999726,0.9899975338083226
near_symmetric_m2_least,0.01,32,0.05,SAFE_DELTA_AWAY_FROM_EPSILON,0.0029087459247931907,6,1.7312340490667562,1.6893360424871582,0.53037136368570525;0.62663166039271523;0.194827125871914;0.14802717911795818;0.88484038730194026;0.92659560103227934,0.009999999999999726,0.9899975338083226
near_symmetric_m2_least,0.01,32,0.1,SAFE_DELTA_AWAY_FROM_EPSILON,0.0029087459247931907,5,1.4426950408889634,1.6893360424871582,0.53037136368570525;0.62663166039271523;0.194827125871914;0.14802717911795818;0.88484038730194026;0.92659560103227934,0.009999999999999726,0.9899975338083226
near_symmetric_m2_least,0.01,32,0.2,SAFE_DELTA_AWAY_FROM_EPSILON,0.0029087459247931907,2,0.5770780163555853,1.6893360424871582,0.53037136368570525;0.62663166039271523;0.194827125871914;0.14802717911795818;0.88484038730194026;0.92659560103227934,0.009999999999999726,0.9899975338083226
near_symmetric_m2_least,0.002,32,0.01,SAFE_DELTA_AWAY_FROM_EPSILON,0.0029087459247931907,9,2.596851073600134,1.4556925493032746,0.53086722268465558;0.62869911607259621;0.18984471160043503;0.14228068408314934;0.89112349566605353;0.93356042717158183,0.001999999999999721,0.9979974935439687
near_symmetric_m2_least,0.002,32,0.02,SAFE_DELTA_AWAY_FROM_EPSILON,0.0029087459247931907,7,2.019773057244549,1.4556925493032746,0.53086722268465558;0.62869911607259621;0.18984471160043503;0.14228068408314934;0.89112349566605353;0.93356042717158183,0.001999999999999721,0.9979974935439687
near_symmetric_m2_least,0.002,32,0.05,SAFE_DELTA_AWAY_FROM_EPSILON,0.0029087459247931907,6,1.7312340490667562,1.4556925493032746,0.53086722268465558;0.62869911607259621;0.18984471160043503;0.14228068408314934;0.89112349566605353;0.93356042717158183,0.001999999999999721,0.9979974935439687
near_symmetric_m2_least,0.002,32,0.1,SAFE_DELTA_AWAY_FROM_EPSILON,0.0029087459247931907,5,1.4426950408889634,1.4556925493032746,0.53086722268465558;0.62869911607259621;0.18984471160043503;0.14228068408314934;0.89112349566605353;0.93356042717158183,0.001999999999999721,0.9979974935439687
near_symmetric_m2_least,0.002,32,0.2,SAFE_DELTA_AWAY_FROM_EPSILON,0.0029087459247931907,2,0.5770780163555853,1.4556925493032746,0.53086722268465558;0.62869911607259621;0.18984471160043503;0.14228068408314934;0.89112349566605353;0.93356042717158183,0.001999999999999721,0.9979974935439687
near_symmetric_m2_least,0.2,48,0.01,SAFE_DELTA_AWAY_FROM_EPSILON,0.0029087459247931907,48,12.39925280675178,10.443983714870043,0.39839438620584122;0.60904802093551313;0.6435361825523116;0.35283396545513845;0.24221465681448212;0.7648923273996775,0.1999999999999996,0.7999999989719713
near_symmetric_m2_least,0.2,48,0.02,SAFE_DELTA_AWAY_FROM_EPSILON,0.0029087459247931907,48,12.39925280675178,10.443983714870043,0.39839438620584122;0.60904802093551313;0.6435361825523116;0.35283396545513845;0.24221465681448212;0.7648923273996775,0.1999999999999996,0.7999999989719713
near_symmetric_m2_least,0.2,48,0.05,SAFE_DELTA_AWAY_FROM_EPSILON,0.0029087459247931907,48,12.39925280675178,10.443983714870043,0.39839438620584122;0.60904802093551313;0.6435361825523116;0.35283396545513845;0.24221465681448212;0.7648923273996775,0.1999999999999996,0.7999999989719713
near_symmetric_m2_least,0.2,48,0.1,SAFE_DELTA_AWAY_FROM_EPSILON,0.0029087459247931907,48,12.39925280675178,10.443983714870043,0.39839438620584122;0.60904802093551313;0.6435361825523116;0.35283396545513845;0.24221465681448212;0.7648923273996775,0.1999999999999996,0.7999999989719713
near_symmetric_m2_least,0.2,48,0.2,EXCLUDED_FROM_FITS_DELTA_EQUALS_EPSILON_ROUNDOFF_SENSITIVE,0.0029087459247931907,41,10.59102843910048,10.443983714870043,0.39839438620584122;0.60904802093551313;0.6435361825523116;0.35283396545513845;0.24221465681448212;0.7648923273996775,0.1999999999999996,0.7999999989719713
near_symmetric_m2_least,0.05,48,0.01,SAFE_DELTA_AWAY_FROM_EPSILON,0.0029087459247931907,48,12.39925280675178,3.6659755723050655,0.34759157930876183;0.6635720314032697;0.71530427382846751;0.27925094818270774;0.11332198522172318;0.89733849109951624,0.04999999999999937,0.949999998457957
near_symmetric_m2_least,0.05,48,0.02,SAFE_DELTA_AWAY_FROM_EPSILON,0.0029087459247931907,48,12.39925280675178,3.6659755723050655,0.34759157930876183;0.6635720314032697;0.71530427382846751;0.27925094818270774;0.11332198522172318;0.89733849109951624,0.04999999999999937,0.949999998457957
near_symmetric_m2_least,0.05,48,0.05,EXCLUDED_FROM_FITS_DELTA_EQUALS_EPSILON_ROUNDOFF_SENSITIVE,0.0029087459247931907,41,10.59102843910048,3.6659755723050655,0.34759157930876183;0.6635720314032697;0.71530427382846751;0.27925094818270774;0.11332198522172318;0.89733849109951624,0.04999999999999937,0.949999998457957
near_symmetric_m2_least,0.05,48,0.1,SAFE_DELTA_AWAY_FROM_EPSILON,0.0029087459247931907,6,1.5499066008439726,3.6659755723050655,0.34759157930876183;0.6635720314032697;0.71530427382846751;0.27925094818270774;0.11332198522172318;0.89733849109951624,0.04999999999999937,0.949999998457957
near_symmetric_m2_least,0.05,48,0.2,SAFE_DELTA_AWAY_FROM_EPSILON,0.0029087459247931907,4,1.033271067229315,3.6659755723050655,0.34759157930876183;0.6635720314032697;0.71530427382846751;0.27925094818270774;0.11332198522172318;0.89733849109951624,0.04999999999999937,0.949999998457957
near_symmetric_m2_least,0.01,48,0.01,EXCLUDED_FROM_FITS_DELTA_EQUALS_EPSILON_ROUNDOFF_SENSITIVE,0.0029087459247931907,41,10.59102843910048,1.85850673428774,0.33404416413620736;0.67811176752800473;0.73444243150210897;0.25962881024339285;0.078950606130320788;0.93265746808613981,0.009999999999999313,0.9899999983208864
near_symmetric_m2_least,0.01,48,0.02,SAFE_DELTA_AWAY_FROM_EPSILON,0.0029087459247931907,8,2.06654213445863,1.85850673428774,0.33404416413620736;0.67811176752800473;0.73444243150210897;0.25962881024339285;0.078950606130320788;0.93265746808613981,0.009999999999999313,0.9899999983208864
near_symmetric_m2_least,0.01,48,0.05,SAFE_DELTA_AWAY_FROM_EPSILON,0.0029087459247931907,8,2.06654213445863,1.85850673428774,0.33404416413620736;0.67811176752800473;0.73444243150210897;0.25962881024339285;0.078950606130320788;0.93265746808613981,0.009999999999999313,0.9899999983208864
near_symmetric_m2_least,0.01,48,0.1,SAFE_DELTA_AWAY_FROM_EPSILON,0.0029087459247931907,4,1.033271067229315,1.85850673428774,0.33404416413620736;0.67811176752800473;0.73444243150210897;0.25962881024339285;0.078950606130320788;0.93265746808613981,0.009999999999999313,0.9899999983208864
near_symmetric_m2_least,0.01,48,0.2,SAFE_DELTA_AWAY_FROM_EPSILON,0.0029087459247931907,4,1.033271067229315,1.85850673428774,0.33404416413620736;0.67811176752800473;0.73444243150210897;0.25962881024339285;0.078950606130320788;0.93265746808613981,0.009999999999999313,0.9899999983208864
near_symmetric_m2_least,0.002,48,0.01,SAFE_DELTA_AWAY_FROM_EPSILON,0.0029087459247931907,9,2.3248599012659588,1.4970129666842742,0.33133468110169645;0.68101971475295175;0.73827006303683729;0.25570438265552986;0.072076330312040318;0.93972126348346452,0.0019999999999993022,0.9979999982934723
near_symmetric_m2_least,0.002,48,0.02,SAFE_DELTA_AWAY_FROM_EPSILON,0.0029087459247931907,8,2.06654213445863,1.4970129666842742,0.33133468110169645;0.68101971475295175;0.73827006303683729;0.25570438265552986;0.072076330312040318;0.93972126348346452,0.0019999999999993022,0.9979999982934723
near_symmetric_m2_least,0.002,48,0.05,SAFE_DELTA_AWAY_FROM_EPSILON,0.0029087459247931907,6,1.5499066008439726,1.4970129666842742,0.33133468110169645;0.68101971475295175;0.73827006303683729;0.25570438265552986;0.072076330312040318;0.93972126348346452,0.0019999999999993022,0.9979999982934723
near_symmetric_m2_least,0.002,48,0.1,SAFE_DELTA_AWAY_FROM_EPSILON,0.0029087459247931907,4,1.033271067229315,1.4970129666842742,0.33133468110169645;0.68101971475295175;0.73827006303683729;0.25570438265552986;0.072076330312040318;0.93972126348346452,0.0019999999999993022,0.9979999982934723
near_symmetric_m2_least,0.002,48,0.2,SAFE_DELTA_AWAY_FROM_EPSILON,0.0029087459247931907,4,1.033271067229315,1.4970129666842742,0.33133468110169645;0.68101971475295175;0.73827006303683729;0.25570438265552986;0.072076330312040318;0.93972126348346452,0.0019999999999993022,0.9979999982934723
near_symmetric_m2_least,0.2,64,0.01,SAFE_DELTA_AWAY_FROM_EPSILON,0.0029087459247931907,64,15.38874710281561,13.763535625014882,0.50137463728351905;0.42066509092767523;0.6564155812411544;0.28994909344134412;0.71135998936056088;0.25356036536097104,0.19999999999999954,0.799999999999166
near_symmetric_m2_least,0.2,64,0.02,SAFE_DELTA_AWAY_FROM_EPSILON,0.0029087459247931907,64,15.38874710281561,13.763535625014882,0.50137463728351905;0.42066509092767523;0.6564155812411544;0.28994909344134412;0.71135998936056088;0.25356036536097104,0.19999999999999954,0.799999999999166
near_symmetric_m2_least,0.2,64,0.05,SAFE_DELTA_AWAY_FROM_EPSILON,0.0029087459247931907,64,15.38874710281561,13.763535625014882,0.50137463728351905;0.42066509092767523;0.6564155812411544;0.28994909344134412;0.71135998936056088;0.25356036536097104,0.19999999999999954,0.799999999999166
near_symmetric_m2_least,0.2,64,0.1,SAFE_DELTA_AWAY_FROM_EPSILON,0.0029087459247931907,64,15.38874710281561,13.763535625014882,0.50137463728351905;0.42066509092767523;0.6564155812411544;0.28994909344134412;0.71135998936056088;0.25356036536097104,0.19999999999999954,0.799999999999166
near_symmetric_m2_least,0.2,64,0.2,EXCLUDED_FROM_FITS_DELTA_EQUALS_EPSILON_ROUNDOFF_SENSITIVE,0.0029087459247931907,53,12.743806194519179,13.763535625014882,0.50137463728351905;0.42066509092767523;0.6564155812411544;0.28994909344134412;0.71135998936056088;0.25356036536097104,0.19999999999999954,0.799999999999166
near_symmetric_m2_least,0.05,64,0.01,SAFE_DELTA_AWAY_FROM_EPSILON,0.0029087459247931907,64,15.38874710281561,4.64530343752232,0.50206195592527869;0.38099763639151291;0.73462337186173166;0.18492364016201618;0.81703998404084155;0.13034054804145651,0.04999999999999931,0.9499999999987492
near_symmetric_m2_least,0.05,64,0.02,SAFE_DELTA_AWAY_FROM_EPSILON,0.0029087459247931907,64,15.38874710281561,4.64530343752232,0.50206195592527869;0.38099763639151291;0.73462337186173166;0.18492364016201618;0.81703998404084155;0.13034054804145651,0.04999999999999931,0.9499999999987492
near_symmetric_m2_least,0.05,64,0.05,EXCLUDED_FROM_FITS_DELTA_EQUALS_EPSILON_ROUNDOFF_SENSITIVE,0.0029087459247931907,53,12.743806194519179,4.64530343752232,0.50206195592527869;0.38099763639151291;0.73462337186173166;0.18492364016201618;0.81703998404084155;0.13034054804145651,0.04999999999999931,0.9499999999987492
near_symmetric_m2_least,0.05,64,0.1,SAFE_DELTA_AWAY_FROM_EPSILON,0.0029087459247931907,6,1.4426950408889636,4.64530343752232,0.50206195592527869;0.38099763639151291;0.73462337186173166;0.18492364016201618;0.81703998404084155;0.13034054804145651,0.04999999999999931,0.9499999999987492
near_symmetric_m2_least,0.05,64,0.2,SAFE_DELTA_AWAY_FROM_EPSILON,0.0029087459247931907,3,0.7213475204444818,4.64530343752232,0.50206195592527869;0.38099763639151291;0.73462337186173166;0.18492364016201618;0.81703998404084155;0.13034054804145651,0.04999999999999931,0.9499999999987492
near_symmetric_m2_least,0.01,64,0.01,EXCLUDED_FROM_FITS_DELTA_EQUALS_EPSILON_ROUNDOFF_SENSITIVE,0.0029087459247931907,53,12.743806194519179,2.213774854190972,0.50224524089641454;0.37041964851520293;0.75547878269388546;0.15691685262086208;0.84522131595558292;0.097481930089585972,0.009999999999999247,0.9899999999986379
near_symmetric_m2_least,0.01,64,0.02,SAFE_DELTA_AWAY_FROM_EPSILON,0.0029087459247931907,10,2.4044917348149393,2.213774854190972,0.50224524089641454;0.37041964851520293;0.75547878269388546;0.15691685262086208;0.84522131595558292;0.097481930089585972,0.009999999999999247,0.9899999999986379
near_symmetric_m2_least,0.01,64,0.05,SAFE_DELTA_AWAY_FROM_EPSILON,0.0029087459247931907,7,1.6831442143704574,2.213774854190972,0.50224524089641454;0.37041964851520293;0.75547878269388546;0.15691685262086208;0.84522131595558292;0.097481930089585972,0.009999999999999247,0.9899999999986379
near_symmetric_m2_least,0.01,64,0.1,SAFE_DELTA_AWAY_FROM_EPSILON,0.0029087459247931907,5,1.2022458674074696,2.213774854190972,0.50224524089641454;0.37041964851520293;0.75547878269388546;0.15691685262086208;0.84522131595558292;0.097481930089585972,0.009999999999999247,0.9899999999986379
near_symmetric_m2_least,0.01,64,0.2,SAFE_DELTA_AWAY_FROM_EPSILON,0.0029087459247931907,3,0.7213475204444818,2.213774854190972,0.50224524089641454;0.37041964851520293;0.75547878269388546;0.15691685262086208;0.84522131595558292;0.097481930089585972,0.009999999999999247,0.9899999999986379
near_symmetric_m2_least,0.002,64,0.01,SAFE_DELTA_AWAY_FROM_EPSILON,0.0029087459247931907,10,2.4044917348149393,1.7274691375247022,0.5022818978906417;0.36830405093994095;0.75964986486031627;0.15131549511263126;0.85085758233853126;0.090910206499211874,0.0019999999999992355,0.9979999999986157
near_symmetric_m2_least,0.002,64,0.02,SAFE_DELTA_AWAY_FROM_EPSILON,0.0029087459247931907,9,2.1640425613334453,1.7274691375247022,0.5022818978906417;0.36830405093994095;0.75964986486031627;0.15131549511263126;0.85085758233853126;0.090910206499211874,0.0019999999999992355,0.9979999999986157
near_symmetric_m2_least,0.002,64,0.05,SAFE_DELTA_AWAY_FROM_EPSILON,0.0029087459247931907,6,1.4426950408889636,1.7274691375247022,0.5022818978906417;0.36830405093994095;0.75964986486031627;0.15131549511263126;0.85085758233853126;0.090910206499211874,0.0019999999999992355,0.9979999999986157
near_symmetric_m2_least,0.002,64,0.1,SAFE_DELTA_AWAY_FROM_EPSILON,0.0029087459247931907,5,1.2022458674074696,1.7274691375247022,0.5022818978906417;0.36830405093994095;0.75964986486031627;0.15131549511263126;0.85085758233853126;0.090910206499211874,0.0019999999999992355,0.9979999999986157
near_symmetric_m2_least,0.002,64,0.2,SAFE_DELTA_AWAY_FROM_EPSILON,0.0029087459247931907,3,0.7213475204444818,1.7274691375247022,0.5022818978906417;0.36830405093994095;0.75964986486031627;0.15131549511263126;0.85085758233853126;0.090910206499211874,0.0019999999999992355,0.9979999999986157
near_symmetric_m2_least,0.2,96,0.01,SAFE_DELTA_AWAY_FROM_EPSILON,0.0029087459247931907,96,21.032575950155028,20.177427706906503,0.42409789035562939;0.58375732380226575;0.35816659996632882;0.64428151903965936;0.2621224801580192;0.74380768363036021,0.19999999999999934,0.8000000000000003
near_symmetric_m2_least,0.2,96,0.02,SAFE_DELTA_AWAY_FROM_EPSILON,0.0029087459247931907,96,21.032575950155028,20.177427706906503,0.42409789035562939;0.58375732380226575;0.35816659996632882;0.64428151903965936;0.2621224801580192;0.74380768363036021,0.19999999999999934,0.8000000000000003
near_symmetric_m2_least,0.2,96,0.05,SAFE_DELTA_AWAY_FROM_EPSILON,0.0029087459247931907,96,21.032575950155028,20.177427706906503,0.42409789035562939;0.58375732380226575;0.35816659996632882;0.64428151903965936;0.2621224801580192;0.74380768363036021,0.19999999999999934,0.8000000000000003
near_symmetric_m2_least,0.2,96,0.1,SAFE_DELTA_AWAY_FROM_EPSILON,0.0029087459247931907,96,21.032575950155028,20.177427706906503,0.42409789035562939;0.58375732380226575;0.35816659996632882;0.64428151903965936;0.2621224801580192;0.74380768363036021,0.19999999999999934,0.8000000000000003
near_symmetric_m2_least,0.2,96,0.2,EXCLUDED_FROM_FITS_DELTA_EQUALS_EPSILON_ROUNDOFF_SENSITIVE,0.0029087459247931907,76,16.65078929387273,20.177427706906503,0.42409789035562939;0.58375732380226575;0.35816659996632882;0.64428151903965936;0.2621224801580192;0.74380768363036021,0.19999999999999934,0.8000000000000003
near_symmetric_m2_least,0.05,96,0.01,SAFE_DELTA_AWAY_FROM_EPSILON,0.0029087459247931907,96,21.032575950155028,6.266141560359753,0.38614683553344409;0.62563598570339862;0.28724989994949329;0.71642227855948915;0.14318372023702883;0.86571152544554031,0.04999999999999899,0.9500000000000005
near_symmetric_m2_least,0.05,96,0.02,SAFE_DELTA_AWAY_FROM_EPSILON,0.0029087459247931907,96,21.032575950155028,6.266141560359753,0.38614683553344409;0.62563598570339862;0.28724989994949329;0.71642227855948915;0.14318372023702883;0.86571152544554031,0.04999999999999899,0.9500000000000005
near_symmetric_m2_least,0.05,96,0.05,EXCLUDED_FROM_FITS_DELTA_EQUALS_EPSILON_ROUNDOFF_SENSITIVE,0.0029087459247931907,74,16.212610628244498,6.266141560359753,0.38614683553344409;0.62563598570339862;0.28724989994949329;0.71642227855948915;0.14318372023702883;0.86571152544554031,0.04999999999999899,0.9500000000000005
near_symmetric_m2_least,0.05,96,0.1,SAFE_DELTA_AWAY_FROM_EPSILON,0.0029087459247931907,8,1.7527146625129189,6.266141560359753,0.38614683553344409;0.62563598570339862;0.28724989994949329;0.71642227855948915;0.14318372023702883;0.86571152544554031,0.04999999999999899,0.9500000000000005
near_symmetric_m2_least,0.05,96,0.2,SAFE_DELTA_AWAY_FROM_EPSILON,0.0029087459247931907,4,0.8763573312564594,6.266141560359753,0.38614683553344409;0.62563598570339862;0.28724989994949329;0.71642227855948915;0.14318372023702883;0.86571152544554031,0.04999999999999899,0.9500000000000005
near_symmetric_m2_least,0.01,96,0.01,EXCLUDED_FROM_FITS_DELTA_EQUALS_EPSILON_ROUNDOFF_SENSITIVE,0.0029087459247931907,74,16.212610628244498,2.556465254613954,0.37602655424752801;0.6368036288770339;0.26833877994500382;0.73565981443144357;0.11146671759143138;0.89821921659625492,0.009999999999998893,0.9900000000000004
near_symmetric_m2_least,0.01,96,0.02,SAFE_DELTA_AWAY_FROM_EPSILON,0.0029087459247931907,10,2.1908933281411485,2.556465254613954,0.37602655424752801;0.6368036288770339;0.26833877994500382;0.73565981443144357;0.11146671759143138;0.89821921659625492,0.009999999999998893,0.9900000000000004
near_symmetric_m2_least,0.01,96,0.05,SAFE_DELTA_AWAY_FROM_EPSILON,0.0029087459247931907,8,1.7527146625129189,2.556465254613954,0.37602655424752801;0.6368036288770339;0.26833877994500382;0.73565981443144357;0.11146671759143138;0.89821921659625492,0.009999999999998893,0.9900000000000004
near_symmetric_m2_least,0.01,96,0.1,SAFE_DELTA_AWAY_FROM_EPSILON,0.0029087459247931907,6,1.3145359968846893,2.556465254613954,0.37602655424752801;0.6368036288770339;0.26833877994500382;0.73565981443144357;0.11146671759143138;0.89821921659625492,0.009999999999998893,0.9900000000000004
near_symmetric_m2_least,0.01,96,0.2,SAFE_DELTA_AWAY_FROM_EPSILON,0.0029087459247931907,4,0.8763573312564594,2.556465254613954,0.37602655424752801;0.6368036288770339;0.26833877994500382;0.73565981443144357;0.11146671759143138;0.89821921659625492,0.009999999999998893,0.9900000000000004
near_symmetric_m2_least,0.002,96,0.01,SAFE_DELTA_AWAY_FROM_EPSILON,0.0029087459247931907,12,2.6290719937693785,1.8145299934647938,0.3740024979903448;0.63903715751176104;0.26455655594410593;0.73950732160583454;0.1051233170623119;0.90472075482639791,0.0019999999999988755,0.9980000000000004
near_symmetric_m2_least,0.002,96,0.02,SAFE_DELTA_AWAY_FROM_EPSILON,0.0029087459247931907,8,1.7527146625129189,1.8145299934647938,0.3740024979903448;0.63903715751176104;0.26455655594410593;0.73950732160583454;0.1051233170623119;0.90472075482639791,0.0019999999999988755,0.9980000000000004
near_symmetric_m2_least,0.002,96,0.05,SAFE_DELTA_AWAY_FROM_EPSILON,0.0029087459247931907,8,1.7527146625129189,1.8145299934647938,0.3740024979903448;0.63903715751176104;0.26455655594410593;0.73950732160583454;0.1051233170623119;0.90472075482639791,0.0019999999999988755,0.9980000000000004
near_symmetric_m2_least,0.002,96,0.1,SAFE_DELTA_AWAY_FROM_EPSILON,0.0029087459247931907,5,1.0954466640705742,1.8145299934647938,0.3740024979903448;0.63903715751176104;0.26455655594410593;0.73950732160583454;0.1051233170623119;0.90472075482639791,0.0019999999999988755,0.9980000000000004
near_symmetric_m2_least,0.002,96,0.2,SAFE_DELTA_AWAY_FROM_EPSILON,0.0029087459247931907,4,0.8763573312564594,1.8145299934647938,0.3740024979903448;0.63903715751176104;0.26455655594410593;0.73950732160583454;0.1051233170623119;0.90472075482639791,0.0019999999999988755,0.9980000000000004
near_symmetric_m2_least,0.2,128,0.01,SAFE_DELTA_AWAY_FROM_EPSILON,0.0029087459247931907,128,26.380709319112476,26.669106540841042,0.52443836669046351;0.55756847469696547;0.35044257754186287;0.32012831029898381;0.71017343621025031;0.72338542815487017,0.19999999999999904,0.8000000000000007
near_symmetric_m2_least,0.2,128,0.02,SAFE_DELTA_AWAY_FROM_EPSILON,0.0029087459247931907,128,26.380709319112476,26.669106540841042,0.52443836669046351;0.55756847469696547;0.35044257754186287;0.32012831029898381;0.71017343621025031;0.72338542815487017,0.19999999999999904,0.8000000000000007
near_symmetric_m2_least,0.2,128,0.05,SAFE_DELTA_AWAY_FROM_EPSILON,0.0029087459247931907,128,26.380709319112476,26.669106540841042,0.52443836669046351;0.55756847469696547;0.35044257754186287;0.32012831029898381;0.71017343621025031;0.72338542815487017,0.19999999999999904,0.8000000000000007
near_symmetric_m2_least,0.2,128,0.1,SAFE_DELTA_AWAY_FROM_EPSILON,0.0029087459247931907,128,26.380709319112476,26.669106540841042,0.52443836669046351;0.55756847469696547;0.35044257754186287;0.32012831029898381;0.71017343621025031;0.72338542815487017,0.19999999999999904,0.8000000000000007
near_symmetric_m2_least,0.2,128,0.2,EXCLUDED_FROM_FITS_DELTA_EQUALS_EPSILON_ROUNDOFF_SENSITIVE,0.0029087459247931907,94,19.373333406223225,26.669106540841042,0.52443836669046351;0.55756847469696547;0.35044257754186287;0.32012831029898381;0.71017343621025031;0.72338542815487017,0.19999999999999904,0.8000000000000007
near_symmetric_m2_least,0.05,128,0.01,SAFE_DELTA_AWAY_FROM_EPSILON,0.0029087459247931907,128,26.380709319112476,8.003659811261564,0.53665755003569537;0.58635271204544825;0.27566386631279433;0.23019246544847571;0.81526015431537557;0.83507814223230525,0.04999999999999853,0.9500000000000011
near_symmetric_m2_least,0.05,128,0.02,SAFE_DELTA_AWAY_FROM_EPSILON,0.0029087459247931907,128,26.380709319112476,8.003659811261564,0.53665755003569537;0.58635271204544825;0.27566386631279433;0.23019246544847571;0.81526015431537557;0.83507814223230525,0.04999999999999853,0.9500000000000011
near_symmetric_m2_least,0.05,128,0.05,EXCLUDED_FROM_FITS_DELTA_EQUALS_EPSILON_ROUNDOFF_SENSITIVE,0.0029087459247931907,91,18.755035531556526,8.003659811261564,0.53665755003569537;0.58635271204544825;0.27566386631279433;0.23019246544847571;0.81526015431537557;0.83507814223230525,0.04999999999999853,0.9500000000000011
near_symmetric_m2_least,0.05,128,0.1,SAFE_DELTA_AWAY_FROM_EPSILON,0.0029087459247931907,7,1.4426950408889634,8.003659811261564,0.53665755003569537;0.58635271204544825;0.27566386631279433;0.23019246544847571;0.81526015431537557;0.83507814223230525,0.04999999999999853,0.9500000000000011
near_symmetric_m2_least,0.05,128,0.2,SAFE_DELTA_AWAY_FROM_EPSILON,0.0029087459247931907,4,0.8243971662222649,8.003659811261564,0.53665755003569537;0.58635271204544825;0.27566386631279433;0.23019246544847571;0.81526015431537557;0.83507814223230525,0.04999999999999853,0.9500000000000011
near_symmetric_m2_least,0.01,128,0.01,EXCLUDED_FROM_FITS_DELTA_EQUALS_EPSILON_ROUNDOFF_SENSITIVE,0.0029087459247931907,92,18.96113482311209,3.026207350040372,0.5399159989277571;0.5940285086717102;0.25572287665170934;0.20620957348834021;0.84328327914340895;0.86486286598628781,0.009999999999998397,0.9900000000000011
near_symmetric_m2_least,0.01,128,0.02,SAFE_DELTA_AWAY_FROM_EPSILON,0.0029087459247931907,11,2.2670922071112285,3.026207350040372,0.5399159989277571;0.5940285086717102;0.25572287665170934;0.20620957348834021;0.84328327914340895;0.86486286598628781,0.009999999999998397,0.9900000000000011
near_symmetric_m2_least,0.01,128,0.05,SAFE_DELTA_AWAY_FROM_EPSILON,0.0029087459247931907,8,1.6487943324445298,3.026207350040372,0.5399159989277571;0.5940285086717102;0.25572287665170934;0.20620957348834021;0.84328327914340895;0.86486286598628781,0.009999999999998397,0.9900000000000011
near_symmetric_m2_least,0.01,128,0.1,SAFE_DELTA_AWAY_FROM_EPSILON,0.0029087459247931907,6,1.2365957493333972,3.026207350040372,0.5399159989277571;0.5940285086717102;0.25572287665170934;0.20620957348834021;0.84328327914340895;0.86486286598628781,0.009999999999998397,0.9900000000000011
near_symmetric_m2_least,0.01,128,0.2,SAFE_DELTA_AWAY_FROM_EPSILON,0.0029087459247931907,4,0.8243971662222649,3.026207350040372,0.5399159989277571;0.5940285086717102;0.25572287665170934;0.20620957348834021;0.84328327914340895;0.86486286598628781,0.009999999999998397,0.9900000000000011
near_symmetric_m2_least,0.002,128,0.01,SAFE_DELTA_AWAY_FROM_EPSILON,0.0029087459247931907,11,2.2670922071112285,2.030716857796133,0.54056768870616945;0.59556366799696259;0.25173467871949234;0.20141299509631311;0.8488879041090156;0.87081981073708437,0.0019999999999983716,0.9980000000000011
near_symmetric_m2_least,0.002,128,0.02,SAFE_DELTA_AWAY_FROM_EPSILON,0.0029087459247931907,10,2.060992915555662,2.030716857796133,0.54056768870616945;0.59556366799696259;0.25173467871949234;0.20141299509631311;0.8488879041090156;0.87081981073708437,0.0019999999999983716,0.9980000000000011
near_symmetric_m2_least,0.002,128,0.05,SAFE_DELTA_AWAY_FROM_EPSILON,0.0029087459247931907,7,1.4426950408889634,2.030716857796133,0.54056768870616945;0.59556366799696259;0.25173467871949234;0.20141299509631311;0.8488879041090156;0.87081981073708437,0.0019999999999983716,0.9980000000000011
near_symmetric_m2_least,0.002,128,0.1,SAFE_DELTA_AWAY_FROM_EPSILON,0.0029087459247931907,6,1.2365957493333972,2.030716857796133,0.54056768870616945;0.59556366799696259;0.25173467871949234;0.20141299509631311;0.8488879041090156;0.87081981073708437,0.0019999999999983716,0.9980000000000011
near_symmetric_m2_least,0.002,128,0.2,SAFE_DELTA_AWAY_FROM_EPSILON,0.0029087459247931907,4,0.8243971662222649,2.030716857796133,0.54056768870616945;0.59556366799696259;0.25173467871949234;0.20141299509631311;0.8488879041090156;0.87081981073708437,0.0019999999999983716,0.9980000000000011
near_symmetric_m2_least,0.2,192,0.01,SAFE_DELTA_AWAY_FROM_EPSILON,0.0029087459247931907,192,36.51929034907488,39.50852851088635,0.42725528985894851;0.58278409764122197;0.38303387621656731;0.62943286326722481;0.273579800023733;0.72957098126480946,0.19999999999999876,0.8000000000000014
near_symmetric_m2_least,0.2,192,0.02,SAFE_DELTA_AWAY_FROM_EPSILON,0.0029087459247931907,192,36.51929034907488,39.50852851088635,0.42725528985894851;0.58278409764122197;0.38303387621656731;0.62943286326722481;0.273579800023733;0.72957098126480946,0.19999999999999876,0.8000000000000014
near_symmetric_m2_least,0.2,192,0.05,SAFE_DELTA_AWAY_FROM_EPSILON,0.0029087459247931907,192,36.51929034907488,39.50852851088635,0.42725528985894851;0.58278409764122197;0.38303387621656731;0.62943286326722481;0.273579800023733;0.72957098126480946,0.19999999999999876,0.8000000000000014
near_symmetric_m2_least,0.2,192,0.1,SAFE_DELTA_AWAY_FROM_EPSILON,0.0029087459247931907,192,36.51929034907488,39.50852851088635,0.42725528985894851;0.58278409764122197;0.38303387621656731;0.62943286326722481;0.273579800023733;0.72957098126480946,0.19999999999999876,0.8000000000000014
near_symmetric_m2_least,0.2,192,0.2,EXCLUDED_FROM_FITS_DELTA_EQUALS_EPSILON_ROUNDOFF_SENSITIVE,0.0029087459247931907,131,24.916807477754215,39.50852851088635,0.42725528985894851;0.58278409764122197;0.38303387621656731;0.62943286326722481;0.273579800023733;0.72957098126480946,0.19999999999999876,0.8000000000000014
near_symmetric_m2_least,0.05,192,0.01,SAFE_DELTA_AWAY_FROM_EPSILON,0.0029087459247931907,192,36.51929034907488,11.262792766329513,0.39088293478842273;0.62417614646183295;0.32455081432485094;0.69414929490083721;0.16036970003559953;0.84435647189721408,0.04999999999999813,0.9500000000000021
near_symmetric_m2_least,0.05,192,0.02,SAFE_DELTA_AWAY_FROM_EPSILON,0.0029087459247931907,192,36.51929034907488,11.262792766329513,0.39088293478842273;0.62417614646183295;0.32455081432485094;0.69414929490083721;0.16036970003559953;0.84435647189721408,0.04999999999999813,0.9500000000000021
near_symmetric_m2_least,0.05,192,0.05,EXCLUDED_FROM_FITS_DELTA_EQUALS_EPSILON_ROUNDOFF_SENSITIVE,0.0029087459247931907,125,23.775579654345623,11.262792766329513,0.39088293478842273;0.62417614646183295;0.32455081432485094;0.69414929490083721;0.16036970003559953;0.84435647189721408,0.04999999999999813,0.9500000000000021
near_symmetric_m2_least,0.05,192,0.1,SAFE_DELTA_AWAY_FROM_EPSILON,0.0029087459247931907,8,1.52163709787812,11.262792766329513,0.39088293478842273;0.62417614646183295;0.32455081432485094;0.69414929490083721;0.16036970003559953;0.84435647189721408,0.04999999999999813,0.9500000000000021
near_symmetric_m2_least,0.05,192,0.2,SAFE_DELTA_AWAY_FROM_EPSILON,0.0029087459247931907,4,0.76081854893906,11.262792766329513,0.39088293478842273;0.62417614646183295;0.32455081432485094;0.69414929490083721;0.16036970003559953;0.84435647189721408,0.04999999999999813,0.9500000000000021
near_symmetric_m2_least,0.01,192,0.01,EXCLUDED_FROM_FITS_DELTA_EQUALS_EPSILON_ROUNDOFF_SENSITIVE,0.0029087459247931907,127,24.155988928815155,3.7305965677810287,0.38118364010294919;0.63521402614732914;0.30895533115372664;0.71140701000313378;0.13018034003876391;0.87496593606585527,0.00999999999999796,0.9900000000000022
near_symmetric_m2_least,0.01,192,0.02,SAFE_DELTA_AWAY_FROM_EPSILON,0.0029087459247931907,12,2.28245564681718,3.7305965677810287,0.38118364010294919;0.63521402614732914;0.30895533115372664;0.71140701000313378;0.13018034003876391;0.87496593606585527,0.00999999999999796,0.9900000000000022
near_symmetric_m2_least,0.01,192,0.05,SAFE_DELTA_AWAY_FROM_EPSILON,0.0029087459247931907,8,1.52163709787812,3.7305965677810287,0.38118364010294919;0.63521402614732914;0.30895533115372664;0.71140701000313378;0.13018034003876391;0.87496593606585527,0.00999999999999796,0.9900000000000022
near_symmetric_m2_least,0.01,192,0.1,SAFE_DELTA_AWAY_FROM_EPSILON,0.0029087459247931907,6,1.14122782340859,3.7305965677810287,0.38118364010294919;0.63521402614732914;0.30895533115372664;0.71140701000313378;0.13018034003876391;0.87496593606585527,0.00999999999999796,0.9900000000000022
near_symmetric_m2_least,0.01,192,0.2,SAFE_DELTA_AWAY_FROM_EPSILON,0.0029087459247931907,4,0.76081854893906,3.7305965677810287,0.38118364010294919;0.63521402614732914;0.30895533115372664;0.71140701000313378;0.13018034003876391;0.87496593606585527,0.00999999999999796,0.9900000000000022
near_symmetric_m2_least,0.002,192,0.01,SAFE_DELTA_AWAY_FROM_EPSILON,0.0029087459247931907,12,2.28245564681718,2.224157328071332,0.3792437811658545;0.63742160208442844;0.30583623451950176;0.71485855302359314;0.1241424680393968;0.88108782889958359,0.0019999999999979257,0.9980000000000022
near_symmetric_m2_least,0.002,192,0.02,SAFE_DELTA_AWAY_FROM_EPSILON,0.0029087459247931907,11,2.092251009582415,2.224157328071332,0.3792437811658545;0.63742160208442844;0.30583623451950176;0.71485855302359314;0.1241424680393968;0.88108782889958359,0.0019999999999979257,0.9980000000000022
near_symmetric_m2_least,0.002,192,0.05,SAFE_DELTA_AWAY_FROM_EPSILON,0.0029087459247931907,8,1.52163709787812,2.224157328071332,0.3792437811658545;0.63742160208442844;0.30583623451950176;0.71485855302359314;0.1241424680393968;0.88108782889958359,0.0019999999999979257,0.9980000000000022
near_symmetric_m2_least,0.002,192,0.1,SAFE_DELTA_AWAY_FROM_EPSILON,0.0029087459247931907,6,1.14122782340859,2.224157328071332,0.3792437811658545;0.63742160208442844;0.30583623451950176;0.71485855302359314;0.1241424680393968;0.88108782889958359,0.0019999999999979257,0.9980000000000022
near_symmetric_m2_least,0.002,192,0.2,SAFE_DELTA_AWAY_FROM_EPSILON,0.0029087459247931907,4,0.76081854893906,2.224157328071332,0.3792437811658545;0.63742160208442844;0.30583623451950176;0.71485855302359314;0.1241424680393968;0.88108782889958359,0.0019999999999979257,0.9980000000000022
near_symmetric_m2_least,0.2,256,0.01,SAFE_DELTA_AWAY_FROM_EPSILON,0.0029087459247931907,256,46.16624130844683,52.42570990081727,0.50263375053568626;0.44684232062208523;0.63661793200417516;0.32657179004570203;0.67711793806846199;0.29015455138320811,0.19999999999999848,0.8000000000000014
near_symmetric_m2_least,0.2,256,0.02,SAFE_DELTA_AWAY_FROM_EPSILON,0.0029087459247931907,256,46.16624130844683,52.42570990081727,0.50263375053568626;0.44684232062208523;0.63661793200417516;0.32657179004570203;0.67711793806846199;0.29015455138320811,0.19999999999999848,0.8000000000000014
near_symmetric_m2_least,0.2,256,0.05,SAFE_DELTA_AWAY_FROM_EPSILON,0.0029087459247931907,256,46.16624130844683,52.42570990081727,0.50263375053568626;0.44684232062208523;0.63661793200417516;0.32657179004570203;0.67711793806846199;0.29015455138320811,0.19999999999999848,0.8000000000000014
near_symmetric_m2_least,0.2,256,0.1,SAFE_DELTA_AWAY_FROM_EPSILON,0.0029087459247931907,256,46.16624130844683,52.42570990081727,0.50263375053568626;0.44684232062208523;0.63661793200417516;0.32657179004570203;0.67711793806846199;0.29015455138320811,0.19999999999999848,0.8000000000000014
near_symmetric_m2_least,0.2,256,0.2,EXCLUDED_FROM_FITS_DELTA_EQUALS_EPSILON_ROUNDOFF_SENSITIVE,0.0029087459247931907,166,29.935922098445992,52.42570990081727,0.50263375053568626;0.44684232062208523;0.63661793200417516;0.32657179004570203;0.67711793806846199;0.29015455138320811,0.19999999999999848,0.8000000000000014
near_symmetric_m2_least,0.05,256,0.01,SAFE_DELTA_AWAY_FROM_EPSILON,0.0029087459247931907,256,46.16624130844683,14.638564851225896,0.50395062580352945;0.42026348093312782;0.70492689800626285;0.23985768506855304;0.76567690710269309;0.18523182707481223,0.0499999999999977,0.9500000000000023
near_symmetric_m2_least,0.05,256,0.02,SAFE_DELTA_AWAY_FROM_EPSILON,0.0029087459247931907,256,46.16624130844683,14.638564851225896,0.50395062580352945;0.42026348093312782;0.70492689800626285;0.23985768506855304;0.76567690710269309;0.18523182707481223,0.0499999999999977,0.9500000000000023
near_symmetric_m2_least,0.05,256,0.05,EXCLUDED_FROM_FITS_DELTA_EQUALS_EPSILON_ROUNDOFF_SENSITIVE,0.0029087459247931907,159,28.67356393766815,14.638564851225896,0.50395062580352945;0.42026348093312782;0.70492689800626285;0.23985768506855304;0.76567690710269309;0.18523182707481223,0.0499999999999977,0.9500000000000023
near_symmetric_m2_least,0.05,256,0.1,SAFE_DELTA_AWAY_FROM_EPSILON,0.0029087459247931907,9,1.6230319210000839,14.638564851225896,0.50395062580352945;0.42026348093312782;0.70492689800626285;0.23985768506855304;0.76567690710269309;0.18523182707481223,0.0499999999999977,0.9500000000000023
near_symmetric_m2_least,0.05,256,0.2,SAFE_DELTA_AWAY_FROM_EPSILON,0.0029087459247931907,5,0.9016844005556022,14.638564851225896,0.50395062580352945;0.42026348093312782;0.70492689800626285;0.23985768506855304;0.76567690710269309;0.18523182707481223,0.0499999999999977,0.9500000000000023
near_symmetric_m2_least,0.01,256,0.01,EXCLUDED_FROM_FITS_DELTA_EQUALS_EPSILON_ROUNDOFF_SENSITIVE,0.0029087459247931907,161,29.03423769789039,4.561992838001534,0.50430179254162089;0.41317579034940588;0.72314262227348625;0.21673392374131331;0.789292632178488;0.15725243392590663,0.009999999999997488,0.9900000000000024
near_symmetric_m2_least,0.01,256,0.02,SAFE_DELTA_AWAY_FROM_EPSILON,0.0029087459247931907,13,2.344379441444566,4.561992838001534,0.50430179254162089;0.41317579034940588;0.72314262227348625;0.21673392374131331;0.789292632178488;0.15725243392590663,0.009999999999997488,0.9900000000000024
near_symmetric_m2_least,0.01,256,0.05,SAFE_DELTA_AWAY_FROM_EPSILON,0.0029087459247931907,9,1.6230319210000839,4.561992838001534,0.50430179254162089;0.41317579034940588;0.72314262227348625;0.21673392374131331;0.789292632178488;0.15725243392590663,0.009999999999997488,0.9900000000000024
near_symmetric_m2_least,0.01,256,0.1,SAFE_DELTA_AWAY_FROM_EPSILON,0.0029087459247931907,6,1.0820212806667227,4.561992838001534,0.50430179254162089;0.41317579034940588;0.72314262227348625;0.21673392374131331;0.789292632178488;0.15725243392590663,0.009999999999997488,0.9900000000000024
near_symmetric_m2_least,0.01,256,0.2,SAFE_DELTA_AWAY_FROM_EPSILON,0.0029087459247931907,5,0.9016844005556022,4.561992838001534,0.50430179254162089;0.41317579034940588;0.72314262227348625;0.21673392374131331;0.789292632178488;0.15725243392590663,0.009999999999997488,0.9900000000000024
near_symmetric_m2_least,0.002,256,0.01,SAFE_DELTA_AWAY_FROM_EPSILON,0.0029087459247931907,13,2.344379441444566,2.54667843535666,0.50437202588923924;0.41175825223266149;0.72678576712693088;0.21210917147586536;0.79401577719364702;0.15165655529612551,0.001999999999997448,0.9980000000000024
near_symmetric_m2_least,0.002,256,0.02,SAFE_DELTA_AWAY_FROM_EPSILON,0.0029087459247931907,10,1.8033688011112043,2.54667843535666,0.50437202588923924;0.41175825223266149;0.72678576712693088;0.21210917147586536;0.79401577719364702;0.15165655529612551,0.001999999999997448,0.9980000000000024
near_symmetric_m2_least,0.002,256,0.05,SAFE_DELTA_AWAY_FROM_EPSILON,0.0029087459247931907,9,1.6230319210000839,2.54667843535666,0.50437202588923924;0.41175825223266149;0.72678576712693088;0.21210917147586536;0.79401577719364702;0.15165655529612551,0.001999999999997448,0.9980000000000024
near_symmetric_m2_least,0.002,256,0.1,SAFE_DELTA_AWAY_FROM_EPSILON,0.0029087459247931907,6,1.0820212806667227,2.54667843535666,0.50437202588923924;0.41175825223266149;0.72678576712693088;0.21210917147586536;0.79401577719364702;0.15165655529612551,0.001999999999997448,0.9980000000000024
near_symmetric_m2_least,0.002,256,0.2,SAFE_DELTA_AWAY_FROM_EPSILON,0.0029087459247931907,5,0.9016844005556022,2.54667843535666,0.50437202588923924;0.41175825223266149;0.72678576712693088;0.21210917147586536;0.79401577719364702;0.15165655529612551,0.001999999999997448,0.9980000000000024
near_symmetric_m2_least,0.2,384,0.01,SAFE_DELTA_AWAY_FROM_EPSILON,0.0029087459247931907,384,64.53084630885984,78.09135804444917,0.45100616412514083;0.56967620801557495;0.3933952036717423;0.62507933188459941;0.30297266955511243;0.70962647812693613,0.19999999999999804,0.800000000000002
near_symmetric_m2_least,0.2,384,0.02,SAFE_DELTA_AWAY_FROM_EPSILON,0.0029087459247931907,384,64.53084630885984,78.09135804444917,0.45100616412514083;0.56967620801557495;0.3933952036717423;0.62507933188459941;0.30297266955511243;0.70962647812693613,0.19999999999999804,0.800000000000002
near_symmetric_m2_least,0.2,384,0.05,SAFE_DELTA_AWAY_FROM_EPSILON,0.0029087459247931907,384,64.53084630885984,78.09135804444917,0.45100616412514083;0.56967620801557495;0.3933952036717423;0.62507933188459941;0.30297266955511243;0.70962647812693613,0.19999999999999804,0.800000000000002
near_symmetric_m2_least,0.2,384,0.1,SAFE_DELTA_AWAY_FROM_EPSILON,0.0029087459247931907,384,64.53084630885984,78.09135804444917,0.45100616412514083;0.56967620801557495;0.3933952036717423;0.62507933188459941;0.30297266955511243;0.70962647812693613,0.19999999999999804,0.800000000000002
near_symmetric_m2_least,0.2,384,0.2,EXCLUDED_FROM_FITS_DELTA_EQUALS_EPSILON_ROUNDOFF_SENSITIVE,0.0029087459247931907,234,39.32348446946146,78.09135804444917,0.45100616412514083;0.56967620801557495;0.3933952036717423;0.62507933188459941;0.30297266955511243;0.70962647812693613,0.19999999999999804,0.800000000000002
near_symmetric_m2_least,0.05,384,0.01,SAFE_DELTA_AWAY_FROM_EPSILON,0.0029087459247931907,384,64.53084630885984,21.137037066673756,0.42650924618771124;0.60451431202336248;0.34009280550761345;0.68761899782689917;0.20445900433266861;0.81443971719040442,0.04999999999999704,0.9500000000000031
near_symmetric_m2_least,0.05,384,0.02,SAFE_DELTA_AWAY_FROM_EPSILON,0.0029087459247931907,384,64.53084630885984,21.137037066673756,0.42650924618771124;0.60451431202336248;0.34009280550761345;0.68761899782689917;0.20445900433266861;0.81443971719040442,0.04999999999999704,0.9500000000000031
near_symmetric_m2_least,0.05,384,0.05,EXCLUDED_FROM_FITS_DELTA_EQUALS_EPSILON_ROUNDOFF_SENSITIVE,0.0029087459247931907,226,37.97909183802688,21.137037066673756,0.42650924618771124;0.60451431202336248;0.34009280550761345;0.68761899782689917;0.20445900433266861;0.81443971719040442,0.04999999999999704,0.9500000000000031
near_symmetric_m2_least,0.05,384,0.1,SAFE_DELTA_AWAY_FROM_EPSILON,0.0029087459247931907,8,1.34439263143458,21.137037066673756,0.42650924618771124;0.60451431202336248;0.34009280550761345;0.68761899782689917;0.20445900433266861;0.81443971719040442,0.04999999999999704,0.9500000000000031
near_symmetric_m2_least,0.05,384,0.2,SAFE_DELTA_AWAY_FROM_EPSILON,0.0029087459247931907,5,0.8402453946466125,21.137037066673756,0.42650924618771124;0.60451431202336248;0.34009280550761345;0.68761899782689917;0.20445900433266861;0.81443971719040442,0.04999999999999704,0.9500000000000031
near_symmetric_m2_least,0.01,384,0.01,EXCLUDED_FROM_FITS_DELTA_EQUALS_EPSILON_ROUNDOFF_SENSITIVE,0.0029087459247931907,229,38.483239074814854,5.949218139266984,0.41997673473773001;0.61380447309210573;0.32587883266384576;0.70429624207817898;0.17818869360668363;0.8423899142739959,0.00999999999999677,0.9900000000000032
near_symmetric_m2_least,0.01,384,0.02,SAFE_DELTA_AWAY_FROM_EPSILON,0.0029087459247931907,13,2.1846380260811924,5.949218139266984,0.41997673473773001;0.61380447309210573;0.32587883266384576;0.70429624207817898;0.17818869360668363;0.8423899142739959,0.00999999999999677,0.9900000000000032
near_symmetric_m2_least,0.01,384,0.05,SAFE_DELTA_AWAY_FROM_EPSILON,0.0029087459247931907,10,1.680490789293225,5.949218139266984,0.41997673473773001;0.61380447309210573;0.32587883266384576;0.70429624207817898;0.17818869360668363;0.8423899142739959,0.00999999999999677,0.9900000000000032
near_symmetric_m2_least,0.01,384,0.1,SAFE_DELTA_AWAY_FROM_EPSILON,0.0029087459247931907,8,1.34439263143458,5.949218139266984,0.41997673473773001;0.61380447309210573;0.32587883266384576;0.70429624207817898;0.17818869360668363;0.8423899142739959,0.00999999999999677,0.9900000000000032
near_symmetric_m2_least,0.01,384,0.2,SAFE_DELTA_AWAY_FROM_EPSILON,0.0029087459247931907,4,0.67219631571729,5.949218139266984,0.41997673473773001;0.61380447309210573;0.32587883266384576;0.70429624207817898;0.17818869360668363;0.8423899142739959,0.00999999999999677,0.9900000000000032
near_symmetric_m2_least,0.002,384,0.01,SAFE_DELTA_AWAY_FROM_EPSILON,0.0029087459247931907,14,2.352687105010515,2.9116543537856283,0.41867023244773377;0.61566250530585442;0.32303603809509218;0.70763169092843503;0.1729346314614866;0.84797995369071422,0.0019999999999967175,0.9980000000000033
near_symmetric_m2_least,0.002,384,0.02,SAFE_DELTA_AWAY_FROM_EPSILON,0.0029087459247931907,12,2.01658894715187,2.9116543537856283,0.41867023244773377;0.61566250530585442;0.32303603809509218;0.70763169092843503;0.1729346314614866;0.84797995369071422,0.0019999999999967175,0.9980000000000033
near_symmetric_m2_least,0.002,384,0.05,SAFE_DELTA_AWAY_FROM_EPSILON,0.0029087459247931907,9,1.5124417103639025,2.9116543537856283,0.41867023244773377;0.61566250530585442;0.32303603809509218;0.70763169092843503;0.1729346314614866;0.84797995369071422,0.0019999999999967175,0.9980000000000033
near_symmetric_m2_least,0.002,384,0.1,SAFE_DELTA_AWAY_FROM_EPSILON,0.0029087459247931907,8,1.34439263143458,2.9116543537856283,0.41867023244773377;0.61566250530585442;0.32303603809509218;0.70763169092843503;0.1729346314614866;0.84797995369071422,0.0019999999999967175,0.9980000000000033
near_symmetric_m2_least,0.002,384,0.2,SAFE_DELTA_AWAY_FROM_EPSILON,0.0029087459247931907,4,0.67219631571729,2.9116543537856283,0.41867023244773377;0.61566250530585442;0.32303603809509218;0.70763169092843503;0.1729346314614866;0.84797995369071422,0.0019999999999967175,0.9980000000000033
near_symmetric_m2_least,0.2,512,0.01,SAFE_DELTA_AWAY_FROM_EPSILON,0.0029087459247931907,512,82.07331788168325,103.81478089527462,0.5157705802542405;0.56430068126452393;0.40379815310674172;0.35774130970428875;0.66696257012589122;0.69727013525420278,0.19999999999999776,0.8000000000000025
near_symmetric_m2_least,0.2,512,0.02,SAFE_DELTA_AWAY_FROM_EPSILON,0.0029087459247931907,512,82.07331788168325,103.81478089527462,0.5157705802542405;0.56430068126452393;0.40379815310674172;0.35774130970428875;0.66696257012589122;0.69727013525420278,0.19999999999999776,0.8000000000000025
near_symmetric_m2_least,0.2,512,0.05,SAFE_DELTA_AWAY_FROM_EPSILON,0.0029087459247931907,512,82.07331788168325,103.81478089527462,0.5157705802542405;0.56430068126452393;0.40379815310674172;0.35774130970428875;0.66696257012589122;0.69727013525420278,0.19999999999999776,0.8000000000000025
near_symmetric_m2_least,0.2,512,0.1,SAFE_DELTA_AWAY_FROM_EPSILON,0.0029087459247931907,512,82.07331788168325,103.81478089527462,0.5157705802542405;0.56430068126452393;0.40379815310674172;0.35774130970428875;0.66696257012589122;0.69727013525420278,0.19999999999999776,0.8000000000000025
near_symmetric_m2_least,0.2,512,0.2,EXCLUDED_FROM_FITS_DELTA_EQUALS_EPSILON_ROUNDOFF_SENSITIVE,0.0029087459247931907,305,48.89133194123709,103.81478089527462,0.5157705802542405;0.56430068126452393;0.40379815310674172;0.35774130970428875;0.66696257012589122;0.69727013525420278,0.19999999999999776,0.8000000000000025
near_symmetric_m2_least,0.05,512,0.01,SAFE_DELTA_AWAY_FROM_EPSILON,0.0029087459247931907,512,82.07331788168325,27.72217134291192,0.52365587038136074;0.59645102189678589;0.35569722966011258;0.28661196455643312;0.75044385518883683;0.79590520288130417,0.04999999999999665,0.9500000000000036
near_symmetric_m2_least,0.05,512,0.02,SAFE_DELTA_AWAY_FROM_EPSILON,0.0029087459247931907,512,82.07331788168325,27.72217134291192,0.52365587038136074;0.59645102189678589;0.35569722966011258;0.28661196455643312;0.75044385518883683;0.79590520288130417,0.04999999999999665,0.9500000000000036
near_symmetric_m2_least,0.05,512,0.05,EXCLUDED_FROM_FITS_DELTA_EQUALS_EPSILON_ROUNDOFF_SENSITIVE,0.0029087459247931907,291,46.647139655409816,27.72217134291192,0.52365587038136074;0.59645102189678589;0.35569722966011258;0.28661196455643312;0.75044385518883683;0.79590520288130417,0.04999999999999665,0.9500000000000036
near_symmetric_m2_least,0.05,512,0.1,SAFE_DELTA_AWAY_FROM_EPSILON,0.0029087459247931907,9,1.4426950408889634,27.72217134291192,0.52365587038136074;0.59645102189678589;0.35569722966011258;0.28661196455643312;0.75044385518883683;0.79590520288130417,0.04999999999999665,0.9500000000000036
near_symmetric_m2_least,0.05,512,0.2,SAFE_DELTA_AWAY_FROM_EPSILON,0.0029087459247931907,6,0.9617966939259757,27.72217134291192,0.52365587038136074;0.59645102189678589;0.35569722966011258;0.28661196455643312;0.75044385518883683;0.79590520288130417,0.04999999999999665,0.9500000000000036
near_symmetric_m2_least,0.01,512,0.01,EXCLUDED_FROM_FITS_DELTA_EQUALS_EPSILON_ROUNDOFF_SENSITIVE,0.0029087459247931907,293,46.96773855338514,7.4308087956152145,0.5257586144152594;0.60502444606538908;0.34287031674101148;0.26764413918367158;0.77270553120562224;0.82220788758186447,0.009999999999996347,0.9900000000000039
near_symmetric_m2_least,0.01,512,0.02,SAFE_DELTA_AWAY_FROM_EPSILON,0.0029087459247931907,14,2.2441922858272765,7.4308087956152145,0.5257586144152594;0.60502444606538908;0.34287031674101148;0.26764413918367158;0.77270553120562224;0.82220788758186447,0.009999999999996347,0.9900000000000039
near_symmetric_m2_least,0.01,512,0.05,SAFE_DELTA_AWAY_FROM_EPSILON,0.0029087459247931907,11,1.7632939388642885,7.4308087956152145,0.5257586144152594;0.60502444606538908;0.34287031674101148;0.26764413918367158;0.77270553120562224;0.82220788758186447,0.009999999999996347,0.9900000000000039
near_symmetric_m2_least,0.01,512,0.1,SAFE_DELTA_AWAY_FROM_EPSILON,0.0029087459247931907,8,1.2823955919013008,7.4308087956152145,0.5257586144152594;0.60502444606538908;0.34287031674101148;0.26764413918367158;0.77270553120562224;0.82220788758186447,0.009999999999996347,0.9900000000000039
near_symmetric_m2_least,0.01,512,0.2,SAFE_DELTA_AWAY_FROM_EPSILON,0.0029087459247931907,5,0.801497244938313,7.4308087956152145,0.5257586144152594;0.60502444606538908;0.34287031674101148;0.26764413918367158;0.77270553120562224;0.82220788758186447,0.009999999999996347,0.9900000000000039
near_symmetric_m2_least,0.002,512,0.01,SAFE_DELTA_AWAY_FROM_EPSILON,0.0029087459247931907,15,2.404491734814939,3.37253628615587,0.52617916322203917;0.60673913089910969;0.34030493415719126;0.26385057410911927;0.77715786640897933;0.82746842452197655,0.0019999999999962873,0.998000000000004
near_symmetric_m2_least,0.002,512,0.02,SAFE_DELTA_AWAY_FROM_EPSILON,0.0029087459247931907,13,2.0838928368396137,3.37253628615587,0.52617916322203917;0.60673913089910969;0.34030493415719126;0.26385057410911927;0.77715786640897933;0.82746842452197655,0.0019999999999962873,0.998000000000004
near_symmetric_m2_least,0.002,512,0.05,SAFE_DELTA_AWAY_FROM_EPSILON,0.0029087459247931907,10,1.602994489876626,3.37253628615587,0.52617916322203917;0.60673913089910969;0.34030493415719126;0.26385057410911927;0.77715786640897933;0.82746842452197655,0.0019999999999962873,0.998000000000004
near_symmetric_m2_least,0.002,512,0.1,SAFE_DELTA_AWAY_FROM_EPSILON,0.0029087459247931907,7,1.1220961429136382,3.37253628615587,0.52617916322203917;0.60673913089910969;0.34030493415719126;0.26385057410911927;0.77715786640897933;0.82746842452197655,0.0019999999999962873,0.998000000000004
near_symmetric_m2_least,0.002,512,0.2,SAFE_DELTA_AWAY_FROM_EPSILON,0.0029087459247931907,5,0.801497244938313,3.37253628615587,0.52617916322203917;0.60673913089910969;0.34030493415719126;0.26385057410911927;0.77715786640897933;0.82746842452197655,0.0019999999999962873,0.998000000000004
near_symmetric_m2_least,0.2,768,0.01,SAFE_DELTA_AWAY_FROM_EPSILON,0.0029087459247931907,768,115.59667461603117,155.19935849869722,0.45485103864807469;0.44108488257760803;0.57934859632286129;0.58710006117023217;0.33482072353249415;0.31405015380604967,0.1999999999999967,0.8000000000000029
near_symmetric_m2_least,0.2,768,0.02,SAFE_DELTA_AWAY_FROM_EPSILON,0.0029087459247931907,768,115.59667461603117,155.19935849869722,0.45485103864807469;0.44108488257760803;0.57934859632286129;0.58710006117023217;0.33482072353249415;0.31405015380604967,0.1999999999999967,0.8000000000000029
near_symmetric_m2_least,0.2,768,0.05,SAFE_DELTA_AWAY_FROM_EPSILON,0.0029087459247931907,768,115.59667461603117,155.19935849869722,0.45485103864807469;0.44108488257760803;0.57934859632286129;0.58710006117023217;0.33482072353249415;0.31405015380604967,0.1999999999999967,0.8000000000000029
near_symmetric_m2_least,0.2,768,0.1,SAFE_DELTA_AWAY_FROM_EPSILON,0.0029087459247931907,768,115.59667461603117,155.19935849869722,0.45485103864807469;0.44108488257760803;0.57934859632286129;0.58710006117023217;0.33482072353249415;0.31405015380604967,0.1999999999999967,0.8000000000000029
near_symmetric_m2_least,0.2,768,0.2,EXCLUDED_FROM_FITS_DELTA_EQUALS_EPSILON_ROUNDOFF_SENSITIVE,0.0029087459247931907,441,66.37777800217414,155.19935849869722,0.45485103864807469;0.44108488257760803;0.57934859632286129;0.58710006117023217;0.33482072353249415;0.31405015380604967,0.1999999999999967,0.8000000000000029
near_symmetric_m2_least,0.05,768,0.01,SAFE_DELTA_AWAY_FROM_EPSILON,0.0029087459247931907,768,115.59667461603117,40.79903774804579,0.43227655797211201;0.4116273238664121;0.61902289448429204;0.63065009175534836;0.25223108529874116;0.22107523070907448,0.04999999999999507,0.9500000000000045
near_symmetric_m2_least,0.05,768,0.02,SAFE_DELTA_AWAY_FROM_EPSILON,0.0029087459247931907,768,115.59667461603117,40.79903774804579,0.43227655797211201;0.4116273238664121;0.61902289448429204;0.63065009175534836;0.25223108529874116;0.22107523070907448,0.04999999999999507,0.9500000000000045
near_symmetric_m2_least,0.05,768,0.05,EXCLUDED_FROM_FITS_DELTA_EQUALS_EPSILON_ROUNDOFF_SENSITIVE,0.0029087459247931907,425,63.9695139476735,40.79903774804579,0.43227655797211201;0.4116273238664121;0.61902289448429204;0.63065009175534836;0.25223108529874116;0.22107523070907448,0.04999999999999507,0.9500000000000045
near_symmetric_m2_least,0.05,768,0.1,SAFE_DELTA_AWAY_FROM_EPSILON,0.0029087459247931907,11,1.6556815374691964,40.79903774804579,0.43227655797211201;0.4116273238664121;0.61902289448429204;0.63065009175534836;0.25223108529874116;0.22107523070907448,0.04999999999999507,0.9500000000000045
near_symmetric_m2_least,0.05,768,0.2,SAFE_DELTA_AWAY_FROM_EPSILON,0.0029087459247931907,7,1.0536155238440341,40.79903774804579,0.43227655797211201;0.4116273238664121;0.61902289448429204;0.63065009175534836;0.25223108529874116;0.22107523070907448,0.04999999999999507,0.9500000000000045
near_symmetric_m2_least,0.01,768,0.01,EXCLUDED_FROM_FITS_DELTA_EQUALS_EPSILON_ROUNDOFF_SENSITIVE,0.0029087459247931907,433,65.17364597492382,10.292285547872105,0.42625669645852199;0.40377197487675981;0.62960270732734014;0.64226343324471258;0.23020718176974039;0.19628191788321445,0.009999999999994628,0.9900000000000048
near_symmetric_m2_least,0.01,768,0.02,SAFE_DELTA_AWAY_FROM_EPSILON,0.0029087459247931907,16,2.4082640545006493,10.292285547872105,0.42625669645852199;0.40377197487675981;0.62960270732734014;0.64226343324471258;0.23020718176974039;0.19628191788321445,0.009999999999994628,0.9900000000000048
near_symmetric_m2_least,0.01,768,0.05,SAFE_DELTA_AWAY_FROM_EPSILON,0.0029087459247931907,12,1.806198040875487,10.292285547872105,0.42625669645852199;0.40377197487675981;0.62960270732734014;0.64226343324471258;0.23020718176974039;0.19628191788321445,0.009999999999994628,0.9900000000000048
near_symmetric_m2_least,0.01,768,0.1,SAFE_DELTA_AWAY_FROM_EPSILON,0.0029087459247931907,8,1.2041320272503246,10.292285547872105,0.42625669645852199;0.40377197487675981;0.62960270732734014;0.64226343324471258;0.23020718176974039;0.19628191788321445,0.009999999999994628,0.9900000000000048
near_symmetric_m2_least,0.01,768,0.2,SAFE_DELTA_AWAY_FROM_EPSILON,0.0029087459247931907,5,0.7525825170314528,10.292285547872105,0.42625669645852199;0.40377197487675981;0.62960270732734014;0.64226343324471258;0.23020718176974039;0.19628191788321445,0.009999999999994628,0.9900000000000048
near_symmetric_m2_least,0.002,768,0.01,SAFE_DELTA_AWAY_FROM_EPSILON,0.0029087459247931907,16,2.4082640545006493,4.190935107837362,0.42505272415580397;0.40220090507882938;0.63171866989594982;0.64458610154258544;0.22580240106394023;0.19132325531804242,0.0019999999999945396,0.9980000000000049
near_symmetric_m2_least,0.002,768,0.02,SAFE_DELTA_AWAY_FROM_EPSILON,0.0029087459247931907,14,2.1072310476880682,4.190935107837362,0.42505272415580397;0.40220090507882938;0.63171866989594982;0.64458610154258544;0.22580240106394023;0.19132325531804242,0.0019999999999945396,0.9980000000000049
near_symmetric_m2_least,0.002,768,0.05,SAFE_DELTA_AWAY_FROM_EPSILON,0.0029087459247931907,12,1.806198040875487,4.190935107837362,0.42505272415580397;0.40220090507882938;0.63171866989594982;0.64458610154258544;0.22580240106394023;0.19132325531804242,0.0019999999999945396,0.9980000000000049
near_symmetric_m2_least,0.002,768,0.1,SAFE_DELTA_AWAY_FROM_EPSILON,0.0029087459247931907,8,1.2041320272503246,4.190935107837362,0.42505272415580397;0.40220090507882938;0.63171866989594982;0.64458610154258544;0.22580240106394023;0.19132325531804242,0.0019999999999945396,0.9980000000000049
near_symmetric_m2_least,0.002,768,0.2,SAFE_DELTA_AWAY_FROM_EPSILON,0.0029087459247931907,5,0.7525825170314528,4.190935107837362,0.42505272415580397;0.40220090507882938;0.63171866989594982;0.64458610154258544;0.22580240106394023;0.19132325531804242,0.0019999999999945396,0.9980000000000049
near_symmetric_m2_least,0.2,1024,0.01,SAFE_DELTA_AWAY_FROM_EPSILON,0.0029087459247931907,1024,147.73197218702984,206.63833878738498,0.48755374219501085;0.51353118015767585;0.58941028164917553;0.39118478577797072;0.38606726966530069;0.6292478664698955,0.19999999999999551,0.8000000000000038
near_symmetric_m2_least,0.2,1024,0.02,SAFE_DELTA_AWAY_FROM_EPSILON,0.0029087459247931907,1024,147.73197218702984,206.63833878738498,0.48755374219501085;0.51353118015767585;0.58941028164917553;0.39118478577797072;0.38606726966530069;0.6292478664698955,0.19999999999999551,0.8000000000000038
near_symmetric_m2_least,0.2,1024,0.05,SAFE_DELTA_AWAY_FROM_EPSILON,0.0029087459247931907,1024,147.73197218702984,206.63833878738498,0.48755374219501085;0.51353118015767585;0.58941028164917553;0.39118478577797072;0.38606726966530069;0.6292478664698955,0.19999999999999551,0.8000000000000038
near_symmetric_m2_least,0.2,1024,0.1,SAFE_DELTA_AWAY_FROM_EPSILON,0.0029087459247931907,1024,147.73197218702984,206.63833878738498,0.48755374219501085;0.51353118015767585;0.58941028164917553;0.39118478577797072;0.38606726966530069;0.6292478664698955,0.19999999999999551,0.8000000000000038
near_symmetric_m2_least,0.2,1024,0.2,EXCLUDED_FROM_FITS_DELTA_EQUALS_EPSILON_ROUNDOFF_SENSITIVE,0.0029087459247931907,573,82.6664258429376,206.63833878738498,0.48755374219501085;0.51353118015767585;0.58941028164917553;0.39118478577797072;0.38606726966530069;0.6292478664698955,0.19999999999999551,0.8000000000000038
near_symmetric_m2_least,0.05,1024,0.01,SAFE_DELTA_AWAY_FROM_EPSILON,0.0029087459247931907,1024,147.73197218702984,53.95750818107743,0.48133061329251631;0.52029677023651377;0.63411542247376329;0.33677717866695606;0.32910090449795099;0.69387179970484336,0.049999999999993265,0.9500000000000056
near_symmetric_m2_least,0.05,1024,0.02,SAFE_DELTA_AWAY_FROM_EPSILON,0.0029087459247931907,1024,147.73197218702984,53.95750818107743,0.48133061329251631;0.52029677023651377;0.63411542247376329;0.33677717866695606;0.32910090449795099;0.69387179970484336,0.049999999999993265,0.9500000000000056
near_symmetric_m2_least,0.05,1024,0.05,EXCLUDED_FROM_FITS_DELTA_EQUALS_EPSILON_ROUNDOFF_SENSITIVE,0.0029087459247931907,550,79.34822724889298,53.95750818107743,0.48133061329251631;0.52029677023651377;0.63411542247376329;0.33677717866695606;0.32910090449795099;0.69387179970484336,0.049999999999993265,0.9500000000000056
near_symmetric_m2_least,0.05,1024,0.1,SAFE_DELTA_AWAY_FROM_EPSILON,0.0029087459247931907,11,1.5869645449778598,53.95750818107743,0.48133061329251631;0.52029677023651377;0.63411542247376329;0.33677717866695606;0.32910090449795099;0.69387179970484336,0.049999999999993265,0.9500000000000056
near_symmetric_m2_least,0.05,1024,0.2,SAFE_DELTA_AWAY_FROM_EPSILON,0.0029087459247931907,7,1.0098865286222745,53.95750818107743,0.48133061329251631;0.52029677023651377;0.63411542247376329;0.33677717866695606;0.32910090449795099;0.69387179970484336,0.049999999999993265,0.9500000000000056
near_symmetric_m2_least,0.01,1024,0.01,EXCLUDED_FROM_FITS_DELTA_EQUALS_EPSILON_ROUNDOFF_SENSITIVE,0.0029087459247931907,554,79.92530526524857,13.242620019395444,0.47967111225185111;0.52210092759087057;0.64603679336031994;0.32226848343735215;0.31390987378665774;0.71110484856749612,0.00999999999999266,0.9900000000000061
near_symmetric_m2_least,0.01,1024,0.02,SAFE_DELTA_AWAY_FROM_EPSILON,0.0029087459247931907,18,2.596851073600134,13.242620019395444,0.47967111225185111;0.52210092759087057;0.64603679336031994;0.32226848343735215;0.31390987378665774;0.71110484856749612,0.00999999999999266,0.9900000000000061
near_symmetric_m2_least,0.01,1024,0.05,SAFE_DELTA_AWAY_FROM_EPSILON,0.0029087459247931907,13,1.8755035531556525,13.242620019395444,0.47967111225185111;0.52210092759087057;0.64603679336031994;0.32226848343735215;0.31390987378665774;0.71110484856749612,0.00999999999999266,0.9900000000000061
near_symmetric_m2_least,0.01,1024,0.1,SAFE_DELTA_AWAY_FROM_EPSILON,0.0029087459247931907,10,1.4426950408889634,13.242620019395444,0.47967111225185111;0.52210092759087057;0.64603679336031994;0.32226848343735215;0.31390987378665774;0.71110484856749612,0.00999999999999266,0.9900000000000061
near_symmetric_m2_least,0.01,1024,0.2,SAFE_DELTA_AWAY_FROM_EPSILON,0.0029087459247931907,6,0.8656170245333781,13.242620019395444,0.47967111225185111;0.52210092759087057;0.64603679336031994;0.32226848343735215;0.31390987378665774;0.71110484856749612,0.00999999999999266,0.9900000000000061
near_symmetric_m2_least,0.002,1024,0.01,SAFE_DELTA_AWAY_FROM_EPSILON,0.0029087459247931907,18,2.596851073600134,5.099642387059042,0.47933921204371804;0.52246175906174186;0.64842106753763129;0.31936674439143137;0.31087166764439911;0.71455145834002665,0.0019999999999925407,0.9980000000000062
near_symmetric_m2_least,0.002,1024,0.02,SAFE_DELTA_AWAY_FROM_EPSILON,0.0029087459247931907,14,2.019773057244549,5.099642387059042,0.47933921204371804;0.52246175906174186;0.64842106753763129;0.31936674439143137;0.31087166764439911;0.71455145834002665,0.0019999999999925407,0.9980000000000062
near_symmetric_m2_least,0.002,1024,0.05,SAFE_DELTA_AWAY_FROM_EPSILON,0.0029087459247931907,12,1.7312340490667562,5.099642387059042,0.47933921204371804;0.52246175906174186;0.64842106753763129;0.31936674439143137;0.31087166764439911;0.71455145834002665,0.0019999999999925407,0.9980000000000062
near_symmetric_m2_least,0.002,1024,0.1,SAFE_DELTA_AWAY_FROM_EPSILON,0.0029087459247931907,10,1.4426950408889634,5.099642387059042,0.47933921204371804;0.52246175906174186;0.64842106753763129;0.31936674439143137;0.31087166764439911;0.71455145834002665,0.0019999999999925407,0.9980000000000062
near_symmetric_m2_least,0.002,1024,0.2,SAFE_DELTA_AWAY_FROM_EPSILON,0.0029087459247931907,6,0.8656170245333781,5.099642387059042,0.47933921204371804;0.52246175906174186;0.64842106753763129;0.31936674439143137;0.31087166764439911;0.71455145834002665,0.0019999999999925407,0.9980000000000062
near_symmetric_m2_least,0.2,1536,0.01,SAFE_DELTA_AWAY_FROM_EPSILON,0.0029087459247931907,1536,209.35167060388474,309.4516702102386,0.49295718088866936;0.48041174910075773;0.53510519472518103;0.56123541015603629;0.4150005185712341;0.37683724099310711,0.19999999999999363,0.8000000000000047
near_symmetric_m2_least,0.2,1536,0.02,SAFE_DELTA_AWAY_FROM_EPSILON,0.0029087459247931907,1536,209.35167060388474,309.4516702102386,0.49295718088866936;0.48041174910075773;0.53510519472518103;0.56123541015603629;0.4150005185712341;0.37683724099310711,0.19999999999999363,0.8000000000000047
near_symmetric_m2_least,0.2,1536,0.05,SAFE_DELTA_AWAY_FROM_EPSILON,0.0029087459247931907,1536,209.35167060388474,309.4516702102386,0.49295718088866936;0.48041174910075773;0.53510519472518103;0.56123541015603629;0.4150005185712341;0.37683724099310711,0.19999999999999363,0.8000000000000047
near_symmetric_m2_least,0.2,1536,0.1,SAFE_DELTA_AWAY_FROM_EPSILON,0.0029087459247931907,1536,209.35167060388474,309.4516702102386,0.49295718088866936;0.48041174910075773;0.53510519472518103;0.56123541015603629;0.4150005185712341;0.37683724099310711,0.19999999999999363,0.8000000000000047
near_symmetric_m2_least,0.2,1536,0.2,EXCLUDED_FROM_FITS_DELTA_EQUALS_EPSILON_ROUNDOFF_SENSITIVE,0.0029087459247931907,826,112.58104161380781,309.4516702102386,0.49295718088866936;0.48041174910075773;0.53510519472518103;0.56123541015603629;0.4150005185712341;0.37683724099310711,0.19999999999999363,0.8000000000000047
near_symmetric_m2_least,0.05,1536,0.01,SAFE_DELTA_AWAY_FROM_EPSILON,0.0029087459247931907,1536,209.35167060388474,80.1775053153578,0.48943577133300398;0.47061762365113657;0.55265779208777166;0.59185311523405448;0.37250077785685121;0.31525586148966062,0.04999999999999041,0.9500000000000073
near_symmetric_m2_least,0.05,1536,0.02,SAFE_DELTA_AWAY_FROM_EPSILON,0.0029087459247931907,1536,209.35167060388474,80.1775053153578,0.48943577133300398;0.47061762365113657;0.55265779208777166;0.59185311523405448;0.37250077785685121;0.31525586148966062,0.04999999999999041,0.9500000000000073
near_symmetric_m2_least,0.05,1536,0.05,EXCLUDED_FROM_FITS_DELTA_EQUALS_EPSILON_ROUNDOFF_SENSITIVE,0.0029087459247931907,801,109.17362510007271,80.1775053153578,0.48943577133300398;0.47061762365113657;0.55265779208777166;0.59185311523405448;0.37250077785685121;0.31525586148966062,0.04999999999999041,0.9500000000000073
near_symmetric_m2_least,0.05,1536,0.1,SAFE_DELTA_AWAY_FROM_EPSILON,0.0029087459247931907,13,1.7718565871422538,80.1775053153578,0.48943577133300398;0.47061762365113657;0.55265779208777166;0.59185311523405448;0.37250077785685121;0.31525586148966062,0.04999999999999041,0.9500000000000073
near_symmetric_m2_least,0.05,1536,0.2,SAFE_DELTA_AWAY_FROM_EPSILON,0.0029087459247931907,9,1.2266699449446372,80.1775053153578,0.48943577133300398;0.47061762365113657;0.55265779208777166;0.59185311523405448;0.37250077785685121;0.31525586148966062,0.04999999999999041,0.9500000000000073
near_symmetric_m2_least,0.01,1536,0.01,EXCLUDED_FROM_FITS_DELTA_EQUALS_EPSILON_ROUNDOFF_SENSITIVE,0.0029087459247931907,812,110.67288836611615,19.037728010056306,0.48849672878482658;0.46800585686457097;0.55733848471779579;0.60001783658819263;0.36116751366634908;0.2988341602887416,0.009999999999989555,0.9900000000000079
near_symmetric_m2_least,0.01,1536,0.02,SAFE_DELTA_AWAY_FROM_EPSILON,0.0029087459247931907,19,2.5896365504386787,19.037728010056306,0.48849672878482658;0.46800585686457097;0.55733848471779579;0.60001783658819263;0.36116751366634908;0.2988341602887416,0.009999999999989555,0.9900000000000079
near_symmetric_m2_least,0.01,1536,0.05,SAFE_DELTA_AWAY_FROM_EPSILON,0.0029087459247931907,15,2.044449908241062,19.037728010056306,0.48849672878482658;0.46800585686457097;0.55733848471779579;0.60001783658819263;0.36116751366634908;0.2988341602887416,0.009999999999989555,0.9900000000000079
near_symmetric_m2_least,0.01,1536,0.1,SAFE_DELTA_AWAY_FROM_EPSILON,0.0029087459247931907,11,1.4992632660434455,19.037728010056306,0.48849672878482658;0.46800585686457097;0.55733848471779579;0.60001783658819263;0.36116751366634908;0.2988341602887416,0.009999999999989555,0.9900000000000079
near_symmetric_m2_least,0.01,1536,0.2,SAFE_DELTA_AWAY_FROM_EPSILON,0.0029087459247931907,8,1.0903732843952332,19.037728010056306,0.48849672878482658;0.46800585686457097;0.55733848471779579;0.60001783658819263;0.36116751366634908;0.2988341602887416,0.009999999999989555,0.9900000000000079
near_symmetric_m2_least,0.002,1536,0.01,SAFE_DELTA_AWAY_FROM_EPSILON,0.0029087459247931907,20,2.725933210988083,6.809772548995997,0.48830892027519107;0.46748350350725781;0.55827462324380062;0.60165078085902024;0.35890086082824862;0.29554982004855779,0.0019999999999893844,0.998000000000008
near_symmetric_m2_least,0.002,1536,0.02,SAFE_DELTA_AWAY_FROM_EPSILON,0.0029087459247931907,17,2.31704322933987,6.809772548995997,0.48830892027519107;0.46748350350725781;0.55827462324380062;0.60165078085902024;0.35890086082824862;0.29554982004855779,0.0019999999999893844,0.998000000000008
near_symmetric_m2_least,0.002,1536,0.05,SAFE_DELTA_AWAY_FROM_EPSILON,0.0029087459247931907,14,1.9081532476916578,6.809772548995997,0.48830892027519107;0.46748350350725781;0.55827462324380062;0.60165078085902024;0.35890086082824862;0.29554982004855779,0.0019999999999893844,0.998000000000008
near_symmetric_m2_least,0.002,1536,0.1,SAFE_DELTA_AWAY_FROM_EPSILON,0.0029087459247931907,11,1.4992632660434455,6.809772548995997,0.48830892027519107;0.46748350350725781;0.55827462324380062;0.60165078085902024;0.35890086082824862;0.29554982004855779,0.0019999999999893844,0.998000000000008
near_symmetric_m2_least,0.002,1536,0.2,SAFE_DELTA_AWAY_FROM_EPSILON,0.0029087459247931907,8,1.0903732843952332,6.809772548995997,0.48830892027519107;0.46748350350725781;0.55827462324380062;0.60165078085902024;0.35890086082824862;0.29554982004855779,0.0019999999999893844,0.998000000000008
near_symmetric_m2_least,0.2,2048,0.01,SAFE_DELTA_AWAY_FROM_EPSILON,0.0029087459247931907,2048,268.6035857945997,412.29864859484894,0.49316231359464707;0.50811646698962698;0.51001704093714839;0.48590337155643987;0.58344125624062726;0.4072542174815395,0.19999999999999052,0.8000000000000069
near_symmetric_m2_least,0.2,2048,0.02,SAFE_DELTA_AWAY_FROM_EPSILON,0.0029087459247931907,2048,268.6035857945997,412.29864859484894,0.49316231359464707;0.50811646698962698;0.51001704093714839;0.48590337155643987;0.58344125624062726;0.4072542174815395,0.19999999999999052,0.8000000000000069
near_symmetric_m2_least,0.2,2048,0.05,SAFE_DELTA_AWAY_FROM_EPSILON,0.0029087459247931907,2048,268.6035857945997,412.29864859484894,0.49316231359464707;0.50811646698962698;0.51001704093714839;0.48590337155643987;0.58344125624062726;0.4072542174815395,0.19999999999999052,0.8000000000000069
near_symmetric_m2_least,0.2,2048,0.1,SAFE_DELTA_AWAY_FROM_EPSILON,0.0029087459247931907,2048,268.6035857945997,412.29864859484894,0.49316231359464707;0.50811646698962698;0.51001704093714839;0.48590337155643987;0.58344125624062726;0.4072542174815395,0.19999999999999052,0.8000000000000069
near_symmetric_m2_least,0.2,2048,0.2,EXCLUDED_FROM_FITS_DELTA_EQUALS_EPSILON_ROUNDOFF_SENSITIVE,0.0029087459247931907,1093,143.35142542651246,412.29864859484894,0.49316231359464707;0.50811646698962698;0.51001704093714839;0.48590337155643987;0.58344125624062726;0.4072542174815395,0.19999999999999052,0.8000000000000069
near_symmetric_m2_least,0.05,2048,0.01,SAFE_DELTA_AWAY_FROM_EPSILON,0.0029087459247931907,2048,268.6035857945997,106.44797289227336,0.48974347039197058;0.51217470048444058;0.51502556140572264;0.47885505733465983;0.62516188436094089;0.36088132622230923,0.04999999999998578,0.9500000000000105
near_symmetric_m2_least,0.05,2048,0.02,SAFE_DELTA_AWAY_FROM_EPSILON,0.0029087459247931907,2048,268.6035857945997,106.44797289227336,0.48974347039197058;0.51217470048444058;0.51502556140572264;0.47885505733465983;0.62516188436094089;0.36088132622230923,0.04999999999998578,0.9500000000000105
near_symmetric_m2_least,0.05,2048,0.05,EXCLUDED_FROM_FITS_DELTA_EQUALS_EPSILON_ROUNDOFF_SENSITIVE,0.0029087459247931907,1061,139.15449439847183,106.44797289227336,0.48974347039197058;0.51217470048444058;0.51502556140572264;0.47885505733465983;0.62516188436094089;0.36088132622230923,0.04999999999998578,0.9500000000000105
near_symmetric_m2_least,0.05,2048,0.1,SAFE_DELTA_AWAY_FROM_EPSILON,0.0029087459247931907,16,2.0984655140203103,106.44797289227336,0.48974347039197058;0.51217470048444058;0.51502556140572264;0.47885505733465983;0.62516188436094089;0.36088132622230923,0.04999999999998578,0.9500000000000105
near_symmetric_m2_least,0.05,2048,0.2,SAFE_DELTA_AWAY_FROM_EPSILON,0.0029087459247931907,12,1.5738491355152329,106.44797289227336,0.48974347039197058;0.51217470048444058;0.51502556140572264;0.47885505733465983;0.62516188436094089;0.36088132622230923,0.04999999999998578,0.9500000000000105
near_symmetric_m2_least,0.01,2048,0.01,EXCLUDED_FROM_FITS_DELTA_EQUALS_EPSILON_ROUNDOFF_SENSITIVE,0.0029087459247931907,1073,140.72834353398707,24.88779270491992,0.48883177887125684;0.51325689608305747;0.51636116686400912;0.47697550687551848;0.63628738519302441;0.34851522188651451,0.009999999999984509,0.9900000000000113
near_symmetric_m2_least,0.01,2048,0.02,SAFE_DELTA_AWAY_FROM_EPSILON,0.0029087459247931907,20,2.623081892525388,24.88779270491992,0.48883177887125684;0.51325689608305747;0.51636116686400912;0.47697550687551848;0.63628738519302441;0.34851522188651451,0.009999999999984509,0.9900000000000113
near_symmetric_m2_least,0.01,2048,0.05,SAFE_DELTA_AWAY_FROM_EPSILON,0.0029087459247931907,16,2.0984655140203103,24.88779270491992,0.48883177887125684;0.51325689608305747;0.51636116686400912;0.47697550687551848;0.63628738519302441;0.34851522188651451,0.009999999999984509,0.9900000000000113
near_symmetric_m2_least,0.01,2048,0.1,SAFE_DELTA_AWAY_FROM_EPSILON,0.0029087459247931907,12,1.5738491355152329,24.88779270491992,0.48883177887125684;0.51325689608305747;0.51636116686400912;0.47697550687551848;0.63628738519302441;0.34851522188651451,0.009999999999984509,0.9900000000000113
near_symmetric_m2_least,0.01,2048,0.2,SAFE_DELTA_AWAY_FROM_EPSILON,0.0029087459247931907,9,1.1803868516364246,24.88779270491992,0.48883177887125684;0.51325689608305747;0.51636116686400912;0.47697550687551848;0.63628738519302441;0.34851522188651451,0.009999999999984509,0.9900000000000113
near_symmetric_m2_least,0.002,2048,0.01,SAFE_DELTA_AWAY_FROM_EPSILON,0.0029087459247931907,21,2.7542359871516573,8.57575666744922,0.48864944056711412;0.51347333520278093;0.5166282879556664;0.47659959678369024;0.63851248535944116;0.34604200101935556,0.001999999999984256,0.9980000000000115
near_symmetric_m2_least,0.002,2048,0.02,SAFE_DELTA_AWAY_FROM_EPSILON,0.0029087459247931907,20,2.623081892525388,8.57575666744922,0.48864944056711412;0.51347333520278093;0.5166282879556664;0.47659959678369024;0.63851248535944116;0.34604200101935556,0.001999999999984256,0.9980000000000115
near_symmetric_m2_least,0.002,2048,0.05,SAFE_DELTA_AWAY_FROM_EPSILON,0.0029087459247931907,16,2.0984655140203103,8.57575666744922,0.48864944056711412;0.51347333520278093;0.5166282879556664;0.47659959678369024;0.63851248535944116;0.34604200101935556,0.001999999999984256,0.9980000000000115
near_symmetric_m2_least,0.002,2048,0.1,SAFE_DELTA_AWAY_FROM_EPSILON,0.0029087459247931907,12,1.5738491355152329,8.57575666744922,0.48864944056711412;0.51347333520278093;0.5166282879556664;0.47659959678369024;0.63851248535944116;0.34604200101935556,0.001999999999984256,0.9980000000000115
near_symmetric_m2_least,0.002,2048,0.2,SAFE_DELTA_AWAY_FROM_EPSILON,0.0029087459247931907,9,1.1803868516364246,8.57575666744922,0.48864944056711412;0.51347333520278093;0.5166282879556664;0.47659959678369024;0.63851248535944116;0.34604200101935556,0.001999999999984256,0.9980000000000115
near_symmetric_m3_selected,0.2,8,0.01,SAFE_DELTA_AWAY_FROM_EPSILON,0.015191903320472655,8,3.8471867757039027,2.3972551126878883,0.50899284933133448;0.55042483013456855;0.39814892087640874;0.23085697458655594;0.22506156994196505;0.20257893590550224,0.20000062141681127,0.5504248301345686
near_symmetric_m3_selected,0.2,8,0.02,SAFE_DELTA_AWAY_FROM_EPSILON,0.015191903320472655,8,3.8471867757039027,2.3972551126878883,0.50899284933133448;0.55042483013456855;0.39814892087640874;0.23085697458655594;0.22506156994196505;0.20257893590550224,0.20000062141681127,0.5504248301345686
near_symmetric_m3_selected,0.2,8,0.05,SAFE_DELTA_AWAY_FROM_EPSILON,0.015191903320472655,8,3.8471867757039027,2.3972551126878883,0.50899284933133448;0.55042483013456855;0.39814892087640874;0.23085697458655594;0.22506156994196505;0.20257893590550224,0.20000062141681127,0.5504248301345686
near_symmetric_m3_selected,0.2,8,0.1,SAFE_DELTA_AWAY_FROM_EPSILON,0.015191903320472655,8,3.8471867757039027,2.3972551126878883,0.50899284933133448;0.55042483013456855;0.39814892087640874;0.23085697458655594;0.22506156994196505;0.20257893590550224,0.20000062141681127,0.5504248301345686
near_symmetric_m3_selected,0.2,8,0.2,EXCLUDED_FROM_FITS_DELTA_EQUALS_EPSILON_ROUNDOFF_SENSITIVE,0.015191903320472655,8,3.8471867757039027,2.3972551126878883,0.50899284933133448;0.55042483013456855;0.39814892087640874;0.23085697458655594;0.22506156994196505;0.20257893590550224,0.20000062141681127,0.5504248301345686
near_symmetric_m3_selected,0.05,8,0.01,SAFE_DELTA_AWAY_FROM_EPSILON,0.015191903320472655,8,3.8471867757039027,1.5958826690318324,0.51348927399700184;0.57563724520185289;0.34722338131461311;0.096285461879833889;0.08759235491294759;0.053868403858253359,0.05000093212521688,0.5756372452018529
near_symmetric_m3_selected,0.05,8,0.02,SAFE_DELTA_AWAY_FROM_EPSILON,0.015191903320472655,8,3.8471867757039027,1.5958826690318324,0.51348927399700184;0.57563724520185289;0.34722338131461311;0.096285461879833889;0.08759235491294759;0.053868403858253359,0.05000093212521688,0.5756372452018529
near_symmetric_m3_selected,0.05,8,0.05,EXCLUDED_FROM_FITS_DELTA_EQUALS_EPSILON_ROUNDOFF_SENSITIVE,0.015191903320472655,8,3.8471867757039027,1.5958826690318324,0.51348927399700184;0.57563724520185289;0.34722338131461311;0.096285461879833889;0.08759235491294759;0.053868403858253359,0.05000093212521688,0.5756372452018529
near_symmetric_m3_selected,0.05,8,0.1,SAFE_DELTA_AWAY_FROM_EPSILON,0.015191903320472655,3,1.4426950408889636,1.5958826690318324,0.51348927399700184;0.57563724520185289;0.34722338131461311;0.096285461879833889;0.08759235491294759;0.053868403858253359,0.05000093212521688,0.5756372452018529
near_symmetric_m3_selected,0.05,8,0.2,SAFE_DELTA_AWAY_FROM_EPSILON,0.015191903320472655,3,1.4426950408889636,1.5958826690318324,0.51348927399700184;0.57563724520185289;0.34722338131461311;0.096285461879833889;0.08759235491294759;0.053868403858253359,0.05000093212521688,0.5756372452018529
near_symmetric_m3_selected,0.01,8,0.01,EXCLUDED_FROM_FITS_DELTA_EQUALS_EPSILON_ROUNDOFF_SENSITIVE,0.015191903320472655,8,3.8471867757039027,1.3821833507235508,0.51468832057451308;0.58236055588646196;0.33364323743146762;0.060399725158041345;0.050933897571876253;0.014212261978986987,0.010001014980791718,0.582360555886462
near_symmetric_m3_selected,0.01,8,0.02,SAFE_DELTA_AWAY_FROM_EPSILON,0.015191903320472655,5,2.4044917348149393,1.3821833507235508,0.51468832057451308;0.58236055588646196;0.33364323743146762;0.060399725158041345;0.050933897571876253;0.014212261978986987,0.010001014980791718,0.582360555886462
near_symmetric_m3_selected,0.01,8,0.05,SAFE_DELTA_AWAY_FROM_EPSILON,0.015191903320472655,5,2.4044917348149393,1.3821833507235508,0.51468832057451308;0.58236055588646196;0.33364323743146762;0.060399725158041345;0.050933897571876253;0.014212261978986987,0.010001014980791718,0.582360555886462
near_symmetric_m3_selected,0.01,8,0.1,SAFE_DELTA_AWAY_FROM_EPSILON,0.015191903320472655,3,1.4426950408889636,1.3821833507235508,0.51468832057451308;0.58236055588646196;0.33364323743146762;0.060399725158041345;0.050933897571876253;0.014212261978986987,0.010001014980791718,0.582360555886462
near_symmetric_m3_selected,0.01,8,0.2,SAFE_DELTA_AWAY_FROM_EPSILON,0.015191903320472655,3,1.4426950408889636,1.3821833507235508,0.51468832057451308;0.58236055588646196;0.33364323743146762;0.060399725158041345;0.050933897571876253;0.014212261978986987,0.010001014980791718,0.582360555886462
near_symmetric_m3_selected,0.002,8,0.01,SAFE_DELTA_AWAY_FROM_EPSILON,0.015191903320472655,5,2.4044917348149393,1.3394434870618945,0.51492812989001535;0.58370521802338382;0.33092720865483849;0.053222577813682836;0.043602206103661986;0.0062810336031337132,0.0020010315519066843,0.5837052180233838
near_symmetric_m3_selected,0.002,8,0.02,SAFE_DELTA_AWAY_FROM_EPSILON,0.015191903320472655,5,2.4044917348149393,1.3394434870618945,0.51492812989001535;0.58370521802338382;0.33092720865483849;0.053222577813682836;0.043602206103661986;0.0062810336031337132,0.0020010315519066843,0.5837052180233838
near_symmetric_m3_selected,0.002,8,0.05,SAFE_DELTA_AWAY_FROM_EPSILON,0.015191903320472655,4,1.9235933878519513,1.3394434870618945,0.51492812989001535;0.58370521802338382;0.33092720865483849;0.053222577813682836;0.043602206103661986;0.0062810336031337132,0.0020010315519066843,0.5837052180233838
near_symmetric_m3_selected,0.002,8,0.1,SAFE_DELTA_AWAY_FROM_EPSILON,0.015191903320472655,3,1.4426950408889636,1.3394434870618945,0.51492812989001535;0.58370521802338382;0.33092720865483849;0.053222577813682836;0.043602206103661986;0.0062810336031337132,0.0020010315519066843,0.5837052180233838
near_symmetric_m3_selected,0.002,8,0.2,SAFE_DELTA_AWAY_FROM_EPSILON,0.015191903320472655,3,1.4426950408889636,1.3394434870618945,0.51492812989001535;0.58370521802338382;0.33092720865483849;0.053222577813682836;0.043602206103661986;0.0062810336031337132,0.0020010315519066843,0.5837052180233838
near_symmetric_m3_selected,0.2,12,0.01,SAFE_DELTA_AWAY_FROM_EPSILON,0.015191903320472655,12,4.829155252582136,3.202688029871652,0.54447005980311536;0.58637575768436412;0.65487802129146522;0.30065523559504276;0.25367051805256141;0.22940258136063896,0.2000000000446753,0.6548780212914652
near_symmetric_m3_selected,0.2,12,0.02,SAFE_DELTA_AWAY_FROM_EPSILON,0.015191903320472655,12,4.829155252582136,3.202688029871652,0.54447005980311536;0.58637575768436412;0.65487802129146522;0.30065523559504276;0.25367051805256141;0.22940258136063896,0.2000000000446753,0.6548780212914652
near_symmetric_m3_selected,0.2,12,0.05,SAFE_DELTA_AWAY_FROM_EPSILON,0.015191903320472655,12,4.829155252582136,3.202688029871652,0.54447005980311536;0.58637575768436412;0.65487802129146522;0.30065523559504276;0.25367051805256141;0.22940258136063896,0.2000000000446753,0.6548780212914652
near_symmetric_m3_selected,0.2,12,0.1,SAFE_DELTA_AWAY_FROM_EPSILON,0.015191903320472655,12,4.829155252582136,3.202688029871652,0.54447005980311536;0.58637575768436412;0.65487802129146522;0.30065523559504276;0.25367051805256141;0.22940258136063896,0.2000000000446753,0.6548780212914652
near_symmetric_m3_selected,0.2,12,0.2,EXCLUDED_FROM_FITS_DELTA_EQUALS_EPSILON_ROUNDOFF_SENSITIVE,0.015191903320472655,12,4.829155252582136,3.202688029871652,0.54447005980311536;0.58637575768436412;0.65487802129146522;0.30065523559504276;0.25367051805256141;0.22940258136063896,0.2000000000446753,0.6548780212914652
near_symmetric_m3_selected,0.05,12,0.01,SAFE_DELTA_AWAY_FROM_EPSILON,0.015191903320472655,12,4.829155252582136,1.804032044807478,0.56670508970467315;0.62956363652654623;0.73231703193719788;0.20098285339256416;0.13050577707884214;0.094103872040958436,0.05000000006701294,0.7323170319371979
near_symmetric_m3_selected,0.05,12,0.02,SAFE_DELTA_AWAY_FROM_EPSILON,0.015191903320472655,12,4.829155252582136,1.804032044807478,0.56670508970467315;0.62956363652654623;0.73231703193719788;0.20098285339256416;0.13050577707884214;0.094103872040958436,0.05000000006701294,0.7323170319371979
near_symmetric_m3_selected,0.05,12,0.05,EXCLUDED_FROM_FITS_DELTA_EQUALS_EPSILON_ROUNDOFF_SENSITIVE,0.015191903320472655,12,4.829155252582136,1.804032044807478,0.56670508970467315;0.62956363652654623;0.73231703193719788;0.20098285339256416;0.13050577707884214;0.094103872040958436,0.05000000006701294,0.7323170319371979
near_symmetric_m3_selected,0.05,12,0.1,SAFE_DELTA_AWAY_FROM_EPSILON,0.015191903320472655,5,2.012148021909223,1.804032044807478,0.56670508970467315;0.62956363652654623;0.73231703193719788;0.20098285339256416;0.13050577707884214;0.094103872040958436,0.05000000006701294,0.7323170319371979
near_symmetric_m3_selected,0.05,12,0.2,SAFE_DELTA_AWAY_FROM_EPSILON,0.015191903320472655,4,1.6097184175273787,1.804032044807478,0.56670508970467315;0.62956363652654623;0.73231703193719788;0.20098285339256416;0.13050577707884214;0.094103872040958436,0.05000000006701294,0.7323170319371979
near_symmetric_m3_selected,0.01,12,0.01,EXCLUDED_FROM_FITS_DELTA_EQUALS_EPSILON_ROUNDOFF_SENSITIVE,0.015191903320472655,12,4.829155252582136,1.4310571154570315,0.57263443101175504;0.64108040421779466;0.75296743477605987;0.17440355147190317;0.097661846152516982;0.058024216222376954,0.010000000072969641,0.7529674347760599
near_symmetric_m3_selected,0.01,12,0.02,SAFE_DELTA_AWAY_FROM_EPSILON,0.015191903320472655,6,2.414577626291068,1.4310571154570315,0.57263443101175504;0.64108040421779466;0.75296743477605987;0.17440355147190317;0.097661846152516982;0.058024216222376954,0.010000000072969641,0.7529674347760599
near_symmetric_m3_selected,0.01,12,0.05,SAFE_DELTA_AWAY_FROM_EPSILON,0.015191903320472655,6,2.414577626291068,1.4310571154570315,0.57263443101175504;0.64108040421779466;0.75296743477605987;0.17440355147190317;0.097661846152516982;0.058024216222376954,0.010000000072969641,0.7529674347760599
near_symmetric_m3_selected,0.01,12,0.1,SAFE_DELTA_AWAY_FROM_EPSILON,0.015191903320472655,4,1.6097184175273787,1.4310571154570315,0.57263443101175504;0.64108040421779466;0.75296743477605987;0.17440355147190317;0.097661846152516982;0.058024216222376954,0.010000000072969641,0.7529674347760599
near_symmetric_m3_selected,0.01,12,0.2,SAFE_DELTA_AWAY_FROM_EPSILON,0.015191903320472655,3,1.207288813145534,1.4310571154570315,0.57263443101175504;0.64108040421779466;0.75296743477605987;0.17440355147190317;0.097661846152516982;0.058024216222376954,0.010000000072969641,0.7529674347760599
near_symmetric_m3_selected,0.002,12,0.01,SAFE_DELTA_AWAY_FROM_EPSILON,0.015191903320472655,6,2.414577626291068,1.3564621295869426,0.57382029927317146;0.64338375775604439;0.75709751534383229;0.169087691087771;0.091093059967251963;0.050808285058660661,0.0020000000741609817,0.7570975153438323
near_symmetric_m3_selected,0.002,12,0.02,SAFE_DELTA_AWAY_FROM_EPSILON,0.015191903320472655,6,2.414577626291068,1.3564621295869426,0.57382029927317146;0.64338375775604439;0.75709751534383229;0.169087691087771;0.091093059967251963;0.050808285058660661,0.0020000000741609817,0.7570975153438323
near_symmetric_m3_selected,0.002,12,0.05,SAFE_DELTA_AWAY_FROM_EPSILON,0.015191903320472655,6,2.414577626291068,1.3564621295869426,0.57382029927317146;0.64338375775604439;0.75709751534383229;0.169087691087771;0.091093059967251963;0.050808285058660661,0.0020000000741609817,0.7570975153438323
near_symmetric_m3_selected,0.002,12,0.1,SAFE_DELTA_AWAY_FROM_EPSILON,0.015191903320472655,4,1.6097184175273787,1.3564621295869426,0.57382029927317146;0.64338375775604439;0.75709751534383229;0.169087691087771;0.091093059967251963;0.050808285058660661,0.0020000000741609817,0.7570975153438323
near_symmetric_m3_selected,0.002,12,0.2,SAFE_DELTA_AWAY_FROM_EPSILON,0.015191903320472655,3,1.207288813145534,1.3564621295869426,0.57382029927317146;0.64338375775604439;0.75709751534383229;0.169087691087771;0.091093059967251963;0.050808285058660661,0.0020000000741609817,0.7570975153438323
near_symmetric_m3_selected,0.2,16,0.01,SAFE_DELTA_AWAY_FROM_EPSILON,0.015191903320472655,16,5.7707801635558535,3.968105796726218,0.36372323627744618;0.65262164808833323;0.67885435264385108;0.32006833138970325;0.70056157252440099;0.29631912628728369,0.20000000000001864,0.700561572524401
near_symmetric_m3_selected,0.2,16,0.02,SAFE_DELTA_AWAY_FROM_EPSILON,0.015191903320472655,16,5.7707801635558535,3.968105796726218,0.36372323627744618;0.65262164808833323;0.67885435264385108;0.32006833138970325;0.70056157252440099;0.29631912628728369,0.20000000000001864,0.700561572524401
near_symmetric_m3_selected,0.2,16,0.05,SAFE_DELTA_AWAY_FROM_EPSILON,0.015191903320472655,16,5.7707801635558535,3.968105796726218,0.36372323627744618;0.65262164808833323;0.67885435264385108;0.32006833138970325;0.70056157252440099;0.29631912628728369,0.20000000000001864,0.700561572524401
near_symmetric_m3_selected,0.2,16,0.1,SAFE_DELTA_AWAY_FROM_EPSILON,0.015191903320472655,16,5.7707801635558535,3.968105796726218,0.36372323627744618;0.65262164808833323;0.67885435264385108;0.32006833138970325;0.70056157252440099;0.29631912628728369,0.20000000000001864,0.700561572524401
near_symmetric_m3_selected,0.2,16,0.2,EXCLUDED_FROM_FITS_DELTA_EQUALS_EPSILON_ROUNDOFF_SENSITIVE,0.015191903320472655,16,5.7707801635558535,3.968105796726218,0.36372323627744618;0.65262164808833323;0.67885435264385108;0.32006833138970325;0.70056157252440099;0.29631912628728369,0.20000000000001864,0.700561572524401
near_symmetric_m3_selected,0.05,16,0.01,SAFE_DELTA_AWAY_FROM_EPSILON,0.015191903320472655,16,5.7707801635558535,1.9521586950893266,0.29558485441616927;0.7289324721324999;0.76828152896577673;0.23010249708455488;0.80084235878660148;0.1944786894309255,0.050000000000027946,0.8008423587866015
near_symmetric_m3_selected,0.05,16,0.02,SAFE_DELTA_AWAY_FROM_EPSILON,0.015191903320472655,16,5.7707801635558535,1.9521586950893266,0.29558485441616927;0.7289324721324999;0.76828152896577673;0.23010249708455488;0.80084235878660148;0.1944786894309255,0.050000000000027946,0.8008423587866015
near_symmetric_m3_selected,0.05,16,0.05,EXCLUDED_FROM_FITS_DELTA_EQUALS_EPSILON_ROUNDOFF_SENSITIVE,0.015191903320472655,16,5.7707801635558535,1.9521586950893266,0.29558485441616927;0.7289324721324999;0.76828152896577673;0.23010249708455488;0.80084235878660148;0.1944786894309255,0.050000000000027946,0.8008423587866015
near_symmetric_m3_selected,0.05,16,0.1,SAFE_DELTA_AWAY_FROM_EPSILON,0.015191903320472655,6,2.1640425613334453,1.9521586950893266,0.29558485441616927;0.7289324721324999;0.76828152896577673;0.23010249708455488;0.80084235878660148;0.1944786894309255,0.050000000000027946,0.8008423587866015
near_symmetric_m3_selected,0.05,16,0.2,SAFE_DELTA_AWAY_FROM_EPSILON,0.015191903320472655,4,1.4426950408889634,1.9521586950893266,0.29558485441616927;0.7289324721324999;0.76828152896577673;0.23010249708455488;0.80084235878660148;0.1944786894309255,0.050000000000027946,0.8008423587866015
near_symmetric_m3_selected,0.01,16,0.01,EXCLUDED_FROM_FITS_DELTA_EQUALS_EPSILON_ROUNDOFF_SENSITIVE,0.015191903320472655,16,5.7707801635558535,1.414572801319489,0.27741461925316208;0.74928202521094434;0.79212877598495679;0.20611160793651528;0.82758390178985486;0.16732123960256334,0.010000000000030426,0.8275839017898549
near_symmetric_m3_selected,0.01,16,0.02,SAFE_DELTA_AWAY_FROM_EPSILON,0.015191903320472655,7,2.5247163215556863,1.414572801319489,0.27741461925316208;0.74928202521094434;0.79212877598495679;0.20611160793651528;0.82758390178985486;0.16732123960256334,0.010000000000030426,0.8275839017898549
near_symmetric_m3_selected,0.01,16,0.05,SAFE_DELTA_AWAY_FROM_EPSILON,0.015191903320472655,6,2.1640425613334453,1.414572801319489,0.27741461925316208;0.74928202521094434;0.79212877598495679;0.20611160793651528;0.82758390178985486;0.16732123960256334,0.010000000000030426,0.8275839017898549
near_symmetric_m3_selected,0.01,16,0.1,SAFE_DELTA_AWAY_FROM_EPSILON,0.015191903320472655,6,2.1640425613334453,1.414572801319489,0.27741461925316208;0.74928202521094434;0.79212877598495679;0.20611160793651528;0.82758390178985486;0.16732123960256334,0.010000000000030426,0.8275839017898549
near_symmetric_m3_selected,0.01,16,0.2,SAFE_DELTA_AWAY_FROM_EPSILON,0.015191903320472655,4,1.4426950408889634,1.414572801319489,0.27741461925316208;0.74928202521094434;0.79212877598495679;0.20611160793651528;0.82758390178985486;0.16732123960256334,0.010000000000030426,0.8275839017898549
near_symmetric_m3_selected,0.002,16,0.01,SAFE_DELTA_AWAY_FROM_EPSILON,0.015191903320472655,7,2.5247163215556863,1.3070556225655214,0.27378057222056068;0.75335193582663318;0.79689822538879285;0.20131343010690736;0.83293221039050558;0.1618897496368909,0.0020000000000309215,0.8329322103905056
near_symmetric_m3_selected,0.002,16,0.02,SAFE_DELTA_AWAY_FROM_EPSILON,0.015191903320472655,7,2.5247163215556863,1.3070556225655214,0.27378057222056068;0.75335193582663318;0.79689822538879285;0.20131343010690736;0.83293221039050558;0.1618897496368909,0.0020000000000309215,0.8329322103905056
near_symmetric_m3_selected,0.002,16,0.05,SAFE_DELTA_AWAY_FROM_EPSILON,0.015191903320472655,6,2.1640425613334453,1.3070556225655214,0.27378057222056068;0.75335193582663318;0.79689822538879285;0.20131343010690736;0.83293221039050558;0.1618897496368909,0.0020000000000309215,0.8329322103905056
near_symmetric_m3_selected,0.002,16,0.1,SAFE_DELTA_AWAY_FROM_EPSILON,0.015191903320472655,6,2.1640425613334453,1.3070556225655214,0.27378057222056068;0.75335193582663318;0.79689822538879285;0.20131343010690736;0.83293221039050558;0.1618897496368909,0.0020000000000309215,0.8329322103905056
near_symmetric_m3_selected,0.002,16,0.2,SAFE_DELTA_AWAY_FROM_EPSILON,0.015191903320472655,4,1.4426950408889634,1.3070556225655214,0.27378057222056068;0.75335193582663318;0.79689822538879285;0.20131343010690736;0.83293221039050558;0.1618897496368909,0.0020000000000309215,0.8329322103905056
near_symmetric_m3_selected,0.2,24,0.01,SAFE_DELTA_AWAY_FROM_EPSILON,0.015191903320472655,24,7.551791530658996,5.825413063715891,0.53280675021688051;0.54847586447672969;0.43172581178606395;0.26612613924938289;0.73672224186135704;0.25641958963673689,0.19999999999999993,0.7727588132783609
near_symmetric_m3_selected,0.2,24,0.02,SAFE_DELTA_AWAY_FROM_EPSILON,0.015191903320472655,24,7.551791530658996,5.825413063715891,0.53280675021688051;0.54847586447672969;0.43172581178606395;0.26612613924938289;0.73672224186135704;0.25641958963673689,0.19999999999999993,0.7727588132783609
near_symmetric_m3_selected,0.2,24,0.05,SAFE_DELTA_AWAY_FROM_EPSILON,0.015191903320472655,24,7.551791530658996,5.825413063715891,0.53280675021688051;0.54847586447672969;0.43172581178606395;0.26612613924938289;0.73672224186135704;0.25641958963673689,0.19999999999999993,0.7727588132783609
near_symmetric_m3_selected,0.2,24,0.1,SAFE_DELTA_AWAY_FROM_EPSILON,0.015191903320472655,24,7.551791530658996,5.825413063715891,0.53280675021688051;0.54847586447672969;0.43172581178606395;0.26612613924938289;0.73672224186135704;0.25641958963673689,0.19999999999999993,0.7727588132783609
near_symmetric_m3_selected,0.2,24,0.2,EXCLUDED_FROM_FITS_DELTA_EQUALS_EPSILON_ROUNDOFF_SENSITIVE,0.015191903320472655,23,7.237133550214872,5.825413063715891,0.53280675021688051;0.54847586447672969;0.43172581178606395;0.26612613924938289;0.73672224186135704;0.25641958963673689,0.19999999999999993,0.7727588132783609
near_symmetric_m3_selected,0.05,24,0.01,SAFE_DELTA_AWAY_FROM_EPSILON,0.015191903320472655,24,7.551791530658996,2.7381195955738358,0.54921012532532065;0.57271379671509459;0.39758871767909593;0.14918920887407439;0.85508336279203556;0.13462938445510531,0.04999999999999988,0.9091382199175416
near_symmetric_m3_selected,0.05,24,0.02,SAFE_DELTA_AWAY_FROM_EPSILON,0.015191903320472655,24,7.551791530658996,2.7381195955738358,0.54921012532532065;0.57271379671509459;0.39758871767909593;0.14918920887407439;0.85508336279203556;0.13462938445510531,0.04999999999999988,0.9091382199175416
near_symmetric_m3_selected,0.05,24,0.05,EXCLUDED_FROM_FITS_DELTA_EQUALS_EPSILON_ROUNDOFF_SENSITIVE,0.015191903320472655,23,7.237133550214872,2.7381195955738358,0.54921012532532065;0.57271379671509459;0.39758871767909593;0.14918920887407439;0.85508336279203556;0.13462938445510531,0.04999999999999988,0.9091382199175416
near_symmetric_m3_selected,0.05,24,0.1,SAFE_DELTA_AWAY_FROM_EPSILON,0.015191903320472655,6,1.887947882664749,2.7381195955738358,0.54921012532532065;0.57271379671509459;0.39758871767909593;0.14918920887407439;0.85508336279203556;0.13462938445510531,0.04999999999999988,0.9091382199175416
near_symmetric_m3_selected,0.05,24,0.2,SAFE_DELTA_AWAY_FROM_EPSILON,0.015191903320472655,3,0.9439739413323746,2.7381195955738358,0.54921012532532065;0.57271379671509459;0.39758871767909593;0.14918920887407439;0.85508336279203556;0.13462938445510531,0.04999999999999988,0.9091382199175416
near_symmetric_m3_selected,0.01,24,0.01,EXCLUDED_FROM_FITS_DELTA_EQUALS_EPSILON_ROUNDOFF_SENSITIVE,0.015191903320472655,23,7.237133550214872,1.9148413374026214,0.55358435868757139;0.57917724531199177;0.38848549258390447;0.11800602744065875;0.88664632837354973;0.10215199640667021,0.009999999999999868,0.9455060616879897
near_symmetric_m3_selected,0.01,24,0.02,SAFE_DELTA_AWAY_FROM_EPSILON,0.015191903320472655,9,2.8319218239971238,1.9148413374026214,0.55358435868757139;0.57917724531199177;0.38848549258390447;0.11800602744065875;0.88664632837354973;0.10215199640667021,0.009999999999999868,0.9455060616879897
near_symmetric_m3_selected,0.01,24,0.05,SAFE_DELTA_AWAY_FROM_EPSILON,0.015191903320472655,9,2.8319218239971238,1.9148413374026214,0.55358435868757139;0.57917724531199177;0.38848549258390447;0.11800602744065875;0.88664632837354973;0.10215199640667021,0.009999999999999868,0.9455060616879897
near_symmetric_m3_selected,0.01,24,0.1,SAFE_DELTA_AWAY_FROM_EPSILON,0.015191903320472655,6,1.887947882664749,1.9148413374026214,0.55358435868757139;0.57917724531199177;0.38848549258390447;0.11800602744065875;0.88664632837354973;0.10215199640667021,0.009999999999999868,0.9455060616879897
near_symmetric_m3_selected,0.01,24,0.2,SAFE_DELTA_AWAY_FROM_EPSILON,0.015191903320472655,3,0.9439739413323746,1.9148413374026214,0.55358435868757139;0.57917724531199177;0.38848549258390447;0.11800602744065875;0.88664632837354973;0.10215199640667021,0.009999999999999868,0.9455060616879897
near_symmetric_m3_selected,0.002,24,0.01,SAFE_DELTA_AWAY_FROM_EPSILON,0.015191903320472655,9,2.8319218239971238,1.7501856857683786,0.55445920536002158;0.58046993503137123;0.38666484756486619;0.11176939115397563;0.89295892148985256;0.095656518796983198,0.0019999999999998656,0.9527796300420793
near_symmetric_m3_selected,0.002,24,0.02,SAFE_DELTA_AWAY_FROM_EPSILON,0.015191903320472655,9,2.8319218239971238,1.7501856857683786,0.55445920536002158;0.58046993503137123;0.38666484756486619;0.11176939115397563;0.89295892148985256;0.095656518796983198,0.0019999999999998656,0.9527796300420793
near_symmetric_m3_selected,0.002,24,0.05,SAFE_DELTA_AWAY_FROM_EPSILON,0.015191903320472655,7,2.202605863108874,1.7501856857683786,0.55445920536002158;0.58046993503137123;0.38666484756486619;0.11176939115397563;0.89295892148985256;0.095656518796983198,0.0019999999999998656,0.9527796300420793
near_symmetric_m3_selected,0.002,24,0.1,SAFE_DELTA_AWAY_FROM_EPSILON,0.015191903320472655,5,1.5732899022206244,1.7501856857683786,0.55445920536002158;0.58046993503137123;0.38666484756486619;0.11176939115397563;0.89295892148985256;0.095656518796983198,0.0019999999999998656,0.9527796300420793
near_symmetric_m3_selected,0.002,24,0.2,SAFE_DELTA_AWAY_FROM_EPSILON,0.015191903320472655,3,0.9439739413323746,1.7501856857683786,0.55445920536002158;0.58046993503137123;0.38666484756486619;0.11176939115397563;0.89295892148985256;0.095656518796983198,0.0019999999999998656,0.9527796300420793
near_symmetric_m3_selected,0.2,32,0.01,SAFE_DELTA_AWAY_FROM_EPSILON,0.015191903320472655,32,9.233248261689365,7.390373490992413,0.41000509322057221;0.60619495919524402;0.35561497662667657;0.66344004925537692;0.3075067719457355;0.7001519455372629,0.19999999999999976,0.7940531645911286
near_symmetric_m3_selected,0.2,32,0.02,SAFE_DELTA_AWAY_FROM_EPSILON,0.015191903320472655,32,9.233248261689365,7.390373490992413,0.41000509322057221;0.60619495919524402;0.35561497662667657;0.66344004925537692;0.3075067719457355;0.7001519455372629,0.19999999999999976,0.7940531645911286
near_symmetric_m3_selected,0.2,32,0.05,SAFE_DELTA_AWAY_FROM_EPSILON,0.015191903320472655,32,9.233248261689365,7.390373490992413,0.41000509322057221;0.60619495919524402;0.35561497662667657;0.66344004925537692;0.3075067719457355;0.7001519455372629,0.19999999999999976,0.7940531645911286
near_symmetric_m3_selected,0.2,32,0.1,SAFE_DELTA_AWAY_FROM_EPSILON,0.015191903320472655,32,9.233248261689365,7.390373490992413,0.41000509322057221;0.60619495919524402;0.35561497662667657;0.66344004925537692;0.3075067719457355;0.7001519455372629,0.19999999999999976,0.7940531645911286
near_symmetric_m3_selected,0.2,32,0.2,EXCLUDED_FROM_FITS_DELTA_EQUALS_EPSILON_ROUNDOFF_SENSITIVE,0.015191903320472655,29,8.367631237155988,7.390373490992413,0.41000509322057221;0.60619495919524402;0.35561497662667657;0.66344004925537692;0.3075067719457355;0.7001519455372629,0.19999999999999976,0.7940531645911286
near_symmetric_m3_selected,0.05,32,0.01,SAFE_DELTA_AWAY_FROM_EPSILON,0.015191903320472655,32,9.233248261689365,3.08556023648862,0.36500763983085838;0.65929243879286603;0.28342246494001488;0.74516007388306538;0.21126015791860325;0.80022791830589435,0.049999999999999614,0.9410797468866928
near_symmetric_m3_selected,0.05,32,0.02,SAFE_DELTA_AWAY_FROM_EPSILON,0.015191903320472655,32,9.233248261689365,3.08556023648862,0.36500763983085838;0.65929243879286603;0.28342246494001488;0.74516007388306538;0.21126015791860325;0.80022791830589435,0.049999999999999614,0.9410797468866928
near_symmetric_m3_selected,0.05,32,0.05,EXCLUDED_FROM_FITS_DELTA_EQUALS_EPSILON_ROUNDOFF_SENSITIVE,0.015191903320472655,28,8.079092228978196,3.08556023648862,0.36500763983085838;0.65929243879286603;0.28342246494001488;0.74516007388306538;0.21126015791860325;0.80022791830589435,0.049999999999999614,0.9410797468866928
near_symmetric_m3_selected,0.05,32,0.1,SAFE_DELTA_AWAY_FROM_EPSILON,0.015191903320472655,6,1.7312340490667562,3.08556023648862,0.36500763983085838;0.65929243879286603;0.28342246494001488;0.74516007388306538;0.21126015791860325;0.80022791830589435,0.049999999999999614,0.9410797468866928
near_symmetric_m3_selected,0.05,32,0.2,SAFE_DELTA_AWAY_FROM_EPSILON,0.015191903320472655,5,1.4426950408889634,3.08556023648862,0.36500763983085838;0.65929243879286603;0.28342246494001488;0.74516007388306538;0.21126015791860325;0.80022791830589435,0.049999999999999614,0.9410797468866928
near_symmetric_m3_selected,0.01,32,0.01,EXCLUDED_FROM_FITS_DELTA_EQUALS_EPSILON_ROUNDOFF_SENSITIVE,0.015191903320472655,28,8.079092228978196,1.9376100352876087,0.35300831892693468;0.67345176668556517;0.26417112849023838;0.76695208045044894;0.18559439417803464;0.82691484437752927,0.009999999999999577,0.9802868354988432
near_symmetric_m3_selected,0.01,32,0.02,SAFE_DELTA_AWAY_FROM_EPSILON,0.015191903320472655,11,3.1739290899557195,1.9376100352876087,0.35300831892693468;0.67345176668556517;0.26417112849023838;0.76695208045044894;0.18559439417803464;0.82691484437752927,0.009999999999999577,0.9802868354988432
near_symmetric_m3_selected,0.01,32,0.05,SAFE_DELTA_AWAY_FROM_EPSILON,0.015191903320472655,7,2.019773057244549,1.9376100352876087,0.35300831892693468;0.67345176668556517;0.26417112849023838;0.76695208045044894;0.18559439417803464;0.82691484437752927,0.009999999999999577,0.9802868354988432
near_symmetric_m3_selected,0.01,32,0.1,SAFE_DELTA_AWAY_FROM_EPSILON,0.015191903320472655,6,1.7312340490667562,1.9376100352876087,0.35300831892693468;0.67345176668556517;0.26417112849023838;0.76695208045044894;0.18559439417803464;0.82691484437752927,0.009999999999999577,0.9802868354988432
near_symmetric_m3_selected,0.01,32,0.2,SAFE_DELTA_AWAY_FROM_EPSILON,0.015191903320472655,4,1.1541560327111706,1.9376100352876087,0.35300831892693468;0.67345176668556517;0.26417112849023838;0.76695208045044894;0.18559439417803464;0.82691484437752927,0.009999999999999577,0.9802868354988432
near_symmetric_m3_selected,0.002,32,0.01,SAFE_DELTA_AWAY_FROM_EPSILON,0.015191903320472655,12,3.4624680981335123,1.7080199950474064,0.35060845474614993;0.67628363226410493;0.26032086120028308;0.77131048176392569;0.18046124142992093;0.8322522295918563,0.0019999999999995707,0.9881282532212734
near_symmetric_m3_selected,0.002,32,0.02,SAFE_DELTA_AWAY_FROM_EPSILON,0.015191903320472655,9,2.596851073600134,1.7080199950474064,0.35060845474614993;0.67628363226410493;0.26032086120028308;0.77131048176392569;0.18046124142992093;0.8322522295918563,0.0019999999999995707,0.9881282532212734
near_symmetric_m3_selected,0.002,32,0.05,SAFE_DELTA_AWAY_FROM_EPSILON,0.015191903320472655,6,1.7312340490667562,1.7080199950474064,0.35060845474614993;0.67628363226410493;0.26032086120028308;0.77131048176392569;0.18046124142992093;0.8322522295918563,0.0019999999999995707,0.9881282532212734
near_symmetric_m3_selected,0.002,32,0.1,SAFE_DELTA_AWAY_FROM_EPSILON,0.015191903320472655,6,1.7312340490667562,1.7080199950474064,0.35060845474614993;0.67628363226410493;0.26032086120028308;0.77131048176392569;0.18046124142992093;0.8322522295918563,0.0019999999999995707,0.9881282532212734
near_symmetric_m3_selected,0.002,32,0.2,SAFE_DELTA_AWAY_FROM_EPSILON,0.015191903320472655,4,1.1541560327111706,1.7080199950474064,0.35060845474614993;0.67628363226410493;0.26032086120028308;0.77131048176392569;0.18046124142992093;0.8322522295918563,0.0019999999999995707,0.9881282532212734
near_symmetric_m3_selected,0.2,48,0.01,SAFE_DELTA_AWAY_FROM_EPSILON,0.015191903320472655,48,12.39925280675178,10.74090999120437,0.42980898711083593;0.5731447926790626;0.39022588792749924;0.66898440068542198;0.31147212450565837;0.69835740531963009,0.19999999999999946,0.7997398123986714
near_symmetric_m3_selected,0.2,48,0.02,SAFE_DELTA_AWAY_FROM_EPSILON,0.015191903320472655,48,12.39925280675178,10.74090999120437,0.42980898711083593;0.5731447926790626;0.39022588792749924;0.66898440068542198;0.31147212450565837;0.69835740531963009,0.19999999999999946,0.7997398123986714
near_symmetric_m3_selected,0.2,48,0.05,SAFE_DELTA_AWAY_FROM_EPSILON,0.015191903320472655,48,12.39925280675178,10.74090999120437,0.42980898711083593;0.5731447926790626;0.39022588792749924;0.66898440068542198;0.31147212450565837;0.69835740531963009,0.19999999999999946,0.7997398123986714
near_symmetric_m3_selected,0.2,48,0.1,SAFE_DELTA_AWAY_FROM_EPSILON,0.015191903320472655,48,12.39925280675178,10.74090999120437,0.42980898711083593;0.5731447926790626;0.39022588792749924;0.66898440068542198;0.31147212450565837;0.69835740531963009,0.19999999999999946,0.7997398123986714
near_symmetric_m3_selected,0.2,48,0.2,EXCLUDED_FROM_FITS_DELTA_EQUALS_EPSILON_ROUNDOFF_SENSITIVE,0.015191903320472655,42,10.849346205907809,10.74090999120437,0.42980898711083593;0.5731447926790626;0.39022588792749924;0.66898440068542198;0.31147212450565837;0.69835740531963009,0.19999999999999946,0.7997398123986714
near_symmetric_m3_selected,0.05,48,0.01,SAFE_DELTA_AWAY_FROM_EPSILON,0.015191903320472655,48,12.39925280675178,4.111364986806555,0.39471348066625389;0.60971718901859395;0.33533883189124891;0.75347660102813308;0.21720818675848758;0.79753610797944519,0.04999999999999919,0.9496097185980072
near_symmetric_m3_selected,0.05,48,0.02,SAFE_DELTA_AWAY_FROM_EPSILON,0.015191903320472655,48,12.39925280675178,4.111364986806555,0.39471348066625389;0.60971718901859395;0.33533883189124891;0.75347660102813308;0.21720818675848758;0.79753610797944519,0.04999999999999919,0.9496097185980072
near_symmetric_m3_selected,0.05,48,0.05,EXCLUDED_FROM_FITS_DELTA_EQUALS_EPSILON_ROUNDOFF_SENSITIVE,0.015191903320472655,42,10.849346205907809,4.111364986806555,0.39471348066625389;0.60971718901859395;0.33533883189124891;0.75347660102813308;0.21720818675848758;0.79753610797944519,0.04999999999999919,0.9496097185980072
near_symmetric_m3_selected,0.05,48,0.1,SAFE_DELTA_AWAY_FROM_EPSILON,0.015191903320472655,8,2.06654213445863,4.111364986806555,0.39471348066625389;0.60971718901859395;0.33533883189124891;0.75347660102813308;0.21720818675848758;0.79753610797944519,0.04999999999999919,0.9496097185980072
near_symmetric_m3_selected,0.05,48,0.2,SAFE_DELTA_AWAY_FROM_EPSILON,0.015191903320472655,6,1.5499066008439726,4.111364986806555,0.39471348066625389;0.60971718901859395;0.33533883189124891;0.75347660102813308;0.21720818675848758;0.79753610797944519,0.04999999999999919,0.9496097185980072
near_symmetric_m3_selected,0.01,48,0.01,EXCLUDED_FROM_FITS_DELTA_EQUALS_EPSILON_ROUNDOFF_SENSITIVE,0.015191903320472655,42,10.849346205907809,2.343486318967138,0.3853546789476987;0.61946982804246897;0.32070228361491548;0.77600785445285603;0.19207113669257536;0.82398376202206247,0.009999999999999114,0.9895750269178301
near_symmetric_m3_selected,0.01,48,0.02,SAFE_DELTA_AWAY_FROM_EPSILON,0.015191903320472655,12,3.099813201687945,2.343486318967138,0.3853546789476987;0.61946982804246897;0.32070228361491548;0.77600785445285603;0.19207113669257536;0.82398376202206247,0.009999999999999114,0.9895750269178301
near_symmetric_m3_selected,0.01,48,0.05,SAFE_DELTA_AWAY_FROM_EPSILON,0.015191903320472655,9,2.3248599012659588,2.343486318967138,0.3853546789476987;0.61946982804246897;0.32070228361491548;0.77600785445285603;0.19207113669257536;0.82398376202206247,0.009999999999999114,0.9895750269178301
near_symmetric_m3_selected,0.01,48,0.1,SAFE_DELTA_AWAY_FROM_EPSILON,0.015191903320472655,6,1.5499066008439726,2.343486318967138,0.3853546789476987;0.61946982804246897;0.32070228361491548;0.77600785445285603;0.19207113669257536;0.82398376202206247,0.009999999999999114,0.9895750269178301
near_symmetric_m3_selected,0.01,48,0.2,SAFE_DELTA_AWAY_FROM_EPSILON,0.015191903320472655,4,1.033271067229315,2.343486318967138,0.3853546789476987;0.61946982804246897;0.32070228361491548;0.77600785445285603;0.19207113669257536;0.82398376202206247,0.009999999999999114,0.9895750269178301
near_symmetric_m3_selected,0.002,48,0.01,SAFE_DELTA_AWAY_FROM_EPSILON,0.015191903320472655,12,3.099813201687945,1.9899105853992545,0.38348291860398764;0.62142035584724398;0.31777497395964877;0.78051410513780062;0.1870437266793929;0.82927329283058593,0.0019999999999990984,0.9975680885817947
near_symmetric_m3_selected,0.002,48,0.02,SAFE_DELTA_AWAY_FROM_EPSILON,0.015191903320472655,11,2.8414954348806165,1.9899105853992545,0.38348291860398764;0.62142035584724398;0.31777497395964877;0.78051410513780062;0.1870437266793929;0.82927329283058593,0.0019999999999990984,0.9975680885817947
near_symmetric_m3_selected,0.002,48,0.05,SAFE_DELTA_AWAY_FROM_EPSILON,0.015191903320472655,8,2.06654213445863,1.9899105853992545,0.38348291860398764;0.62142035584724398;0.31777497395964877;0.78051410513780062;0.1870437266793929;0.82927329283058593,0.0019999999999990984,0.9975680885817947
near_symmetric_m3_selected,0.002,48,0.1,SAFE_DELTA_AWAY_FROM_EPSILON,0.015191903320472655,6,1.5499066008439726,1.9899105853992545,0.38348291860398764;0.62142035584724398;0.31777497395964877;0.78051410513780062;0.1870437266793929;0.82927329283058593,0.0019999999999990984,0.9975680885817947
near_symmetric_m3_selected,0.002,48,0.2,SAFE_DELTA_AWAY_FROM_EPSILON,0.015191903320472655,4,1.033271067229315,1.9899105853992545,0.38348291860398764;0.62142035584724398;0.31777497395964877;0.78051410513780062;0.1870437266793929;0.82927329283058593,0.0019999999999990984,0.9975680885817947
near_symmetric_m3_selected,0.2,64,0.01,SAFE_DELTA_AWAY_FROM_EPSILON,0.015191903320472655,64,15.38874710281561,14.067370766849685,0.54783891224821057;0.4355836827221794;0.42669770311029503;0.68339390908586917;0.31610077286899074;0.69207021728873441,0.1999999999999993,0.7999890149923519
near_symmetric_m3_selected,0.2,64,0.02,SAFE_DELTA_AWAY_FROM_EPSILON,0.015191903320472655,64,15.38874710281561,14.067370766849685,0.54783891224821057;0.4355836827221794;0.42669770311029503;0.68339390908586917;0.31610077286899074;0.69207021728873441,0.1999999999999993,0.7999890149923519
near_symmetric_m3_selected,0.2,64,0.05,SAFE_DELTA_AWAY_FROM_EPSILON,0.015191903320472655,64,15.38874710281561,14.067370766849685,0.54783891224821057;0.4355836827221794;0.42669770311029503;0.68339390908586917;0.31610077286899074;0.69207021728873441,0.1999999999999993,0.7999890149923519
near_symmetric_m3_selected,0.2,64,0.1,SAFE_DELTA_AWAY_FROM_EPSILON,0.015191903320472655,64,15.38874710281561,14.067370766849685,0.54783891224821057;0.4355836827221794;0.42669770311029503;0.68339390908586917;0.31610077286899074;0.69207021728873441,0.1999999999999993,0.7999890149923519
near_symmetric_m3_selected,0.2,64,0.2,EXCLUDED_FROM_FITS_DELTA_EQUALS_EPSILON_ROUNDOFF_SENSITIVE,0.015191903320472655,52,12.503357021037685,14.067370766849685,0.54783891224821057;0.4355836827221794;0.42669770311029503;0.68339390908586917;0.31610077286899074;0.69207021728873441,0.1999999999999993,0.7999890149923519
near_symmetric_m3_selected,0.05,64,0.01,SAFE_DELTA_AWAY_FROM_EPSILON,0.015191903320472655,64,15.38874710281561,5.101056150274526,0.57175836837231597;0.4033755240832691;0.39004655466544258;0.77509086362880397;0.22415115930348617;0.78810532593310167,0.0499999999999989,0.9499835224885278
near_symmetric_m3_selected,0.05,64,0.02,SAFE_DELTA_AWAY_FROM_EPSILON,0.015191903320472655,64,15.38874710281561,5.101056150274526,0.57175836837231597;0.4033755240832691;0.39004655466544258;0.77509086362880397;0.22415115930348617;0.78810532593310167,0.0499999999999989,0.9499835224885278
near_symmetric_m3_selected,0.05,64,0.05,EXCLUDED_FROM_FITS_DELTA_EQUALS_EPSILON_ROUNDOFF_SENSITIVE,0.015191903320472655,52,12.503357021037685,5.101056150274526,0.57175836837231597;0.4033755240832691;0.39004655466544258;0.77509086362880397;0.22415115930348617;0.78810532593310167,0.0499999999999989,0.9499835224885278
near_symmetric_m3_selected,0.05,64,0.1,SAFE_DELTA_AWAY_FROM_EPSILON,0.015191903320472655,9,2.1640425613334453,5.101056150274526,0.57175836837231597;0.4033755240832691;0.39004655466544258;0.77509086362880397;0.22415115930348617;0.78810532593310167,0.0499999999999989,0.9499835224885278
near_symmetric_m3_selected,0.05,64,0.2,SAFE_DELTA_AWAY_FROM_EPSILON,0.015191903320472655,6,1.4426950408889636,5.101056150274526,0.57175836837231597;0.4033755240832691;0.39004655466544258;0.77509086362880397;0.22415115930348617;0.78810532593310167,0.0499999999999989,0.9499835224885278
near_symmetric_m3_selected,0.01,64,0.01,EXCLUDED_FROM_FITS_DELTA_EQUALS_EPSILON_ROUNDOFF_SENSITIVE,0.015191903320472655,52,12.503357021037685,2.7100389191878174,0.57813689000541069;0.39478668177955972;0.3802729150801486;0.79954338484025311;0.19963126235268491;0.8137146882382662,0.009999999999998802,0.9899820578208413
near_symmetric_m3_selected,0.01,64,0.02,SAFE_DELTA_AWAY_FROM_EPSILON,0.015191903320472655,12,2.885390081777927,2.7100389191878174,0.57813689000541069;0.39478668177955972;0.3802729150801486;0.79954338484025311;0.19963126235268491;0.8137146882382662,0.009999999999998802,0.9899820578208413
near_symmetric_m3_selected,0.01,64,0.05,SAFE_DELTA_AWAY_FROM_EPSILON,0.015191903320472655,9,2.1640425613334453,2.7100389191878174,0.57813689000541069;0.39478668177955972;0.3802729150801486;0.79954338484025311;0.19963126235268491;0.8137146882382662,0.009999999999998802,0.9899820578208413
near_symmetric_m3_selected,0.01,64,0.1,SAFE_DELTA_AWAY_FROM_EPSILON,0.015191903320472655,7,1.6831442143704574,2.7100389191878174,0.57813689000541069;0.39478668177955972;0.3802729150801486;0.79954338484025311;0.19963126235268491;0.8137146882382662,0.009999999999998802,0.9899820578208413
near_symmetric_m3_selected,0.01,64,0.2,SAFE_DELTA_AWAY_FROM_EPSILON,0.015191903320472655,4,0.9617966939259757,2.7100389191878174,0.57813689000541069;0.39478668177955972;0.3802729150801486;0.79954338484025311;0.19963126235268491;0.8137146882382662,0.009999999999998802,0.9899820578208413
near_symmetric_m3_selected,0.002,64,0.01,SAFE_DELTA_AWAY_FROM_EPSILON,0.015191903320472655,13,3.125839255259421,2.231835472970476,0.57941259433202963;0.39306891331881783;0.37831818716308979;0.80443388908254299;0.19472728296252467;0.81883656069929911,0.0019999999999987827,0.9979817648873041
near_symmetric_m3_selected,0.002,64,0.02,SAFE_DELTA_AWAY_FROM_EPSILON,0.015191903320472655,12,2.885390081777927,2.231835472970476,0.57941259433202963;0.39306891331881783;0.37831818716308979;0.80443388908254299;0.19472728296252467;0.81883656069929911,0.0019999999999987827,0.9979817648873041
near_symmetric_m3_selected,0.002,64,0.05,SAFE_DELTA_AWAY_FROM_EPSILON,0.015191903320472655,9,2.1640425613334453,2.231835472970476,0.57941259433202963;0.39306891331881783;0.37831818716308979;0.80443388908254299;0.19472728296252467;0.81883656069929911,0.0019999999999987827,0.9979817648873041
near_symmetric_m3_selected,0.002,64,0.1,SAFE_DELTA_AWAY_FROM_EPSILON,0.015191903320472655,7,1.6831442143704574,2.231835472970476,0.57941259433202963;0.39306891331881783;0.37831818716308979;0.80443388908254299;0.19472728296252467;0.81883656069929911,0.0019999999999987827,0.9979817648873041
near_symmetric_m3_selected,0.002,64,0.2,SAFE_DELTA_AWAY_FROM_EPSILON,0.015191903320472655,3,0.7213475204444818,2.231835472970476,0.57941259433202963;0.39306891331881783;0.37831818716308979;0.80443388908254299;0.19472728296252467;0.81883656069929911,0.0019999999999987827,0.9979817648873041
near_symmetric_m3_selected,0.2,96,0.01,SAFE_DELTA_AWAY_FROM_EPSILON,0.015191903320472655,96,21.032575950155028,20.677862344868927,0.52699541462065302;0.46885499636217109;0.44685786097728697;0.33697476386456704;0.68421979339442918;0.68500542187147484,0.19999999999999898,0.7999999794182615
near_symmetric_m3_selected,0.2,96,0.02,SAFE_DELTA_AWAY_FROM_EPSILON,0.015191903320472655,96,21.032575950155028,20.677862344868927,0.52699541462065302;0.46885499636217109;0.44685786097728697;0.33697476386456704;0.68421979339442918;0.68500542187147484,0.19999999999999898,0.7999999794182615
near_symmetric_m3_selected,0.2,96,0.05,SAFE_DELTA_AWAY_FROM_EPSILON,0.015191903320472655,96,21.032575950155028,20.677862344868927,0.52699541462065302;0.46885499636217109;0.44685786097728697;0.33697476386456704;0.68421979339442918;0.68500542187147484,0.19999999999999898,0.7999999794182615
near_symmetric_m3_selected,0.2,96,0.1,SAFE_DELTA_AWAY_FROM_EPSILON,0.015191903320472655,96,21.032575950155028,20.677862344868927,0.52699541462065302;0.46885499636217109;0.44685786097728697;0.33697476386456704;0.68421979339442918;0.68500542187147484,0.19999999999999898,0.7999999794182615
near_symmetric_m3_selected,0.2,96,0.2,EXCLUDED_FROM_FITS_DELTA_EQUALS_EPSILON_ROUNDOFF_SENSITIVE,0.015191903320472655,73,15.993521295430385,20.677862344868927,0.52699541462065302;0.46885499636217109;0.44685786097728697;0.33697476386456704;0.68421979339442918;0.68500542187147484,0.19999999999999898,0.7999999794182615
near_symmetric_m3_selected,0.05,96,0.01,SAFE_DELTA_AWAY_FROM_EPSILON,0.015191903320472655,96,21.032575950155028,7.016793517303392,0.54049312193097965;0.45328249454325664;0.4202867914659304;0.2554621457968505;0.77632969009164388;0.77750813280721232,0.04999999999999847,0.9499999691273924
near_symmetric_m3_selected,0.05,96,0.02,SAFE_DELTA_AWAY_FROM_EPSILON,0.015191903320472655,96,21.032575950155028,7.016793517303392,0.54049312193097965;0.45328249454325664;0.4202867914659304;0.2554621457968505;0.77632969009164388;0.77750813280721232,0.04999999999999847,0.9499999691273924
near_symmetric_m3_selected,0.05,96,0.05,EXCLUDED_FROM_FITS_DELTA_EQUALS_EPSILON_ROUNDOFF_SENSITIVE,0.015191903320472655,73,15.993521295430385,7.016793517303392,0.54049312193097965;0.45328249454325664;0.4202867914659304;0.2554621457968505;0.77632969009164388;0.77750813280721232,0.04999999999999847,0.9499999691273924
near_symmetric_m3_selected,0.05,96,0.1,SAFE_DELTA_AWAY_FROM_EPSILON,0.015191903320472655,9,1.9718039953270337,7.016793517303392,0.54049312193097965;0.45328249454325664;0.4202867914659304;0.2554621457968505;0.77632969009164388;0.77750813280721232,0.04999999999999847,0.9499999691273924
near_symmetric_m3_selected,0.05,96,0.2,SAFE_DELTA_AWAY_FROM_EPSILON,0.015191903320472655,6,1.3145359968846893,7.016793517303392,0.54049312193097965;0.45328249454325664;0.4202867914659304;0.2554621457968505;0.77632969009164388;0.77750813280721232,0.04999999999999847,0.9499999691273924
near_symmetric_m3_selected,0.01,96,0.01,EXCLUDED_FROM_FITS_DELTA_EQUALS_EPSILON_ROUNDOFF_SENSITIVE,0.015191903320472655,73,15.993521295430385,3.3738418299525836,0.54409251054706664;0.44912982739154611;0.41320117292956865;0.23372544764545947;0.80089232921090103;0.80217552239007561,0.009999999999998333,0.9899999663831606
near_symmetric_m3_selected,0.01,96,0.02,SAFE_DELTA_AWAY_FROM_EPSILON,0.015191903320472655,15,3.286339992211723,3.3738418299525836,0.54409251054706664;0.44912982739154611;0.41320117292956865;0.23372544764545947;0.80089232921090103;0.80217552239007561,0.009999999999998333,0.9899999663831606
near_symmetric_m3_selected,0.01,96,0.05,SAFE_DELTA_AWAY_FROM_EPSILON,0.015191903320472655,10,2.1908933281411485,3.3738418299525836,0.54409251054706664;0.44912982739154611;0.41320117292956865;0.23372544764545947;0.80089232921090103;0.80217552239007561,0.009999999999998333,0.9899999663831606
near_symmetric_m3_selected,0.01,96,0.1,SAFE_DELTA_AWAY_FROM_EPSILON,0.015191903320472655,9,1.9718039953270337,3.3738418299525836,0.54409251054706664;0.44912982739154611;0.41320117292956865;0.23372544764545947;0.80089232921090103;0.80217552239007561,0.009999999999998333,0.9899999663831606
near_symmetric_m3_selected,0.01,96,0.2,SAFE_DELTA_AWAY_FROM_EPSILON,0.015191903320472655,4,0.8763573312564594,3.3738418299525836,0.54409251054706664;0.44912982739154611;0.41320117292956865;0.23372544764545947;0.80089232921090103;0.80217552239007561,0.009999999999998333,0.9899999663831606
near_symmetric_m3_selected,0.002,96,0.01,SAFE_DELTA_AWAY_FROM_EPSILON,0.015191903320472655,15,3.286339992211723,2.645251492482422,0.54481238827028411;0.44829929396120399;0.41178404922229633;0.22937810801518124;0.80580485703475246;0.80710900030664823,0.001999999999998306,0.9979999658343142
near_symmetric_m3_selected,0.002,96,0.02,SAFE_DELTA_AWAY_FROM_EPSILON,0.015191903320472655,13,2.8481613265834933,2.645251492482422,0.54481238827028411;0.44829929396120399;0.41178404922229633;0.22937810801518124;0.80580485703475246;0.80710900030664823,0.001999999999998306,0.9979999658343142
near_symmetric_m3_selected,0.002,96,0.05,SAFE_DELTA_AWAY_FROM_EPSILON,0.015191903320472655,10,2.1908933281411485,2.645251492482422,0.54481238827028411;0.44829929396120399;0.41178404922229633;0.22937810801518124;0.80580485703475246;0.80710900030664823,0.001999999999998306,0.9979999658343142
near_symmetric_m3_selected,0.002,96,0.1,SAFE_DELTA_AWAY_FROM_EPSILON,0.015191903320472655,9,1.9718039953270337,2.645251492482422,0.54481238827028411;0.44829929396120399;0.41178404922229633;0.22937810801518124;0.80580485703475246;0.80710900030664823,0.001999999999998306,0.9979999658343142
near_symmetric_m3_selected,0.002,96,0.2,SAFE_DELTA_AWAY_FROM_EPSILON,0.015191903320472655,4,0.8763573312564594,2.645251492482422,0.54481238827028411;0.44829929396120399;0.41178404922229633;0.22937810801518124;0.80580485703475246;0.80710900030664823,0.001999999999998306,0.9979999658343142
near_symmetric_m3_selected,0.2,128,0.01,SAFE_DELTA_AWAY_FROM_EPSILON,0.015191903320472655,128,26.380709319112476,27.26699588741912,0.49468397881905302;0.52279807528648359;0.46352064448796143;0.6358191428588994;0.35523118369281226;0.70425148810514715,0.1999999999999988,0.7999999999747778
near_symmetric_m3_selected,0.2,128,0.02,SAFE_DELTA_AWAY_FROM_EPSILON,0.015191903320472655,128,26.380709319112476,27.26699588741912,0.49468397881905302;0.52279807528648359;0.46352064448796143;0.6358191428588994;0.35523118369281226;0.70425148810514715,0.1999999999999988,0.7999999999747778
near_symmetric_m3_selected,0.2,128,0.05,SAFE_DELTA_AWAY_FROM_EPSILON,0.015191903320472655,128,26.380709319112476,27.26699588741912,0.49468397881905302;0.52279807528648359;0.46352064448796143;0.6358191428588994;0.35523118369281226;0.70425148810514715,0.1999999999999988,0.7999999999747778
near_symmetric_m3_selected,0.2,128,0.1,SAFE_DELTA_AWAY_FROM_EPSILON,0.015191903320472655,128,26.380709319112476,27.26699588741912,0.49468397881905302;0.52279807528648359;0.46352064448796143;0.6358191428588994;0.35523118369281226;0.70425148810514715,0.1999999999999988,0.7999999999747778
near_symmetric_m3_selected,0.2,128,0.2,EXCLUDED_FROM_FITS_DELTA_EQUALS_EPSILON_ROUNDOFF_SENSITIVE,0.015191903320472655,94,19.373333406223225,27.26699588741912,0.49468397881905302;0.52279807528648359;0.46352064448796143;0.6358191428588994;0.35523118369281226;0.70425148810514715,0.1999999999999988,0.7999999999747778
near_symmetric_m3_selected,0.05,128,0.01,SAFE_DELTA_AWAY_FROM_EPSILON,0.015191903320472655,128,26.380709319112476,8.900493831128674,0.49202596822857952;0.53419711292972538;0.44528096673194212;0.70372871428834916;0.28284677553921833;0.80637723215772072,0.049999999999998185,0.9499999999621668
near_symmetric_m3_selected,0.05,128,0.02,SAFE_DELTA_AWAY_FROM_EPSILON,0.015191903320472655,128,26.380709319112476,8.900493831128674,0.49202596822857952;0.53419711292972538;0.44528096673194212;0.70372871428834916;0.28284677553921833;0.80637723215772072,0.049999999999998185,0.9499999999621668
near_symmetric_m3_selected,0.05,128,0.05,EXCLUDED_FROM_FITS_DELTA_EQUALS_EPSILON_ROUNDOFF_SENSITIVE,0.015191903320472655,93,19.167234114667657,8.900493831128674,0.49202596822857952;0.53419711292972538;0.44528096673194212;0.70372871428834916;0.28284677553921833;0.80637723215772072,0.049999999999998185,0.9499999999621668
near_symmetric_m3_selected,0.05,128,0.1,SAFE_DELTA_AWAY_FROM_EPSILON,0.015191903320472655,11,2.2670922071112285,8.900493831128674,0.49202596822857952;0.53419711292972538;0.44528096673194212;0.70372871428834916;0.28284677553921833;0.80637723215772072,0.049999999999998185,0.9499999999621668
near_symmetric_m3_selected,0.05,128,0.2,SAFE_DELTA_AWAY_FROM_EPSILON,0.015191903320472655,5,1.030496457777831,8.900493831128674,0.49202596822857952;0.53419711292972538;0.44528096673194212;0.70372871428834916;0.28284677553921833;0.80637723215772072,0.049999999999998185,0.9499999999621668
near_symmetric_m3_selected,0.01,128,0.01,EXCLUDED_FROM_FITS_DELTA_EQUALS_EPSILON_ROUNDOFF_SENSITIVE,0.015191903320472655,93,19.167234114667657,4.002759949451225,0.49131716540445325;0.5372368563012565;0.44041705266367032;0.72183793333620239;0.26354426669825998;0.8336107639050736,0.00999999999999802,0.9899999999588038
near_symmetric_m3_selected,0.01,128,0.02,SAFE_DELTA_AWAY_FROM_EPSILON,0.015191903320472655,15,3.091489373333493,4.002759949451225,0.49131716540445325;0.5372368563012565;0.44041705266367032;0.72183793333620239;0.26354426669825998;0.8336107639050736,0.00999999999999802,0.9899999999588038
near_symmetric_m3_selected,0.01,128,0.05,SAFE_DELTA_AWAY_FROM_EPSILON,0.015191903320472655,11,2.2670922071112285,4.002759949451225,0.49131716540445325;0.5372368563012565;0.44041705266367032;0.72183793333620239;0.26354426669825998;0.8336107639050736,0.00999999999999802,0.9899999999588038
near_symmetric_m3_selected,0.01,128,0.1,SAFE_DELTA_AWAY_FROM_EPSILON,0.015191903320472655,9,1.854893624000096,4.002759949451225,0.49131716540445325;0.5372368563012565;0.44041705266367032;0.72183793333620239;0.26354426669825998;0.8336107639050736,0.00999999999999802,0.9899999999588038
near_symmetric_m3_selected,0.01,128,0.2,SAFE_DELTA_AWAY_FROM_EPSILON,0.015191903320472655,5,1.030496457777831,4.002759949451225,0.49131716540445325;0.5372368563012565;0.44041705266367032;0.72183793333620239;0.26354426669825998;0.8336107639050736,0.00999999999999802,0.9899999999588038
near_symmetric_m3_selected,0.002,128,0.01,SAFE_DELTA_AWAY_FROM_EPSILON,0.015191903320472655,17,3.5036879564446255,3.0232131731157352,0.49117540483962802;0.53784480497556275;0.43944426985001594;0.72545977714577303;0.25968376493006828;0.83905747025454425,0.0019999999999979873,0.9979999999581313
near_symmetric_m3_selected,0.002,128,0.02,SAFE_DELTA_AWAY_FROM_EPSILON,0.015191903320472655,15,3.091489373333493,3.0232131731157352,0.49117540483962802;0.53784480497556275;0.43944426985001594;0.72545977714577303;0.25968376493006828;0.83905747025454425,0.0019999999999979873,0.9979999999581313
near_symmetric_m3_selected,0.002,128,0.05,SAFE_DELTA_AWAY_FROM_EPSILON,0.015191903320472655,11,2.2670922071112285,3.0232131731157352,0.49117540483962802;0.53784480497556275;0.43944426985001594;0.72545977714577303;0.25968376493006828;0.83905747025454425,0.0019999999999979873,0.9979999999581313
near_symmetric_m3_selected,0.002,128,0.1,SAFE_DELTA_AWAY_FROM_EPSILON,0.015191903320472655,9,1.854893624000096,3.0232131731157352,0.49117540483962802;0.53784480497556275;0.43944426985001594;0.72545977714577303;0.25968376493006828;0.83905747025454425,0.0019999999999979873,0.9979999999581313
near_symmetric_m3_selected,0.002,128,0.2,SAFE_DELTA_AWAY_FROM_EPSILON,0.015191903320472655,5,1.030496457777831,3.0232131731157352,0.49117540483962802;0.53784480497556275;0.43944426985001594;0.72545977714577303;0.25968376493006828;0.83905747025454425,0.0019999999999979873,0.9979999999581313
near_symmetric_m3_selected,0.2,192,0.01,SAFE_DELTA_AWAY_FROM_EPSILON,0.015191903320472655,192,36.51929034907488,40.32142427873838,0.47804492925505349;0.53204657204869199;0.54976724691957757;0.57566956553969106;0.36820931234074084;0.33862773115197653,0.19999999999999865,0.8
near_symmetric_m3_selected,0.2,192,0.02,SAFE_DELTA_AWAY_FROM_EPSILON,0.015191903320472655,192,36.51929034907488,40.32142427873838,0.47804492925505349;0.53204657204869199;0.54976724691957757;0.57566956553969106;0.36820931234074084;0.33862773115197653,0.19999999999999865,0.8
near_symmetric_m3_selected,0.2,192,0.05,SAFE_DELTA_AWAY_FROM_EPSILON,0.015191903320472655,192,36.51929034907488,40.32142427873838,0.47804492925505349;0.53204657204869199;0.54976724691957757;0.57566956553969106;0.36820931234074084;0.33862773115197653,0.19999999999999865,0.8
near_symmetric_m3_selected,0.2,192,0.1,SAFE_DELTA_AWAY_FROM_EPSILON,0.015191903320472655,192,36.51929034907488,40.32142427873838,0.47804492925505349;0.53204657204869199;0.54976724691957757;0.57566956553969106;0.36820931234074084;0.33862773115197653,0.19999999999999865,0.8
near_symmetric_m3_selected,0.2,192,0.2,EXCLUDED_FROM_FITS_DELTA_EQUALS_EPSILON_ROUNDOFF_SENSITIVE,0.015191903320472655,134,25.487421389458508,40.32142427873838,0.47804492925505349;0.53204657204869199;0.54976724691957757;0.57566956553969106;0.36820931234074084;0.33862773115197653,0.19999999999999865,0.8
near_symmetric_m3_selected,0.05,192,0.01,SAFE_DELTA_AWAY_FROM_EPSILON,0.015191903320472655,192,36.51929034907488,12.482136418107551,0.46706739388258023;0.54806985807303787;0.57465087037936646;0.61350434830953671;0.30231396851111131;0.25794159672796485,0.04999999999999797,0.9500000000000001
near_symmetric_m3_selected,0.05,192,0.02,SAFE_DELTA_AWAY_FROM_EPSILON,0.015191903320472655,192,36.51929034907488,12.482136418107551,0.46706739388258023;0.54806985807303787;0.57465087037936646;0.61350434830953671;0.30231396851111131;0.25794159672796485,0.04999999999999797,0.9500000000000001
near_symmetric_m3_selected,0.05,192,0.05,EXCLUDED_FROM_FITS_DELTA_EQUALS_EPSILON_ROUNDOFF_SENSITIVE,0.015191903320472655,132,25.10701211498898,12.482136418107551,0.46706739388258023;0.54806985807303787;0.57465087037936646;0.61350434830953671;0.30231396851111131;0.25794159672796485,0.04999999999999797,0.9500000000000001
near_symmetric_m3_selected,0.05,192,0.1,SAFE_DELTA_AWAY_FROM_EPSILON,0.015191903320472655,11,2.092251009582415,12.482136418107551,0.46706739388258023;0.54806985807303787;0.57465087037936646;0.61350434830953671;0.30231396851111131;0.25794159672796485,0.04999999999999797,0.9500000000000001
near_symmetric_m3_selected,0.05,192,0.2,SAFE_DELTA_AWAY_FROM_EPSILON,0.015191903320472655,8,1.52163709787812,12.482136418107551,0.46706739388258023;0.54806985807303787;0.57465087037936646;0.61350434830953671;0.30231396851111131;0.25794159672796485,0.04999999999999797,0.9500000000000001
near_symmetric_m3_selected,0.01,192,0.01,EXCLUDED_FROM_FITS_DELTA_EQUALS_EPSILON_ROUNDOFF_SENSITIVE,0.015191903320472655,133,25.297216752223743,5.058326321939337,0.46414005111658735;0.55234273434619685;0.58128650330197673;0.62359362371482874;0.28474187682321006;0.23642529421489503,0.009999999999997787,0.99
near_symmetric_m3_selected,0.01,192,0.02,SAFE_DELTA_AWAY_FROM_EPSILON,0.015191903320472655,17,3.233478832991005,5.058326321939337,0.46414005111658735;0.55234273434619685;0.58128650330197673;0.62359362371482874;0.28474187682321006;0.23642529421489503,0.009999999999997787,0.99
near_symmetric_m3_selected,0.01,192,0.05,SAFE_DELTA_AWAY_FROM_EPSILON,0.015191903320472655,14,2.66286492128671,5.058326321939337,0.46414005111658735;0.55234273434619685;0.58128650330197673;0.62359362371482874;0.28474187682321006;0.23642529421489503,0.009999999999997787,0.99
near_symmetric_m3_selected,0.01,192,0.1,SAFE_DELTA_AWAY_FROM_EPSILON,0.015191903320472655,10,1.90204637234765,5.058326321939337,0.46414005111658735;0.55234273434619685;0.58128650330197673;0.62359362371482874;0.28474187682321006;0.23642529421489503,0.009999999999997787,0.99
near_symmetric_m3_selected,0.01,192,0.2,SAFE_DELTA_AWAY_FROM_EPSILON,0.015191903320472655,8,1.52163709787812,5.058326321939337,0.46414005111658735;0.55234273434619685;0.58128650330197673;0.62359362371482874;0.28474187682321006;0.23642529421489503,0.009999999999997787,0.99
near_symmetric_m3_selected,0.002,192,0.01,SAFE_DELTA_AWAY_FROM_EPSILON,0.015191903320472655,18,3.42368347022577,3.5735643027056936,0.46355458256338877;0.55319730960082858;0.58261362988649879;0.62561147879588719;0.2812274584856298;0.23212203371228107,0.0019999999999977505,0.998
near_symmetric_m3_selected,0.002,192,0.02,SAFE_DELTA_AWAY_FROM_EPSILON,0.015191903320472655,16,3.04327419575624,3.5735643027056936,0.46355458256338877;0.55319730960082858;0.58261362988649879;0.62561147879588719;0.2812274584856298;0.23212203371228107,0.0019999999999977505,0.998
near_symmetric_m3_selected,0.002,192,0.05,SAFE_DELTA_AWAY_FROM_EPSILON,0.015191903320472655,13,2.472660284051945,3.5735643027056936,0.46355458256338877;0.55319730960082858;0.58261362988649879;0.62561147879588719;0.2812274584856298;0.23212203371228107,0.0019999999999977505,0.998
near_symmetric_m3_selected,0.002,192,0.1,SAFE_DELTA_AWAY_FROM_EPSILON,0.015191903320472655,10,1.90204637234765,3.5735643027056936,0.46355458256338877;0.55319730960082858;0.58261362988649879;0.62561147879588719;0.2812274584856298;0.23212203371228107,0.0019999999999977505,0.998
near_symmetric_m3_selected,0.002,192,0.2,SAFE_DELTA_AWAY_FROM_EPSILON,0.015191903320472655,8,1.52163709787812,3.5735643027056936,0.46355458256338877;0.55319730960082858;0.58261362988649879;0.62561147879588719;0.2812274584856298;0.23212203371228107,0.0019999999999977505,0.998
near_symmetric_m3_selected,0.2,256,0.01,SAFE_DELTA_AWAY_FROM_EPSILON,0.015191903320472655,256,46.16624130844683,53.38749724741281,0.51321101453276197;0.47854675240974914;0.57425549065262715;0.41005348477763615;0.59573424777978023;0.38957488738595852,0.19999999999999848,0.8000000000000007
near_symmetric_m3_selected,0.2,256,0.02,SAFE_DELTA_AWAY_FROM_EPSILON,0.015191903320472655,256,46.16624130844683,53.38749724741281,0.51321101453276197;0.47854675240974914;0.57425549065262715;0.41005348477763615;0.59573424777978023;0.38957488738595852,0.19999999999999848,0.8000000000000007
near_symmetric_m3_selected,0.2,256,0.05,SAFE_DELTA_AWAY_FROM_EPSILON,0.015191903320472655,256,46.16624130844683,53.38749724741281,0.51321101453276197;0.47854675240974914;0.57425549065262715;0.41005348477763615;0.59573424777978023;0.38957488738595852,0.19999999999999848,0.8000000000000007
near_symmetric_m3_selected,0.2,256,0.1,SAFE_DELTA_AWAY_FROM_EPSILON,0.015191903320472655,256,46.16624130844683,53.38749724741281,0.51321101453276197;0.47854675240974914;0.57425549065262715;0.41005348477763615;0.59573424777978023;0.38957488738595852,0.19999999999999848,0.8000000000000007
near_symmetric_m3_selected,0.2,256,0.2,EXCLUDED_FROM_FITS_DELTA_EQUALS_EPSILON_ROUNDOFF_SENSITIVE,0.015191903320472655,171,30.837606499001595,53.38749724741281,0.51321101453276197;0.47854675240974914;0.57425549065262715;0.41005348477763615;0.59573424777978023;0.38957488738595852,0.19999999999999848,0.8000000000000007
near_symmetric_m3_selected,0.05,256,0.01,SAFE_DELTA_AWAY_FROM_EPSILON,0.015191903320472655,256,46.16624130844683,16.081245871119215,0.51981652179914295;0.46782012861462369;0.61138323597894084;0.36508022716645427;0.64360137166967035;0.33436233107893776,0.0499999999999977,0.9500000000000013
near_symmetric_m3_selected,0.05,256,0.02,SAFE_DELTA_AWAY_FROM_EPSILON,0.015191903320472655,256,46.16624130844683,16.081245871119215,0.51981652179914295;0.46782012861462369;0.61138323597894084;0.36508022716645427;0.64360137166967035;0.33436233107893776,0.0499999999999977,0.9500000000000013
near_symmetric_m3_selected,0.05,256,0.05,EXCLUDED_FROM_FITS_DELTA_EQUALS_EPSILON_ROUNDOFF_SENSITIVE,0.015191903320472655,167,30.116258978557113,16.081245871119215,0.51981652179914295;0.46782012861462369;0.61138323597894084;0.36508022716645427;0.64360137166967035;0.33436233107893776,0.0499999999999977,0.9500000000000013
near_symmetric_m3_selected,0.05,256,0.1,SAFE_DELTA_AWAY_FROM_EPSILON,0.015191903320472655,14,2.5247163215556863,16.081245871119215,0.51981652179914295;0.46782012861462369;0.61138323597894084;0.36508022716645427;0.64360137166967035;0.33436233107893776,0.0499999999999977,0.9500000000000013
near_symmetric_m3_selected,0.05,256,0.2,SAFE_DELTA_AWAY_FROM_EPSILON,0.015191903320472655,8,1.4426950408889634,16.081245871119215,0.51981652179914295;0.46782012861462369;0.61138323597894084;0.36508022716645427;0.64360137166967035;0.33436233107893776,0.0499999999999977,0.9500000000000013
near_symmetric_m3_selected,0.01,256,0.01,EXCLUDED_FROM_FITS_DELTA_EQUALS_EPSILON_ROUNDOFF_SENSITIVE,0.015191903320472655,168,30.296595858668233,6.132912170774255,0.52157799040351116;0.46495969560259026;0.62128396806595776;0.35308735847013906;0.65636593804030763;0.31963898273039892,0.009999999999997488,0.9900000000000013
near_symmetric_m3_selected,0.01,256,0.02,SAFE_DELTA_AWAY_FROM_EPSILON,0.015191903320472655,20,3.6067376022224087,6.132912170774255,0.52157799040351116;0.46495969560259026;0.62128396806595776;0.35308735847013906;0.65636593804030763;0.31963898273039892,0.009999999999997488,0.9900000000000013
near_symmetric_m3_selected,0.01,256,0.05,SAFE_DELTA_AWAY_FROM_EPSILON,0.015191903320472655,14,2.5247163215556863,6.132912170774255,0.52157799040351116;0.46495969560259026;0.62128396806595776;0.35308735847013906;0.65636593804030763;0.31963898273039892,0.009999999999997488,0.9900000000000013
near_symmetric_m3_selected,0.01,256,0.1,SAFE_DELTA_AWAY_FROM_EPSILON,0.015191903320472655,12,2.1640425613334453,6.132912170774255,0.52157799040351116;0.46495969560259026;0.62128396806595776;0.35308735847013906;0.65636593804030763;0.31963898273039892,0.009999999999997488,0.9900000000000013
near_symmetric_m3_selected,0.01,256,0.2,SAFE_DELTA_AWAY_FROM_EPSILON,0.015191903320472655,8,1.4426950408889634,6.132912170774255,0.52157799040351116;0.46495969560259026;0.62128396806595776;0.35308735847013906;0.65636593804030763;0.31963898273039892,0.009999999999997488,0.9900000000000013
near_symmetric_m3_selected,0.002,256,0.01,SAFE_DELTA_AWAY_FROM_EPSILON,0.015191903320472655,20,3.6067376022224087,4.143245430705264,0.5219302841243848;0.46438760900018355;0.62326411448336116;0.35068878473087606;0.65891885131443506;0.31669431306069112,0.0019999999999974474,0.9980000000000013
near_symmetric_m3_selected,0.002,256,0.02,SAFE_DELTA_AWAY_FROM_EPSILON,0.015191903320472655,17,3.0657269618890473,4.143245430705264,0.5219302841243848;0.46438760900018355;0.62326411448336116;0.35068878473087606;0.65891885131443506;0.31669431306069112,0.0019999999999974474,0.9980000000000013
near_symmetric_m3_selected,0.002,256,0.05,SAFE_DELTA_AWAY_FROM_EPSILON,0.015191903320472655,14,2.5247163215556863,4.143245430705264,0.5219302841243848;0.46438760900018355;0.62326411448336116;0.35068878473087606;0.65891885131443506;0.31669431306069112,0.0019999999999974474,0.9980000000000013
near_symmetric_m3_selected,0.002,256,0.1,SAFE_DELTA_AWAY_FROM_EPSILON,0.015191903320472655,11,1.9837056812223248,4.143245430705264,0.5219302841243848;0.46438760900018355;0.62326411448336116;0.35068878473087606;0.65891885131443506;0.31669431306069112,0.0019999999999974474,0.9980000000000013
near_symmetric_m3_selected,0.002,256,0.2,SAFE_DELTA_AWAY_FROM_EPSILON,0.015191903320472655,8,1.4426950408889634,4.143245430705264,0.5219302841243848;0.46438760900018355;0.62326411448336116;0.35068878473087606;0.65891885131443506;0.31669431306069112,0.0019999999999974474,0.9980000000000013
near_symmetric_m3_selected,0.2,384,0.01,SAFE_DELTA_AWAY_FROM_EPSILON,0.015191903320472655,384,64.53084630885984,79.65186815249237,0.50072489623710581;0.50574567395903391;0.48914554673401234;0.48784344793134893;0.48665792702245242;0.56983477665747995,0.19999999999999774,0.8000000000000018
near_symmetric_m3_selected,0.2,384,0.02,SAFE_DELTA_AWAY_FROM_EPSILON,0.015191903320472655,384,64.53084630885984,79.65186815249237,0.50072489623710581;0.50574567395903391;0.48914554673401234;0.48784344793134893;0.48665792702245242;0.56983477665747995,0.19999999999999774,0.8000000000000018
near_symmetric_m3_selected,0.2,384,0.05,SAFE_DELTA_AWAY_FROM_EPSILON,0.015191903320472655,384,64.53084630885984,79.65186815249237,0.50072489623710581;0.50574567395903391;0.48914554673401234;0.48784344793134893;0.48665792702245242;0.56983477665747995,0.19999999999999774,0.8000000000000018
near_symmetric_m3_selected,0.2,384,0.1,SAFE_DELTA_AWAY_FROM_EPSILON,0.015191903320472655,384,64.53084630885984,79.65186815249237,0.50072489623710581;0.50574567395903391;0.48914554673401234;0.48784344793134893;0.48665792702245242;0.56983477665747995,0.19999999999999774,0.8000000000000018
near_symmetric_m3_selected,0.2,384,0.2,EXCLUDED_FROM_FITS_DELTA_EQUALS_EPSILON_ROUNDOFF_SENSITIVE,0.015191903320472655,240,40.3317789430374,79.65186815249237,0.50072489623710581;0.50574567395903391;0.48914554673401234;0.48784344793134893;0.48665792702245242;0.56983477665747995,0.19999999999999774,0.8000000000000018
near_symmetric_m3_selected,0.05,384,0.01,SAFE_DELTA_AWAY_FROM_EPSILON,0.015191903320472655,384,64.53084630885984,23.477802228738557,0.5010873443556586;0.50861851093855093;0.48371832010101856;0.48176517189702339;0.4799868905336786;0.60475216498621998,0.049999999999996596,0.9500000000000028
near_symmetric_m3_selected,0.05,384,0.02,SAFE_DELTA_AWAY_FROM_EPSILON,0.015191903320472655,384,64.53084630885984,23.477802228738557,0.5010873443556586;0.50861851093855093;0.48371832010101856;0.48176517189702339;0.4799868905336786;0.60475216498621998,0.049999999999996596,0.9500000000000028
near_symmetric_m3_selected,0.05,384,0.05,EXCLUDED_FROM_FITS_DELTA_EQUALS_EPSILON_ROUNDOFF_SENSITIVE,0.015191903320472655,237,39.827631706249434,23.477802228738557,0.5010873443556586;0.50861851093855093;0.48371832010101856;0.48176517189702339;0.4799868905336786;0.60475216498621998,0.049999999999996596,0.9500000000000028
near_symmetric_m3_selected,0.05,384,0.1,SAFE_DELTA_AWAY_FROM_EPSILON,0.015191903320472655,17,2.8568343417984825,23.477802228738557,0.5010873443556586;0.50861851093855093;0.48371832010101856;0.48176517189702339;0.4799868905336786;0.60475216498621998,0.049999999999996596,0.9500000000000028
near_symmetric_m3_selected,0.05,384,0.2,SAFE_DELTA_AWAY_FROM_EPSILON,0.015191903320472655,12,2.01658894715187,23.477802228738557,0.5010873443556586;0.50861851093855093;0.48371832010101856;0.48176517189702339;0.4799868905336786;0.60475216498621998,0.049999999999996596,0.9500000000000028
near_symmetric_m3_selected,0.01,384,0.01,EXCLUDED_FROM_FITS_DELTA_EQUALS_EPSILON_ROUNDOFF_SENSITIVE,0.015191903320472655,238,39.995680785178756,8.498051315737545,0.50118399718727269;0.50938460079975534;0.4822710596655535;0.48014429828786992;0.47820794747000561;0.61406346854055049,0.009999999999996286,0.990000000000003
near_symmetric_m3_selected,0.01,384,0.02,SAFE_DELTA_AWAY_FROM_EPSILON,0.015191903320472655,23,3.865128815374417,8.498051315737545,0.50118399718727269;0.50938460079975534;0.4822710596655535;0.48014429828786992;0.47820794747000561;0.61406346854055049,0.009999999999996286,0.990000000000003
near_symmetric_m3_selected,0.01,384,0.05,SAFE_DELTA_AWAY_FROM_EPSILON,0.015191903320472655,18,3.024883420727805,8.498051315737545,0.50118399718727269;0.50938460079975534;0.4822710596655535;0.48014429828786992;0.47820794747000561;0.61406346854055049,0.009999999999996286,0.990000000000003
near_symmetric_m3_selected,0.01,384,0.1,SAFE_DELTA_AWAY_FROM_EPSILON,0.015191903320472655,13,2.1846380260811924,8.498051315737545,0.50118399718727269;0.50938460079975534;0.4822710596655535;0.48014429828786992;0.47820794747000561;0.61406346854055049,0.009999999999996286,0.990000000000003
near_symmetric_m3_selected,0.01,384,0.2,SAFE_DELTA_AWAY_FROM_EPSILON,0.015191903320472655,11,1.8485398682225473,8.498051315737545,0.50118399718727269;0.50938460079975534;0.4822710596655535;0.48014429828786992;0.47820794747000561;0.61406346854055049,0.009999999999996286,0.990000000000003
near_symmetric_m3_selected,0.002,384,0.01,SAFE_DELTA_AWAY_FROM_EPSILON,0.015191903320472655,24,4.03317789430374,5.50210113313734,0.50120332775359555;0.50953781877199633;0.48198160757846054;0.47982012356603926;0.477852158857271;0.61592572925141664,0.0019999999999962257,0.9980000000000031
near_symmetric_m3_selected,0.002,384,0.02,SAFE_DELTA_AWAY_FROM_EPSILON,0.015191903320472655,19,3.1929324996571276,5.50210113313734,0.50120332775359555;0.50953781877199633;0.48198160757846054;0.47982012356603926;0.477852158857271;0.61592572925141664,0.0019999999999962257,0.9980000000000031
near_symmetric_m3_selected,0.002,384,0.05,SAFE_DELTA_AWAY_FROM_EPSILON,0.015191903320472655,17,2.8568343417984825,5.50210113313734,0.50120332775359555;0.50953781877199633;0.48198160757846054;0.47982012356603926;0.477852158857271;0.61592572925141664,0.0019999999999962257,0.9980000000000031
near_symmetric_m3_selected,0.002,384,0.1,SAFE_DELTA_AWAY_FROM_EPSILON,0.015191903320472655,13,2.1846380260811924,5.50210113313734,0.50120332775359555;0.50953781877199633;0.48198160757846054;0.47982012356603926;0.477852158857271;0.61592572925141664,0.0019999999999962257,0.9980000000000031
near_symmetric_m3_selected,0.002,384,0.2,SAFE_DELTA_AWAY_FROM_EPSILON,0.015191903320472655,11,1.8485398682225473,5.50210113313734,0.50120332775359555;0.50953781877199633;0.48198160757846054;0.47982012356603926;0.477852158857271;0.61592572925141664,0.0019999999999962257,0.9980000000000031
near_symmetric_m3_selected,0.2,512,0.01,SAFE_DELTA_AWAY_FROM_EPSILON,0.015191903320472655,512,82.07331788168325,105.76507649651184,0.50011567322076789;0.49958879830801933;0.50338628631069149;0.49180636430139757;0.54259715638797712;0.43292326198464592,0.19999999999999746,0.8000000000000027
near_symmetric_m3_selected,0.2,512,0.02,SAFE_DELTA_AWAY_FROM_EPSILON,0.015191903320472655,512,82.07331788168325,105.76507649651184,0.50011567322076789;0.49958879830801933;0.50338628631069149;0.49180636430139757;0.54259715638797712;0.43292326198464592,0.19999999999999746,0.8000000000000027
near_symmetric_m3_selected,0.2,512,0.05,SAFE_DELTA_AWAY_FROM_EPSILON,0.015191903320472655,512,82.07331788168325,105.76507649651184,0.50011567322076789;0.49958879830801933;0.50338628631069149;0.49180636430139757;0.54259715638797712;0.43292326198464592,0.19999999999999746,0.8000000000000027
near_symmetric_m3_selected,0.2,512,0.1,SAFE_DELTA_AWAY_FROM_EPSILON,0.015191903320472655,512,82.07331788168325,105.76507649651184,0.50011567322076789;0.49958879830801933;0.50338628631069149;0.49180636430139757;0.54259715638797712;0.43292326198464592,0.19999999999999746,0.8000000000000027
near_symmetric_m3_selected,0.2,512,0.2,EXCLUDED_FROM_FITS_DELTA_EQUALS_EPSILON_ROUNDOFF_SENSITIVE,0.015191903320472655,317,50.81492532908904,105.76507649651184,0.50011567322076789;0.49958879830801933;0.50338628631069149;0.49180636430139757;0.54259715638797712;0.43292326198464592,0.19999999999999746,0.8000000000000027
near_symmetric_m3_selected,0.05,512,0.01,SAFE_DELTA_AWAY_FROM_EPSILON,0.015191903320472655,512,82.07331788168325,30.647614744767754,0.50017350983115172;0.49938319746202903;0.50507942946603723;0.48770954645209641;0.56389573458196574;0.39938489297696894,0.04999999999999615,0.9500000000000041
near_symmetric_m3_selected,0.05,512,0.02,SAFE_DELTA_AWAY_FROM_EPSILON,0.015191903320472655,512,82.07331788168325,30.647614744767754,0.50017350983115172;0.49938319746202903;0.50507942946603723;0.48770954645209641;0.56389573458196574;0.39938489297696894,0.04999999999999615,0.9500000000000041
near_symmetric_m3_selected,0.05,512,0.05,EXCLUDED_FROM_FITS_DELTA_EQUALS_EPSILON_ROUNDOFF_SENSITIVE,0.015191903320472655,309,49.532529737187744,30.647614744767754,0.50017350983115172;0.49938319746202903;0.50507942946603723;0.48770954645209641;0.56389573458196574;0.39938489297696894,0.04999999999999615,0.9500000000000041
near_symmetric_m3_selected,0.05,512,0.1,SAFE_DELTA_AWAY_FROM_EPSILON,0.015191903320472655,18,2.8853900817779268,30.647614744767754,0.50017350983115172;0.49938319746202903;0.50507942946603723;0.48770954645209641;0.56389573458196574;0.39938489297696894,0.04999999999999615,0.9500000000000041
near_symmetric_m3_selected,0.05,512,0.2,SAFE_DELTA_AWAY_FROM_EPSILON,0.015191903320472655,12,1.9235933878519513,30.647614744767754,0.50017350983115172;0.49938319746202903;0.50507942946603723;0.48770954645209641;0.56389573458196574;0.39938489297696894,0.04999999999999615,0.9500000000000041
near_symmetric_m3_selected,0.01,512,0.01,EXCLUDED_FROM_FITS_DELTA_EQUALS_EPSILON_ROUNDOFF_SENSITIVE,0.015191903320472655,314,50.334026982126055,10.616291610969332,0.50018893292725408;0.49932837056976492;0.50553093430746276;0.48661706169228275;0.56957535543369597;0.39044132790825509,0.009999999999995807,0.9900000000000043
near_symmetric_m3_selected,0.01,512,0.02,SAFE_DELTA_AWAY_FROM_EPSILON,0.015191903320472655,24,3.8471867757039027,10.616291610969332,0.50018893292725408;0.49932837056976492;0.50553093430746276;0.48661706169228275;0.56957535543369597;0.39044132790825509,0.009999999999995807,0.9900000000000043
near_symmetric_m3_selected,0.01,512,0.05,SAFE_DELTA_AWAY_FROM_EPSILON,0.015191903320472655,19,3.0456895307655896,10.616291610969332,0.50018893292725408;0.49932837056976492;0.50553093430746276;0.48661706169228275;0.56957535543369597;0.39044132790825509,0.009999999999995807,0.9900000000000043
near_symmetric_m3_selected,0.01,512,0.1,SAFE_DELTA_AWAY_FROM_EPSILON,0.015191903320472655,16,2.5647911838026016,10.616291610969332,0.50018893292725408;0.49932837056976492;0.50553093430746276;0.48661706169228275;0.56957535543369597;0.39044132790825509,0.009999999999995807,0.9900000000000043
near_symmetric_m3_selected,0.01,512,0.2,SAFE_DELTA_AWAY_FROM_EPSILON,0.015191903320472655,12,1.9235933878519513,10.616291610969332,0.50018893292725408;0.49932837056976492;0.50553093430746276;0.48661706169228275;0.56957535543369597;0.39044132790825509,0.009999999999995807,0.9900000000000043
near_symmetric_m3_selected,0.002,512,0.01,SAFE_DELTA_AWAY_FROM_EPSILON,0.015191903320472655,25,4.007486224691565,6.610026984209647,0.50019201754647458;0.49931740519131212;0.50562123527574787;0.48639856474032001;0.570711279604042;0.3886526148945123,0.0019999999999957387,0.9980000000000044
near_symmetric_m3_selected,0.002,512,0.02,SAFE_DELTA_AWAY_FROM_EPSILON,0.015191903320472655,23,3.68688732671624,6.610026984209647,0.50019201754647458;0.49931740519131212;0.50562123527574787;0.48639856474032001;0.570711279604042;0.3886526148945123,0.0019999999999957387,0.9980000000000044
near_symmetric_m3_selected,0.002,512,0.05,SAFE_DELTA_AWAY_FROM_EPSILON,0.015191903320472655,18,2.8853900817779268,6.610026984209647,0.50019201754647458;0.49931740519131212;0.50562123527574787;0.48639856474032001;0.570711279604042;0.3886526148945123,0.0019999999999957387,0.9980000000000044
near_symmetric_m3_selected,0.002,512,0.1,SAFE_DELTA_AWAY_FROM_EPSILON,0.015191903320472655,16,2.5647911838026016,6.610026984209647,0.50019201754647458;0.49931740519131212;0.50562123527574787;0.48639856474032001;0.570711279604042;0.3886526148945123,0.0019999999999957387,0.9980000000000044
near_symmetric_m3_selected,0.002,512,0.2,SAFE_DELTA_AWAY_FROM_EPSILON,0.015191903320472655,12,1.9235933878519513,6.610026984209647,0.50019201754647458;0.49931740519131212;0.50562123527574787;0.48639856474032001;0.570711279604042;0.3886526148945123,0.0019999999999957387,0.9980000000000044
near_symmetric_m3_selected,0.2,768,0.01,SAFE_DELTA_AWAY_FROM_EPSILON,0.015191903320472655,768,115.59667461603117,158.13715432916862,0.50000063515045379;0.49999433762940032;0.50003173402837642;0.49982296676923038;0.50115897585163405;0.49584703698152532,0.19999999999999665,0.8000000000000023
near_symmetric_m3_selected,0.2,768,0.02,SAFE_DELTA_AWAY_FROM_EPSILON,0.015191903320472655,768,115.59667461603117,158.13715432916862,0.50000063515045379;0.49999433762940032;0.50003173402837642;0.49982296676923038;0.50115897585163405;0.49584703698152532,0.19999999999999665,0.8000000000000023
near_symmetric_m3_selected,0.2,768,0.05,SAFE_DELTA_AWAY_FROM_EPSILON,0.015191903320472655,768,115.59667461603117,158.13715432916862,0.50000063515045379;0.49999433762940032;0.50003173402837642;0.49982296676923038;0.50115897585163405;0.49584703698152532,0.19999999999999665,0.8000000000000023
near_symmetric_m3_selected,0.2,768,0.1,SAFE_DELTA_AWAY_FROM_EPSILON,0.015191903320472655,768,115.59667461603117,158.13715432916862,0.50000063515045379;0.49999433762940032;0.50003173402837642;0.49982296676923038;0.50115897585163405;0.49584703698152532,0.19999999999999665,0.8000000000000023
near_symmetric_m3_selected,0.2,768,0.2,EXCLUDED_FROM_FITS_DELTA_EQUALS_EPSILON_ROUNDOFF_SENSITIVE,0.015191903320472655,452,68.03345953964335,158.13715432916862,0.50000063515045379;0.49999433762940032;0.50003173402837642;0.49982296676923038;0.50115897585163405;0.49584703698152532,0.19999999999999665,0.8000000000000023
near_symmetric_m3_selected,0.05,768,0.01,SAFE_DELTA_AWAY_FROM_EPSILON,0.015191903320472655,768,115.59667461603117,45.20573149375289,0.50000095272568079;0.49999150644410045;0.50004760104256463;0.4997344501538456;0.50173846377745102;0.49377055547228804,0.04999999999999498,0.9500000000000035
near_symmetric_m3_selected,0.05,768,0.02,SAFE_DELTA_AWAY_FROM_EPSILON,0.015191903320472655,768,115.59667461603117,45.20573149375289,0.50000095272568079;0.49999150644410045;0.50004760104256463;0.4997344501538456;0.50173846377745102;0.49377055547228804,0.04999999999999498,0.9500000000000035
near_symmetric_m3_selected,0.05,768,0.05,EXCLUDED_FROM_FITS_DELTA_EQUALS_EPSILON_ROUNDOFF_SENSITIVE,0.015191903320472655,439,66.07674499536157,45.20573149375289,0.50000095272568079;0.49999150644410045;0.50004760104256463;0.4997344501538456;0.50173846377745102;0.49377055547228804,0.04999999999999498,0.9500000000000035
near_symmetric_m3_selected,0.05,768,0.1,SAFE_DELTA_AWAY_FROM_EPSILON,0.015191903320472655,22,3.311363074938393,45.20573149375289,0.50000095272568079;0.49999150644410045;0.50004760104256463;0.4997344501538456;0.50173846377745102;0.49377055547228804,0.04999999999999498,0.9500000000000035
near_symmetric_m3_selected,0.05,768,0.2,SAFE_DELTA_AWAY_FROM_EPSILON,0.015191903320472655,18,2.7092970613132303,45.20573149375289,0.50000095272568079;0.49999150644410045;0.50004760104256463;0.4997344501538456;0.50173846377745102;0.49377055547228804,0.04999999999999498,0.9500000000000035
near_symmetric_m3_selected,0.01,768,0.01,EXCLUDED_FROM_FITS_DELTA_EQUALS_EPSILON_ROUNDOFF_SENSITIVE,0.015191903320472655,444,66.82932751239302,15.090685404308717,0.50000103741240787;0.4999907514613538;0.50005183224634808;0.49971084572307634;0.50189299389100217;0.49321682706982473,0.009999999999994529,0.9900000000000037
near_symmetric_m3_selected,0.01,768,0.02,SAFE_DELTA_AWAY_FROM_EPSILON,0.015191903320472655,30,4.5154951021887175,15.090685404308717,0.50000103741240787;0.4999907514613538;0.50005183224634808;0.49971084572307634;0.50189299389100217;0.49321682706982473,0.009999999999994529,0.9900000000000037
near_symmetric_m3_selected,0.01,768,0.05,SAFE_DELTA_AWAY_FROM_EPSILON,0.015191903320472655,24,3.612396081750974,15.090685404308717,0.50000103741240787;0.4999907514613538;0.50005183224634808;0.49971084572307634;0.50189299389100217;0.49321682706982473,0.009999999999994529,0.9900000000000037
near_symmetric_m3_selected,0.01,768,0.1,SAFE_DELTA_AWAY_FROM_EPSILON,0.015191903320472655,20,3.0103300681258114,15.090685404308717,0.50000103741240787;0.4999907514613538;0.50005183224634808;0.49971084572307634;0.50189299389100217;0.49321682706982473,0.009999999999994529,0.9900000000000037
near_symmetric_m3_selected,0.01,768,0.2,SAFE_DELTA_AWAY_FROM_EPSILON,0.015191903320472655,15,2.2577475510943588,15.090685404308717,0.50000103741240787;0.4999907514613538;0.50005183224634808;0.49971084572307634;0.50189299389100217;0.49321682706982473,0.009999999999994529,0.9900000000000037
near_symmetric_m3_selected,0.002,768,0.01,SAFE_DELTA_AWAY_FROM_EPSILON,0.015191903320472655,32,4.816528109001299,9.067676186419877,0.50000105434975328;0.49999060046480448;0.50005267848710477;0.49970612483692245;0.50192389991371245;0.4931060813893321,0.0019999999999944394,0.9980000000000038
near_symmetric_m3_selected,0.002,768,0.02,SAFE_DELTA_AWAY_FROM_EPSILON,0.015191903320472655,26,3.913429088563555,9.067676186419877,0.50000105434975328;0.49999060046480448;0.50005267848710477;0.49970612483692245;0.50192389991371245;0.4931060813893321,0.0019999999999944394,0.9980000000000038
near_symmetric_m3_selected,0.002,768,0.05,SAFE_DELTA_AWAY_FROM_EPSILON,0.015191903320472655,24,3.612396081750974,9.067676186419877,0.50000105434975328;0.49999060046480448;0.50005267848710477;0.49970612483692245;0.50192389991371245;0.4931060813893321,0.0019999999999944394,0.9980000000000038
near_symmetric_m3_selected,0.002,768,0.1,SAFE_DELTA_AWAY_FROM_EPSILON,0.015191903320472655,20,3.0103300681258114,9.067676186419877,0.50000105434975328;0.49999060046480448;0.50005267848710477;0.49970612483692245;0.50192389991371245;0.4931060813893321,0.0019999999999944394,0.9980000000000038
near_symmetric_m3_selected,0.002,768,0.2,SAFE_DELTA_AWAY_FROM_EPSILON,0.015191903320472655,15,2.2577475510943588,9.067676186419877,0.50000105434975328;0.49999060046480448;0.50005267848710477;0.49970612483692245;0.50192389991371245;0.4931060813893321,0.0019999999999944394,0.9980000000000038
near_symmetric_m3_selected,0.2,1024,0.01,SAFE_DELTA_AWAY_FROM_EPSILON,0.015191903320472655,1024,147.73197218702984,210.50681772589314,0.5000000024888277;0.4999999136425714;0.50000018340048369;0.49999705355491586;0.50001262775954736;0.49989175758037957,0.19999999999999593,0.8000000000000034
near_symmetric_m3_selected,0.2,1024,0.02,SAFE_DELTA_AWAY_FROM_EPSILON,0.015191903320472655,1024,147.73197218702984,210.50681772589314,0.5000000024888277;0.4999999136425714;0.50000018340048369;0.49999705355491586;0.50001262775954736;0.49989175758037957,0.19999999999999593,0.8000000000000034
near_symmetric_m3_selected,0.2,1024,0.05,SAFE_DELTA_AWAY_FROM_EPSILON,0.015191903320472655,1024,147.73197218702984,210.50681772589314,0.5000000024888277;0.4999999136425714;0.50000018340048369;0.49999705355491586;0.50001262775954736;0.49989175758037957,0.19999999999999593,0.8000000000000034
near_symmetric_m3_selected,0.2,1024,0.1,SAFE_DELTA_AWAY_FROM_EPSILON,0.015191903320472655,1024,147.73197218702984,210.50681772589314,0.5000000024888277;0.4999999136425714;0.50000018340048369;0.49999705355491586;0.50001262775954736;0.49989175758037957,0.19999999999999593,0.8000000000000034
near_symmetric_m3_selected,0.2,1024,0.2,EXCLUDED_FROM_FITS_DELTA_EQUALS_EPSILON_ROUNDOFF_SENSITIVE,0.015191903320472655,581,83.82058187564877,210.50681772589314,0.5000000024888277;0.4999999136425714;0.50000018340048369;0.49999705355491586;0.50001262775954736;0.49989175758037957,0.19999999999999593,0.8000000000000034
near_symmetric_m3_selected,0.05,1024,0.01,SAFE_DELTA_AWAY_FROM_EPSILON,0.015191903320472655,1024,147.73197218702984,59.760226588839735,0.50000000373324149;0.49999987046385713;0.50000027510072553;0.49999558033237385;0.50001894163932092;0.49983763637056938,0.0499999999999939,0.9500000000000051
near_symmetric_m3_selected,0.05,1024,0.02,SAFE_DELTA_AWAY_FROM_EPSILON,0.015191903320472655,1024,147.73197218702984,59.760226588839735,0.50000000373324149;0.49999987046385713;0.50000027510072553;0.49999558033237385;0.50001894163932092;0.49983763637056938,0.0499999999999939,0.9500000000000051
near_symmetric_m3_selected,0.05,1024,0.05,EXCLUDED_FROM_FITS_DELTA_EQUALS_EPSILON_ROUNDOFF_SENSITIVE,0.015191903320472655,570,82.23361733067091,59.760226588839735,0.50000000373324149;0.49999987046385713;0.50000027510072553;0.49999558033237385;0.50001894163932092;0.49983763637056938,0.0499999999999939,0.9500000000000051
near_symmetric_m3_selected,0.05,1024,0.1,SAFE_DELTA_AWAY_FROM_EPSILON,0.015191903320472655,27,3.895276610400201,59.760226588839735,0.50000000373324149;0.49999987046385713;0.50000027510072553;0.49999558033237385;0.50001894163932092;0.49983763637056938,0.0499999999999939,0.9500000000000051
near_symmetric_m3_selected,0.05,1024,0.2,SAFE_DELTA_AWAY_FROM_EPSILON,0.015191903320472655,21,3.029659585866823,59.760226588839735,0.50000000373324149;0.49999987046385713;0.50000027510072553;0.49999558033237385;0.50001894163932092;0.49983763637056938,0.0499999999999939,0.9500000000000051
near_symmetric_m3_selected,0.01,1024,0.01,EXCLUDED_FROM_FITS_DELTA_EQUALS_EPSILON_ROUNDOFF_SENSITIVE,0.015191903320472655,572,82.5221563388487,19.56113561895883,0.50000000406508516;0.4999998589495333;0.50000029955412328;0.49999518747302929;0.50002062534059388;0.49982320404795333,0.009999999999993351,0.9900000000000054
near_symmetric_m3_selected,0.01,1024,0.02,SAFE_DELTA_AWAY_FROM_EPSILON,0.015191903320472655,35,5.049432643111372,19.56113561895883,0.50000000406508516;0.4999998589495333;0.50000029955412328;0.49999518747302929;0.50002062534059388;0.49982320404795333,0.009999999999993351,0.9900000000000054
near_symmetric_m3_selected,0.01,1024,0.05,SAFE_DELTA_AWAY_FROM_EPSILON,0.015191903320472655,29,4.183815618577994,19.56113561895883,0.50000000406508516;0.4999998589495333;0.50000029955412328;0.49999518747302929;0.50002062534059388;0.49982320404795333,0.009999999999993351,0.9900000000000054
near_symmetric_m3_selected,0.01,1024,0.1,SAFE_DELTA_AWAY_FROM_EPSILON,0.015191903320472655,24,3.4624680981335123,19.56113561895883,0.50000000406508516;0.4999998589495333;0.50000029955412328;0.49999518747302929;0.50002062534059388;0.49982320404795333,0.009999999999993351,0.9900000000000054
near_symmetric_m3_selected,0.01,1024,0.2,SAFE_DELTA_AWAY_FROM_EPSILON,0.015191903320472655,20,2.8853900817779268,19.56113561895883,0.50000000406508516;0.4999998589495333;0.50000029955412328;0.49999518747302929;0.50002062534059388;0.49982320404795333,0.009999999999993351,0.9900000000000054
near_symmetric_m3_selected,0.002,1024,0.01,SAFE_DELTA_AWAY_FROM_EPSILON,0.015191903320472655,35,5.049432643111372,11.521317424982648,0.50000000413145396;0.49999985664666857;0.50000030444480281;0.49999510890116039;0.50002096208084845;0.4998203175834301,0.001999999999993242,0.9980000000000055
near_symmetric_m3_selected,0.002,1024,0.02,SAFE_DELTA_AWAY_FROM_EPSILON,0.015191903320472655,32,4.6166241308446825,11.521317424982648,0.50000000413145396;0.49999985664666857;0.50000030444480281;0.49999510890116039;0.50002096208084845;0.4998203175834301,0.001999999999993242,0.9980000000000055
near_symmetric_m3_selected,0.002,1024,0.05,SAFE_DELTA_AWAY_FROM_EPSILON,0.015191903320472655,28,4.039546114489098,11.521317424982648,0.50000000413145396;0.49999985664666857;0.50000030444480281;0.49999510890116039;0.50002096208084845;0.4998203175834301,0.001999999999993242,0.9980000000000055
near_symmetric_m3_selected,0.002,1024,0.1,SAFE_DELTA_AWAY_FROM_EPSILON,0.015191903320472655,23,3.318198594044616,11.521317424982648,0.50000000413145396;0.49999985664666857;0.50000030444480281;0.49999510890116039;0.50002096208084845;0.4998203175834301,0.001999999999993242,0.9980000000000055
near_symmetric_m3_selected,0.002,1024,0.2,SAFE_DELTA_AWAY_FROM_EPSILON,0.015191903320472655,20,2.8853900817779268,11.521317424982648,0.50000000413145396;0.49999985664666857;0.50000030444480281;0.49999510890116039;0.50002096208084845;0.4998203175834301,0.001999999999993242,0.9980000000000055
near_symmetric_m3_selected,0.2,1536,0.01,SAFE_DELTA_AWAY_FROM_EPSILON,0.015191903320472655,1536,209.35167060388474,315.2352519813908,0.49999999999986416;0.50000000000285061;0.49999999997153582;0.50000000055022975;0.49999999913670851;0.50000001855054876,0.19999999999999496,0.8000000000000036
near_symmetric_m3_selected,0.2,1536,0.02,SAFE_DELTA_AWAY_FROM_EPSILON,0.015191903320472655,1536,209.35167060388474,315.2352519813908,0.49999999999986416;0.50000000000285061;0.49999999997153582;0.50000000055022975;0.49999999913670851;0.50000001855054876,0.19999999999999496,0.8000000000000036
near_symmetric_m3_selected,0.2,1536,0.05,SAFE_DELTA_AWAY_FROM_EPSILON,0.015191903320472655,1536,209.35167060388474,315.2352519813908,0.49999999999986416;0.50000000000285061;0.49999999997153582;0.50000000055022975;0.49999999913670851;0.50000001855054876,0.19999999999999496,0.8000000000000036
near_symmetric_m3_selected,0.2,1536,0.1,SAFE_DELTA_AWAY_FROM_EPSILON,0.015191903320472655,1536,209.35167060388474,315.2352519813908,0.49999999999986416;0.50000000000285061;0.49999999997153582;0.50000000055022975;0.49999999913670851;0.50000001855054876,0.19999999999999496,0.8000000000000036
near_symmetric_m3_selected,0.2,1536,0.2,EXCLUDED_FROM_FITS_DELTA_EQUALS_EPSILON_ROUNDOFF_SENSITIVE,0.015191903320472655,850,115.85216146699352,315.2352519813908,0.49999999999986416;0.50000000000285061;0.49999999997153582;0.50000000055022975;0.49999999913670851;0.50000001855054876,0.19999999999999496,0.8000000000000036
near_symmetric_m3_selected,0.05,1536,0.01,SAFE_DELTA_AWAY_FROM_EPSILON,0.015191903320472655,1536,209.35167060388474,88.85287797208615,0.49999999999979627;0.50000000000427602;0.49999999995730376;0.50000000082534457;0.49999999870506279;0.5000000278258232,0.049999999999992446,0.9500000000000055
near_symmetric_m3_selected,0.05,1536,0.02,SAFE_DELTA_AWAY_FROM_EPSILON,0.015191903320472655,1536,209.35167060388474,88.85287797208615,0.49999999999979627;0.50000000000427602;0.49999999995730376;0.50000000082534457;0.49999999870506279;0.5000000278258232,0.049999999999992446,0.9500000000000055
near_symmetric_m3_selected,0.05,1536,0.05,EXCLUDED_FROM_FITS_DELTA_EQUALS_EPSILON_ROUNDOFF_SENSITIVE,0.015191903320472655,826,112.58104161380781,88.85287797208615,0.49999999999979627;0.50000000000427602;0.49999999995730376;0.50000000082534457;0.49999999870506279;0.5000000278258232,0.049999999999992446,0.9500000000000055
near_symmetric_m3_selected,0.05,1536,0.1,SAFE_DELTA_AWAY_FROM_EPSILON,0.015191903320472655,35,4.770383119229145,88.85287797208615,0.49999999999979627;0.50000000000427602;0.49999999995730376;0.50000000082534457;0.49999999870506279;0.5000000278258232,0.049999999999992446,0.9500000000000055
near_symmetric_m3_selected,0.05,1536,0.2,SAFE_DELTA_AWAY_FROM_EPSILON,0.015191903320472655,29,3.95260315593272,88.85287797208615,0.49999999999979627;0.50000000000427602;0.49999999995730376;0.50000000082534457;0.49999999870506279;0.5000000278258232,0.049999999999992446,0.9500000000000055
near_symmetric_m3_selected,0.01,1536,0.01,EXCLUDED_FROM_FITS_DELTA_EQUALS_EPSILON_ROUNDOFF_SENSITIVE,0.015191903320472655,832,113.39882157710424,28.484244902938272,0.49999999999977818;0.50000000000465605;0.49999999995350852;0.50000000089870855;0.49999999858995725;0.50000003029922957,0.009999999999991769,0.9900000000000059
near_symmetric_m3_selected,0.01,1536,0.02,SAFE_DELTA_AWAY_FROM_EPSILON,0.015191903320472655,43,5.860756403624378,28.484244902938272,0.49999999999977818;0.50000000000465605;0.49999999995350852;0.50000000089870855;0.49999999858995725;0.50000003029922957,0.009999999999991769,0.9900000000000059
near_symmetric_m3_selected,0.01,1536,0.05,SAFE_DELTA_AWAY_FROM_EPSILON,0.015191903320472655,37,5.042976440327953,28.484244902938272,0.49999999999977818;0.50000000000465605;0.49999999995350852;0.50000000089870855;0.49999999858995725;0.50000003029922957,0.009999999999991769,0.9900000000000059
near_symmetric_m3_selected,0.01,1536,0.1,SAFE_DELTA_AWAY_FROM_EPSILON,0.015191903320472655,32,4.361493137580933,28.484244902938272,0.49999999999977818;0.50000000000465605;0.49999999995350852;0.50000000089870855;0.49999999858995725;0.50000003029922957,0.009999999999991769,0.9900000000000059
near_symmetric_m3_selected,0.01,1536,0.2,SAFE_DELTA_AWAY_FROM_EPSILON,0.015191903320472655,29,3.95260315593272,28.484244902938272,0.49999999999977818;0.50000000000465605;0.49999999995350852;0.50000000089870855;0.49999999858995725;0.50000003029922957,0.009999999999991769,0.9900000000000059
near_symmetric_m3_selected,0.002,1536,0.01,SAFE_DELTA_AWAY_FROM_EPSILON,0.015191903320472655,44,5.997053064173782,16.41051828910869,0.49999999999977451;0.5000000000047321;0.49999999995274946;0.50000000091338137;0.49999999856693617;0.50000003079391087,0.001999999999991634,0.998000000000006
near_symmetric_m3_selected,0.002,1536,0.02,SAFE_DELTA_AWAY_FROM_EPSILON,0.015191903320472655,41,5.588163082525569,16.41051828910869,0.49999999999977451;0.5000000000047321;0.49999999995274946;0.50000000091338137;0.49999999856693617;0.50000003079391087,0.001999999999991634,0.998000000000006
near_symmetric_m3_selected,0.002,1536,0.05,SAFE_DELTA_AWAY_FROM_EPSILON,0.015191903320472655,35,4.770383119229145,16.41051828910869,0.49999999999977451;0.5000000000047321;0.49999999995274946;0.50000000091338137;0.49999999856693617;0.50000003079391087,0.001999999999991634,0.998000000000006
near_symmetric_m3_selected,0.002,1536,0.1,SAFE_DELTA_AWAY_FROM_EPSILON,0.015191903320472655,32,4.361493137580933,16.41051828910869,0.49999999999977451;0.5000000000047321;0.49999999995274946;0.50000000091338137;0.49999999856693617;0.50000003079391087,0.001999999999991634,0.998000000000006
near_symmetric_m3_selected,0.002,1536,0.2,SAFE_DELTA_AWAY_FROM_EPSILON,0.015191903320472655,28,3.8163064953833157,16.41051828910869,0.49999999999977451;0.5000000000047321;0.49999999995274946;0.50000000091338137;0.49999999856693617;0.50000003079391087,0.001999999999991634,0.998000000000006
near_symmetric_m3_selected,0.2,2048,0.01,SAFE_DELTA_AWAY_FROM_EPSILON,0.015191903320472655,2048,268.6035857945997,419.955704477626,0.49999999999999906;0.49999999999999778;0.49999999999999273;0.5000000000000151;0.49999999999977418;0.50000000000082745,0.19999999999999415,0.8000000000000058
near_symmetric_m3_selected,0.2,2048,0.02,SAFE_DELTA_AWAY_FROM_EPSILON,0.015191903320472655,2048,268.6035857945997,419.955704477626,0.49999999999999906;0.49999999999999778;0.49999999999999273;0.5000000000000151;0.49999999999977418;0.50000000000082745,0.19999999999999415,0.8000000000000058
near_symmetric_m3_selected,0.2,2048,0.05,SAFE_DELTA_AWAY_FROM_EPSILON,0.015191903320472655,2048,268.6035857945997,419.955704477626,0.49999999999999906;0.49999999999999778;0.49999999999999273;0.5000000000000151;0.49999999999977418;0.50000000000082745,0.19999999999999415,0.8000000000000058
near_symmetric_m3_selected,0.2,2048,0.1,SAFE_DELTA_AWAY_FROM_EPSILON,0.015191903320472655,2048,268.6035857945997,419.955704477626,0.49999999999999906;0.49999999999999778;0.49999999999999273;0.5000000000000151;0.49999999999977418;0.50000000000082745,0.19999999999999415,0.8000000000000058
near_symmetric_m3_selected,0.2,2048,0.2,EXCLUDED_FROM_FITS_DELTA_EQUALS_EPSILON_ROUNDOFF_SENSITIVE,0.015191903320472655,1118,146.63027779216918,419.955704477626,0.49999999999999906;0.49999999999999778;0.49999999999999273;0.5000000000000151;0.49999999999977418;0.50000000000082745,0.19999999999999415,0.8000000000000058
near_symmetric_m3_selected,0.05,2048,0.01,SAFE_DELTA_AWAY_FROM_EPSILON,0.015191903320472655,2048,268.6035857945997,117.93355671643899,0.49999999999999861;0.49999999999999667;0.49999999999998906;0.50000000000002276;0.49999999999966127;0.50000000000124123,0.04999999999999121,0.9500000000000088
near_symmetric_m3_selected,0.05,2048,0.02,SAFE_DELTA_AWAY_FROM_EPSILON,0.015191903320472655,2048,268.6035857945997,117.93355671643899,0.49999999999999861;0.49999999999999667;0.49999999999998906;0.50000000000002276;0.49999999999966127;0.50000000000124123,0.04999999999999121,0.9500000000000088
near_symmetric_m3_selected,0.05,2048,0.05,EXCLUDED_FROM_FITS_DELTA_EQUALS_EPSILON_ROUNDOFF_SENSITIVE,0.015191903320472655,1086,142.43334676412857,117.93355671643899,0.49999999999999861;0.49999999999999667;0.49999999999998906;0.50000000000002276;0.49999999999966127;0.50000000000124123,0.04999999999999121,0.9500000000000088
near_symmetric_m3_selected,0.05,2048,0.1,SAFE_DELTA_AWAY_FROM_EPSILON,0.015191903320472655,43,5.6396260689295845,117.93355671643899,0.49999999999999861;0.49999999999999667;0.49999999999998906;0.50000000000002276;0.49999999999966127;0.50000000000124123,0.04999999999999121,0.9500000000000088
near_symmetric_m3_selected,0.05,2048,0.2,SAFE_DELTA_AWAY_FROM_EPSILON,0.015191903320472655,37,4.852701501171968,117.93355671643899,0.49999999999999861;0.49999999999999667;0.49999999999998906;0.50000000000002276;0.49999999999966127;0.50000000000124123,0.04999999999999121,0.9500000000000088
near_symmetric_m3_selected,0.01,2048,0.01,EXCLUDED_FROM_FITS_DELTA_EQUALS_EPSILON_ROUNDOFF_SENSITIVE,0.015191903320472655,1092,143.22027133188618,37.39431731345581,0.4999999999999985;0.49999999999999634;0.49999999999998807;0.50000000000002465;0.49999999999963118;0.50000000000135147,0.009999999999990426,0.9900000000000095
near_symmetric_m3_selected,0.01,2048,0.02,SAFE_DELTA_AWAY_FROM_EPSILON,0.015191903320472655,51,6.6888588259397395,37.39431731345581,0.4999999999999985;0.49999999999999634;0.49999999999998807;0.50000000000002465;0.49999999999963118;0.50000000000135147,0.009999999999990426,0.9900000000000095
near_symmetric_m3_selected,0.01,2048,0.05,SAFE_DELTA_AWAY_FROM_EPSILON,0.015191903320472655,44,5.7707801635558535,37.39431731345581,0.4999999999999985;0.49999999999999634;0.49999999999998807;0.50000000000002465;0.49999999999963118;0.50000000000135147,0.009999999999990426,0.9900000000000095
near_symmetric_m3_selected,0.01,2048,0.1,SAFE_DELTA_AWAY_FROM_EPSILON,0.015191903320472655,41,5.3773178796770456,37.39431731345581,0.4999999999999985;0.49999999999999634;0.49999999999998807;0.50000000000002465;0.49999999999963118;0.50000000000135147,0.009999999999990426,0.9900000000000095
near_symmetric_m3_selected,0.01,2048,0.2,SAFE_DELTA_AWAY_FROM_EPSILON,0.015191903320472655,37,4.852701501171968,37.39431731345581,0.4999999999999985;0.49999999999999634;0.49999999999998807;0.50000000000002465;0.49999999999963118;0.50000000000135147,0.009999999999990426,0.9900000000000095
near_symmetric_m3_selected,0.002,2048,0.01,SAFE_DELTA_AWAY_FROM_EPSILON,0.015191903320472655,53,6.951167015192278,21.286469432859157,0.49999999999999845;0.49999999999999628;0.4999999999999879;0.50000000000002509;0.49999999999962513;0.50000000000137357,0.001999999999990269,0.9980000000000098
near_symmetric_m3_selected,0.002,2048,0.02,SAFE_DELTA_AWAY_FROM_EPSILON,0.015191903320472655,49,6.4265506366872005,21.286469432859157,0.49999999999999845;0.49999999999999628;0.4999999999999879;0.50000000000002509;0.49999999999962513;0.50000000000137357,0.001999999999990269,0.9980000000000098
near_symmetric_m3_selected,0.002,2048,0.05,SAFE_DELTA_AWAY_FROM_EPSILON,0.015191903320472655,43,5.6396260689295845,21.286469432859157,0.49999999999999845;0.49999999999999628;0.4999999999999879;0.50000000000002509;0.49999999999962513;0.50000000000137357,0.001999999999990269,0.9980000000000098
near_symmetric_m3_selected,0.002,2048,0.1,SAFE_DELTA_AWAY_FROM_EPSILON,0.015191903320472655,41,5.3773178796770456,21.286469432859157,0.49999999999999845;0.49999999999999628;0.4999999999999879;0.50000000000002509;0.49999999999962513;0.50000000000137357,0.001999999999990269,0.9980000000000098
near_symmetric_m3_selected,0.002,2048,0.2,SAFE_DELTA_AWAY_FROM_EPSILON,0.015191903320472655,37,4.852701501171968,21.286469432859157,0.49999999999999845;0.49999999999999628;0.4999999999999879;0.50000000000002509;0.49999999999962513;0.50000000000137357,0.001999999999990269,0.9980000000000098
near_symmetric_m4_meaningful,0.2,8,0.01,SAFE_DELTA_AWAY_FROM_EPSILON,0.025463667086351074,8,3.8471867757039027,2.648502135559284,0.50391692975467939;0.46143680102893181;0.45200822667969587;0.3939546958608745;0.21910776648635411;0.21144666498142536,0.204242460394681,0.5039169297546794
near_symmetric_m4_meaningful,0.2,8,0.02,SAFE_DELTA_AWAY_FROM_EPSILON,0.025463667086351074,8,3.8471867757039027,2.648502135559284,0.50391692975467939;0.46143680102893181;0.45200822667969587;0.3939546958608745;0.21910776648635411;0.21144666498142536,0.204242460394681,0.5039169297546794
near_symmetric_m4_meaningful,0.2,8,0.05,SAFE_DELTA_AWAY_FROM_EPSILON,0.025463667086351074,8,3.8471867757039027,2.648502135559284,0.50391692975467939;0.46143680102893181;0.45200822667969587;0.3939546958608745;0.21910776648635411;0.21144666498142536,0.204242460394681,0.5039169297546794
near_symmetric_m4_meaningful,0.2,8,0.1,SAFE_DELTA_AWAY_FROM_EPSILON,0.025463667086351074,8,3.8471867757039027,2.648502135559284,0.50391692975467939;0.46143680102893181;0.45200822667969587;0.3939546958608745;0.21910776648635411;0.21144666498142536,0.204242460394681,0.5039169297546794
near_symmetric_m4_meaningful,0.2,8,0.2,EXCLUDED_FROM_FITS_DELTA_EQUALS_EPSILON_ROUNDOFF_SENSITIVE,0.025463667086351074,8,3.8471867757039027,2.648502135559284,0.50391692975467939;0.46143680102893181;0.45200822667969587;0.3939546958608745;0.21910776648635411;0.21144666498142536,0.204242460394681,0.5039169297546794
near_symmetric_m4_meaningful,0.05,8,0.01,SAFE_DELTA_AWAY_FROM_EPSILON,0.025463667086351074,8,3.8471867757039027,1.9727532033389257,0.50587539463201914;0.44215520154339771;0.4280123400195438;0.34093204379131176;0.078661649729531158;0.067169997472138018,0.056363690592021495,0.5058753946320191
near_symmetric_m4_meaningful,0.05,8,0.02,SAFE_DELTA_AWAY_FROM_EPSILON,0.025463667086351074,8,3.8471867757039027,1.9727532033389257,0.50587539463201914;0.44215520154339771;0.4280123400195438;0.34093204379131176;0.078661649729531158;0.067169997472138018,0.056363690592021495,0.5058753946320191
near_symmetric_m4_meaningful,0.05,8,0.05,EXCLUDED_FROM_FITS_DELTA_EQUALS_EPSILON_ROUNDOFF_SENSITIVE,0.025463667086351074,8,3.8471867757039027,1.9727532033389257,0.50587539463201914;0.44215520154339771;0.4280123400195438;0.34093204379131176;0.078661649729531158;0.067169997472138018,0.056363690592021495,0.5058753946320191
near_symmetric_m4_meaningful,0.05,8,0.1,SAFE_DELTA_AWAY_FROM_EPSILON,0.025463667086351074,4,1.9235933878519513,1.9727532033389257,0.50587539463201914;0.44215520154339771;0.4280123400195438;0.34093204379131176;0.078661649729531158;0.067169997472138018,0.056363690592021495,0.5058753946320191
near_symmetric_m4_meaningful,0.05,8,0.2,SAFE_DELTA_AWAY_FROM_EPSILON,0.025463667086351074,4,1.9235933878519513,1.9727532033389257,0.50587539463201914;0.44215520154339771;0.4280123400195438;0.34093204379131176;0.078661649729531158;0.067169997472138018,0.056363690592021495,0.5058753946320191
near_symmetric_m4_meaningful,0.01,8,0.01,EXCLUDED_FROM_FITS_DELTA_EQUALS_EPSILON_ROUNDOFF_SENSITIVE,0.025463667086351074,8,3.8471867757039027,1.7925534880801635,0.50639765193264297;0.43701344168058864;0.42161343691016989;0.32679266990609501;0.04120935192771169;0.028696219469661388,0.016929351977978957,0.506397651932643
near_symmetric_m4_meaningful,0.01,8,0.02,SAFE_DELTA_AWAY_FROM_EPSILON,0.025463667086351074,7,3.3662884287409147,1.7925534880801635,0.50639765193264297;0.43701344168058864;0.42161343691016989;0.32679266990609501;0.04120935192771169;0.028696219469661388,0.016929351977978957,0.506397651932643
near_symmetric_m4_meaningful,0.01,8,0.05,SAFE_DELTA_AWAY_FROM_EPSILON,0.025463667086351074,4,1.9235933878519513,1.7925534880801635,0.50639765193264297;0.43701344168058864;0.42161343691016989;0.32679266990609501;0.04120935192771169;0.028696219469661388,0.016929351977978957,0.506397651932643
near_symmetric_m4_meaningful,0.01,8,0.1,SAFE_DELTA_AWAY_FROM_EPSILON,0.025463667086351074,4,1.9235933878519513,1.7925534880801635,0.50639765193264297;0.43701344168058864;0.42161343691016989;0.32679266990609501;0.04120935192771169;0.028696219469661388,0.016929351977978957,0.506397651932643
near_symmetric_m4_meaningful,0.01,8,0.2,SAFE_DELTA_AWAY_FROM_EPSILON,0.025463667086351074,4,1.9235933878519513,1.7925534880801635,0.50639765193264297;0.43701344168058864;0.42161343691016989;0.32679266990609501;0.04120935192771169;0.028696219469661388,0.016929351977978957,0.506397651932643
near_symmetric_m4_meaningful,0.002,8,0.01,SAFE_DELTA_AWAY_FROM_EPSILON,0.025463667086351074,7,3.3662884287409147,1.7565135450284108,0.5065021033927678;0.4359850897080268;0.42033365628829511;0.32396479512905169;0.033718892367347805;0.021001463869166064,0.009042484255170449,0.5065021033927678
near_symmetric_m4_meaningful,0.002,8,0.02,SAFE_DELTA_AWAY_FROM_EPSILON,0.025463667086351074,6,2.885390081777927,1.7565135450284108,0.5065021033927678;0.4359850897080268;0.42033365628829511;0.32396479512905169;0.033718892367347805;0.021001463869166064,0.009042484255170449,0.5065021033927678
near_symmetric_m4_meaningful,0.002,8,0.05,SAFE_DELTA_AWAY_FROM_EPSILON,0.025463667086351074,4,1.9235933878519513,1.7565135450284108,0.5065021033927678;0.4359850897080268;0.42033365628829511;0.32396479512905169;0.033718892367347805;0.021001463869166064,0.009042484255170449,0.5065021033927678
near_symmetric_m4_meaningful,0.002,8,0.1,SAFE_DELTA_AWAY_FROM_EPSILON,0.025463667086351074,4,1.9235933878519513,1.7565135450284108,0.5065021033927678;0.4359850897080268;0.42033365628829511;0.32396479512905169;0.033718892367347805;0.021001463869166064,0.009042484255170449,0.5065021033927678
near_symmetric_m4_meaningful,0.002,8,0.2,SAFE_DELTA_AWAY_FROM_EPSILON,0.025463667086351074,4,1.9235933878519513,1.7565135450284108,0.5065021033927678;0.4359850897080268;0.42033365628829511;0.32396479512905169;0.033718892367347805;0.021001463869166064,0.009042484255170449,0.5065021033927678
near_symmetric_m4_meaningful,0.2,12,0.01,SAFE_DELTA_AWAY_FROM_EPSILON,0.025463667086351074,12,4.829155252582136,3.5199197779691964,0.48694681815252144;0.55444609558388602;0.57032001526589893;0.60752599646709848;0.26330891297034542;0.24386720462363928,0.20010584328776382,0.6075259964670985
near_symmetric_m4_meaningful,0.2,12,0.02,SAFE_DELTA_AWAY_FROM_EPSILON,0.025463667086351074,12,4.829155252582136,3.5199197779691964,0.48694681815252144;0.55444609558388602;0.57032001526589893;0.60752599646709848;0.26330891297034542;0.24386720462363928,0.20010584328776382,0.6075259964670985
near_symmetric_m4_meaningful,0.2,12,0.05,SAFE_DELTA_AWAY_FROM_EPSILON,0.025463667086351074,12,4.829155252582136,3.5199197779691964,0.48694681815252144;0.55444609558388602;0.57032001526589893;0.60752599646709848;0.26330891297034542;0.24386720462363928,0.20010584328776382,0.6075259964670985
near_symmetric_m4_meaningful,0.2,12,0.1,SAFE_DELTA_AWAY_FROM_EPSILON,0.025463667086351074,12,4.829155252582136,3.5199197779691964,0.48694681815252144;0.55444609558388602;0.57032001526589893;0.60752599646709848;0.26330891297034542;0.24386720462363928,0.20010584328776382,0.6075259964670985
near_symmetric_m4_meaningful,0.2,12,0.2,EXCLUDED_FROM_FITS_DELTA_EQUALS_EPSILON_ROUNDOFF_SENSITIVE,0.025463667086351074,12,4.829155252582136,3.5199197779691964,0.48694681815252144;0.55444609558388602;0.57032001526589893;0.60752599646709848;0.26330891297034542;0.24386720462363928,0.20010584328776382,0.6075259964670985
near_symmetric_m4_meaningful,0.05,12,0.01,SAFE_DELTA_AWAY_FROM_EPSILON,0.025463667086351074,12,4.829155252582136,2.279879666953794,0.48042022722878214;0.58166914337582909;0.6054800228988485;0.66128899470064784;0.14496336945551813;0.11580080693545891,0.05015876493164573,0.6612889947006478
near_symmetric_m4_meaningful,0.05,12,0.02,SAFE_DELTA_AWAY_FROM_EPSILON,0.025463667086351074,12,4.829155252582136,2.279879666953794,0.48042022722878214;0.58166914337582909;0.6054800228988485;0.66128899470064784;0.14496336945551813;0.11580080693545891,0.05015876493164573,0.6612889947006478
near_symmetric_m4_meaningful,0.05,12,0.05,EXCLUDED_FROM_FITS_DELTA_EQUALS_EPSILON_ROUNDOFF_SENSITIVE,0.025463667086351074,12,4.829155252582136,2.279879666953794,0.48042022722878214;0.58166914337582909;0.6054800228988485;0.66128899470064784;0.14496336945551813;0.11580080693545891,0.05015876493164573,0.6612889947006478
near_symmetric_m4_meaningful,0.05,12,0.1,SAFE_DELTA_AWAY_FROM_EPSILON,0.025463667086351074,7,2.8170072306729126,2.279879666953794,0.48042022722878214;0.58166914337582909;0.6054800228988485;0.66128899470064784;0.14496336945551813;0.11580080693545891,0.05015876493164573,0.6612889947006478
near_symmetric_m4_meaningful,0.05,12,0.2,SAFE_DELTA_AWAY_FROM_EPSILON,0.025463667086351074,4,1.6097184175273787,2.279879666953794,0.48042022722878214;0.58166914337582909;0.6054800228988485;0.66128899470064784;0.14496336945551813;0.11580080693545891,0.05015876493164573,0.6612889947006478
near_symmetric_m4_meaningful,0.01,12,0.01,EXCLUDED_FROM_FITS_DELTA_EQUALS_EPSILON_ROUNDOFF_SENSITIVE,0.025463667086351074,12,4.829155252582136,1.9492023040163542,0.47867980298245172;0.58892862278701386;0.61485602493430158;0.67562579422959423;0.11340455785156418;0.081649767551944127,0.010172877370014237,0.6756257942295942
near_symmetric_m4_meaningful,0.01,12,0.02,SAFE_DELTA_AWAY_FROM_EPSILON,0.025463667086351074,8,3.2194368350547573,1.9492023040163542,0.47867980298245172;0.58892862278701386;0.61485602493430158;0.67562579422959423;0.11340455785156418;0.081649767551944127,0.010172877370014237,0.6756257942295942
near_symmetric_m4_meaningful,0.01,12,0.05,SAFE_DELTA_AWAY_FROM_EPSILON,0.025463667086351074,7,2.8170072306729126,1.9492023040163542,0.47867980298245172;0.58892862278701386;0.61485602493430158;0.67562579422959423;0.11340455785156418;0.081649767551944127,0.010172877370014237,0.6756257942295942
near_symmetric_m4_meaningful,0.01,12,0.1,SAFE_DELTA_AWAY_FROM_EPSILON,0.025463667086351074,5,2.012148021909223,1.9492023040163542,0.47867980298245172;0.58892862278701386;0.61485602493430158;0.67562579422959423;0.11340455785156418;0.081649767551944127,0.010172877370014237,0.6756257942295942
near_symmetric_m4_meaningful,0.01,12,0.2,SAFE_DELTA_AWAY_FROM_EPSILON,0.025463667086351074,4,1.6097184175273787,1.9492023040163542,0.47867980298245172;0.58892862278701386;0.61485602493430158;0.67562579422959423;0.11340455785156418;0.081649767551944127,0.010172877370014237,0.6756257942295942
near_symmetric_m4_meaningful,0.002,12,0.01,SAFE_DELTA_AWAY_FROM_EPSILON,0.025463667086351074,8,3.2194368350547573,1.883066831428866,0.47833171813318559;0.59038051866925079;0.61673122534139224;0.67849315413538347;0.1070927955307734;0.07481955967524119,0.002175699857687938,0.6784931541353835
near_symmetric_m4_meaningful,0.002,12,0.02,SAFE_DELTA_AWAY_FROM_EPSILON,0.025463667086351074,8,3.2194368350547573,1.883066831428866,0.47833171813318559;0.59038051866925079;0.61673122534139224;0.67849315413538347;0.1070927955307734;0.07481955967524119,0.002175699857687938,0.6784931541353835
near_symmetric_m4_meaningful,0.002,12,0.05,SAFE_DELTA_AWAY_FROM_EPSILON,0.025463667086351074,7,2.8170072306729126,1.883066831428866,0.47833171813318559;0.59038051866925079;0.61673122534139224;0.67849315413538347;0.1070927955307734;0.07481955967524119,0.002175699857687938,0.6784931541353835
near_symmetric_m4_meaningful,0.002,12,0.1,SAFE_DELTA_AWAY_FROM_EPSILON,0.025463667086351074,5,2.012148021909223,1.883066831428866,0.47833171813318559;0.59038051866925079;0.61673122534139224;0.67849315413538347;0.1070927955307734;0.07481955967524119,0.002175699857687938,0.6784931541353835
near_symmetric_m4_meaningful,0.002,12,0.2,SAFE_DELTA_AWAY_FROM_EPSILON,0.025463667086351074,4,1.6097184175273787,1.883066831428866,0.47833171813318559;0.59038051866925079;0.61673122534139224;0.67849315413538347;0.1070927955307734;0.07481955967524119,0.002175699857687938,0.6784931541353835
near_symmetric_m4_meaningful,0.2,16,0.01,SAFE_DELTA_AWAY_FROM_EPSILON,0.025463667086351074,16,5.7707801635558535,4.232630700069534,0.5718202235719676;0.63462242097269017;0.65629663147172279;0.32562904614761629;0.67728136901749547;0.302410614104348,0.20000231501557428,0.6772813690174955
near_symmetric_m4_meaningful,0.2,16,0.02,SAFE_DELTA_AWAY_FROM_EPSILON,0.025463667086351074,16,5.7707801635558535,4.232630700069534,0.5718202235719676;0.63462242097269017;0.65629663147172279;0.32562904614761629;0.67728136901749547;0.302410614104348,0.20000231501557428,0.6772813690174955
near_symmetric_m4_meaningful,0.2,16,0.05,SAFE_DELTA_AWAY_FROM_EPSILON,0.025463667086351074,16,5.7707801635558535,4.232630700069534,0.5718202235719676;0.63462242097269017;0.65629663147172279;0.32562904614761629;0.67728136901749547;0.302410614104348,0.20000231501557428,0.6772813690174955
near_symmetric_m4_meaningful,0.2,16,0.1,SAFE_DELTA_AWAY_FROM_EPSILON,0.025463667086351074,16,5.7707801635558535,4.232630700069534,0.5718202235719676;0.63462242097269017;0.65629663147172279;0.32562904614761629;0.67728136901749547;0.302410614104348,0.20000231501557428,0.6772813690174955
near_symmetric_m4_meaningful,0.2,16,0.2,EXCLUDED_FROM_FITS_DELTA_EQUALS_EPSILON_ROUNDOFF_SENSITIVE,0.025463667086351074,16,5.7707801635558535,4.232630700069534,0.5718202235719676;0.63462242097269017;0.65629663147172279;0.32562904614761629;0.67728136901749547;0.302410614104348,0.20000231501557428,0.6772813690174955
near_symmetric_m4_meaningful,0.05,16,0.01,SAFE_DELTA_AWAY_FROM_EPSILON,0.025463667086351074,16,5.7707801635558535,2.3489460501043,0.60773033535795151;0.70193363145903531;0.73444494720758424;0.2384435692214244;0.76592205352624332;0.203615921156522,0.05000347252336139,0.7659220535262433
near_symmetric_m4_meaningful,0.05,16,0.02,SAFE_DELTA_AWAY_FROM_EPSILON,0.025463667086351074,16,5.7707801635558535,2.3489460501043,0.60773033535795151;0.70193363145903531;0.73444494720758424;0.2384435692214244;0.76592205352624332;0.203615921156522,0.05000347252336139,0.7659220535262433
near_symmetric_m4_meaningful,0.05,16,0.05,EXCLUDED_FROM_FITS_DELTA_EQUALS_EPSILON_ROUNDOFF_SENSITIVE,0.025463667086351074,16,5.7707801635558535,2.3489460501043,0.60773033535795151;0.70193363145903531;0.73444494720758424;0.2384435692214244;0.76592205352624332;0.203615921156522,0.05000347252336139,0.7659220535262433
near_symmetric_m4_meaningful,0.05,16,0.1,SAFE_DELTA_AWAY_FROM_EPSILON,0.025463667086351074,8,2.8853900817779268,2.3489460501043,0.60773033535795151;0.70193363145903531;0.73444494720758424;0.2384435692214244;0.76592205352624332;0.203615921156522,0.05000347252336139,0.7659220535262433
near_symmetric_m4_meaningful,0.05,16,0.2,SAFE_DELTA_AWAY_FROM_EPSILON,0.025463667086351074,6,2.1640425613334453,2.3489460501043,0.60773033535795151;0.70193363145903531;0.73444494720758424;0.2384435692214244;0.76592205352624332;0.203615921156522,0.05000347252336139,0.7659220535262433
near_symmetric_m4_meaningful,0.01,16,0.01,EXCLUDED_FROM_FITS_DELTA_EQUALS_EPSILON_ROUNDOFF_SENSITIVE,0.025463667086351074,16,5.7707801635558535,1.8466301434469043,0.61730636516754711;0.71988328758872722;0.75528449807048059;0.21519410870777325;0.78955956939524263;0.17727066970376837,0.010003781192104622,0.7895595693952426
near_symmetric_m4_meaningful,0.01,16,0.02,SAFE_DELTA_AWAY_FROM_EPSILON,0.025463667086351074,8,2.8853900817779268,1.8466301434469043,0.61730636516754711;0.71988328758872722;0.75528449807048059;0.21519410870777325;0.78955956939524263;0.17727066970376837,0.010003781192104622,0.7895595693952426
near_symmetric_m4_meaningful,0.01,16,0.05,SAFE_DELTA_AWAY_FROM_EPSILON,0.025463667086351074,8,2.8853900817779268,1.8466301434469043,0.61730636516754711;0.71988328758872722;0.75528449807048059;0.21519410870777325;0.78955956939524263;0.17727066970376837,0.010003781192104622,0.7895595693952426
near_symmetric_m4_meaningful,0.01,16,0.1,SAFE_DELTA_AWAY_FROM_EPSILON,0.025463667086351074,7,2.5247163215556863,1.8466301434469043,0.61730636516754711;0.71988328758872722;0.75528449807048059;0.21519410870777325;0.78955956939524263;0.17727066970376837,0.010003781192104622,0.7895595693952426
near_symmetric_m4_meaningful,0.01,16,0.2,SAFE_DELTA_AWAY_FROM_EPSILON,0.025463667086351074,5,1.8033688011112043,1.8466301434469043,0.61730636516754711;0.71988328758872722;0.75528449807048059;0.21519410870777325;0.78955956939524263;0.17727066970376837,0.010003781192104622,0.7895595693952426
near_symmetric_m4_meaningful,0.002,16,0.01,SAFE_DELTA_AWAY_FROM_EPSILON,0.025463667086351074,9,3.2460638420001677,1.7461669621154257,0.6192215711294663;0.72347321881466564;0.75945240824305982;0.21054421660504302;0.79428707256904252;0.17200161941321765,0.002003842925853269,0.7942870725690425
near_symmetric_m4_meaningful,0.002,16,0.02,SAFE_DELTA_AWAY_FROM_EPSILON,0.025463667086351074,8,2.8853900817779268,1.7461669621154257,0.6192215711294663;0.72347321881466564;0.75945240824305982;0.21054421660504302;0.79428707256904252;0.17200161941321765,0.002003842925853269,0.7942870725690425
near_symmetric_m4_meaningful,0.002,16,0.05,SAFE_DELTA_AWAY_FROM_EPSILON,0.025463667086351074,8,2.8853900817779268,1.7461669621154257,0.6192215711294663;0.72347321881466564;0.75945240824305982;0.21054421660504302;0.79428707256904252;0.17200161941321765,0.002003842925853269,0.7942870725690425
near_symmetric_m4_meaningful,0.002,16,0.1,SAFE_DELTA_AWAY_FROM_EPSILON,0.025463667086351074,7,2.5247163215556863,1.7461669621154257,0.6192215711294663;0.72347321881466564;0.75945240824305982;0.21054421660504302;0.79428707256904252;0.17200161941321765,0.002003842925853269,0.7942870725690425
near_symmetric_m4_meaningful,0.002,16,0.2,SAFE_DELTA_AWAY_FROM_EPSILON,0.025463667086351074,5,1.8033688011112043,1.7461669621154257,0.6192215711294663;0.72347321881466564;0.75945240824305982;0.21054421660504302;0.79428707256904252;0.17200161941321765,0.002003842925853269,0.7942870725690425
near_symmetric_m4_meaningful,0.2,24,0.01,SAFE_DELTA_AWAY_FROM_EPSILON,0.025463667086351074,24,7.551791530658996,6.094757888936728,0.47967020721744119;0.46947557214240154;0.41909281928329561;0.35527415651115879;0.6977882000416048;0.73173422001995614,0.2000000009592995,0.7557008987812601
near_symmetric_m4_meaningful,0.2,24,0.02,SAFE_DELTA_AWAY_FROM_EPSILON,0.025463667086351074,24,7.551791530658996,6.094757888936728,0.47967020721744119;0.46947557214240154;0.41909281928329561;0.35527415651115879;0.6977882000416048;0.73173422001995614,0.2000000009592995,0.7557008987812601
near_symmetric_m4_meaningful,0.2,24,0.05,SAFE_DELTA_AWAY_FROM_EPSILON,0.025463667086351074,24,7.551791530658996,6.094757888936728,0.47967020721744119;0.46947557214240154;0.41909281928329561;0.35527415651115879;0.6977882000416048;0.73173422001995614,0.2000000009592995,0.7557008987812601
near_symmetric_m4_meaningful,0.2,24,0.1,SAFE_DELTA_AWAY_FROM_EPSILON,0.025463667086351074,24,7.551791530658996,6.094757888936728,0.47967020721744119;0.46947557214240154;0.41909281928329561;0.35527415651115879;0.6977882000416048;0.73173422001995614,0.2000000009592995,0.7557008987812601
near_symmetric_m4_meaningful,0.2,24,0.2,EXCLUDED_FROM_FITS_DELTA_EQUALS_EPSILON_ROUNDOFF_SENSITIVE,0.025463667086351074,24,7.551791530658996,6.094757888936728,0.47967020721744119;0.46947557214240154;0.41909281928329561;0.35527415651115879;0.6977882000416048;0.73173422001995614,0.2000000009592995,0.7557008987812601
near_symmetric_m4_meaningful,0.05,24,0.01,SAFE_DELTA_AWAY_FROM_EPSILON,0.025463667086351074,24,7.551791530658996,3.1421368334050914,0.46950531082616181;0.45421335821360231;0.37863922892494339;0.28291123476673818;0.79668230006240726;0.84760133002993432,0.05000000143894925,0.8835513481718901
near_symmetric_m4_meaningful,0.05,24,0.02,SAFE_DELTA_AWAY_FROM_EPSILON,0.025463667086351074,24,7.551791530658996,3.1421368334050914,0.46950531082616181;0.45421335821360231;0.37863922892494339;0.28291123476673818;0.79668230006240726;0.84760133002993432,0.05000000143894925,0.8835513481718901
near_symmetric_m4_meaningful,0.05,24,0.05,EXCLUDED_FROM_FITS_DELTA_EQUALS_EPSILON_ROUNDOFF_SENSITIVE,0.025463667086351074,24,7.551791530658996,3.1421368334050914,0.46950531082616181;0.45421335821360231;0.37863922892494339;0.28291123476673818;0.79668230006240726;0.84760133002993432,0.05000000143894925,0.8835513481718901
near_symmetric_m4_meaningful,0.05,24,0.1,SAFE_DELTA_AWAY_FROM_EPSILON,0.025463667086351074,10,3.1465798044412487,3.1421368334050914,0.46950531082616181;0.45421335821360231;0.37863922892494339;0.28291123476673818;0.79668230006240726;0.84760133002993432,0.05000000143894925,0.8835513481718901
near_symmetric_m4_meaningful,0.05,24,0.2,SAFE_DELTA_AWAY_FROM_EPSILON,0.025463667086351074,5,1.5732899022206244,3.1421368334050914,0.46950531082616181;0.45421335821360231;0.37863922892494339;0.28291123476673818;0.79668230006240726;0.84760133002993432,0.05000000143894925,0.8835513481718901
near_symmetric_m4_meaningful,0.01,24,0.01,EXCLUDED_FROM_FITS_DELTA_EQUALS_EPSILON_ROUNDOFF_SENSITIVE,0.025463667086351074,24,7.551791530658996,2.354771218596656,0.46679467178848733;0.45014343449925587;0.36785160482938284;0.26361445563489266;0.82305406006795445;0.87849922603259512,0.010000001566855843,0.9176448013427247
near_symmetric_m4_meaningful,0.01,24,0.02,SAFE_DELTA_AWAY_FROM_EPSILON,0.025463667086351074,12,3.775895765329498,2.354771218596656,0.46679467178848733;0.45014343449925587;0.36785160482938284;0.26361445563489266;0.82305406006795445;0.87849922603259512,0.010000001566855843,0.9176448013427247
near_symmetric_m4_meaningful,0.01,24,0.05,SAFE_DELTA_AWAY_FROM_EPSILON,0.025463667086351074,10,3.1465798044412487,2.354771218596656,0.46679467178848733;0.45014343449925587;0.36785160482938284;0.26361445563489266;0.82305406006795445;0.87849922603259512,0.010000001566855843,0.9176448013427247
near_symmetric_m4_meaningful,0.01,24,0.1,SAFE_DELTA_AWAY_FROM_EPSILON,0.025463667086351074,6,1.887947882664749,2.354771218596656,0.46679467178848733;0.45014343449925587;0.36785160482938284;0.26361445563489266;0.82305406006795445;0.87849922603259512,0.010000001566855843,0.9176448013427247
near_symmetric_m4_meaningful,0.01,24,0.2,SAFE_DELTA_AWAY_FROM_EPSILON,0.025463667086351074,4,1.2586319217764994,2.354771218596656,0.46679467178848733;0.45014343449925587;0.36785160482938284;0.26361445563489266;0.82305406006795445;0.87849922603259512,0.010000001566855843,0.9176448013427247
near_symmetric_m4_meaningful,0.002,24,0.01,SAFE_DELTA_AWAY_FROM_EPSILON,0.025463667086351074,12,3.775895765329498,2.1972980956349684,0.46625254398095239;0.44932944975638656;0.36569408001027071;0.25975509980852357;0.82832841206906394;0.88467880523312725,0.0020000015924371635,0.9244634919768917
near_symmetric_m4_meaningful,0.002,24,0.02,SAFE_DELTA_AWAY_FROM_EPSILON,0.025463667086351074,11,3.4612377848853733,2.1972980956349684,0.46625254398095239;0.44932944975638656;0.36569408001027071;0.25975509980852357;0.82832841206906394;0.88467880523312725,0.0020000015924371635,0.9244634919768917
near_symmetric_m4_meaningful,0.002,24,0.05,SAFE_DELTA_AWAY_FROM_EPSILON,0.025463667086351074,10,3.1465798044412487,2.1972980956349684,0.46625254398095239;0.44932944975638656;0.36569408001027071;0.25975509980852357;0.82832841206906394;0.88467880523312725,0.0020000015924371635,0.9244634919768917
near_symmetric_m4_meaningful,0.002,24,0.1,SAFE_DELTA_AWAY_FROM_EPSILON,0.025463667086351074,6,1.887947882664749,2.1972980956349684,0.46625254398095239;0.44932944975638656;0.36569408001027071;0.25975509980852357;0.82832841206906394;0.88467880523312725,0.0020000015924371635,0.9244634919768917
near_symmetric_m4_meaningful,0.002,24,0.2,SAFE_DELTA_AWAY_FROM_EPSILON,0.025463667086351074,4,1.2586319217764994,2.1972980956349684,0.46625254398095239;0.44932944975638656;0.36569408001027071;0.25975509980852357;0.82832841206906394;0.88467880523312725,0.0020000015924371635,0.9244634919768917
near_symmetric_m4_meaningful,0.2,32,0.01,SAFE_DELTA_AWAY_FROM_EPSILON,0.025463667086351074,32,9.233248261689365,7.776925191027199,0.50572855396217387;0.55214932367509428;0.61414912352210171;0.64563148517032265;0.33905534502791862;0.31103807657604293,0.20000000000040039,0.7884617617581153
near_symmetric_m4_meaningful,0.2,32,0.02,SAFE_DELTA_AWAY_FROM_EPSILON,0.025463667086351074,32,9.233248261689365,7.776925191027199,0.50572855396217387;0.55214932367509428;0.61414912352210171;0.64563148517032265;0.33905534502791862;0.31103807657604293,0.20000000000040039,0.7884617617581153
near_symmetric_m4_meaningful,0.2,32,0.05,SAFE_DELTA_AWAY_FROM_EPSILON,0.025463667086351074,32,9.233248261689365,7.776925191027199,0.50572855396217387;0.55214932367509428;0.61414912352210171;0.64563148517032265;0.33905534502791862;0.31103807657604293,0.20000000000040039,0.7884617617581153
near_symmetric_m4_meaningful,0.2,32,0.1,SAFE_DELTA_AWAY_FROM_EPSILON,0.025463667086351074,32,9.233248261689365,7.776925191027199,0.50572855396217387;0.55214932367509428;0.61414912352210171;0.64563148517032265;0.33905534502791862;0.31103807657604293,0.20000000000040039,0.7884617617581153
near_symmetric_m4_meaningful,0.2,32,0.2,EXCLUDED_FROM_FITS_DELTA_EQUALS_EPSILON_ROUNDOFF_SENSITIVE,0.025463667086351074,32,9.233248261689365,7.776925191027199,0.50572855396217387;0.55214932367509428;0.61414912352210171;0.64563148517032265;0.33905534502791862;0.31103807657604293,0.20000000000040039,0.7884617617581153
near_symmetric_m4_meaningful,0.05,32,0.01,SAFE_DELTA_AWAY_FROM_EPSILON,0.025463667086351074,32,9.233248261689365,3.6653877865407978,0.5085928309432608;0.57822398551264143;0.67122368528315257;0.71844722775548397;0.2585830175418779;0.21655711486406443,0.05000000000060057,0.9326926426371731
near_symmetric_m4_meaningful,0.05,32,0.02,SAFE_DELTA_AWAY_FROM_EPSILON,0.025463667086351074,32,9.233248261689365,3.6653877865407978,0.5085928309432608;0.57822398551264143;0.67122368528315257;0.71844722775548397;0.2585830175418779;0.21655711486406443,0.05000000000060057,0.9326926426371731
near_symmetric_m4_meaningful,0.05,32,0.05,EXCLUDED_FROM_FITS_DELTA_EQUALS_EPSILON_ROUNDOFF_SENSITIVE,0.025463667086351074,32,9.233248261689365,3.6653877865407978,0.5085928309432608;0.57822398551264143;0.67122368528315257;0.71844722775548397;0.2585830175418779;0.21655711486406443,0.05000000000060057,0.9326926426371731
near_symmetric_m4_meaningful,0.05,32,0.1,SAFE_DELTA_AWAY_FROM_EPSILON,0.025463667086351074,9,2.596851073600134,3.6653877865407978,0.5085928309432608;0.57822398551264143;0.67122368528315257;0.71844722775548397;0.2585830175418779;0.21655711486406443,0.05000000000060057,0.9326926426371731
near_symmetric_m4_meaningful,0.05,32,0.2,SAFE_DELTA_AWAY_FROM_EPSILON,0.025463667086351074,6,1.7312340490667562,3.6653877865407978,0.5085928309432608;0.57822398551264143;0.67122368528315257;0.71844722775548397;0.2585830175418779;0.21655711486406443,0.05000000000060057,0.9326926426371731
near_symmetric_m4_meaningful,0.01,32,0.01,EXCLUDED_FROM_FITS_DELTA_EQUALS_EPSILON_ROUNDOFF_SENSITIVE,0.025463667086351074,32,9.233248261689365,2.5689778120110915,0.50935663813821719;0.58517722866932054;0.68644356841943277;0.73786475911152694;0.23712373021226707;0.19136219174087013,0.010000000000653951,0.9711542108715884
near_symmetric_m4_meaningful,0.01,32,0.02,SAFE_DELTA_AWAY_FROM_EPSILON,0.025463667086351074,14,4.039546114489098,2.5689778120110915,0.50935663813821719;0.58517722866932054;0.68644356841943277;0.73786475911152694;0.23712373021226707;0.19136219174087013,0.010000000000653951,0.9711542108715884
near_symmetric_m4_meaningful,0.01,32,0.05,SAFE_DELTA_AWAY_FROM_EPSILON,0.025463667086351074,10,2.8853900817779268,2.5689778120110915,0.50935663813821719;0.58517722866932054;0.68644356841943277;0.73786475911152694;0.23712373021226707;0.19136219174087013,0.010000000000653951,0.9711542108715884
near_symmetric_m4_meaningful,0.01,32,0.1,SAFE_DELTA_AWAY_FROM_EPSILON,0.025463667086351074,7,2.019773057244549,2.5689778120110915,0.50935663813821719;0.58517722866932054;0.68644356841943277;0.73786475911152694;0.23712373021226707;0.19136219174087013,0.010000000000653951,0.9711542108715884
near_symmetric_m4_meaningful,0.01,32,0.2,SAFE_DELTA_AWAY_FROM_EPSILON,0.025463667086351074,5,1.4426950408889634,2.5689778120110915,0.50935663813821719;0.58517722866932054;0.68644356841943277;0.73786475911152694;0.23712373021226707;0.19136219174087013,0.010000000000653951,0.9711542108715884
near_symmetric_m4_meaningful,0.002,32,0.01,SAFE_DELTA_AWAY_FROM_EPSILON,0.025463667086351074,14,4.039546114489098,2.3496958171051503,0.50950939957720853;0.5865678773006564;0.68948754504668885;0.74174826538273553;0.2328318727463449;0.18632320711623127,0.0020000000006646286,0.9788465245184714
near_symmetric_m4_meaningful,0.002,32,0.02,SAFE_DELTA_AWAY_FROM_EPSILON,0.025463667086351074,13,3.751007106311305,2.3496958171051503,0.50950939957720853;0.5865678773006564;0.68948754504668885;0.74174826538273553;0.2328318727463449;0.18632320711623127,0.0020000000006646286,0.9788465245184714
near_symmetric_m4_meaningful,0.002,32,0.05,SAFE_DELTA_AWAY_FROM_EPSILON,0.025463667086351074,9,2.596851073600134,2.3496958171051503,0.50950939957720853;0.5865678773006564;0.68948754504668885;0.74174826538273553;0.2328318727463449;0.18632320711623127,0.0020000000006646286,0.9788465245184714
near_symmetric_m4_meaningful,0.002,32,0.1,SAFE_DELTA_AWAY_FROM_EPSILON,0.025463667086351074,7,2.019773057244549,2.3496958171051503,0.50950939957720853;0.5865678773006564;0.68948754504668885;0.74174826538273553;0.2328318727463449;0.18632320711623127,0.0020000000006646286,0.9788465245184714
near_symmetric_m4_meaningful,0.002,32,0.2,SAFE_DELTA_AWAY_FROM_EPSILON,0.025463667086351074,5,1.4426950408889634,2.3496958171051503,0.50950939957720853;0.5865678773006564;0.68948754504668885;0.74174826538273553;0.2328318727463449;0.18632320711623127,0.0020000000006646286,0.9788465245184714
near_symmetric_m4_meaningful,0.2,48,0.01,SAFE_DELTA_AWAY_FROM_EPSILON,0.025463667086351074,48,12.39925280675178,11.127087461304367,0.46977859606933003;0.46613771491380956;0.60180097813485656;0.61256747822548441;0.33219448378401883;0.32415217800880708,0.19999999999999984,0.7990914983221455
near_symmetric_m4_meaningful,0.2,48,0.02,SAFE_DELTA_AWAY_FROM_EPSILON,0.025463667086351074,48,12.39925280675178,11.127087461304367,0.46977859606933003;0.46613771491380956;0.60180097813485656;0.61256747822548441;0.33219448378401883;0.32415217800880708,0.19999999999999984,0.7990914983221455
near_symmetric_m4_meaningful,0.2,48,0.05,SAFE_DELTA_AWAY_FROM_EPSILON,0.025463667086351074,48,12.39925280675178,11.127087461304367,0.46977859606933003;0.46613771491380956;0.60180097813485656;0.61256747822548441;0.33219448378401883;0.32415217800880708,0.19999999999999984,0.7990914983221455
near_symmetric_m4_meaningful,0.2,48,0.1,SAFE_DELTA_AWAY_FROM_EPSILON,0.025463667086351074,48,12.39925280675178,11.127087461304367,0.46977859606933003;0.46613771491380956;0.60180097813485656;0.61256747822548441;0.33219448378401883;0.32415217800880708,0.19999999999999984,0.7990914983221455
near_symmetric_m4_meaningful,0.2,48,0.2,EXCLUDED_FROM_FITS_DELTA_EQUALS_EPSILON_ROUNDOFF_SENSITIVE,0.025463667086351074,47,12.140935039944452,11.127087461304367,0.46977859606933003;0.46613771491380956;0.60180097813485656;0.61256747822548441;0.33219448378401883;0.32415217800880708,0.19999999999999984,0.7990914983221455
near_symmetric_m4_meaningful,0.05,48,0.01,SAFE_DELTA_AWAY_FROM_EPSILON,0.025463667086351074,48,12.39925280675178,4.690631191956547,0.454667894103995;0.44920657237071432;0.65270146720228484;0.66885121733822672;0.2482917256760282;0.23622826701321059,0.04999999999999977,0.9486372474832183
near_symmetric_m4_meaningful,0.05,48,0.02,SAFE_DELTA_AWAY_FROM_EPSILON,0.025463667086351074,48,12.39925280675178,4.690631191956547,0.454667894103995;0.44920657237071432;0.65270146720228484;0.66885121733822672;0.2482917256760282;0.23622826701321059,0.04999999999999977,0.9486372474832183
near_symmetric_m4_meaningful,0.05,48,0.05,EXCLUDED_FROM_FITS_DELTA_EQUALS_EPSILON_ROUNDOFF_SENSITIVE,0.025463667086351074,47,12.140935039944452,4.690631191956547,0.454667894103995;0.44920657237071432;0.65270146720228484;0.66885121733822672;0.2482917256760282;0.23622826701321059,0.04999999999999977,0.9486372474832183
near_symmetric_m4_meaningful,0.05,48,0.1,SAFE_DELTA_AWAY_FROM_EPSILON,0.025463667086351074,10,2.583177668073288,4.690631191956547,0.454667894103995;0.44920657237071432;0.65270146720228484;0.66885121733822672;0.2482917256760282;0.23622826701321059,0.04999999999999977,0.9486372474832183
near_symmetric_m4_meaningful,0.05,48,0.2,SAFE_DELTA_AWAY_FROM_EPSILON,0.025463667086351074,6,1.5499066008439726,4.690631191956547,0.454667894103995;0.44920657237071432;0.65270146720228484;0.66885121733822672;0.2482917256760282;0.23622826701321059,0.04999999999999977,0.9486372474832183
near_symmetric_m4_meaningful,0.01,48,0.01,EXCLUDED_FROM_FITS_DELTA_EQUALS_EPSILON_ROUNDOFF_SENSITIVE,0.025463667086351074,47,12.140935039944452,2.974242853463797,0.45063837357990566;0.44469160102588895;0.66627493095359891;0.68386021443495792;0.22591765684723072;0.21278189074771819,0.009999999999999743,0.988516113926171
near_symmetric_m4_meaningful,0.01,48,0.02,SAFE_DELTA_AWAY_FROM_EPSILON,0.025463667086351074,14,3.616448735302603,2.974242853463797,0.45063837357990566;0.44469160102588895;0.66627493095359891;0.68386021443495792;0.22591765684723072;0.21278189074771819,0.009999999999999743,0.988516113926171
near_symmetric_m4_meaningful,0.01,48,0.05,SAFE_DELTA_AWAY_FROM_EPSILON,0.025463667086351074,11,2.8414954348806165,2.974242853463797,0.45063837357990566;0.44469160102588895;0.66627493095359891;0.68386021443495792;0.22591765684723072;0.21278189074771819,0.009999999999999743,0.988516113926171
near_symmetric_m4_meaningful,0.01,48,0.1,SAFE_DELTA_AWAY_FROM_EPSILON,0.025463667086351074,8,2.06654213445863,2.974242853463797,0.45063837357990566;0.44469160102588895;0.66627493095359891;0.68386021443495792;0.22591765684723072;0.21278189074771819,0.009999999999999743,0.988516113926171
near_symmetric_m4_meaningful,0.01,48,0.2,SAFE_DELTA_AWAY_FROM_EPSILON,0.025463667086351074,6,1.5499066008439726,2.974242853463797,0.45063837357990566;0.44469160102588895;0.66627493095359891;0.68386021443495792;0.22591765684723072;0.21278189074771819,0.009999999999999743,0.988516113926171
near_symmetric_m4_meaningful,0.002,48,0.01,SAFE_DELTA_AWAY_FROM_EPSILON,0.025463667086351074,14,3.616448735302603,2.6309651857652465,0.44983246947508781;0.44378860675692389;0.66898962370386172;0.68686201385430423;0.22144284308147122;0.20809261549461971,0.0019999999999997385,0.9964918872147616
near_symmetric_m4_meaningful,0.002,48,0.02,SAFE_DELTA_AWAY_FROM_EPSILON,0.025463667086351074,14,3.616448735302603,2.6309651857652465,0.44983246947508781;0.44378860675692389;0.66898962370386172;0.68686201385430423;0.22144284308147122;0.20809261549461971,0.0019999999999997385,0.9964918872147616
near_symmetric_m4_meaningful,0.002,48,0.05,SAFE_DELTA_AWAY_FROM_EPSILON,0.025463667086351074,10,2.583177668073288,2.6309651857652465,0.44983246947508781;0.44378860675692389;0.66898962370386172;0.68686201385430423;0.22144284308147122;0.20809261549461971,0.0019999999999997385,0.9964918872147616
near_symmetric_m4_meaningful,0.002,48,0.1,SAFE_DELTA_AWAY_FROM_EPSILON,0.025463667086351074,8,2.06654213445863,2.6309651857652465,0.44983246947508781;0.44378860675692389;0.66898962370386172;0.68686201385430423;0.22144284308147122;0.20809261549461971,0.0019999999999997385,0.9964918872147616
near_symmetric_m4_meaningful,0.002,48,0.2,SAFE_DELTA_AWAY_FROM_EPSILON,0.025463667086351074,6,1.5499066008439726,2.6309651857652465,0.44983246947508781;0.44378860675692389;0.66898962370386172;0.68686201385430423;0.22144284308147122;0.20809261549461971,0.0019999999999997385,0.9964918872147616
near_symmetric_m4_meaningful,0.2,64,0.01,SAFE_DELTA_AWAY_FROM_EPSILON,0.025463667086351074,64,15.38874710281561,14.41524048639472,0.56250826021632372;0.43476622633830864;0.41652913839145073;0.60079973353502458;0.33923397133614708;0.67467362975010248,0.1999999999999996,0.7999411757505313
near_symmetric_m4_meaningful,0.2,64,0.02,SAFE_DELTA_AWAY_FROM_EPSILON,0.025463667086351074,64,15.38874710281561,14.41524048639472,0.56250826021632372;0.43476622633830864;0.41652913839145073;0.60079973353502458;0.33923397133614708;0.67467362975010248,0.1999999999999996,0.7999411757505313
near_symmetric_m4_meaningful,0.2,64,0.05,SAFE_DELTA_AWAY_FROM_EPSILON,0.025463667086351074,64,15.38874710281561,14.41524048639472,0.56250826021632372;0.43476622633830864;0.41652913839145073;0.60079973353502458;0.33923397133614708;0.67467362975010248,0.1999999999999996,0.7999411757505313
near_symmetric_m4_meaningful,0.2,64,0.1,SAFE_DELTA_AWAY_FROM_EPSILON,0.025463667086351074,64,15.38874710281561,14.41524048639472,0.56250826021632372;0.43476622633830864;0.41652913839145073;0.60079973353502458;0.33923397133614708;0.67467362975010248,0.1999999999999996,0.7999411757505313
near_symmetric_m4_meaningful,0.2,64,0.2,EXCLUDED_FROM_FITS_DELTA_EQUALS_EPSILON_ROUNDOFF_SENSITIVE,0.025463667086351074,59,14.18650123540814,14.41524048639472,0.56250826021632372;0.43476622633830864;0.41652913839145073;0.60079973353502458;0.33923397133614708;0.67467362975010248,0.1999999999999996,0.7999411757505313
near_symmetric_m4_meaningful,0.05,64,0.01,SAFE_DELTA_AWAY_FROM_EPSILON,0.025463667086351074,64,15.38874710281561,5.6228607295920785,0.59376239032448563;0.40214933950746301;0.37479370758717606;0.65119960030253687;0.25885095700422056;0.76201044462515377,0.04999999999999938,0.9499117636257969
near_symmetric_m4_meaningful,0.05,64,0.02,SAFE_DELTA_AWAY_FROM_EPSILON,0.025463667086351074,64,15.38874710281561,5.6228607295920785,0.59376239032448563;0.40214933950746301;0.37479370758717606;0.65119960030253687;0.25885095700422056;0.76201044462515377,0.04999999999999938,0.9499117636257969
near_symmetric_m4_meaningful,0.05,64,0.05,EXCLUDED_FROM_FITS_DELTA_EQUALS_EPSILON_ROUNDOFF_SENSITIVE,0.025463667086351074,58,13.946052061926647,5.6228607295920785,0.59376239032448563;0.40214933950746301;0.37479370758717606;0.65119960030253687;0.25885095700422056;0.76201044462515377,0.04999999999999938,0.9499117636257969
near_symmetric_m4_meaningful,0.05,64,0.1,SAFE_DELTA_AWAY_FROM_EPSILON,0.025463667086351074,12,2.885390081777927,5.6228607295920785,0.59376239032448563;0.40214933950746301;0.37479370758717606;0.65119960030253687;0.25885095700422056;0.76201044462515377,0.04999999999999938,0.9499117636257969
near_symmetric_m4_meaningful,0.05,64,0.2,SAFE_DELTA_AWAY_FROM_EPSILON,0.025463667086351074,8,1.9235933878519513,5.6228607295920785,0.59376239032448563;0.40214933950746301;0.37479370758717606;0.65119960030253687;0.25885095700422056;0.76201044462515377,0.04999999999999938,0.9499117636257969
near_symmetric_m4_meaningful,0.01,64,0.01,EXCLUDED_FROM_FITS_DELTA_EQUALS_EPSILON_ROUNDOFF_SENSITIVE,0.025463667086351074,58,13.946052061926647,3.2782261277780425,0.6020968250199954;0.39345150301923748;0.36366425937270286;0.66463956477387343;0.23741548651570685;0.78530026192516744,0.009999999999999322,0.9899039203925343
near_symmetric_m4_meaningful,0.01,64,0.02,SAFE_DELTA_AWAY_FROM_EPSILON,0.025463667086351074,16,3.8471867757039027,3.2782261277780425,0.6020968250199954;0.39345150301923748;0.36366425937270286;0.66463956477387343;0.23741548651570685;0.78530026192516744,0.009999999999999322,0.9899039203925343
near_symmetric_m4_meaningful,0.01,64,0.05,SAFE_DELTA_AWAY_FROM_EPSILON,0.025463667086351074,12,2.885390081777927,3.2782261277780425,0.6020968250199954;0.39345150301923748;0.36366425937270286;0.66463956477387343;0.23741548651570685;0.78530026192516744,0.009999999999999322,0.9899039203925343
near_symmetric_m4_meaningful,0.01,64,0.1,SAFE_DELTA_AWAY_FROM_EPSILON,0.025463667086351074,8,1.9235933878519513,3.2782261277780425,0.6020968250199954;0.39345150301923748;0.36366425937270286;0.66463956477387343;0.23741548651570685;0.78530026192516744,0.009999999999999322,0.9899039203925343
near_symmetric_m4_meaningful,0.01,64,0.2,SAFE_DELTA_AWAY_FROM_EPSILON,0.025463667086351074,6,1.4426950408889636,3.2782261277780425,0.6020968250199954;0.39345150301923748;0.36366425937270286;0.66463956477387343;0.23741548651570685;0.78530026192516744,0.009999999999999322,0.9899039203925343
near_symmetric_m4_meaningful,0.002,64,0.01,SAFE_DELTA_AWAY_FROM_EPSILON,0.025463667086351074,16,3.8471867757039027,2.8092992074152345,0.60376371195909739;0.39171193572159235;0.3614383697298082;0.66732755766814078;0.23312839241800409;0.78995822538517013,0.0019999999999993105,0.9979023517458818
near_symmetric_m4_meaningful,0.002,64,0.02,SAFE_DELTA_AWAY_FROM_EPSILON,0.025463667086351074,16,3.8471867757039027,2.8092992074152345,0.60376371195909739;0.39171193572159235;0.3614383697298082;0.66732755766814078;0.23312839241800409;0.78995822538517013,0.0019999999999993105,0.9979023517458818
near_symmetric_m4_meaningful,0.002,64,0.05,SAFE_DELTA_AWAY_FROM_EPSILON,0.025463667086351074,12,2.885390081777927,2.8092992074152345,0.60376371195909739;0.39171193572159235;0.3614383697298082;0.66732755766814078;0.23312839241800409;0.78995822538517013,0.0019999999999993105,0.9979023517458818
near_symmetric_m4_meaningful,0.002,64,0.1,SAFE_DELTA_AWAY_FROM_EPSILON,0.025463667086351074,8,1.9235933878519513,2.8092992074152345,0.60376371195909739;0.39171193572159235;0.3614383697298082;0.66732755766814078;0.23312839241800409;0.78995822538517013,0.0019999999999993105,0.9979023517458818
near_symmetric_m4_meaningful,0.002,64,0.2,SAFE_DELTA_AWAY_FROM_EPSILON,0.025463667086351074,6,1.4426950408889636,2.8092992074152345,0.60376371195909739;0.39171193572159235;0.3614383697298082;0.66732755766814078;0.23312839241800409;0.78995822538517013,0.0019999999999993105,0.9979023517458818
near_symmetric_m4_meaningful,0.2,96,0.01,SAFE_DELTA_AWAY_FROM_EPSILON,0.025463667086351074,96,21.032575950155028,21.069514323486978,0.53608843658926464;0.5490888600411683;0.57325744717295901;0.60352500006585419;0.37658889097700327;0.34308640842798371,0.19999999999999904,0.799999732284117
near_symmetric_m4_meaningful,0.2,96,0.02,SAFE_DELTA_AWAY_FROM_EPSILON,0.025463667086351074,96,21.032575950155028,21.069514323486978,0.53608843658926464;0.5490888600411683;0.57325744717295901;0.60352500006585419;0.37658889097700327;0.34308640842798371,0.19999999999999904,0.799999732284117
near_symmetric_m4_meaningful,0.2,96,0.05,SAFE_DELTA_AWAY_FROM_EPSILON,0.025463667086351074,96,21.032575950155028,21.069514323486978,0.53608843658926464;0.5490888600411683;0.57325744717295901;0.60352500006585419;0.37658889097700327;0.34308640842798371,0.19999999999999904,0.799999732284117
near_symmetric_m4_meaningful,0.2,96,0.1,SAFE_DELTA_AWAY_FROM_EPSILON,0.025463667086351074,96,21.032575950155028,21.069514323486978,0.53608843658926464;0.5490888600411683;0.57325744717295901;0.60352500006585419;0.37658889097700327;0.34308640842798371,0.19999999999999904,0.799999732284117
near_symmetric_m4_meaningful,0.2,96,0.2,EXCLUDED_FROM_FITS_DELTA_EQUALS_EPSILON_ROUNDOFF_SENSITIVE,0.025463667086351074,83,18.184414623571534,21.069514323486978,0.53608843658926464;0.5490888600411683;0.57325744717295901;0.60352500006585419;0.37658889097700327;0.34308640842798371,0.19999999999999904,0.799999732284117
near_symmetric_m4_meaningful,0.05,96,0.01,SAFE_DELTA_AWAY_FROM_EPSILON,0.025463667086351074,96,21.032575950155028,7.6042714852304565,0.55413265488389696;0.57363329006175257;0.60988617075943863;0.65528750009878134;0.31488333646550487;0.2646296126419756,0.049999999999998566,0.9499995984261754
near_symmetric_m4_meaningful,0.05,96,0.02,SAFE_DELTA_AWAY_FROM_EPSILON,0.025463667086351074,96,21.032575950155028,7.6042714852304565,0.55413265488389696;0.57363329006175257;0.60988617075943863;0.65528750009878134;0.31488333646550487;0.2646296126419756,0.049999999999998566,0.9499995984261754
near_symmetric_m4_meaningful,0.05,96,0.05,EXCLUDED_FROM_FITS_DELTA_EQUALS_EPSILON_ROUNDOFF_SENSITIVE,0.025463667086351074,82,17.96532529075742,7.6042714852304565,0.55413265488389696;0.57363329006175257;0.60988617075943863;0.65528750009878134;0.31488333646550487;0.2646296126419756,0.049999999999998566,0.9499995984261754
near_symmetric_m4_meaningful,0.05,96,0.1,SAFE_DELTA_AWAY_FROM_EPSILON,0.025463667086351074,13,2.8481613265834933,7.6042714852304565,0.55413265488389696;0.57363329006175257;0.60988617075943863;0.65528750009878134;0.31488333646550487;0.2646296126419756,0.049999999999998566,0.9499995984261754
near_symmetric_m4_meaningful,0.05,96,0.2,SAFE_DELTA_AWAY_FROM_EPSILON,0.025463667086351074,8,1.7527146625129189,7.6042714852304565,0.55413265488389696;0.57363329006175257;0.60988617075943863;0.65528750009878134;0.31488333646550487;0.2646296126419756,0.049999999999998566,0.9499995984261754
near_symmetric_m4_meaningful,0.01,96,0.01,EXCLUDED_FROM_FITS_DELTA_EQUALS_EPSILON_ROUNDOFF_SENSITIVE,0.025463667086351074,82,17.96532529075742,4.013540061695387,0.55894444642913221;0.58017847140057488;0.61965383038249977;0.66909083344089526;0.29842852192910535;0.24370780043237342,0.009999999999998432,0.9899995627307243
near_symmetric_m4_meaningful,0.01,96,0.02,SAFE_DELTA_AWAY_FROM_EPSILON,0.025463667086351074,18,3.9436079906540673,4.013540061695387,0.55894444642913221;0.58017847140057488;0.61965383038249977;0.66909083344089526;0.29842852192910535;0.24370780043237342,0.009999999999998432,0.9899995627307243
near_symmetric_m4_meaningful,0.01,96,0.05,SAFE_DELTA_AWAY_FROM_EPSILON,0.025463667086351074,14,3.067250659397608,4.013540061695387,0.55894444642913221;0.58017847140057488;0.61965383038249977;0.66909083344089526;0.29842852192910535;0.24370780043237342,0.009999999999998432,0.9899995627307243
near_symmetric_m4_meaningful,0.01,96,0.1,SAFE_DELTA_AWAY_FROM_EPSILON,0.025463667086351074,10,2.1908933281411485,4.013540061695387,0.55894444642913221;0.58017847140057488;0.61965383038249977;0.66909083344089526;0.29842852192910535;0.24370780043237342,0.009999999999998432,0.9899995627307243
near_symmetric_m4_meaningful,0.01,96,0.2,SAFE_DELTA_AWAY_FROM_EPSILON,0.025463667086351074,7,1.533625329698804,4.013540061695387,0.55894444642913221;0.58017847140057488;0.61965383038249977;0.66909083344089526;0.29842852192910535;0.24370780043237342,0.009999999999998432,0.9899995627307243
near_symmetric_m4_meaningful,0.002,96,0.01,SAFE_DELTA_AWAY_FROM_EPSILON,0.025463667086351074,19,4.1626973234681826,3.295393776988373,0.55990680473817922;0.58148750766833945;0.621607362307112;0.67185150010931804;0.29513755902182542;0.23952343799045298,0.0019999999999984067,0.9979995555916341
near_symmetric_m4_meaningful,0.002,96,0.02,SAFE_DELTA_AWAY_FROM_EPSILON,0.025463667086351074,16,3.5054293250258377,3.295393776988373,0.55990680473817922;0.58148750766833945;0.621607362307112;0.67185150010931804;0.29513755902182542;0.23952343799045298,0.0019999999999984067,0.9979995555916341
near_symmetric_m4_meaningful,0.002,96,0.05,SAFE_DELTA_AWAY_FROM_EPSILON,0.025463667086351074,13,2.8481613265834933,3.295393776988373,0.55990680473817922;0.58148750766833945;0.621607362307112;0.67185150010931804;0.29513755902182542;0.23952343799045298,0.0019999999999984067,0.9979995555916341
near_symmetric_m4_meaningful,0.002,96,0.1,SAFE_DELTA_AWAY_FROM_EPSILON,0.025463667086351074,10,2.1908933281411485,3.295393776988373,0.55990680473817922;0.58148750766833945;0.621607362307112;0.67185150010931804;0.29513755902182542;0.23952343799045298,0.0019999999999984067,0.9979995555916341
near_symmetric_m4_meaningful,0.002,96,0.2,SAFE_DELTA_AWAY_FROM_EPSILON,0.025463667086351074,7,1.533625329698804,3.295393776988373,0.55990680473817922;0.58148750766833945;0.621607362307112;0.67185150010931804;0.29513755902182542;0.23952343799045298,0.0019999999999984067,0.9979995555916341
near_symmetric_m4_meaningful,0.2,128,0.01,SAFE_DELTA_AWAY_FROM_EPSILON,0.025463667086351074,128,26.380709319112476,27.78131814746436,0.50179043695596603;0.51210404993336467;0.47458266121011067;0.54465509743606666;0.33243336739274576;0.66842443795216089,0.19999999999999854,0.7999999992293771
near_symmetric_m4_meaningful,0.2,128,0.02,SAFE_DELTA_AWAY_FROM_EPSILON,0.025463667086351074,128,26.380709319112476,27.78131814746436,0.50179043695596603;0.51210404993336467;0.47458266121011067;0.54465509743606666;0.33243336739274576;0.66842443795216089,0.19999999999999854,0.7999999992293771
near_symmetric_m4_meaningful,0.2,128,0.05,SAFE_DELTA_AWAY_FROM_EPSILON,0.025463667086351074,128,26.380709319112476,27.78131814746436,0.50179043695596603;0.51210404993336467;0.47458266121011067;0.54465509743606666;0.33243336739274576;0.66842443795216089,0.19999999999999854,0.7999999992293771
near_symmetric_m4_meaningful,0.2,128,0.1,SAFE_DELTA_AWAY_FROM_EPSILON,0.025463667086351074,128,26.380709319112476,27.78131814746436,0.50179043695596603;0.51210404993336467;0.47458266121011067;0.54465509743606666;0.33243336739274576;0.66842443795216089,0.19999999999999854,0.7999999992293771
near_symmetric_m4_meaningful,0.2,128,0.2,EXCLUDED_FROM_FITS_DELTA_EQUALS_EPSILON_ROUNDOFF_SENSITIVE,0.025463667086351074,104,21.434326321778887,27.78131814746436,0.50179043695596603;0.51210404993336467;0.47458266121011067;0.54465509743606666;0.33243336739274576;0.66842443795216089,0.19999999999999854,0.7999999992293771
near_symmetric_m4_meaningful,0.05,128,0.01,SAFE_DELTA_AWAY_FROM_EPSILON,0.025463667086351074,128,26.380709319112476,9.671977221196538,0.50268565543394916;0.518156074900047;0.46187399181516597;0.5669826461541001;0.24865005108911864;0.75263665692824144,0.04999999999999781,0.9499999988440657
near_symmetric_m4_meaningful,0.05,128,0.02,SAFE_DELTA_AWAY_FROM_EPSILON,0.025463667086351074,128,26.380709319112476,9.671977221196538,0.50268565543394916;0.518156074900047;0.46187399181516597;0.5669826461541001;0.24865005108911864;0.75263665692824144,0.04999999999999781,0.9499999988440657
near_symmetric_m4_meaningful,0.05,128,0.05,EXCLUDED_FROM_FITS_DELTA_EQUALS_EPSILON_ROUNDOFF_SENSITIVE,0.025463667086351074,103,21.22822703022332,9.671977221196538,0.50268565543394916;0.518156074900047;0.46187399181516597;0.5669826461541001;0.24865005108911864;0.75263665692824144,0.04999999999999781,0.9499999988440657
near_symmetric_m4_meaningful,0.05,128,0.1,SAFE_DELTA_AWAY_FROM_EPSILON,0.025463667086351074,12,2.4731914986667944,9.671977221196538,0.50268565543394916;0.518156074900047;0.46187399181516597;0.5669826461541001;0.24865005108911864;0.75263665692824144,0.04999999999999781,0.9499999988440657
near_symmetric_m4_meaningful,0.05,128,0.2,SAFE_DELTA_AWAY_FROM_EPSILON,0.025463667086351074,9,1.854893624000096,9.671977221196538,0.50268565543394916;0.518156074900047;0.46187399181516597;0.5669826461541001;0.24865005108911864;0.75263665692824144,0.04999999999999781,0.9499999988440657
near_symmetric_m4_meaningful,0.01,128,0.01,EXCLUDED_FROM_FITS_DELTA_EQUALS_EPSILON_ROUNDOFF_SENSITIVE,0.025463667086351074,103,21.22822703022332,4.842819640858454,0.50292438036141118;0.51976994822449563;0.45848501330984737;0.57293665914557557;0.22630783340815139;0.77509324865519613,0.00999999999999761,0.989999998741316
near_symmetric_m4_meaningful,0.01,128,0.02,SAFE_DELTA_AWAY_FROM_EPSILON,0.025463667086351074,20,4.121985831111324,4.842819640858454,0.50292438036141118;0.51976994822449563;0.45848501330984737;0.57293665914557557;0.22630783340815139;0.77509324865519613,0.00999999999999761,0.989999998741316
near_symmetric_m4_meaningful,0.01,128,0.05,SAFE_DELTA_AWAY_FROM_EPSILON,0.025463667086351074,14,2.8853900817779268,4.842819640858454,0.50292438036141118;0.51976994822449563;0.45848501330984737;0.57293665914557557;0.22630783340815139;0.77509324865519613,0.00999999999999761,0.989999998741316
near_symmetric_m4_meaningful,0.01,128,0.1,SAFE_DELTA_AWAY_FROM_EPSILON,0.025463667086351074,12,2.4731914986667944,4.842819640858454,0.50292438036141118;0.51976994822449563;0.45848501330984737;0.57293665914557557;0.22630783340815139;0.77509324865519613,0.00999999999999761,0.989999998741316
near_symmetric_m4_meaningful,0.01,128,0.2,SAFE_DELTA_AWAY_FROM_EPSILON,0.025463667086351074,7,1.4426950408889634,4.842819640858454,0.50292438036141118;0.51976994822449563;0.45848501330984737;0.57293665914557557;0.22630783340815139;0.77509324865519613,0.00999999999999761,0.989999998741316
near_symmetric_m4_meaningful,0.002,128,0.01,SAFE_DELTA_AWAY_FROM_EPSILON,0.025463667086351074,20,4.121985831111324,3.876988124790836,0.50297212534690372;0.52009272288938535;0.45780721760878368;0.57412746174387064;0.22183938987195795;0.77958456700058709,0.0019999999999975714,0.997999998720766
near_symmetric_m4_meaningful,0.002,128,0.02,SAFE_DELTA_AWAY_FROM_EPSILON,0.025463667086351074,20,4.121985831111324,3.876988124790836,0.50297212534690372;0.52009272288938535;0.45780721760878368;0.57412746174387064;0.22183938987195795;0.77958456700058709,0.0019999999999975714,0.997999998720766
near_symmetric_m4_meaningful,0.002,128,0.05,SAFE_DELTA_AWAY_FROM_EPSILON,0.025463667086351074,12,2.4731914986667944,3.876988124790836,0.50297212534690372;0.52009272288938535;0.45780721760878368;0.57412746174387064;0.22183938987195795;0.77958456700058709,0.0019999999999975714,0.997999998720766
near_symmetric_m4_meaningful,0.002,128,0.1,SAFE_DELTA_AWAY_FROM_EPSILON,0.025463667086351074,12,2.4731914986667944,3.876988124790836,0.50297212534690372;0.52009272288938535;0.45780721760878368;0.57412746174387064;0.22183938987195795;0.77958456700058709,0.0019999999999975714,0.997999998720766
near_symmetric_m4_meaningful,0.002,128,0.2,SAFE_DELTA_AWAY_FROM_EPSILON,0.025463667086351074,6,1.2365957493333972,3.876988124790836,0.50297212534690372;0.52009272288938535;0.45780721760878368;0.57412746174387064;0.22183938987195795;0.77958456700058709,0.0019999999999975714,0.997999998720766
near_symmetric_m4_meaningful,0.2,192,0.01,SAFE_DELTA_AWAY_FROM_EPSILON,0.025463667086351074,192,36.51929034907488,40.99286221114725,0.48376515782907797;0.48298000550650755;0.5187574478734136;0.53035060386752519;0.39521640390684554;0.37785627717906511,0.19999999999999815,0.7999999999999898
near_symmetric_m4_meaningful,0.2,192,0.02,SAFE_DELTA_AWAY_FROM_EPSILON,0.025463667086351074,192,36.51929034907488,40.99286221114725,0.48376515782907797;0.48298000550650755;0.5187574478734136;0.53035060386752519;0.39521640390684554;0.37785627717906511,0.19999999999999815,0.7999999999999898
near_symmetric_m4_meaningful,0.2,192,0.05,SAFE_DELTA_AWAY_FROM_EPSILON,0.025463667086351074,192,36.51929034907488,40.99286221114725,0.48376515782907797;0.48298000550650755;0.5187574478734136;0.53035060386752519;0.39521640390684554;0.37785627717906511,0.19999999999999815,0.7999999999999898
near_symmetric_m4_meaningful,0.2,192,0.1,SAFE_DELTA_AWAY_FROM_EPSILON,0.025463667086351074,192,36.51929034907488,40.99286221114725,0.48376515782907797;0.48298000550650755;0.5187574478734136;0.53035060386752519;0.39521640390684554;0.37785627717906511,0.19999999999999815,0.7999999999999898
near_symmetric_m4_meaningful,0.2,192,0.2,EXCLUDED_FROM_FITS_DELTA_EQUALS_EPSILON_ROUNDOFF_SENSITIVE,0.025463667086351074,148,28.15028631074522,40.99286221114725,0.48376515782907797;0.48298000550650755;0.5187574478734136;0.53035060386752519;0.39521640390684554;0.37785627717906511,0.19999999999999815,0.7999999999999898
near_symmetric_m4_meaningful,0.05,192,0.01,SAFE_DELTA_AWAY_FROM_EPSILON,0.025463667086351074,192,36.51929034907488,13.48929331672087,0.47564773674361699;0.47447000825976132;0.52813617181012029;0.5455259058012879;0.34282460586026825;0.31678441576859762,0.0499999999999972,0.9499999999999846
near_symmetric_m4_meaningful,0.05,192,0.02,SAFE_DELTA_AWAY_FROM_EPSILON,0.025463667086351074,192,36.51929034907488,13.48929331672087,0.47564773674361699;0.47447000825976132;0.52813617181012029;0.5455259058012879;0.34282460586026825;0.31678441576859762,0.0499999999999972,0.9499999999999846
near_symmetric_m4_meaningful,0.05,192,0.05,EXCLUDED_FROM_FITS_DELTA_EQUALS_EPSILON_ROUNDOFF_SENSITIVE,0.025463667086351074,148,28.15028631074522,13.48929331672087,0.47564773674361699;0.47447000825976132;0.52813617181012029;0.5455259058012879;0.34282460586026825;0.31678441576859762,0.0499999999999972,0.9499999999999846
near_symmetric_m4_meaningful,0.05,192,0.1,SAFE_DELTA_AWAY_FROM_EPSILON,0.025463667086351074,16,3.04327419575624,13.48929331672087,0.47564773674361699;0.47447000825976132;0.52813617181012029;0.5455259058012879;0.34282460586026825;0.31678441576859762,0.0499999999999972,0.9499999999999846
near_symmetric_m4_meaningful,0.05,192,0.2,SAFE_DELTA_AWAY_FROM_EPSILON,0.025463667086351074,12,2.28245564681718,13.48929331672087,0.47564773674361699;0.47447000825976132;0.52813617181012029;0.5455259058012879;0.34282460586026825;0.31678441576859762,0.0499999999999972,0.9499999999999846
near_symmetric_m4_meaningful,0.01,192,0.01,EXCLUDED_FROM_FITS_DELTA_EQUALS_EPSILON_ROUNDOFF_SENSITIVE,0.025463667086351074,148,28.15028631074522,6.15500827820717,0.47348309112082737;0.47220067566062901;0.53063716485990875;0.54957265298362457;0.3288534597145143;0.30049858605913959,0.009999999999996945,0.9899999999999832
near_symmetric_m4_meaningful,0.01,192,0.02,SAFE_DELTA_AWAY_FROM_EPSILON,0.025463667086351074,22,4.18450201916483,6.15500827820717,0.47348309112082737;0.47220067566062901;0.53063716485990875;0.54957265298362457;0.3288534597145143;0.30049858605913959,0.009999999999996945,0.9899999999999832
near_symmetric_m4_meaningful,0.01,192,0.05,SAFE_DELTA_AWAY_FROM_EPSILON,0.025463667086351074,20,3.8040927446953,6.15500827820717,0.47348309112082737;0.47220067566062901;0.53063716485990875;0.54957265298362457;0.3288534597145143;0.30049858605913959,0.009999999999996945,0.9899999999999832
near_symmetric_m4_meaningful,0.01,192,0.1,SAFE_DELTA_AWAY_FROM_EPSILON,0.025463667086351074,13,2.472660284051945,6.15500827820717,0.47348309112082737;0.47220067566062901;0.53063716485990875;0.54957265298362457;0.3288534597145143;0.30049858605913959,0.009999999999996945,0.9899999999999832
near_symmetric_m4_meaningful,0.01,192,0.2,SAFE_DELTA_AWAY_FROM_EPSILON,0.025463667086351074,11,2.092251009582415,6.15500827820717,0.47348309112082737;0.47220067566062901;0.53063716485990875;0.54957265298362457;0.3288534597145143;0.30049858605913959,0.009999999999996945,0.9899999999999832
near_symmetric_m4_meaningful,0.002,192,0.01,SAFE_DELTA_AWAY_FROM_EPSILON,0.025463667086351074,24,4.56491129363436,4.688151270504431,0.47305016199626948;0.47174680914080253;0.53113736346986651;0.55038200242009194;0.3260592304853635;0.29724142011724802,0.001999999999996895,0.997999999999983
near_symmetric_m4_meaningful,0.002,192,0.02,SAFE_DELTA_AWAY_FROM_EPSILON,0.025463667086351074,20,3.8040927446953,4.688151270504431,0.47305016199626948;0.47174680914080253;0.53113736346986651;0.55038200242009194;0.3260592304853635;0.29724142011724802,0.001999999999996895,0.997999999999983
near_symmetric_m4_meaningful,0.002,192,0.05,SAFE_DELTA_AWAY_FROM_EPSILON,0.025463667086351074,17,3.233478832991005,4.688151270504431,0.47305016199626948;0.47174680914080253;0.53113736346986651;0.55038200242009194;0.3260592304853635;0.29724142011724802,0.001999999999996895,0.997999999999983
near_symmetric_m4_meaningful,0.002,192,0.1,SAFE_DELTA_AWAY_FROM_EPSILON,0.025463667086351074,13,2.472660284051945,4.688151270504431,0.47305016199626948;0.47174680914080253;0.53113736346986651;0.55038200242009194;0.3260592304853635;0.29724142011724802,0.001999999999996895,0.997999999999983
near_symmetric_m4_meaningful,0.002,192,0.2,SAFE_DELTA_AWAY_FROM_EPSILON,0.025463667086351074,11,2.092251009582415,4.688151270504431,0.47305016199626948;0.47174680914080253;0.53113736346986651;0.55038200242009194;0.3260592304853635;0.29724142011724802,0.001999999999996895,0.997999999999983
near_symmetric_m4_meaningful,0.2,256,0.01,SAFE_DELTA_AWAY_FROM_EPSILON,0.025463667086351074,256,46.16624130844683,54.1997664423913,0.47047068794886671;0.53270215740814941;0.53614876219809748;0.45641988990279442;0.45550268257587606;0.43158553299734675,0.199999999999998,0.8000000000000009
near_symmetric_m4_meaningful,0.2,256,0.02,SAFE_DELTA_AWAY_FROM_EPSILON,0.025463667086351074,256,46.16624130844683,54.1997664423913,0.47047068794886671;0.53270215740814941;0.53614876219809748;0.45641988990279442;0.45550268257587606;0.43158553299734675,0.199999999999998,0.8000000000000009
near_symmetric_m4_meaningful,0.2,256,0.05,SAFE_DELTA_AWAY_FROM_EPSILON,0.025463667086351074,256,46.16624130844683,54.1997664423913,0.47047068794886671;0.53270215740814941;0.53614876219809748;0.45641988990279442;0.45550268257587606;0.43158553299734675,0.199999999999998,0.8000000000000009
near_symmetric_m4_meaningful,0.2,256,0.1,SAFE_DELTA_AWAY_FROM_EPSILON,0.025463667086351074,256,46.16624130844683,54.1997664423913,0.47047068794886671;0.53270215740814941;0.53614876219809748;0.45641988990279442;0.45550268257587606;0.43158553299734675,0.199999999999998,0.8000000000000009
near_symmetric_m4_meaningful,0.2,256,0.2,EXCLUDED_FROM_FITS_DELTA_EQUALS_EPSILON_ROUNDOFF_SENSITIVE,0.025463667086351074,187,33.72299658077952,54.1997664423913,0.47047068794886671;0.53270215740814941;0.53614876219809748;0.45641988990279442;0.45550268257587606;0.43158553299734675,0.199999999999998,0.8000000000000009
near_symmetric_m4_meaningful,0.05,256,0.01,SAFE_DELTA_AWAY_FROM_EPSILON,0.025463667086351074,256,46.16624130844683,17.299649663586948,0.45570603192330006;0.54905323611222423;0.55422314329714628;0.4346298348541916;0.43325402386381412;0.39737829949602016,0.04999999999999702,0.9500000000000015
near_symmetric_m4_meaningful,0.05,256,0.02,SAFE_DELTA_AWAY_FROM_EPSILON,0.025463667086351074,256,46.16624130844683,17.299649663586948,0.45570603192330006;0.54905323611222423;0.55422314329714628;0.4346298348541916;0.43325402386381412;0.39737829949602016,0.04999999999999702,0.9500000000000015
near_symmetric_m4_meaningful,0.05,256,0.05,EXCLUDED_FROM_FITS_DELTA_EQUALS_EPSILON_ROUNDOFF_SENSITIVE,0.025463667086351074,184,33.18198594044616,17.299649663586948,0.45570603192330006;0.54905323611222423;0.55422314329714628;0.4346298348541916;0.43325402386381412;0.39737829949602016,0.04999999999999702,0.9500000000000015
near_symmetric_m4_meaningful,0.05,256,0.1,SAFE_DELTA_AWAY_FROM_EPSILON,0.025463667086351074,17,3.0657269618890473,17.299649663586948,0.45570603192330006;0.54905323611222423;0.55422314329714628;0.4346298348541916;0.43325402386381412;0.39737829949602016,0.04999999999999702,0.9500000000000015
near_symmetric_m4_meaningful,0.05,256,0.2,SAFE_DELTA_AWAY_FROM_EPSILON,0.025463667086351074,13,2.344379441444566,17.299649663586948,0.45570603192330006;0.54905323611222423;0.55422314329714628;0.4346298348541916;0.43325402386381412;0.39737829949602016,0.04999999999999702,0.9500000000000015
near_symmetric_m4_meaningful,0.01,256,0.01,EXCLUDED_FROM_FITS_DELTA_EQUALS_EPSILON_ROUNDOFF_SENSITIVE,0.025463667086351074,185,33.36232282055728,7.459618522572457,0.45176879031648226;0.5534135237666441;0.55904297825689264;0.42881915350789757;0.42732104820726424;0.38825637056233303,0.009999999999996751,0.9900000000000015
near_symmetric_m4_meaningful,0.01,256,0.02,SAFE_DELTA_AWAY_FROM_EPSILON,0.025463667086351074,25,4.508422002778011,7.459618522572457,0.45176879031648226;0.5534135237666441;0.55904297825689264;0.42881915350789757;0.42732104820726424;0.38825637056233303,0.009999999999996751,0.9900000000000015
near_symmetric_m4_meaningful,0.01,256,0.05,SAFE_DELTA_AWAY_FROM_EPSILON,0.025463667086351074,21,3.787074482333529,7.459618522572457,0.45176879031648226;0.5534135237666441;0.55904297825689264;0.42881915350789757;0.42732104820726424;0.38825637056233303,0.009999999999996751,0.9900000000000015
near_symmetric_m4_meaningful,0.01,256,0.1,SAFE_DELTA_AWAY_FROM_EPSILON,0.025463667086351074,16,2.8853900817779268,7.459618522572457,0.45176879031648226;0.5534135237666441;0.55904297825689264;0.42881915350789757;0.42732104820726424;0.38825637056233303,0.009999999999996751,0.9900000000000015
near_symmetric_m4_meaningful,0.01,256,0.2,SAFE_DELTA_AWAY_FROM_EPSILON,0.025463667086351074,10,1.8033688011112043,7.459618522572457,0.45176879031648226;0.5534135237666441;0.55904297825689264;0.42881915350789757;0.42732104820726424;0.38825637056233303,0.009999999999996751,0.9900000000000015
near_symmetric_m4_meaningful,0.002,256,0.01,SAFE_DELTA_AWAY_FROM_EPSILON,0.025463667086351074,27,4.869095763000252,5.491612294369557,0.45098134199511869;0.55428558129752814;0.56000694524884187;0.42765701723863875;0.42613445307595427;0.38643198477559565,0.0019999999999966984,0.9980000000000016
near_symmetric_m4_meaningful,0.002,256,0.02,SAFE_DELTA_AWAY_FROM_EPSILON,0.025463667086351074,24,4.328085122666891,5.491612294369557,0.45098134199511869;0.55428558129752814;0.56000694524884187;0.42765701723863875;0.42613445307595427;0.38643198477559565,0.0019999999999966984,0.9980000000000016
near_symmetric_m4_meaningful,0.002,256,0.05,SAFE_DELTA_AWAY_FROM_EPSILON,0.025463667086351074,19,3.426400722111288,5.491612294369557,0.45098134199511869;0.55428558129752814;0.56000694524884187;0.42765701723863875;0.42613445307595427;0.38643198477559565,0.0019999999999966984,0.9980000000000016
near_symmetric_m4_meaningful,0.002,256,0.1,SAFE_DELTA_AWAY_FROM_EPSILON,0.025463667086351074,16,2.8853900817779268,5.491612294369557,0.45098134199511869;0.55428558129752814;0.56000694524884187;0.42765701723863875;0.42613445307595427;0.38643198477559565,0.0019999999999966984,0.9980000000000016
near_symmetric_m4_meaningful,0.002,256,0.2,SAFE_DELTA_AWAY_FROM_EPSILON,0.025463667086351074,10,1.8033688011112043,5.491612294369557,0.45098134199511869;0.55428558129752814;0.56000694524884187;0.42765701723863875;0.42613445307595427;0.38643198477559565,0.0019999999999966984,0.9980000000000016
near_symmetric_m4_meaningful,0.2,384,0.01,SAFE_DELTA_AWAY_FROM_EPSILON,0.025463667086351074,384,64.53084630885984,80.74275047487916,0.49894451638519544;0.49823489907570906;0.52377086945223517;0.53177554990261622;0.54562499467708103;0.5515389357137469,0.19999999999999782,0.8000000000000014
near_symmetric_m4_meaningful,0.2,384,0.02,SAFE_DELTA_AWAY_FROM_EPSILON,0.025463667086351074,384,64.53084630885984,80.74275047487916,0.49894451638519544;0.49823489907570906;0.52377086945223517;0.53177554990261622;0.54562499467708103;0.5515389357137469,0.19999999999999782,0.8000000000000014
near_symmetric_m4_meaningful,0.2,384,0.05,SAFE_DELTA_AWAY_FROM_EPSILON,0.025463667086351074,384,64.53084630885984,80.74275047487916,0.49894451638519544;0.49823489907570906;0.52377086945223517;0.53177554990261622;0.54562499467708103;0.5515389357137469,0.19999999999999782,0.8000000000000014
near_symmetric_m4_meaningful,0.2,384,0.1,SAFE_DELTA_AWAY_FROM_EPSILON,0.025463667086351074,384,64.53084630885984,80.74275047487916,0.49894451638519544;0.49823489907570906;0.52377086945223517;0.53177554990261622;0.54562499467708103;0.5515389357137469,0.19999999999999782,0.8000000000000014
near_symmetric_m4_meaningful,0.2,384,0.2,EXCLUDED_FROM_FITS_DELTA_EQUALS_EPSILON_ROUNDOFF_SENSITIVE,0.025463667086351074,267,44.869104074129105,80.74275047487916,0.49894451638519544;0.49823489907570906;0.52377086945223517;0.53177554990261622;0.54562499467708103;0.5515389357137469,0.19999999999999782,0.8000000000000014
near_symmetric_m4_meaningful,0.05,384,0.01,SAFE_DELTA_AWAY_FROM_EPSILON,0.025463667086351074,384,64.53084630885984,25.11412571231874,0.4984167745777931;0.49735234861356353;0.53565630417835275;0.54766332485392433;0.56843749201562166;0.57730840357062041,0.04999999999999673,0.9500000000000021
near_symmetric_m4_meaningful,0.05,384,0.02,SAFE_DELTA_AWAY_FROM_EPSILON,0.025463667086351074,384,64.53084630885984,25.11412571231874,0.4984167745777931;0.49735234861356353;0.53565630417835275;0.54766332485392433;0.56843749201562166;0.57730840357062041,0.04999999999999673,0.9500000000000021
near_symmetric_m4_meaningful,0.05,384,0.05,EXCLUDED_FROM_FITS_DELTA_EQUALS_EPSILON_ROUNDOFF_SENSITIVE,0.025463667086351074,263,44.19690775841182,25.11412571231874,0.4984167745777931;0.49735234861356353;0.53565630417835275;0.54766332485392433;0.56843749201562166;0.57730840357062041,0.04999999999999673,0.9500000000000021
near_symmetric_m4_meaningful,0.05,384,0.1,SAFE_DELTA_AWAY_FROM_EPSILON,0.025463667086351074,24,4.03317789430374,25.11412571231874,0.4984167745777931;0.49735234861356353;0.53565630417835275;0.54766332485392433;0.56843749201562166;0.57730840357062041,0.04999999999999673,0.9500000000000021
near_symmetric_m4_meaningful,0.05,384,0.2,SAFE_DELTA_AWAY_FROM_EPSILON,0.025463667086351074,17,2.8568343417984825,25.11412571231874,0.4984167745777931;0.49735234861356353;0.53565630417835275;0.54766332485392433;0.56843749201562166;0.57730840357062041,0.04999999999999673,0.9500000000000021
near_symmetric_m4_meaningful,0.01,384,0.01,EXCLUDED_FROM_FITS_DELTA_EQUALS_EPSILON_ROUNDOFF_SENSITIVE,0.025463667086351074,265,44.53300591627046,10.279825775635965,0.49827604342915249;0.49711700182365809;0.53882575343865069;0.55190006484093979;0.57452082463923249;0.58418026166578663,0.009999999999996434,0.9900000000000022
near_symmetric_m4_meaningful,0.01,384,0.02,SAFE_DELTA_AWAY_FROM_EPSILON,0.025463667086351074,32,5.37757052573832,10.279825775635965,0.49827604342915249;0.49711700182365809;0.53882575343865069;0.55190006484093979;0.57452082463923249;0.58418026166578663,0.009999999999996434,0.9900000000000022
near_symmetric_m4_meaningful,0.01,384,0.05,SAFE_DELTA_AWAY_FROM_EPSILON,0.025463667086351074,25,4.201226973233062,10.279825775635965,0.49827604342915249;0.49711700182365809;0.53882575343865069;0.55190006484093979;0.57452082463923249;0.58418026166578663,0.009999999999996434,0.9900000000000022
near_symmetric_m4_meaningful,0.01,384,0.1,SAFE_DELTA_AWAY_FROM_EPSILON,0.025463667086351074,19,3.1929324996571276,10.279825775635965,0.49827604342915249;0.49711700182365809;0.53882575343865069;0.55190006484093979;0.57452082463923249;0.58418026166578663,0.009999999999996434,0.9900000000000022
near_symmetric_m4_meaningful,0.01,384,0.2,SAFE_DELTA_AWAY_FROM_EPSILON,0.025463667086351074,16,2.68878526286916,10.279825775635965,0.49827604342915249;0.49711700182365809;0.53882575343865069;0.55190006484093979;0.57452082463923249;0.58418026166578663,0.009999999999996434,0.9900000000000022
near_symmetric_m4_meaningful,0.002,384,0.01,SAFE_DELTA_AWAY_FROM_EPSILON,0.025463667086351074,33,5.5456196046676425,7.31296578829941,0.49824789719942436;0.49706993246567699;0.53945964329071028;0.55274741283834283;0.57573749116395467;0.58555463328481994,0.0019999999999963745,0.9980000000000022
near_symmetric_m4_meaningful,0.002,384,0.02,SAFE_DELTA_AWAY_FROM_EPSILON,0.025463667086351074,27,4.537325131091707,7.31296578829941,0.49824789719942436;0.49706993246567699;0.53945964329071028;0.55274741283834283;0.57573749116395467;0.58555463328481994,0.0019999999999963745,0.9980000000000022
near_symmetric_m4_meaningful,0.002,384,0.05,SAFE_DELTA_AWAY_FROM_EPSILON,0.025463667086351074,25,4.201226973233062,7.31296578829941,0.49824789719942436;0.49706993246567699;0.53945964329071028;0.55274741283834283;0.57573749116395467;0.58555463328481994,0.0019999999999963745,0.9980000000000022
near_symmetric_m4_meaningful,0.002,384,0.1,SAFE_DELTA_AWAY_FROM_EPSILON,0.025463667086351074,18,3.024883420727805,7.31296578829941,0.49824789719942436;0.49706993246567699;0.53945964329071028;0.55274741283834283;0.57573749116395467;0.58555463328481994,0.0019999999999963745,0.9980000000000022
near_symmetric_m4_meaningful,0.002,384,0.2,SAFE_DELTA_AWAY_FROM_EPSILON,0.025463667086351074,15,2.5207361839398374,7.31296578829941,0.49824789719942436;0.49706993246567699;0.53945964329071028;0.55274741283834283;0.57573749116395467;0.58555463328481994,0.0019999999999963745,0.9980000000000022
near_symmetric_m4_meaningful,0.2,512,0.01,SAFE_DELTA_AWAY_FROM_EPSILON,0.025463667086351074,512,82.07331788168325,107.32041587981661,0.50074043991308415;0.50100300292940636;0.50107081222097083;0.4971048647052011;0.49444503283606733;0.49190652014081881,0.19999999999999699,0.8000000000000016
near_symmetric_m4_meaningful,0.2,512,0.02,SAFE_DELTA_AWAY_FROM_EPSILON,0.025463667086351074,512,82.07331788168325,107.32041587981661,0.50074043991308415;0.50100300292940636;0.50107081222097083;0.4971048647052011;0.49444503283606733;0.49190652014081881,0.19999999999999699,0.8000000000000016
near_symmetric_m4_meaningful,0.2,512,0.05,SAFE_DELTA_AWAY_FROM_EPSILON,0.025463667086351074,512,82.07331788168325,107.32041587981661,0.50074043991308415;0.50100300292940636;0.50107081222097083;0.4971048647052011;0.49444503283606733;0.49190652014081881,0.19999999999999699,0.8000000000000016
near_symmetric_m4_meaningful,0.2,512,0.1,SAFE_DELTA_AWAY_FROM_EPSILON,0.025463667086351074,512,82.07331788168325,107.32041587981661,0.50074043991308415;0.50100300292940636;0.50107081222097083;0.4971048647052011;0.49444503283606733;0.49190652014081881,0.19999999999999699,0.8000000000000016
near_symmetric_m4_meaningful,0.2,512,0.2,EXCLUDED_FROM_FITS_DELTA_EQUALS_EPSILON_ROUNDOFF_SENSITIVE,0.025463667086351074,339,54.34151320681762,107.32041587981661,0.50074043991308415;0.50100300292940636;0.50107081222097083;0.4971048647052011;0.49444503283606733;0.49190652014081881,0.19999999999999699,0.8000000000000016
near_symmetric_m4_meaningful,0.05,512,0.01,SAFE_DELTA_AWAY_FROM_EPSILON,0.025463667086351074,512,82.07331788168325,32.98062381972491,0.50111065986962611;0.50150450439410943;0.50160621833145613;0.4956572970578017;0.491667549254101;0.48785978021122822,0.04999999999999546,0.9500000000000025
near_symmetric_m4_meaningful,0.05,512,0.02,SAFE_DELTA_AWAY_FROM_EPSILON,0.025463667086351074,512,82.07331788168325,32.98062381972491,0.50111065986962611;0.50150450439410943;0.50160621833145613;0.4956572970578017;0.491667549254101;0.48785978021122822,0.04999999999999546,0.9500000000000025
near_symmetric_m4_meaningful,0.05,512,0.05,EXCLUDED_FROM_FITS_DELTA_EQUALS_EPSILON_ROUNDOFF_SENSITIVE,0.025463667086351074,333,53.37971651289165,32.98062381972491,0.50111065986962611;0.50150450439410943;0.50160621833145613;0.4956572970578017;0.491667549254101;0.48785978021122822,0.04999999999999546,0.9500000000000025
near_symmetric_m4_meaningful,0.05,512,0.1,SAFE_DELTA_AWAY_FROM_EPSILON,0.025463667086351074,28,4.488384571654553,32.98062381972491,0.50111065986962611;0.50150450439410943;0.50160621833145613;0.4956572970578017;0.491667549254101;0.48785978021122822,0.04999999999999546,0.9500000000000025
near_symmetric_m4_meaningful,0.05,512,0.2,SAFE_DELTA_AWAY_FROM_EPSILON,0.025463667086351074,21,3.3662884287409147,32.98062381972491,0.50111065986962611;0.50150450439410943;0.50160621833145613;0.4956572970578017;0.491667549254101;0.48785978021122822,0.04999999999999546,0.9500000000000025
near_symmetric_m4_meaningful,0.01,512,0.01,EXCLUDED_FROM_FITS_DELTA_EQUALS_EPSILON_ROUNDOFF_SENSITIVE,0.025463667086351074,335,53.70031541086697,13.156679270367132,0.50120938519137059;0.50163823811803021;0.50174899329425227;0.49527127901849516;0.49092688696557668;0.48678064956333739,0.009999999999995051,0.9900000000000027
near_symmetric_m4_meaningful,0.01,512,0.02,SAFE_DELTA_AWAY_FROM_EPSILON,0.025463667086351074,36,5.7707801635558535,13.156679270367132,0.50120938519137059;0.50163823811803021;0.50174899329425227;0.49527127901849516;0.49092688696557668;0.48678064956333739,0.009999999999995051,0.9900000000000027
near_symmetric_m4_meaningful,0.01,512,0.05,SAFE_DELTA_AWAY_FROM_EPSILON,0.025463667086351074,30,4.808983469629878,13.156679270367132,0.50120938519137059;0.50163823811803021;0.50174899329425227;0.49527127901849516;0.49092688696557668;0.48678064956333739,0.009999999999995051,0.9900000000000027
near_symmetric_m4_meaningful,0.01,512,0.1,SAFE_DELTA_AWAY_FROM_EPSILON,0.025463667086351074,22,3.526587877728577,13.156679270367132,0.50120938519137059;0.50163823811803021;0.50174899329425227;0.49527127901849516;0.49092688696557668;0.48678064956333739,0.009999999999995051,0.9900000000000027
near_symmetric_m4_meaningful,0.01,512,0.2,SAFE_DELTA_AWAY_FROM_EPSILON,0.025463667086351074,18,2.8853900817779268,13.156679270367132,0.50120938519137059;0.50163823811803021;0.50174899329425227;0.49527127901849516;0.49092688696557668;0.48678064956333739,0.009999999999995051,0.9900000000000027
near_symmetric_m4_meaningful,0.002,512,0.01,SAFE_DELTA_AWAY_FROM_EPSILON,0.025463667086351074,37,5.931079612543516,9.191890360495572,0.50122913025571958;0.50166498486281441;0.50177754828681143;0.49519407541063387;0.49077875450787178;0.48656482343375923,0.0019999999999949698,0.9980000000000027
near_symmetric_m4_meaningful,0.002,512,0.02,SAFE_DELTA_AWAY_FROM_EPSILON,0.025463667086351074,30,4.808983469629878,9.191890360495572,0.50122913025571958;0.50166498486281441;0.50177754828681143;0.49519407541063387;0.49077875450787178;0.48656482343375923,0.0019999999999949698,0.9980000000000027
near_symmetric_m4_meaningful,0.002,512,0.05,SAFE_DELTA_AWAY_FROM_EPSILON,0.025463667086351074,29,4.648684020642215,9.191890360495572,0.50122913025571958;0.50166498486281441;0.50177754828681143;0.49519407541063387;0.49077875450787178;0.48656482343375923,0.0019999999999949698,0.9980000000000027
near_symmetric_m4_meaningful,0.002,512,0.1,SAFE_DELTA_AWAY_FROM_EPSILON,0.025463667086351074,22,3.526587877728577,9.191890360495572,0.50122913025571958;0.50166498486281441;0.50177754828681143;0.49519407541063387;0.49077875450787178;0.48656482343375923,0.0019999999999949698,0.9980000000000027
near_symmetric_m4_meaningful,0.002,512,0.2,SAFE_DELTA_AWAY_FROM_EPSILON,0.025463667086351074,18,2.8853900817779268,9.191890360495572,0.50122913025571958;0.50166498486281441;0.50177754828681143;0.49519407541063387;0.49077875450787178;0.48656482343375923,0.0019999999999949698,0.9980000000000027
near_symmetric_m4_meaningful,0.2,768,0.01,SAFE_DELTA_AWAY_FROM_EPSILON,0.025463667086351074,768,115.59667461603117,160.45605143204085,0.500004170891164;0.50000838181170182;0.49976737842295554;0.49959753067224949;0.50047864292001476;0.50098000320704794,0.1999999999999961,0.8000000000000027
near_symmetric_m4_meaningful,0.2,768,0.02,SAFE_DELTA_AWAY_FROM_EPSILON,0.025463667086351074,768,115.59667461603117,160.45605143204085,0.500004170891164;0.50000838181170182;0.49976737842295554;0.49959753067224949;0.50047864292001476;0.50098000320704794,0.1999999999999961,0.8000000000000027
near_symmetric_m4_meaningful,0.2,768,0.05,SAFE_DELTA_AWAY_FROM_EPSILON,0.025463667086351074,768,115.59667461603117,160.45605143204085,0.500004170891164;0.50000838181170182;0.49976737842295554;0.49959753067224949;0.50047864292001476;0.50098000320704794,0.1999999999999961,0.8000000000000027
near_symmetric_m4_meaningful,0.2,768,0.1,SAFE_DELTA_AWAY_FROM_EPSILON,0.025463667086351074,768,115.59667461603117,160.45605143204085,0.500004170891164;0.50000838181170182;0.49976737842295554;0.49959753067224949;0.50047864292001476;0.50098000320704794,0.1999999999999961,0.8000000000000027
near_symmetric_m4_meaningful,0.2,768,0.2,EXCLUDED_FROM_FITS_DELTA_EQUALS_EPSILON_ROUNDOFF_SENSITIVE,0.025463667086351074,483,72.69947114523835,160.45605143204085,0.500004170891164;0.50000838181170182;0.49976737842295554;0.49959753067224949;0.50047864292001476;0.50098000320704794,0.1999999999999961,0.8000000000000027
near_symmetric_m4_meaningful,0.05,768,0.01,SAFE_DELTA_AWAY_FROM_EPSILON,0.025463667086351074,768,115.59667461603117,48.68407714806128,0.500006256336746;0.50001257271755273;0.49965106763443329;0.49939629600837426;0.50071796438002225;0.50147000481057202,0.04999999999999414,0.9500000000000043
near_symmetric_m4_meaningful,0.05,768,0.02,SAFE_DELTA_AWAY_FROM_EPSILON,0.025463667086351074,768,115.59667461603117,48.68407714806128,0.500006256336746;0.50001257271755273;0.49965106763443329;0.49939629600837426;0.50071796438002225;0.50147000481057202,0.04999999999999414,0.9500000000000043
near_symmetric_m4_meaningful,0.05,768,0.05,EXCLUDED_FROM_FITS_DELTA_EQUALS_EPSILON_ROUNDOFF_SENSITIVE,0.025463667086351074,475,71.49533911798802,48.68407714806128,0.500006256336746;0.50001257271755273;0.49965106763443329;0.49939629600837426;0.50071796438002225;0.50147000481057202,0.04999999999999414,0.9500000000000043
near_symmetric_m4_meaningful,0.05,768,0.1,SAFE_DELTA_AWAY_FROM_EPSILON,0.025463667086351074,34,5.11756111581388,48.68407714806128,0.500006256336746;0.50001257271755273;0.49965106763443329;0.49939629600837426;0.50071796438002225;0.50147000481057202,0.04999999999999414,0.9500000000000043
near_symmetric_m4_meaningful,0.05,768,0.2,SAFE_DELTA_AWAY_FROM_EPSILON,0.025463667086351074,26,3.913429088563555,48.68407714806128,0.500006256336746;0.50001257271755273;0.49965106763443329;0.49939629600837426;0.50071796438002225;0.50147000481057202,0.04999999999999414,0.9500000000000043
near_symmetric_m4_meaningful,0.01,768,0.01,EXCLUDED_FROM_FITS_DELTA_EQUALS_EPSILON_ROUNDOFF_SENSITIVE,0.025463667086351074,477,71.79637212480061,18.878217339000074,0.50000681245556777;0.50001369029244624;0.49962005142416072;0.49934263343134083;0.5007817834360242;0.50160067190484503,0.009999999999993618,0.9900000000000045
near_symmetric_m4_meaningful,0.01,768,0.02,SAFE_DELTA_AWAY_FROM_EPSILON,0.025463667086351074,42,6.321693143064205,18.878217339000074,0.50000681245556777;0.50001369029244624;0.49962005142416072;0.49934263343134083;0.5007817834360242;0.50160067190484503,0.009999999999993618,0.9900000000000045
near_symmetric_m4_meaningful,0.01,768,0.05,SAFE_DELTA_AWAY_FROM_EPSILON,0.025463667086351074,35,5.26807761922017,18.878217339000074,0.50000681245556777;0.50001369029244624;0.49962005142416072;0.49934263343134083;0.5007817834360242;0.50160067190484503,0.009999999999993618,0.9900000000000045
near_symmetric_m4_meaningful,0.01,768,0.1,SAFE_DELTA_AWAY_FROM_EPSILON,0.025463667086351074,30,4.5154951021887175,18.878217339000074,0.50000681245556777;0.50001369029244624;0.49962005142416072;0.49934263343134083;0.5007817834360242;0.50160067190484503,0.009999999999993618,0.9900000000000045
near_symmetric_m4_meaningful,0.01,768,0.2,SAFE_DELTA_AWAY_FROM_EPSILON,0.025463667086351074,25,3.7629125851572645,18.878217339000074,0.50000681245556777;0.50001369029244624;0.49962005142416072;0.49934263343134083;0.5007817834360242;0.50160067190484503,0.009999999999993618,0.9900000000000045
near_symmetric_m4_meaningful,0.002,768,0.01,SAFE_DELTA_AWAY_FROM_EPSILON,0.025463667086351074,45,6.773242653283076,12.917045377187826,0.50000692367933219;0.50001391380742488;0.49961384818210619;0.49933190091593416;0.50079454724722461;0.50162680532369963,0.001999999999993514,0.9980000000000047
near_symmetric_m4_meaningful,0.002,768,0.02,SAFE_DELTA_AWAY_FROM_EPSILON,0.025463667086351074,38,5.719627129439042,12.917045377187826,0.50000692367933219;0.50001391380742488;0.49961384818210619;0.49933190091593416;0.50079454724722461;0.50162680532369963,0.001999999999993514,0.9980000000000047
near_symmetric_m4_meaningful,0.002,768,0.05,SAFE_DELTA_AWAY_FROM_EPSILON,0.025463667086351074,34,5.11756111581388,12.917045377187826,0.50000692367933219;0.50001391380742488;0.49961384818210619;0.49933190091593416;0.50079454724722461;0.50162680532369963,0.001999999999993514,0.9980000000000047
near_symmetric_m4_meaningful,0.002,768,0.1,SAFE_DELTA_AWAY_FROM_EPSILON,0.025463667086351074,30,4.5154951021887175,12.917045377187826,0.50000692367933219;0.50001391380742488;0.49961384818210619;0.49933190091593416;0.50079454724722461;0.50162680532369963,0.001999999999993514,0.9980000000000047
near_symmetric_m4_meaningful,0.002,768,0.2,SAFE_DELTA_AWAY_FROM_EPSILON,0.025463667086351074,24,3.612396081750974,12.917045377187826,0.50000692367933219;0.50001391380742488;0.49961384818210619;0.49933190091593416;0.50079454724722461;0.50162680532369963,0.001999999999993514,0.9980000000000047
near_symmetric_m4_meaningful,0.2,1024,0.01,SAFE_DELTA_AWAY_FROM_EPSILON,0.025463667086351074,1024,147.73197218702984,213.60763688073627,0.50000001728953913;0.50000008670823237;0.49999475928896897;0.49998445636265815;0.50006054121552168;0.5001435591953145,0.19999999999999524,0.8000000000000029
near_symmetric_m4_meaningful,0.2,1024,0.02,SAFE_DELTA_AWAY_FROM_EPSILON,0.025463667086351074,1024,147.73197218702984,213.60763688073627,0.50000001728953913;0.50000008670823237;0.49999475928896897;0.49998445636265815;0.50006054121552168;0.5001435591953145,0.19999999999999524,0.8000000000000029
near_symmetric_m4_meaningful,0.2,1024,0.05,SAFE_DELTA_AWAY_FROM_EPSILON,0.025463667086351074,1024,147.73197218702984,213.60763688073627,0.50000001728953913;0.50000008670823237;0.49999475928896897;0.49998445636265815;0.50006054121552168;0.5001435591953145,0.19999999999999524,0.8000000000000029
near_symmetric_m4_meaningful,0.2,1024,0.1,SAFE_DELTA_AWAY_FROM_EPSILON,0.025463667086351074,1024,147.73197218702984,213.60763688073627,0.50000001728953913;0.50000008670823237;0.49999475928896897;0.49998445636265815;0.50006054121552168;0.5001435591953145,0.19999999999999524,0.8000000000000029
near_symmetric_m4_meaningful,0.2,1024,0.2,EXCLUDED_FROM_FITS_DELTA_EQUALS_EPSILON_ROUNDOFF_SENSITIVE,0.025463667086351074,626,90.31270955964911,213.60763688073627,0.50000001728953913;0.50000008670823237;0.49999475928896897;0.49998445636265815;0.50006054121552168;0.5001435591953145,0.19999999999999524,0.8000000000000029
near_symmetric_m4_meaningful,0.05,1024,0.01,SAFE_DELTA_AWAY_FROM_EPSILON,0.025463667086351074,1024,147.73197218702984,64.4114553211044,0.50000002593430859;0.50000013006234856;0.49999213893345351;0.49997668454398725;0.50009081182328263;0.50021533879297175,0.04999999999999286,0.9500000000000045
near_symmetric_m4_meaningful,0.05,1024,0.02,SAFE_DELTA_AWAY_FROM_EPSILON,0.025463667086351074,1024,147.73197218702984,64.4114553211044,0.50000002593430859;0.50000013006234856;0.49999213893345351;0.49997668454398725;0.50009081182328263;0.50021533879297175,0.04999999999999286,0.9500000000000045
near_symmetric_m4_meaningful,0.05,1024,0.05,EXCLUDED_FROM_FITS_DELTA_EQUALS_EPSILON_ROUNDOFF_SENSITIVE,0.025463667086351074,613,88.43720600649345,64.4114553211044,0.50000002593430859;0.50000013006234856;0.49999213893345351;0.49997668454398725;0.50009081182328263;0.50021533879297175,0.04999999999999286,0.9500000000000045
near_symmetric_m4_meaningful,0.05,1024,0.1,SAFE_DELTA_AWAY_FROM_EPSILON,0.025463667086351074,42,6.059319171733646,64.4114553211044,0.50000002593430859;0.50000013006234856;0.49999213893345351;0.49997668454398725;0.50009081182328263;0.50021533879297175,0.04999999999999286,0.9500000000000045
near_symmetric_m4_meaningful,0.05,1024,0.2,SAFE_DELTA_AWAY_FROM_EPSILON,0.025463667086351074,34,4.905163139022475,64.4114553211044,0.50000002593430859;0.50000013006234856;0.49999213893345351;0.49997668454398725;0.50009081182328263;0.50021533879297175,0.04999999999999286,0.9500000000000045
near_symmetric_m4_meaningful,0.01,1024,0.01,EXCLUDED_FROM_FITS_DELTA_EQUALS_EPSILON_ROUNDOFF_SENSITIVE,0.025463667086351074,614,88.58147551058235,24.62580690520258,0.50000002823958045;0.50000014162344608;0.49999144017198272;0.49997461205900834;0.50009888398535207;0.50023448001901361,0.009999999999992225,0.9900000000000048
near_symmetric_m4_meaningful,0.01,1024,0.02,SAFE_DELTA_AWAY_FROM_EPSILON,0.025463667086351074,50,7.213475204444817,24.62580690520258,0.50000002823958045;0.50000014162344608;0.49999144017198272;0.49997461205900834;0.50009888398535207;0.50023448001901361,0.009999999999992225,0.9900000000000048
near_symmetric_m4_meaningful,0.01,1024,0.05,SAFE_DELTA_AWAY_FROM_EPSILON,0.025463667086351074,43,6.203588675822543,24.62580690520258,0.50000002823958045;0.50000014162344608;0.49999144017198272;0.49997461205900834;0.50009888398535207;0.50023448001901361,0.009999999999992225,0.9900000000000048
near_symmetric_m4_meaningful,0.01,1024,0.1,SAFE_DELTA_AWAY_FROM_EPSILON,0.025463667086351074,36,5.193702147200268,24.62580690520258,0.50000002823958045;0.50000014162344608;0.49999144017198272;0.49997461205900834;0.50009888398535207;0.50023448001901361,0.009999999999992225,0.9900000000000048
near_symmetric_m4_meaningful,0.01,1024,0.2,SAFE_DELTA_AWAY_FROM_EPSILON,0.025463667086351074,31,4.472354626755787,24.62580690520258,0.50000002823958045;0.50000014162344608;0.49999144017198272;0.49997461205900834;0.50009888398535207;0.50023448001901361,0.009999999999992225,0.9900000000000048
near_symmetric_m4_meaningful,0.002,1024,0.01,SAFE_DELTA_AWAY_FROM_EPSILON,0.025463667086351074,51,7.357744708533714,16.66867722202221,0.50000002870063487;0.50000014393566561;0.49999130041968853;0.49997419756201256;0.50010049841776605;0.500238308264222,0.0019999999999920984,0.9980000000000049
near_symmetric_m4_meaningful,0.002,1024,0.02,SAFE_DELTA_AWAY_FROM_EPSILON,0.025463667086351074,47,6.780666692178128,16.66867722202221,0.50000002870063487;0.50000014393566561;0.49999130041968853;0.49997419756201256;0.50010049841776605;0.500238308264222,0.0019999999999920984,0.9980000000000049
near_symmetric_m4_meaningful,0.002,1024,0.05,SAFE_DELTA_AWAY_FROM_EPSILON,0.025463667086351074,42,6.059319171733646,16.66867722202221,0.50000002870063487;0.50000014393566561;0.49999130041968853;0.49997419756201256;0.50010049841776605;0.500238308264222,0.0019999999999920984,0.9980000000000049
near_symmetric_m4_meaningful,0.002,1024,0.1,SAFE_DELTA_AWAY_FROM_EPSILON,0.025463667086351074,36,5.193702147200268,16.66867722202221,0.50000002870063487;0.50000014393566561;0.49999130041968853;0.49997419756201256;0.50010049841776605;0.500238308264222,0.0019999999999920984,0.9980000000000049
near_symmetric_m4_meaningful,0.002,1024,0.2,SAFE_DELTA_AWAY_FROM_EPSILON,0.025463667086351074,31,4.472354626755787,16.66867722202221,0.50000002870063487;0.50000014393566561;0.49999130041968853;0.49997419756201256;0.50010049841776605;0.500238308264222,0.0019999999999920984,0.9980000000000049
near_symmetric_m4_meaningful,0.2,1536,0.01,SAFE_DELTA_AWAY_FROM_EPSILON,0.025463667086351074,1536,209.35167060388474,319.9123850576733,0.50000000000036515;0.50000000000700839;0.49999999786937505;0.49999999490618663;0.50000001757721313;0.50000003062929377,0.19999999999999357,0.8000000000000045
near_symmetric_m4_meaningful,0.2,1536,0.02,SAFE_DELTA_AWAY_FROM_EPSILON,0.025463667086351074,1536,209.35167060388474,319.9123850576733,0.50000000000036515;0.50000000000700839;0.49999999786937505;0.49999999490618663;0.50000001757721313;0.50000003062929377,0.19999999999999357,0.8000000000000045
near_symmetric_m4_meaningful,0.2,1536,0.05,SAFE_DELTA_AWAY_FROM_EPSILON,0.025463667086351074,1536,209.35167060388474,319.9123850576733,0.50000000000036515;0.50000000000700839;0.49999999786937505;0.49999999490618663;0.50000001757721313;0.50000003062929377,0.19999999999999357,0.8000000000000045
near_symmetric_m4_meaningful,0.2,1536,0.1,SAFE_DELTA_AWAY_FROM_EPSILON,0.025463667086351074,1536,209.35167060388474,319.9123850576733,0.50000000000036515;0.50000000000700839;0.49999999786937505;0.49999999490618663;0.50000001757721313;0.50000003062929377,0.19999999999999357,0.8000000000000045
near_symmetric_m4_meaningful,0.2,1536,0.2,EXCLUDED_FROM_FITS_DELTA_EQUALS_EPSILON_ROUNDOFF_SENSITIVE,0.025463667086351074,904,123.21218113666134,319.9123850576733,0.50000000000036515;0.50000000000700839;0.49999999786937505;0.49999999490618663;0.50000001757721313;0.50000003062929377,0.19999999999999357,0.8000000000000045
near_symmetric_m4_meaningful,0.05,1536,0.01,SAFE_DELTA_AWAY_FROM_EPSILON,0.025463667086351074,1536,209.35167060388474,95.8685775865099,0.50000000000054778;0.50000000001051248;0.4999999968040626;0.49999999235927994;0.50000002636581975;0.50000004594394076,0.04999999999999033,0.9500000000000066
near_symmetric_m4_meaningful,0.05,1536,0.02,SAFE_DELTA_AWAY_FROM_EPSILON,0.025463667086351074,1536,209.35167060388474,95.8685775865099,0.50000000000054778;0.50000000001051248;0.4999999968040626;0.49999999235927994;0.50000002636581975;0.50000004594394076,0.04999999999999033,0.9500000000000066
near_symmetric_m4_meaningful,0.05,1536,0.05,EXCLUDED_FROM_FITS_DELTA_EQUALS_EPSILON_ROUNDOFF_SENSITIVE,0.025463667086351074,887,120.89513790732147,95.8685775865099,0.50000000000054778;0.50000000001051248;0.4999999968040626;0.49999999235927994;0.50000002636581975;0.50000004594394076,0.04999999999999033,0.9500000000000066
near_symmetric_m4_meaningful,0.05,1536,0.1,SAFE_DELTA_AWAY_FROM_EPSILON,0.025463667086351074,55,7.496316330217227,95.8685775865099,0.50000000000054778;0.50000000001051248;0.4999999968040626;0.49999999235927994;0.50000002636581975;0.50000004594394076,0.04999999999999033,0.9500000000000066
near_symmetric_m4_meaningful,0.05,1536,0.2,SAFE_DELTA_AWAY_FROM_EPSILON,0.025463667086351074,47,6.405943045821995,95.8685775865099,0.50000000000054778;0.50000000001051248;0.4999999968040626;0.49999999235927994;0.50000002636581975;0.50000004594394076,0.04999999999999033,0.9500000000000066
near_symmetric_m4_meaningful,0.01,1536,0.01,EXCLUDED_FROM_FITS_DELTA_EQUALS_EPSILON_ROUNDOFF_SENSITIVE,0.025463667086351074,893,121.7129178706179,36.12356226086636,0.50000000000059641;0.50000000001144695;0.49999999651997928;0.49999999168010484;0.50000002870944815;0.50000005002784653,0.009999999999989469,0.9900000000000072
near_symmetric_m4_meaningful,0.01,1536,0.02,SAFE_DELTA_AWAY_FROM_EPSILON,0.025463667086351074,64,8.722986275161865,36.12356226086636,0.50000000000059641;0.50000000001144695;0.49999999651997928;0.49999999168010484;0.50000002870944815;0.50000005002784653,0.009999999999989469,0.9900000000000072
near_symmetric_m4_meaningful,0.01,1536,0.05,SAFE_DELTA_AWAY_FROM_EPSILON,0.025463667086351074,56,7.632612990766631,36.12356226086636,0.50000000000059641;0.50000000001144695;0.49999999651997928;0.49999999168010484;0.50000002870944815;0.50000005002784653,0.009999999999989469,0.9900000000000072
near_symmetric_m4_meaningful,0.01,1536,0.1,SAFE_DELTA_AWAY_FROM_EPSILON,0.025463667086351074,50,6.814833027470207,36.12356226086636,0.50000000000059641;0.50000000001144695;0.49999999651997928;0.49999999168010484;0.50000002870944815;0.50000005002784653,0.009999999999989469,0.9900000000000072
near_symmetric_m4_meaningful,0.01,1536,0.2,SAFE_DELTA_AWAY_FROM_EPSILON,0.025463667086351074,45,6.133349724723186,36.12356226086636,0.50000000000059641;0.50000000001144695;0.49999999651997928;0.49999999168010484;0.50000002870944815;0.50000005002784653,0.009999999999989469,0.9900000000000072
near_symmetric_m4_meaningful,0.002,1536,0.01,SAFE_DELTA_AWAY_FROM_EPSILON,0.025463667086351074,65,8.859282935711269,24.174559195737643,0.50000000000060618;0.50000000001163381;0.49999999646316262;0.49999999154426983;0.50000002917817377;0.50000005084462773,0.001999999999989297,0.9980000000000073
near_symmetric_m4_meaningful,0.002,1536,0.02,SAFE_DELTA_AWAY_FROM_EPSILON,0.025463667086351074,63,8.58668961461246,24.174559195737643,0.50000000000060618;0.50000000001163381;0.49999999646316262;0.49999999154426983;0.50000002917817377;0.50000005084462773,0.001999999999989297,0.9980000000000073
near_symmetric_m4_meaningful,0.002,1536,0.05,SAFE_DELTA_AWAY_FROM_EPSILON,0.025463667086351074,56,7.632612990766631,24.174559195737643,0.50000000000060618;0.50000000001163381;0.49999999646316262;0.49999999154426983;0.50000002917817377;0.50000005084462773,0.001999999999989297,0.9980000000000073
near_symmetric_m4_meaningful,0.002,1536,0.1,SAFE_DELTA_AWAY_FROM_EPSILON,0.025463667086351074,49,6.678536366920802,24.174559195737643,0.50000000000060618;0.50000000001163381;0.49999999646316262;0.49999999154426983;0.50000002917817377;0.50000005084462773,0.001999999999989297,0.9980000000000073
near_symmetric_m4_meaningful,0.002,1536,0.2,SAFE_DELTA_AWAY_FROM_EPSILON,0.025463667086351074,44,5.997053064173782,24.174559195737643,0.50000000000060618;0.50000000001163381;0.49999999646316262;0.49999999154426983;0.50000002917817377;0.50000005084462773,0.001999999999989297,0.9980000000000073
near_symmetric_m4_meaningful,0.2,2048,0.01,SAFE_DELTA_AWAY_FROM_EPSILON,0.025463667086351074,2048,268.6035857945997,426.22041343840544,0.50000000000000144;0.49999999999999611;0.5000000000002891;0.50000000000056022;0.4999999999921842;0.49999999998512523,0.19999999999999188,0.8000000000000063
near_symmetric_m4_meaningful,0.2,2048,0.02,SAFE_DELTA_AWAY_FROM_EPSILON,0.025463667086351074,2048,268.6035857945997,426.22041343840544,0.50000000000000144;0.49999999999999611;0.5000000000002891;0.50000000000056022;0.4999999999921842;0.49999999998512523,0.19999999999999188,0.8000000000000063
near_symmetric_m4_meaningful,0.2,2048,0.05,SAFE_DELTA_AWAY_FROM_EPSILON,0.025463667086351074,2048,268.6035857945997,426.22041343840544,0.50000000000000144;0.49999999999999611;0.5000000000002891;0.50000000000056022;0.4999999999921842;0.49999999998512523,0.19999999999999188,0.8000000000000063
near_symmetric_m4_meaningful,0.2,2048,0.1,SAFE_DELTA_AWAY_FROM_EPSILON,0.025463667086351074,2048,268.6035857945997,426.22041343840544,0.50000000000000144;0.49999999999999611;0.5000000000002891;0.50000000000056022;0.4999999999921842;0.49999999998512523,0.19999999999999188,0.8000000000000063
near_symmetric_m4_meaningful,0.2,2048,0.2,EXCLUDED_FROM_FITS_DELTA_EQUALS_EPSILON_ROUNDOFF_SENSITIVE,0.025463667086351074,1181,154.89298575362417,426.22041343840544,0.50000000000000144;0.49999999999999611;0.5000000000002891;0.50000000000056022;0.4999999999921842;0.49999999998512523,0.19999999999999188,0.8000000000000063
near_symmetric_m4_meaningful,0.05,2048,0.01,SAFE_DELTA_AWAY_FROM_EPSILON,0.025463667086351074,2048,268.6035857945997,127.33062015760805,0.50000000000000222;0.49999999999999417;0.50000000000043354;0.50000000000084044;0.49999999998827627;0.49999999997768785,0.04999999999998781,0.9500000000000095
near_symmetric_m4_meaningful,0.05,2048,0.02,SAFE_DELTA_AWAY_FROM_EPSILON,0.025463667086351074,2048,268.6035857945997,127.33062015760805,0.50000000000000222;0.49999999999999417;0.50000000000043354;0.50000000000084044;0.49999999998827627;0.49999999997768785,0.04999999999998781,0.9500000000000095
near_symmetric_m4_meaningful,0.05,2048,0.05,EXCLUDED_FROM_FITS_DELTA_EQUALS_EPSILON_ROUNDOFF_SENSITIVE,0.025463667086351074,1162,152.40105795572504,127.33062015760805,0.50000000000000222;0.49999999999999417;0.50000000000043354;0.50000000000084044;0.49999999998827627;0.49999999997768785,0.04999999999998781,0.9500000000000095
near_symmetric_m4_meaningful,0.05,2048,0.1,SAFE_DELTA_AWAY_FROM_EPSILON,0.025463667086351074,69,9.04963252921259,127.33062015760805,0.50000000000000222;0.49999999999999417;0.50000000000043354;0.50000000000084044;0.49999999998827627;0.49999999997768785,0.04999999999998781,0.9500000000000095
near_symmetric_m4_meaningful,0.05,2048,0.2,SAFE_DELTA_AWAY_FROM_EPSILON,0.025463667086351074,60,7.869245677576164,127.33062015760805,0.50000000000000222;0.49999999999999417;0.50000000000043354;0.50000000000084044;0.49999999998827627;0.49999999997768785,0.04999999999998781,0.9500000000000095
near_symmetric_m4_meaningful,0.01,2048,0.01,EXCLUDED_FROM_FITS_DELTA_EQUALS_EPSILON_ROUNDOFF_SENSITIVE,0.025463667086351074,1169,153.31913661810893,47.6266752827288,0.50000000000000233;0.49999999999999362;0.50000000000047207;0.50000000000091516;0.49999999998723416;0.49999999997570455,0.009999999999986726,0.9900000000000102
near_symmetric_m4_meaningful,0.01,2048,0.02,SAFE_DELTA_AWAY_FROM_EPSILON,0.025463667086351074,78,10.230019380849013,47.6266752827288,0.50000000000000233;0.49999999999999362;0.50000000000047207;0.50000000000091516;0.49999999998723416;0.49999999997570455,0.009999999999986726,0.9900000000000102
near_symmetric_m4_meaningful,0.01,2048,0.05,SAFE_DELTA_AWAY_FROM_EPSILON,0.025463667086351074,70,9.180786623838857,47.6266752827288,0.50000000000000233;0.49999999999999362;0.50000000000047207;0.50000000000091516;0.49999999998723416;0.49999999997570455,0.009999999999986726,0.9900000000000102
near_symmetric_m4_meaningful,0.01,2048,0.1,SAFE_DELTA_AWAY_FROM_EPSILON,0.025463667086351074,62,8.131553866828703,47.6266752827288,0.50000000000000233;0.49999999999999362;0.50000000000047207;0.50000000000091516;0.49999999998723416;0.49999999997570455,0.009999999999986726,0.9900000000000102
near_symmetric_m4_meaningful,0.01,2048,0.2,SAFE_DELTA_AWAY_FROM_EPSILON,0.025463667086351074,58,7.606937488323625,47.6266752827288,0.50000000000000233;0.49999999999999362;0.50000000000047207;0.50000000000091516;0.49999999998723416;0.49999999997570455,0.009999999999986726,0.9900000000000102
near_symmetric_m4_meaningful,0.002,2048,0.01,SAFE_DELTA_AWAY_FROM_EPSILON,0.025463667086351074,78,10.230019380849013,31.685886307752945,0.50000000000000244;0.49999999999999351;0.50000000000047973;0.50000000000093003;0.49999999998702577;0.49999999997530786,0.0019999999999865095,0.9980000000000104
near_symmetric_m4_meaningful,0.002,2048,0.02,SAFE_DELTA_AWAY_FROM_EPSILON,0.025463667086351074,76,9.967711191596475,31.685886307752945,0.50000000000000244;0.49999999999999351;0.50000000000047973;0.50000000000093003;0.49999999998702577;0.49999999997530786,0.0019999999999865095,0.9980000000000104
near_symmetric_m4_meaningful,0.002,2048,0.05,SAFE_DELTA_AWAY_FROM_EPSILON,0.025463667086351074,70,9.180786623838857,31.685886307752945,0.50000000000000244;0.49999999999999351;0.50000000000047973;0.50000000000093003;0.49999999998702577;0.49999999997530786,0.0019999999999865095,0.9980000000000104
near_symmetric_m4_meaningful,0.002,2048,0.1,SAFE_DELTA_AWAY_FROM_EPSILON,0.025463667086351074,62,8.131553866828703,31.685886307752945,0.50000000000000244;0.49999999999999351;0.50000000000047973;0.50000000000093003;0.49999999998702577;0.49999999997530786,0.0019999999999865095,0.9980000000000104
near_symmetric_m4_meaningful,0.002,2048,0.2,SAFE_DELTA_AWAY_FROM_EPSILON,0.025463667086351074,57,7.4757833936973555,31.685886307752945,0.50000000000000244;0.49999999999999351;0.50000000000047973;0.50000000000093003;0.49999999998702577;0.49999999997530786,0.0019999999999865095,0.9980000000000104
