id,n,gamma,proposal,c,kind,status,reason,rank,eigenvalue_ratio,step,Delta_E,Delta_A,Delta_B,I_minus,I_0,I_plus,MI_bump,marginal_deficit_sum,bump_to_deficit_ratio,information_identity_residual,geometry_term,KL_cost,JS_cost,geometry_identity_residual,curvature_E,curvature_A,curvature_B,curvature_I,min_probability,normalization_residual,mobius_max_error,marginal_kernel_max_error,quadratic_event_max_error,cross_norm_min,second_cross_singular_lower_bound,margin_min,direction_norm_A,direction_norm_B,direction_norm_X
n6_g0_p00,6,1,0,1/2,DIRECTION,ACCEPTED,,2,0.49584042700533243,,,,,,,,,,,,,,,,-0.9959018608388001,-0.5852163266845154,-0.3442894957053124,0.06639603844897224,,,,,,,,,0.48191187291291954,0.4375726482370751,0.6331175797768415
n6_g0_p00,6,1,0,1/2,CHORD,NO_SIGNAL,,2,0.49584042700533243,6931/500000,-9.56992978302651e-05,-5.622740219024536e-05,-3.307937247676307e-05,0.00027622400196405917,0.0003053178075784924,0.0003471966595195781,-6.392523163326221e-06,8.930677466700843e-05,-0.0715793755531039,6.955156936494511e-17,-2.8286056131010708e-06,9.740616032219483e-09,9.286095160199181e-05,8.600162682698143e-16,-0.9959018608388001,-0.5852163266845154,-0.3442894957053124,0.06639603844897224,0.006102764993568389,4.440892098500626e-16,,5.551115123125783e-17,2.42861286636753e-17,0.12237082507884965,0.07126600370580091,0.151965,0.48191187291291954,0.4375726482370751,0.6331175797768415
n6_g0_p00,6,1,0,1/2,CHORD,NO_SIGNAL,,2,0.49584042700533243,1083/31250,-0.000598664930070214,-0.00035148316212518793,-0.00020678725363509898,0.0002546394563235194,0.0003053178075784924,0.00043678518745277983,-4.039451430965722e-05,0.0005582704157602869,-0.07235653756548337,-2.6991213084026633e-16,-1.767980537789761e-05,3.8062918842306226e-07,0.0005806044955036782,-2.1510571102112408e-16,-0.9959018608388001,-0.5852163266845154,-0.3442894957053124,0.06639603844897224,0.006073609793493558,1.1102230246251565e-16,,5.551115123125783e-17,2.0816681711721685e-17,0.12126230003121803,0.05833458980348934,0.151347,0.48191187291291954,0.4375726482370751,0.6331175797768415
n6_g0_p00,6,1,0,1/2,CHORD,NO_SIGNAL,,2,0.49584042700533243,14729/250000,-0.0017335154744380077,-0.0010160848348239604,-0.0005978217063518088,0.00026102966953523484,0.0003053178075784924,0.0005888238121457697,-0.00011960893326200988,0.0016139065411757691,-0.07411143719317968,-2.286582381771929e-16,-5.1096025165018114e-05,3.180973947832953e-06,0.001679238475325029,-1.2771901591879242e-16,-0.9959018608388001,-0.5852163266845154,-0.3442894957053124,0.06639603844897224,0.006046439055146509,1.1102230246251565e-16,1.1796119636642288e-16,5.551115123125783e-17,3.122502256758253e-17,0.1212066089558595,0.043247732956799,0.150567,0.48191187291291954,0.4375726482370751,0.6331175797768415
n6_g0_p01,6,1,1,1,DIRECTION,ACCEPTED,,2,0.9999999999999999,,,,,,,,,,,,,,,,-0.34235895213015166,-0.09859002185310334,-0.235911947424186,0.007856982852862293,,,,,,,,,0.17094342273838262,0.3392275229312898,0.22316526715954046
n6_g0_p01,6,1,1,1,CHORD,NO_SIGNAL,,2,0.9999999999999999,1229/31250,-0.0002647984919370572,-7.624612400736197e-05,-0.0001824600920352637,0.0003057115894152567,0.0003053178075784924,0.00031710857753139356,-6.092275894832718e-06,0.00025870621604262567,-0.023549012420439584,4.012090139282609e-16,-8.66719899681779e-06,6.34024871837544e-08,0.000256067890452627,-4.286393288921442e-16,-0.34235895213015166,-0.09859002185310334,-0.235911947424186,0.007856982852862293,0.005993485771667503,2.220446049250313e-16,,5.551115123125783e-17,2.7755575615628914e-17,0.12386828530846258,0.0725077589140885,0.152143,0.17094342273838262,0.3392275229312898,0.22316526715954046
n6_g0_p01,6,1,1,1,CHORD,NO_SIGNAL,,2,0.9999999999999999,98321/1000000,-0.0016562290847392802,-0.0004766118402730335,-0.0011410094905768275,0.00032888172885195177,0.0003053178075784924,0.00035896939408446276,-3.8607753889714834e-05,0.001617621330849861,-0.023866991089584115,2.9566193243679706e-16,-5.41710956533908e-05,2.477175009271252e-06,0.0015995808140765178,-1.0039712117215771e-16,-0.34235895213015166,-0.09859002185310334,-0.235911947424186,0.007856982852862293,0.0057948998607342955,2.220446049250313e-16,,5.551115123125783e-17,2.0816681711721685e-17,0.12386828530846258,0.061439412084829864,0.151051,0.17094342273838262,0.3392275229312898,0.22316526715954046
n6_g0_p01,6,1,1,1,CHORD,NO_SIGNAL,,2,0.9999999999999999,83573/500000,-0.004794401075603361,-0.0013778290739714372,-0.0033015188517131477,0.000391694550559578,0.0003053178075784924,0.00044904736443480324,-0.00011505314991869822,0.004679347925684585,-0.024587432211907182,-7.746624522408929e-17,-0.00015655502841943175,2.0697892343979567e-05,0.004617148154840045,9.540979117872439e-17,-0.34235895213015166,-0.09859002185310334,-0.235911947424186,0.007856982852862293,0.005440449064231533,1.1102230246251565e-16,2.3071822230491534e-16,5.551115123125783e-17,2.42861286636753e-17,0.12386828530846258,0.04852637205425462,0.142234,0.17094342273838262,0.3392275229312898,0.22316526715954046
n6_g0_p02,6,1,2,2,DIRECTION,ACCEPTED,,2,0.4992136295422568,,,,,,,,,,,,,,,,-2.74249847828784,-1.2824928581855688,-1.1526877127418305,0.3073179073604404,,,,,,,,,0.9813316283020141,1.0935963337431551,1.1878997779076068
n6_g0_p02,6,1,2,2,CHORD,NO_SIGNAL,,2,0.4992136295422568,1847/250000,-7.486089213415426e-05,-3.500231778774676e-05,-3.1461179827108054e-05,0.0003394751685722561,0.0003053178075784924,0.00028795523562361904,-8.397394519445156e-06,6.646349761485482e-05,-0.12634596163004683,1.457167719820518e-16,-4.1930957936313775e-06,1.1992103455373272e-08,7.065580423670781e-05,-3.5969762324922216e-16,-2.74249847828784,-1.2824928581855688,-1.1526877127418305,0.3073179073604404,0.006098052410743843,1.1102230246251565e-16,,5.551115123125783e-17,2.0816681711721685e-17,0.1219449816899806,0.07151359277838135,0.152327,0.9813316283020141,1.0935963337431551,1.1878997779076068
n6_g0_p02,6,1,2,2,CHORD,NO_SIGNAL,,2,0.4992136295422568,18471/1000000,-0.0004684116287219098,-0.0002188359962742581,-0.00019674777789235876,0.0004257755829261663,0.0003053178075784924,0.00029051574134138713,-5.282785455528431e-05,0.00041558377416661685,-0.12711722121784388,-8.61940727125976e-18,-2.6209686561419322e-05,4.686506602598964e-07,0.0004417332915007677,5.371137562493189e-16,-2.74249847828784,-1.2824928581855688,-1.1526877127418305,0.3073179073604404,0.006058715534608016,2.220446049250313e-16,,5.551115123125783e-17,3.8163916471489756e-17,0.12018494835043847,0.058953051050875845,0.152278,0.9813316283020141,1.0935963337431551,1.1878997779076068
n6_g0_p02,6,1,2,2,CHORD,NO_SIGNAL,,2,0.4992136295422568,31401/1000000,-0.0013568690917349358,-0.0006327594825146221,-0.0005692248222413099,0.0005875405897558181,0.0003053178075784924,0.000332864599358871,-0.00015488478697885214,0.001201984304755932,-0.12885757856073016,-1.516256738220978e-16,-7.574744151469875e-05,3.91640332397862e-06,0.0012772052468967843,5.2583805365546965e-16,-2.74249847828784,-1.2824928581855688,-1.1526877127418305,0.3073179073604404,0.006014949027859812,2.220446049250313e-16,1.6306400674181987e-16,5.551115123125783e-17,2.7755575615628914e-17,0.11980077640783378,0.04429927458812695,0.152206,0.9813316283020141,1.0935963337431551,1.1878997779076068
n6_g0_p03,6,1,3,1/2,DIRECTION,ACCEPTED,,2,0.4949788552052973,,,,,,,,,,,,,,,,-0.4851993849840752,-0.09762531383434406,-0.28531464340595775,0.10225942774377339,,,,,,,,,0.21865187393504917,0.37470152730927214,0.7183872541419288
n6_g0_p03,6,1,3,1/2,CHORD,NO_SIGNAL,,2,0.4949788552052973,12217/1000000,-3.6220828999233845e-05,-7.285565816417261e-06,-2.129260843553027e-05,0.0003593584749817774,0.0003053178075784924,0.00026656244967030915,-7.64265474755086e-06,2.857817425194753e-05,-0.2674297763101515,2.645453300864631e-16,-2.35324137691079e-06,7.587874640933732e-09,3.3859999748031555e-05,3.4943158392850004e-16,-0.4851993849840752,-0.09762531383434406,-0.28531464340595775,0.10225942774377339,0.0060828923204623506,1.1102230246251565e-16,,5.551115123125783e-17,2.7755575615628914e-17,0.11979220303817684,0.07111122400535456,0.151088,0.21865187393504917,0.37470152730927214,0.7183872541419288
n6_g0_p03,6,1,3,1/2,CHORD,NO_SIGNAL,,2,0.4949788552052973,30543/1000000,-0.0002267682777032931,-4.5537208065660195e-05,-0.00013309225773205924,0.00047389044298525615,0.0003053178075784924,0.00023302279598252863,-4.8138811905399986e-05,0.00017862946579771943,-0.26948976021633814,-1.736891880321778e-16,-1.470824016556007e-05,2.9644506280013995e-07,0.00021176359247565557,7.22674958070213e-16,-0.4851993849840752,-0.09762531383434406,-0.28531464340595775,0.10225942774377339,0.006026021062992163,2.220446049250313e-16,,5.551115123125783e-17,3.469446951953614e-17,0.11464476331099302,0.0579479032910408,0.148712,0.21865187393504917,0.37470152730927214,0.7183872541419288
n6_g0_p03,6,1,3,1/2,CHORD,NO_SIGNAL,,2,0.4949788552052973,51923/1000000,-0.0006578394207270577,-0.00013160807808176855,-0.00038469433439125567,0.0006686123494528577,0.0003053178075784924,0.00022509728221486243,-0.00014153700825536765,0.0005163024124730242,-0.2741358646329445,1.3341649833520375e-15,-4.2506650349214304e-05,2.476381153578434e-06,0.000612856389224703,4.380176776841438e-16,-0.4851993849840752,-0.09762531383434406,-0.28531464340595775,0.10225942774377339,0.0059696905008374485,1.1102230246251565e-16,2.2898349882893854e-16,5.551115123125783e-17,2.6020852139652106e-17,0.11033438455787802,0.04259093521988353,0.145043,0.21865187393504917,0.37470152730927214,0.7183872541419288
n6_g0_p04,6,1,4,1,DIRECTION,ACCEPTED,,2,1.0,,,,,,,,,,,,,,,,-1.1673344659667633,-0.9919460696750131,-0.12395239252278412,0.051436003768966065,,,,,,,,,0.5325958910274768,0.4935093021085765,0.5037606296058297
n6_g0_p04,6,1,4,1,CHORD,NO_SIGNAL,,2,1.0,15959/1000000,-0.0001486730307753703,-0.00012632404942980457,-1.5787945594425423e-05,0.0003075084914153953,0.0003053178075784924,0.00031624919524401345,-6.561035751211975e-06,0.00014211199502423,-0.04616806449092016,7.166576360129184e-17,-4.7080870016181795e-06,1.8603095250442256e-08,0.00014394634067826928,-2.323987356722679e-16,-1.1673344659667633,-0.9919460696750131,-0.12395239252278412,0.051436003768966065,0.006023702775228277,1.1102230246251565e-16,,5.551115123125783e-17,4.163336342344337e-17,0.12388362197536569,0.07337619335926394,0.148806,0.5325958910274768,0.4935093021085765,0.5037606296058297
n6_g0_p04,6,1,4,1,CHORD,NO_SIGNAL,,2,1.0,19949/500000,-0.0009298546777536387,-0.0007897038840960491,-9.878374110527943e-05,0.00033829576217021037,0.0003053178075784924,0.0003550739580929883,-4.136705255310694e-05,0.0008884876252013285,-0.046558951841038074,7.967259664509729e-16,-2.9426281296015438e-05,7.270175647554176e-07,0.0008997013788931696,3.017334646027159e-16,-1.1673344659667633,-0.9919460696750131,-0.12395239252278412,0.051436003768966065,0.005874889299232737,1.1102230246251565e-16,,5.551115123125783e-17,2.7755575615628914e-17,0.12388362197536569,0.06361048184837863,0.14302,0.5325958910274768,0.4935093021085765,0.5037606296058297
n6_g0_p04,6,1,4,1,CHORD,NO_SIGNAL,,2,1.0,33913/500000,-0.0026913168365307882,-0.002283238366392659,-0.00028617366172234426,0.00042281659401629786,0.0003053178075784924,0.00043162863797364015,-0.0001219048084164766,0.0025694120281150035,-0.04744463211138214,6.918294062630004e-16,-8.504044837586474e-05,6.077542646978895e-06,0.002600198845508217,2.723515857283587e-16,-1.1673344659667633,-0.9919460696750131,-0.12395239252278412,0.051436003768966065,0.005706509609830537,1.1102230246251565e-16,1.249000902703301e-16,5.551115123125783e-17,2.7755575615628914e-17,0.12388362197536569,0.05221749170359376,0.135698,0.5325958910274768,0.4935093021085765,0.5037606296058297
n6_g0_p05,6,1,5,2,DIRECTION,ACCEPTED,,2,0.49645113677989194,,,,,,,,,,,,,,,,-2.791492497415082,-1.131395412242349,-1.4852560461325226,0.17484103904021042,,,,,,,,,0.9315546697014553,1.2562769651156938,1.1112603205599554
n6_g0_p05,6,1,5,2,CHORD,NO_SIGNAL,,2,0.49645113677989194,3949/500000,-8.708838514870365e-05,-3.528937596364301e-05,-4.633231232276103e-05,0.0003348206228668497,0.0003053178075784924,0.0002867483860140228,-5.466696861943833e-06,8.162168828640404e-05,-0.06697603267849137,-3.557809429011183e-16,-3.8097251515461817e-06,1.618649206235737e-08,8.326247350520788e-05,1.1277057846564853e-16,-2.791492497415082,-1.131395412242349,-1.4852560461325226,0.17484103904021042,0.006112292206980356,2.220446049250313e-16,,5.551115123125783e-17,2.42861286636753e-17,0.12121725042523576,0.07187127404912051,0.15079,0.9315546697014553,1.2562769651156938,1.1112603205599554
n6_g0_p05,6,1,5,2,CHORD,NO_SIGNAL,,2,0.49645113677989194,3949/200000,-0.0005450899756116456,-0.00022062608225059677,-0.00028985146110249715,0.00040385906841763257,0.0003053178075784924,0.00027600141125759314,-3.461243225912048e-05,0.0005104775433530939,-0.06780402528927564,5.687724596858956e-16,-2.3810782197040406e-05,6.324285506033463e-07,0.0005206467648637414,-2.6042536183101817e-16,-2.791492497415082,-1.131395412242349,-1.4852560461325226,0.17484103904021042,0.006093942507424118,4.440892098500626e-16,,5.551115123125783e-17,3.469446951953614e-17,0.1183304172348699,0.05984838754376883,0.148341,0.9315546697014553,1.2562769651156938,1.1112603205599554
n6_g0_p05,6,1,5,2,CHORD,NO_SIGNAL,,2,0.49645113677989194,16783/500000,-0.0015804076033534287,-0.0006380295622090415,-0.0008394332628078871,0.0005317436164335517,0.0003053178075784924,0.0002847815553976151,-0.00010294477833709095,0.0014774628250169286,-0.06967672999549848,5.908901840045999e-16,-6.881111051240132e-05,5.284520308757815e-06,0.0015063119725331475,8.779869192787615e-16,-2.791492497415082,-1.131395412242349,-1.4852560461325226,0.17484103904021042,0.00607409054157293,1.1102230246251565e-16,1.4224732503009818e-16,5.551115123125783e-17,2.7755575615628914e-17,0.11676222312408402,0.04582219404410938,0.145322,0.9315546697014553,1.2562769651156938,1.1112603205599554
n6_g1_p00,6,2,0,1/2,DIRECTION,ACCEPTED,,2,0.4576152412537268,,,,,,,,,,,,,,,,-0.7894087097364269,-0.2652250422949461,-0.27981657904005497,0.24436708840142574,,,,,,,,,0.36535962327683075,0.5806818044546354,0.5277777777777778
n6_g1_p00,6,2,0,1/2,CHORD,NO_SIGNAL,,2,0.4576152412537268,22377/500000,-0.0007928590956973736,-0.0002656656723338813,-0.00028094052078664333,0.005326532161202319,0.00612903864947761,0.007424050942904822,-0.0002462529025759599,0.0005466061931205246,-0.45051246340646944,-8.890457814381136e-16,-0.00014317559607107027,1.3128640207097544e-06,0.0006483706356057439,1.5037884132373946e-16,-0.7894087097364269,-0.2652250422949461,-0.27981657904005497,0.24436708840142574,0.006261632241713918,0.0,,5.551115123125783e-17,2.7755575615628914e-17,0.2433773899523696,0.13663411139467987,0.076578,0.36535962327683075,0.5806818044546354,0.5277777777777778
n6_g1_p00,6,2,0,1/2,CHORD,NO_SIGNAL,,2,0.4576152412537268,22377/200000,-0.005032708212642234,-0.0016621646843724136,-0.0017794856689037353,0.004931725431145376,0.00612903864947761,0.01050846758654062,-0.0015910578593653878,0.003441650353276149,-0.4622950317573197,-6.973588373426765e-16,-0.0008948474754436941,5.137309128100897e-05,0.004086487645917458,-7.28583859910259e-17,-0.7894087097364269,-0.2652250422949461,-0.27981657904005497,0.24436708840142574,0.006001527223467289,1.1102230246251565e-16,,5.551115123125783e-17,2.7755575615628914e-17,0.24101386023394836,0.10192568332863482,0.070767,0.36535962327683075,0.5806818044546354,0.5277777777777778
n6_g1_p00,6,2,0,1/2,CHORD,NO_SIGNAL,,2,0.4576152412537268,38041/200000,-0.015088299709502095,-0.004815164308949349,-0.005298753304985304,0.00563644115333585,0.00612903864947761,0.016570400336754183,-0.004974382095567406,0.010113917613934653,-0.4918353387330198,-3.642919299551295e-17,-0.0025861228005168158,0.00043089012988617697,0.012071286779099744,6.418476861114186e-16,-0.7894087097364269,-0.2652250422949461,-0.27981657904005497,0.24436708840142574,0.003958914487216463,2.220446049250313e-16,1.1796119636642288e-16,5.551115123125783e-17,3.469446951953614e-17,0.24101386023394836,0.06143225873891249,0.049376,0.36535962327683075,0.5806818044546354,0.5277777777777778
n6_g1_p01,6,2,1,1,DIRECTION,ACCEPTED,,2,0.9999999999999996,,,,,,,,,,,,,,,,-1.2055353525843113,-0.1990379293559286,-0.5339343768537049,0.47256304637467783,,,,,,,,,0.2380361831524693,0.9633741723330387,0.6260273189579131
n6_g1_p01,6,2,1,1,CHORD,NO_SIGNAL,,2,0.9999999999999996,4163/100000,-0.0010523414159164801,-0.00017248476283437952,-0.00046589224115001215,0.007871151287601472,0.00612903864947761,0.005214854835217003,-0.000413964411931627,0.0006383770039843917,-0.6484638534093381,-4.614364446098307e-16,-0.0002460795595270179,6.291524950352215e-06,0.0007999703314389706,-1.3942839938163587e-16,-1.2055353525843113,-0.1990379293559286,-0.5339343768537049,0.47256304637467783,0.005949646963876791,0.0,,5.551115123125783e-17,2.7755575615628914e-17,0.24057709416924886,0.1338189579521464,0.072331,0.2380361831524693,0.9633741723330387,0.6260273189579131
n6_g1_p01,6,2,1,1,CHORD,NO_SIGNAL,,2,0.9999999999999996,104077/1000000,-0.006834942183906456,-0.0010784896593900584,-0.0030187042042024714,0.012813963555720183,0.00612903864947761,0.00491961038386272,-0.0027377483203138413,0.00409719386359253,-0.6682008251162688,-8.500145032286355e-17,-0.0015380563587244333,0.0002460320489309028,0.005050853776251252,1.3183898417423734e-16,-1.2055353525843113,-0.1990379293559286,-0.5339343768537049,0.47256304637467783,0.0054126449216801735,0.0,,5.551115123125783e-17,2.7755575615628914e-17,0.2348552408336534,0.09488655282797079,0.058468,0.2380361831524693,0.9633741723330387,0.6260273189579131
n6_g1_p01,6,2,1,1,CHORD,NO_SIGNAL,,2,0.9999999999999996,17693/100000,-0.02152337930700643,-0.0031195346166943416,-0.009437695734834772,0.0244578715535178,0.00612903864947761,0.005732503656390752,-0.008966148955476667,0.012557230351529114,-0.7140228143051341,-6.487865800153259e-16,-0.004444937655959396,0.0020631164081342623,0.015015325242912603,-1.6653345369377348e-16,-1.2055353525843113,-0.1990379293559286,-0.5339343768537049,0.47256304637467783,0.0039781259866882085,1.1102230246251565e-16,1.5439038936193583e-16,5.551115123125783e-17,2.42861286636753e-17,0.23435985068220572,0.04946655650290206,0.038952,0.2380361831524693,0.9633741723330387,0.6260273189579131
n6_g1_p02,6,2,2,2,DIRECTION,ACCEPTED,,2,0.4937065565593046,,,,,,,,,,,,,,,,-4.255875917673569,-0.6210713919426969,-2.198687640876707,1.4361168848541652,,,,,,,,,1.0327478140075042,1.1285692885477854,1.120677098794882
n6_g1_p02,6,2,2,2,CHORD,NO_SIGNAL,,2,0.4937065565593046,6379/500000,-0.0003466769058304564,-5.05797752112791e-05,-0.00017897125574517503,0.005286731574322183,0.00612903864947761,0.007205597474380964,-0.00011712587487396325,0.00022955103095645413,-0.5102389407093626,-3.903127820947816e-17,-5.052083641071261e-05,1.2992775694528508e-07,0.00029602614166268637,-1.1210650463500116e-16,-4.255875917673569,-0.6210713919426969,-2.198687640876707,1.4361168848541652,0.006269835281639951,2.220446049250313e-16,,5.551115123125783e-17,2.0816681711721685e-17,0.24149954070012256,0.14647302380374427,0.073812,1.0327478140075042,1.1285692885477854,1.120677098794882
n6_g1_p02,6,2,2,2,CHORD,NO_SIGNAL,,2,0.4937065565593046,31897/1000000,-0.0021776916810383184,-0.0003173113975982744,-0.001119856371889938,0.004403836981138731,0.00612903864947761,0.00933528814091527,-0.0007405239115493897,0.0014371677694882123,-0.5152661556090258,-7.164407955784213e-16,-0.00031579482814603546,5.082902470230284e-06,0.0018568139504218095,-2.432949675057472e-16,-4.255875917673569,-0.6210713919426969,-2.198687640876707,1.4361168848541652,0.006002156631676154,1.1102230246251565e-16,,5.551115123125783e-17,2.0816681711721685e-17,0.23342657181622783,0.12652087937878678,0.063327,1.0327478140075042,1.1285692885477854,1.120677098794882
n6_g1_p02,6,2,2,2,CHORD,NO_SIGNAL,,2,0.4937065565593046,2169/40000,-0.0063668871418078865,-0.0009245196016034463,-0.00324388729003644,0.0038669762771156,0.00612903864947761,0.012788061522172857,-0.0021984802501666175,0.004168406891639886,-0.5274149830660406,-1.3825746103535153e-15,-0.0009126504195000158,4.257479277013402e-05,0.005411661929537459,-2.7755575615628914e-16,-4.255875917673569,-0.6210713919426969,-2.198687640876707,1.4361168848541652,0.0046645803862004976,2.220446049250313e-16,2.3592239273284576e-16,5.551115123125783e-17,2.0816681711721685e-17,0.2262252849278812,0.10324424628821516,0.049564,1.0327478140075042,1.1285692885477854,1.120677098794882
n6_g1_p03,6,2,3,1/2,DIRECTION,ACCEPTED,,2,0.48921732721889677,,,,,,,,,,,,,,,,-1.1448810312635138,-0.4279968274431657,-0.49167532060974245,0.22520888321060561,,,,,,,,,0.40038767650011264,0.6496288236880577,0.5501059332302587
n6_g1_p03,6,2,3,1/2,CHORD,NO_SIGNAL,,2,0.48921732721889677,24473/1000000,-0.00034316120917932125,-0.00012817630092687438,-0.0001473142257069071,0.005675416984313182,0.00612903864947761,0.006718001679733021,-6.767068254549119e-05,0.0002754905266337815,-0.24563705827695495,-4.85722573273506e-17,-4.742741234189772e-05,1.5027976825464134e-07,0.00029558351706970853,5.396616313546598e-16,-1.1448810312635138,-0.4279968274431657,-0.49167532060974245,0.22520888321060561,0.006281949656152056,2.220446049250313e-16,,5.551115123125783e-17,2.949029909160572e-17,0.2430315573862621,0.1469870169120382,0.075201,0.40038767650011264,0.6496288236880577,0.5501059332302587
n6_g1_p03,6,2,3,1/2,CHORD,NO_SIGNAL,,2,0.48921732721889677,61183/1000000,-0.0021550578375881813,-0.0008013355905012176,-0.000923202364056408,0.005195253941339528,0.00612903864947761,0.007923863123674024,-0.00043051988302916615,0.0017245379545576256,-0.24964361143307054,-1.3895135042574225e-15,-0.0002964261720254834,5.878508506879332e-06,0.0018527531570562417,4.2327252813834093e-16,-1.1448810312635138,-0.4279968274431657,-0.49167532060974245,0.22520888321060561,0.005801053699350785,2.220446049250313e-16,,5.551115123125783e-17,3.122502256758253e-17,0.23718589562706893,0.1278076858944221,0.067744,0.40038767650011264,0.6496288236880577,0.5501059332302587
n6_g1_p03,6,2,3,1/2,CHORD,NO_SIGNAL,,2,0.48921732721889677,26003/250000,-0.006296259412410521,-0.0023173382384236163,-0.0026842695258846305,0.0048654090658587735,0.00612903864947761,0.00998197152929866,-0.0012946516481011066,0.005001607764308247,-0.25884709659558136,-1.1674688993323912e-15,-0.0008566864626425891,4.925446591030631e-05,0.005390318483857293,-3.3306690738754696e-16,-1.1448810312635138,-0.4279968274431657,-0.49167532060974245,0.22520888321060561,0.005126100664398263,0.0,1.0408340855860843e-16,5.551115123125783e-17,2.0816681711721685e-17,0.23240682151593425,0.10543145140372528,0.058854,0.40038767650011264,0.6496288236880577,0.5501059332302587
n6_g1_p04,6,2,4,1,DIRECTION,ACCEPTED,,2,0.9999999999999996,,,,,,,,,,,,,,,,-1.6189508185027603,-0.36909115810462656,-0.9113678264817382,0.3384918339163956,,,,,,,,,0.4072831838374065,1.0677852340814837,0.5890480040034157
n6_g1_p04,6,2,4,1,CHORD,NO_SIGNAL,,2,0.9999999999999996,32633/1000000,-0.0008643460461108532,-0.00019655278092178818,-0.00048709902353216705,0.006079988940507779,0.00612903864947761,0.006539476841759189,-0.0001806942416558736,0.0006836518044539552,-0.264307415673681,-1.0243542125643046e-15,-0.0001979494175425563,2.539696509088263e-06,0.0006638569320598364,6.277530578691071e-16,-1.6189508185027603,-0.36909115810462656,-0.9113678264817382,0.3384918339163956,0.005758091655425392,3.3306690738754696e-16,,5.551115123125783e-17,2.0816681711721685e-17,0.24763190716545483,0.14348118417510236,0.079114,0.4072831838374065,1.0677852340814837,0.5890480040034157
n6_g1_p04,6,2,4,1,CHORD,NO_SIGNAL,,2,0.9999999999999996,81583/1000000,-0.005479510841182922,-0.0012293855739073933,-0.003105208147742733,0.006643682993727407,0.00612903864947761,0.00790422854429244,-0.0011449171195323134,0.004334593721650126,-0.26413481702189556,-4.822531263215524e-16,-0.001237199024503078,9.940890730392263e-05,0.004142902909375579,-3.426078865054194e-16,-1.6189508185027603,-0.36909115810462656,-0.9113678264817382,0.3384918339163956,0.004953646953710528,1.1102230246251565e-16,,5.551115123125783e-17,2.0816681711721685e-17,0.24763190716545483,0.11904311565692777,0.075977,0.4072831838374065,1.0677852340814837,0.5890480040034157
n6_g1_p04,6,2,4,1,CHORD,NO_SIGNAL,,2,0.9999999999999996,138691/1000000,-0.01635667897015569,-0.0035589037501084775,-0.00938035196033038,0.008261382732474634,0.00612903864947761,0.010831541085912923,-0.003417423259716168,0.012939255710438857,-0.26411281577495466,-6.661338147750939e-16,-0.0035755000247456857,0.000834465340916937,0.011946713604492842,-2.255140518769849e-16,-1.6189508185027603,-0.36909115810462656,-0.9113678264817382,0.3384918339163956,0.004036273667046246,0.0,1.48318857196017e-16,5.551115123125783e-17,2.0816681711721685e-17,0.24763190716545483,0.09053220213423291,0.068448,0.4072831838374065,1.0677852340814837,0.5890480040034157
n6_g1_p05,6,2,5,2,DIRECTION,ACCEPTED,,2,0.4998147004210561,,,,,,,,,,,,,,,,-4.945365155306869,-0.9919353252628875,-2.615750215179829,1.337679614864153,,,,,,,,,1.0898612438582251,1.1259651552620078,1.1269340029094783
n6_g1_p05,6,2,5,2,CHORD,NO_SIGNAL,,2,0.4998147004210561,3049/250000,-0.00036811667636538203,-7.380015193225731e-05,-0.00019456256362682112,0.005536597864004869,0.00612903864947761,0.006920987356561508,-9.97539608055785e-05,0.0002683627155590784,-0.37171318898663575,-7.251144129583054e-16,-4.565377667301989e-05,1.1549859857899889e-07,0.00032234740109338134,-4.0180532512312794e-16,-4.945365155306869,-0.9919353252628875,-2.615750215179829,1.337679614864153,0.0062997984858074695,2.220446049250313e-16,,5.551115123125783e-17,2.0816681711721685e-17,0.2416638334021925,0.1472768278468449,0.075831,1.0898612438582251,1.1259651552620078,1.1269340029094783
n6_g1_p05,6,2,5,2,CHORD,NO_SIGNAL,,2,0.4998147004210561,7623/250000,-0.0023118142939306807,-0.0004622549108379559,-0.0012170327493858935,0.004965844010729663,0.00612903864947761,0.00855728655563794,-0.0006325266337061913,0.0016792876602238493,-0.3766636584597277,-6.401129626354418e-16,-0.0002853735388384512,4.519088809573274e-06,0.0020219216662829,2.437286483747414e-16,-4.945365155306869,-0.9919353252628875,-2.615750215179829,1.337679614864153,0.006248985782841292,0.0,,5.551115123125783e-17,2.0816681711721685e-17,0.2337267557309143,0.12853042522395522,0.068274,1.0898612438582251,1.1259651552620078,1.1269340029094783
n6_g1_p05,6,2,5,2,CHORD,NO_SIGNAL,,2,0.4998147004210561,12959/250000,-0.00675407081662982,-0.0013420426981682887,-0.00352277689535363,0.0047051462299164855,0.00612903864947761,0.011331433515253212,-0.001889251223107239,0.0048648195935219185,-0.38834969864514607,-6.626643678231403e-16,-0.0008247167991010859,3.786205175347687e-05,0.005891491965775764,5.065392549852277e-16,-4.945365155306869,-0.9919353252628875,-2.615750215179829,1.337679614864153,0.005110807612719906,0.0,1.6653345369377348e-16,5.551115123125783e-17,2.6020852139652106e-17,0.22649699916029428,0.10666098832064537,0.057552,1.0898612438582251,1.1259651552620078,1.1269340029094783
n6_g2_p00,6,5/2,0,1/2,DIRECTION,ACCEPTED,,2,0.3901049688869556,,,,,,,,,,,,,,,,-1.004598045372274,-0.04947914592812239,-0.6532610144243365,0.30185788501981514,,,,,,,,,0.14183580889724406,0.5722146884255614,0.4619670606291057
n6_g2_p00,6,5/2,0,1/2,CHORD,NO_SIGNAL,,2,0.3901049688869556,30307/1000000,-0.0004616354566362446,-2.2723838316363043e-05,-0.00030008159528849276,0.018492441632755922,0.01783597575213751,0.017457169917581714,-0.000138830023031309,0.0003228054336048558,-0.4300733772692625,-7.979727989493313e-17,-6.633149695936519e-05,1.0528821510040622e-07,0.00039519867146164955,-1.2945373939476923e-16,-1.004598045372274,-0.04947914592812239,-0.6532610144243365,0.30185788501981514,0.0040423247497415465,2.220446049250313e-16,,5.551115123125783e-17,4.85722573273506e-17,0.30694920654161567,0.18580179481009848,0.040517,0.14183580889724406,0.5722146884255614,0.4619670606291057
n6_g2_p00,6,5/2,0,1/2,CHORD,NO_SIGNAL,,2,0.3901049688869556,9471/125000,-0.002894077801229855,-0.00014203203488394323,-0.0018777374360965382,0.020028499615472838,0.01783597575213751,0.01739206854930067,-0.0008743083302492453,0.0020197694709804814,-0.4328753072125697,-1.2836953722228372e-16,-0.0004145773276478543,4.120490488606824e-06,0.0024753799830934398,4.597017211338539e-17,-1.004598045372274,-0.04947914592812239,-0.6532610144243365,0.30185788501981514,0.003754730305452084,1.1102230246251565e-16,,5.551115123125783e-17,4.163336342344337e-17,0.30397270068384435,0.1649297635179185,0.039424,0.14183580889724406,0.5722146884255614,0.4619670606291057
n6_g2_p00,6,5/2,0,1/2,CHORD,NO_SIGNAL,,2,0.3901049688869556,64403/500000,-0.008422538338785479,-0.0004105152725490946,-0.005441201641675164,0.0227416381237859,0.01783597575213751,0.018071956229611937,-0.0025708214245614078,0.005851716914224259,-0.4393277156508198,1.8735013540549517e-16,-0.001198135918380796,3.455996874392539e-05,0.007189842451660766,8.673617379884035e-18,-1.004598045372274,-0.04947914592812239,-0.6532610144243365,0.30185788501981514,0.0033872208933679203,0.0,1.3877787807814457e-16,5.551115123125783e-17,4.163336342344337e-17,0.3023124669790618,0.1405789838237929,0.037726,0.14183580889724406,0.5722146884255614,0.4619670606291057
n6_g2_p01,6,5/2,1,1,DIRECTION,ACCEPTED,,2,0.9999999999999999,,,,,,,,,,,,,,,,-1.9133613081402658,-0.6393483600354051,-0.36118699723074854,0.9128259508741121,,,,,,,,,0.8954533682408466,0.38038648444840995,0.6800360134521088
n6_g2_p01,6,5/2,1,1,CHORD,NO_SIGNAL,,2,0.9999999999999999,23309/1000000,-0.0005208768740567749,-0.00017390270048167622,-9.81259623049624e-05,0.016719871793608385,0.01783597575213751,0.019449776133207093,-0.0002488482112702299,0.0002720286627866386,-0.9147867313725321,9.367506770274758e-17,-0.00013329813996047215,7.769369144099267e-07,0.0003868017971822013,3.0856393828937456e-16,-1.9133613081402658,-0.6393483600354051,-0.36118699723074854,0.9128259508741121,0.0038860547219864597,2.220446049250313e-16,,5.551115123125783e-17,2.7755575615628914e-17,0.30798266729087037,0.18452083808956093,0.03703,0.8954533682408466,0.38038648444840995,0.6800360134521088
n6_g2_p01,6,5/2,1,1,CHORD,NO_SIGNAL,,2,0.9999999999999999,58273/1000000,-0.0032928115859931495,-0.0010941645046345094,-0.0006135541085798835,0.01595636524364459,0.01783597575213751,0.02288577220618871,-0.0015850929727791417,0.0017077186132143929,-0.9281932986580054,3.8510861166685117e-16,-0.000833127671665798,3.061360147601052e-05,0.0024290703128508895,-4.51461784622964e-16,-1.9133613081402658,-0.6393483600354051,-0.36118699723074854,0.9128259508741121,0.003206892691074138,2.220446049250313e-16,,5.551115123125783e-17,3.469446951953614e-17,0.3069125236148236,0.1617272753187254,0.029461,0.8954533682408466,0.38038648444840995,0.6800360134521088
n6_g2_p01,6,5/2,1,1,CHORD,NO_SIGNAL,,2,0.9999999999999999,19813/200000,-0.009782289941518307,-0.003209587737061703,-0.0017748756839699453,0.0164994970778389,0.01783597575213751,0.028768107467407943,-0.004797826520485913,0.0049844634210316485,-0.9625562703984881,-7.4593109467002705e-16,-0.0024077827200603068,0.0002611638181415142,0.007113343403316819,3.3306690738754696e-16,-1.9133613081402658,-0.6393483600354051,-0.36118699723074854,0.9128259508741121,0.002144177709665267,0.0,1.249000902703301e-16,5.551115123125783e-17,4.163336342344337e-17,0.306906333928981,0.13513435080928932,0.018804,0.8954533682408466,0.38038648444840995,0.6800360134521088
n6_g2_p02,6,5/2,2,2,DIRECTION,ACCEPTED,,2,0.4999999999999998,,,,,,,,,,,,,,,,-6.998101582222601,-0.8074990100505111,-3.611645699203124,2.5789568729689663,,,,,,,,,0.6475780091099432,1.5803854426841621,1.0205450932391933
n6_g2_p02,6,5/2,2,2,CHORD,NO_SIGNAL,,2,0.4999999999999998,2291/250000,-0.0002939916244919516,-3.390767764921421e-05,-0.00015169153334815277,0.018990482352757732,0.01783597575213751,0.016898253978505542,-0.00010839241349412665,0.00018559921099736698,-0.5840133312617604,-4.579669976578771e-16,-4.882173735514351e-05,6.168714631936905e-08,0.0002451081999899074,-5.812949947781032e-16,-6.998101582222601,-0.8074990100505111,-3.611645699203124,2.5789568729689663,0.004138692077064316,0.0,,5.551115123125783e-17,5.551115123125783e-17,0.3065868690742899,0.19122312671478991,0.039606,0.6475780091099432,1.5803854426841621,1.0205450932391933
n6_g2_p02,6,5/2,2,2,CHORD,NO_SIGNAL,,2,0.4999999999999998,22911/1000000,-0.00184241972921928,-0.00021198219480522695,-0.0009494870440098779,0.021170316316578803,0.01783597575213751,0.015863536168503927,-0.000680950490403856,0.0011614692388151049,-0.5862837065737021,-3.191891195797325e-16,-0.00030516249684111105,2.4150091302265123e-06,0.0015348422232479564,1.3877787807814457e-17,-6.998101582222601,-0.8074990100505111,-3.611645699203124,2.5789568729689663,0.0039972294424368065,0.0,,5.551115123125783e-17,2.7755575615628914e-17,0.30238449777022497,0.1784823960385881,0.037308,0.6475780091099432,1.5803854426841621,1.0205450932391933
n6_g2_p02,6,5/2,2,2,CHORD,NO_SIGNAL,,2,0.4999999999999998,9737/250000,-0.005356555209282909,-0.0006128714639488386,-0.002752620779377768,0.02448677130678037,0.01783597575213751,0.01516730612940869,-0.001991062965957021,0.0033654922433266066,-0.5916112182118605,7.181755190543981e-16,-0.00088188791580582,2.0263737369674237e-05,0.0044544035561076,1.8474805019152996e-16,-6.998101582222601,-0.8074990100505111,-3.611645699203124,2.5789568729689663,0.003802629531223203,1.1102230246251565e-16,9.020562075079397e-17,5.551115123125783e-17,2.7755575615628914e-17,0.29824223616614076,0.16361929151729263,0.034524,0.6475780091099432,1.5803854426841621,1.0205450932391933
n6_g2_p03,6,5/2,3,1/2,DIRECTION,ACCEPTED,,2,0.43773499230029655,,,,,,,,,,,,,,,,-1.3243886872867552,-0.46464832305420234,-0.20244923937688,0.6572911248556729,,,,,,,,,0.4915458849405336,0.47157882455768,0.48903156725027314
n6_g2_p03,6,5/2,3,1/2,CHORD,NO_SIGNAL,,2,0.43773499230029655,33577/1000000,-0.0007492521294230059,-0.0002619886143002681,-0.00011421788051091397,0.015471963420612366,0.01783597575213751,0.020946079352886275,-0.00037304563461180995,0.00037620649481118207,-0.9915980711578131,-1.3877787807814457e-17,-0.00012776497988965351,3.85549626969509e-07,0.0006211015999060265,-3.563772540959853e-16,-1.3243886872867552,-0.46464832305420234,-0.20244923937688,0.6572911248556729,0.004137995168580396,0.0,,5.551115123125783e-17,5.551115123125783e-17,0.3003712858471071,0.18333037580647824,0.039877,0.4915458849405336,0.47157882455768,0.48903156725027314
n6_g2_p03,6,5/2,3,1/2,CHORD,NO_SIGNAL,,2,0.43773499230029655,83943/1000000,-0.004777465323811292,-0.0016395211594870673,-0.0007170157420191003,0.01298294676779408,0.01783597575213751,0.027530861581089593,-0.002420928422304326,0.0023565369015061677,-1.0273246392861504,-7.979727989493313e-16,-0.0007985406371750129,1.5100204623717663e-05,0.003963824482012157,-4.0419056990259605e-16,-1.3243886872867552,-0.46464832305420234,-0.20244923937688,0.6572911248556729,0.0029782888770910755,0.0,,5.551115123125783e-17,4.85722573273506e-17,0.28755535817474476,0.15875120156299335,0.034259,0.4915458849405336,0.47157882455768,0.48903156725027314
n6_g2_p03,6,5/2,3,1/2,CHORD,NO_SIGNAL,,2,0.43773499230029655,8919/62500,-0.014602037037142246,-0.004751923116980361,-0.0020927303865163616,0.01124219603132861,0.01783597575213751,0.03994452254023521,-0.007757383533644399,0.006844653503496723,-1.1333493404277355,-1.124100812432971e-15,-0.002307811550975092,0.00012688657972714378,0.012167338906440506,4.961309141293668e-16,-1.3243886872867552,-0.46464832305420234,-0.20244923937688,0.6572911248556729,0.0009273339151021229,0.0,1.332484469984685e-16,5.551115123125783e-17,2.0816681711721685e-17,0.2746468550168099,0.13007517293809928,0.010426,0.4915458849405336,0.47157882455768,0.48903156725027314
n6_g2_p04,6,5/2,4,1,DIRECTION,ACCEPTED,,2,0.9999999999999998,,,,,,,,,,,,,,,,-1.764929823935555,-0.5204627549069277,-0.5113082710505082,0.7331587979781191,,,,,,,,,0.7601372520639339,0.6055555555555555,0.7264619147486309
n6_g2_p04,6,5/2,4,1,CHORD,NO_SIGNAL,,2,0.9999999999999998,8741/250000,-0.0010836104684113224,-0.0003187277807916722,-0.0003127514135865539,0.017111227990374157,0.01783597575213751,0.01946498606196467,-0.0004521312740319028,0.0006314791943782261,-0.71598760189888,-1.1934897514720433e-15,-0.0003067275022467865,3.925204057235031e-06,0.0007729577621073958,9.497611030973019e-17,-1.764929823935555,-0.5204627549069277,-0.5113082710505082,0.7331587979781191,0.004080076549291434,0.0,,5.551115123125783e-17,2.7755575615628914e-17,0.30899492158080766,0.17721212363821168,0.039824,0.7601372520639339,0.6055555555555555,0.7264619147486309
n6_g2_p04,6,5/2,4,1,CHORD,NO_SIGNAL,,2,0.9999999999999998,8741/100000,-0.006935482259124548,-0.0020117882232093542,-0.0019619004467106294,0.018211206838004337,0.01783597575213751,0.023384331844678904,-0.0029617935892041133,0.003973688669919984,-0.7453511926146327,-4.510281037539698e-16,-0.0019170468890464167,0.00015552638791977618,0.004862908982158132,-2.237793284010081e-16,-1.764929823935555,-0.5204627549069277,-0.5113082710505082,0.7331587979781191,0.003538117511772598,1.1102230246251565e-16,,5.551115123125783e-17,4.163336342344337e-17,0.30899492158080766,0.14345581514794825,0.0343,0.7601372520639339,0.6055555555555555,0.7264619147486309
n6_g2_p04,6,5/2,4,1,CHORD,NO_SIGNAL,,2,0.9999999999999998,74299/500000,-0.021211159858995465,-0.005943575893383013,-0.005717132727606433,0.024504754728409215,0.01783597575213751,0.030268099251877255,-0.009550451238005728,0.011660708620989446,-0.8190283754123464,-2.914335439641036e-16,-0.00554034007725721,0.0013486450785652677,0.014322174703172763,-2.255140518769849e-16,-1.764929823935555,-0.5204627549069277,-0.5113082710505082,0.7331587979781191,0.002402151670456454,0.0,1.8388068845354155e-16,5.551115123125783e-17,3.469446951953614e-17,0.30899492158080766,0.10407281160330728,0.022745,0.7601372520639339,0.6055555555555555,0.7264619147486309
n6_g2_p05,6,5/2,5,2,DIRECTION,ACCEPTED,,2,0.48234327426242474,,,,,,,,,,,,,,,,-5.994550614168689,-1.7977548173934035,-1.955721504870088,2.241074291905197,,,,,,,,,0.8621678104251708,1.0692676621563626,1.1647603473104098
n6_g2_p05,6,5/2,5,2,CHORD,NO_SIGNAL,,2,0.48234327426242474,5951/500000,-0.0004248674060773894,-0.0001273432551802678,-0.00013854352914588475,0.01774036315196123,0.01783597575213751,0.01824954959581685,-0.00015898062175153174,0.00026588678432615254,-0.5979260013033091,2.949029909160572e-16,-7.02712408675719e-05,1.2664948188615698e-07,0.0003544695157273736,-5.577135975265435e-16,-5.994550614168689,-1.7977548173934035,-1.955721504870088,2.241074291905197,0.003990882923879509,0.0,,5.551115123125783e-17,4.85722573273506e-17,0.3083892948035432,0.1862400475345288,0.039024,0.8621678104251708,1.0692676621563626,1.1647603473104098
n6_g2_p05,6,5/2,5,2,CHORD,NO_SIGNAL,,2,0.48234327426242474,7439/250000,-0.0026649065695165675,-0.000796291545444916,-0.0008666831948049847,0.01822766106039675,0.01783597575213751,0.019448154102410197,-0.001001931829265966,0.0016629747402499007,-0.6024937150370681,-7.008282842946301e-16,-0.0004392247766916285,4.954016428630222e-06,0.0022207277763968136,5.048045315092509e-16,-5.994550614168689,-1.7977548173934035,-1.955721504870088,2.241074291905197,0.003612676042636872,4.440892098500626e-16,,5.551115123125783e-17,5.551115123125783e-17,0.30757172109111575,0.16602449261838612,0.03559,0.8621678104251708,1.0692676621563626,1.1647603473104098
n6_g2_p05,6,5/2,5,2,CHORD,NO_SIGNAL,,2,0.48234327426242474,25293/500000,-0.007764212674813642,-0.00230358835903699,-0.002509564892468674,0.019853129637445403,0.01783597575213751,0.021720940713445026,-0.0029510594233077073,0.004813153251505664,-0.613123927102165,-2.706168622523819e-16,-0.0012693997545548683,4.149605034732529e-05,0.006453316869912129,6.808789643208968e-16,-5.994550614168689,-1.7977548173934035,-1.955721504870088,2.241074291905197,0.003119069988484364,1.1102230246251565e-16,1.8388068845354155e-16,5.551115123125783e-17,2.7755575615628914e-17,0.3075669656309636,0.14243930112610137,0.031047,0.8621678104251708,1.0692676621563626,1.1647603473104098
n8_g0_p00,8,1,0,1/2,DIRECTION,ACCEPTED,,2,0.46348137550865925,,,,,,,,,,,,,,,,-0.34682783766581715,-0.08852147510147014,-0.23115413564016368,0.027152226924183342,,,,,,,,,0.3688037555610478,0.6659737858281511,0.4876120038486771
n8_g0_p00,8,1,0,1/2,CHORD,NO_SIGNAL,,2,0.46348137550865925,1363/62500,-8.250513170260376e-05,-2.1051784521386452e-05,-5.4982697973660066e-05,0.00022859770980186668,0.00022308716543656607,0.00023051791948435564,-6.470649206545087e-06,7.603448249504652e-05,-0.08510150913392008,-1.0121569381238427e-15,-3.1677374520289186e-06,2.092967484359648e-08,7.931646457493002e-05,-8.012254054667878e-16,-0.34682783766581715,-0.08852147510147014,-0.23115413564016368,0.027152226924183342,0.0010706667253194452,2.220446049250313e-16,,5.551115123125783e-17,1.3877787807814457e-17,0.13209283499988625,0.07932443987480656,0.150169,0.3688037555610478,0.6659737858281511,0.4876120038486771
n8_g0_p00,8,1,0,1/2,CHORD,NO_SIGNAL,,2,0.46348137550865925,54521/1000000,-0.0005167083887949175,-0.00013163988061659637,-0.0003441648266386821,0.00025936978443176495,0.00022308716543656607,0.0002686119095177862,-4.090368153820948e-05,0.00047580470725527846,-0.08596737466967484,-1.429601879585074e-15,-1.979908535541786e-05,8.177281829591172e-07,0.000496091575256763,2.2236986557677696e-16,-0.34682783766581715,-0.08852147510147014,-0.23115413564016368,0.027152226924183342,0.0010579257033376652,2.220446049250313e-16,,5.551115123125783e-17,1.5612511283791264e-17,0.13184277446455087,0.06501719341228353,0.149046,0.3688037555610478,0.6659737858281511,0.4876120038486771
n8_g0_p00,8,1,0,1/2,CHORD,NO_SIGNAL,,2,0.46348137550865925,46343/500000,-0.0015000443866419744,-0.00038084125962578597,-0.0009979737013812162,0.0003279550100939026,0.00022308716543656607,0.0003606781720482944,-0.00012122942563453246,0.0013788149610070022,-0.08792291138616157,-4.3972529610580846e-16,-5.721972708479348e-05,6.8318209066397595e-06,0.0014359928386502574,-2.8362728832220796e-16,-0.34682783766581715,-0.08852147510147014,-0.23115413564016368,0.027152226924183342,0.001043072306959978,2.220446049250313e-16,2.3158558404290375e-16,5.551115123125783e-17,1.474514954580286e-17,0.13184277446455087,0.048325478765440015,0.146527,0.3688037555610478,0.6659737858281511,0.4876120038486771
n8_g0_p01,8,1,1,1,DIRECTION,ACCEPTED,,2,0.9999999999999997,,,,,,,,,,,,,,,,-0.4913524081101999,-0.1750515168380638,-0.2619576696440361,0.054343221628100014,,,,,,,,,0.6496091982520329,0.7330598378292622,0.6987591142895822
n8_g0_p01,8,1,1,1,CHORD,NO_SIGNAL,,2,0.9999999999999997,7609/500000,-5.692486258990215e-05,-2.0274350011284525e-05,-3.034094940268517e-05,0.00023497343343952126,0.00022308716543656607,0.0002238200237833629,-6.309563174876007e-06,5.0615299413969694e-05,-0.12465723304868138,-1.0564465968698755e-15,-3.904747895770429e-06,2.8995026541351056e-08,5.299111966738934e-05,-2.010246353059686e-16,-0.4913524081101999,-0.1750515168380638,-0.2619576696440361,0.054343221628100014,0.0010752611038119266,2.220446049250313e-16,,5.551115123125783e-17,1.734723475976807e-17,0.13317016488077393,0.08050970886049785,0.149179,0.6496091982520329,0.7330598378292622,0.6987591142895822
n8_g0_p01,8,1,1,1,CHORD,NO_SIGNAL,,2,0.9999999999999997,19023/500000,-0.0003567620042712605,-0.00012686828586616627,-0.00018989974485172922,0.0002783024240350523,0.00022308716543656607,0.0002478598539424075,-3.999397355216382e-05,0.0003167680307178955,-0.1262563443082465,-1.2011604818423782e-15,-2.4405957299813443e-05,1.1330686835610333e-06,0.00033122297828747094,-4.1508680173607537e-16,-0.4913524081101999,-0.1750515168380638,-0.2619576696440361,0.054343221628100014,0.0010693730379832112,2.220446049250313e-16,,5.551115123125783e-17,1.3877787807814457e-17,0.13317016488077393,0.06798025436967711,0.146493,0.6496091982520329,0.7330598378292622,0.6987591142895822
n8_g0_p01,8,1,1,1,CHORD,NO_SIGNAL,,2,0.9999999999999997,32339/500000,-0.0010373108895009864,-0.0003676032287591724,-0.0005504912712872567,0.00037305641723998695,0.00022308716543656607,0.0003115506925403451,-0.00011921638945359994,0.0009180945000464291,-0.12985198086642608,-9.573234132503883e-16,-7.05327803842139e-05,9.469720460372947e-06,0.0009573083886564859,8.630249292984615e-17,-0.4913524081101999,-0.1750515168380638,-0.2619576696440361,0.054343221628100014,0.0010624561022531949,2.220446049250313e-16,2.684484579074109e-16,5.551115123125783e-17,1.734723475976807e-17,0.13317016488077393,0.05336292337267616,0.142417,0.6496091982520329,0.7330598378292622,0.6987591142895822
n8_g0_p02,8,1,2,2,DIRECTION,ACCEPTED,,2,0.47981058494009693,,,,,,,,,,,,,,,,-1.3763421173286514,-0.7785478086815527,-0.47456424515087875,0.12323006349622001,,,,,,,,,1.3015428199776167,0.8443056418074422,1.0342739247902255
n8_g0_p02,8,1,2,2,CHORD,NO_SIGNAL,,2,0.47981058494009693,10281/1000000,-7.277940274263983e-05,-4.116410272203552e-05,-2.5083756128641e-05,0.0002505545582067155,0.00022308716543656607,0.00020868286045000223,-6.531543891792792e-06,6.624785885067652e-05,-0.09859252819800518,-1.705178966776577e-16,-3.2933382521333447e-06,2.5753435762059868e-08,6.946031105314887e-05,-1.5955525746111365e-15,-1.3763421173286514,-0.7785478086815527,-0.47456424515087875,0.12323006349622001,0.0010604130409115585,2.220446049250313e-16,,5.551115123125783e-17,1.734723475976807e-17,0.13115834148560687,0.07934433530758327,0.148235,1.3015428199776167,0.8443056418074422,1.0342739247902255
n8_g0_p02,8,1,2,2,CHORD,NO_SIGNAL,,2,0.47981058494009693,3213/125000,-0.00045625404653293344,-0.0002579056695797277,-0.00015689954645115023,0.0003191844587697017,0.00022308716543656607,0.00020988753310541004,-4.144883050098981e-05,0.00041480521603087794,-0.09992360003955296,-1.0656894203903144e-15,-2.058576663475616e-05,1.0063460779678209e-06,0.00043466193382002416,-1.852901512777727e-16,-1.3763421173286514,-0.7785478086815527,-0.47456424515087875,0.12323006349622001,0.0010323392485457657,2.220446049250313e-16,,5.551115123125783e-17,1.734723475976807e-17,0.1297255154229937,0.0650659806759926,0.14329,1.3015428199776167,0.8443056418074422,1.0342739247902255
n8_g0_p02,8,1,2,2,CHORD,NO_SIGNAL,,2,0.47981058494009693,43697/1000000,-0.0013272778703363741,-0.0007492706784870684,-0.00045414539340038473,0.00044870443387677117,0.00022308716543656607,0.0002451934938926259,-0.00012386179844813247,0.0012034160718874531,-0.10292516556959891,-7.885131349943952e-16,-5.949341016975914e-05,8.407545809880788e-06,0.0012593769143558475,-8.866605366586455e-16,-1.3763421173286514,-0.7785478086815527,-0.47456424515087875,0.12323006349622001,0.0009996744536494937,2.220446049250313e-16,2.1684043449710089e-16,5.551115123125783e-17,1.3877787807814457e-17,0.12967156532821078,0.04840836316408114,0.135188,1.3015428199776167,0.8443056418074422,1.0342739247902255
n8_g0_p03,8,1,3,1/2,DIRECTION,ACCEPTED,,2,0.49987676634567113,,,,,,,,,,,,,,,,-0.3475954687017092,-0.26980717711664304,-0.05536579926472131,0.022422492320344878,,,,,,,,,0.8721911898301707,0.2306851184442089,0.4665446421356367
n8_g0_p03,8,1,3,1/2,CHORD,NO_SIGNAL,,2,0.49987676634567113,22793/1000000,-9.03906804659016e-05,-7.016873330023543e-05,-1.4382139055690857e-05,0.00021526617330142834,0.00022308716543656607,0.0002425877737884826,-5.839808108389392e-06,8.455087235592629e-05,-0.06906857310479389,-1.5859167278031716e-15,-4.039909182209153e-06,7.195146200303642e-08,8.627881982103958e-05,-6.498301246063432e-16,-0.3475954687017092,-0.26980717711664304,-0.05536579926472131,0.022422492320344878,0.0010545610181613048,2.220446049250313e-16,,5.551115123125783e-17,1.3877787807814457e-17,0.13107059711177932,0.07917359988219351,0.150233,0.8721911898301707,0.2306851184442089,0.4665446421356367
n8_g0_p03,8,1,3,1/2,CHORD,NO_SIGNAL,,2,0.49987676634567113,56983/1000000,-0.000568210157460669,-0.00044130582615320435,-8.989964574013243e-05,0.000222871164936955,0.00022308716543656607,0.0002973125370708289,-3.700468556732585e-05,0.0005312054718933368,-0.06966171759382063,-6.423897871976614e-18,-2.5249875494532856e-05,2.811069656014962e-06,0.00054014921230916,-9.612536461256482e-16,-0.3475954687017092,-0.26980717711664304,-0.05536579926472131,0.022422492320344878,0.0010165010189322173,2.220446049250313e-16,,5.551115123125783e-17,1.3010426069826053e-17,0.12950383132393203,0.06464031825032811,0.14968,0.8721911898301707,0.2306851184442089,0.4665446421356367
n8_g0_p03,8,1,3,1/2,CHORD,NO_SIGNAL,,2,0.49987676634567113,96871/1000000,-0.001663412176599266,-0.0012932720901126515,-0.00025987253461412507,0.00025841028706986445,0.00022308716543656607,0.00040829914754894527,-0.00011026755187283879,0.0015531446247267766,-0.07099631941374207,3.4941125513776594e-16,-7.297198951947636e-05,2.3485511310452538e-05,0.0015669546757690611,-2.7603787311480943e-16,-0.3475954687017092,-0.26980717711664304,-0.05536579926472131,0.022422492320344878,0.0009703493966168624,2.220446049250313e-16,3.3566899260151217e-16,5.551115123125783e-17,1.214306433183765e-17,0.12941404370662754,0.047684964704500475,0.148927,0.8721911898301707,0.2306851184442089,0.4665446421356367
n8_g0_p04,8,1,4,1,DIRECTION,ACCEPTED,,2,0.9999999999999996,,,,,,,,,,,,,,,,-0.5135066818993752,-0.2854902933468326,-0.19234393398844024,0.03567245456410234,,,,,,,,,0.6009688838454177,0.5285239704042163,0.5635260752745739
n8_g0_p04,8,1,4,1,CHORD,NO_SIGNAL,,2,0.9999999999999996,1887/100000,-9.145676983024487e-05,-5.083579482700884e-05,-3.425060004058622e-05,0.00022416210969118303,0.00022308716543656607,0.00023475297110762212,-6.370374962836505e-06,8.508639486759506e-05,-0.07486948968456819,1.8669961410200386e-16,-4.9763530936004205e-06,3.2812636472779507e-08,8.644760410003727e-05,-1.3440041180673434e-16,-0.5135066818993752,-0.2854902933468326,-0.19234393398844024,0.03567245456410234,0.0010752268237125672,2.220446049250313e-16,,5.551115123125783e-17,1.3010426069826053e-17,0.1327296628913396,0.08120918163619634,0.148864,0.6009688838454177,0.5285239704042163,0.5635260752745739
n8_g0_p04,8,1,4,1,CHORD,NO_SIGNAL,,2,0.9999999999999996,5897/125000,-0.0005727075879491395,-0.00031798493771706404,-0.00021427180057864703,0.00025321284303025634,0.00022308716543656607,0.0002738631871498712,-4.0450849653497686e-05,0.0005322567382957111,-0.0759987553807614,6.930762387613587e-17,-3.110352543362061e-05,1.2823700220606083e-06,0.0005403216924939613,5.030698080332741e-16,-0.5135066818993752,-0.2854902933468326,-0.19234393398844024,0.03567245456410234,0.0010693456779763235,2.220446049250313e-16,,5.551115123125783e-17,1.3877787807814457e-17,0.13272952047206305,0.06972907960102928,0.145807,0.6009688838454177,0.5285239704042163,0.5635260752745739
n8_g0_p04,8,1,4,1,CHORD,NO_SIGNAL,,2,0.9999999999999996,401/5000,-0.0016621895295614308,-0.0009206083550150623,-0.0006205372887402305,0.00033774610091298623,0.00022308716543656607,0.0003505160015711765,-0.00012104388580551527,0.0015411456437552928,-0.07854149690263468,-6.227386228213616e-16,-8.989098182761825e-05,1.072076639590671e-05,0.0015615777813380305,1.24683249835833e-16,-0.5135066818993752,-0.2854902933468326,-0.19234393398844024,0.03567245456410234,0.001062524984831852,2.220446049250313e-16,2.0296264668928643e-16,5.551115123125783e-17,1.734723475976807e-17,0.13272952047206305,0.056335492036224774,0.14146,0.6009688838454177,0.5285239704042163,0.5635260752745739
n8_g0_p05,8,1,5,2,DIRECTION,ACCEPTED,,2,0.4986162314562101,,,,,,,,,,,,,,,,-4.08452614640866,-3.08928481798607,-0.871347784678953,0.12389354374363659,,,,,,,,,1.4112886087509113,0.8331955809010618,1.0679400113155209
n8_g0_p05,8,1,5,2,CHORD,NO_SIGNAL,,2,0.4986162314562101,1669/200000,-0.00014224188786293723,-0.00010757670201355651,-3.034074136643028e-05,0.00020281637339758017,0.00022308716543656607,0.000252006846438708,-4.32444448157803e-06,0.0001379174433799868,-0.031355312102642634,-1.3724102149864637e-15,-2.6887070176807143e-06,1.3691057190654869e-08,0.00013953948978873143,6.65564608634539e-16,-4.08452614640866,-3.08928481798607,-0.871347784678953,0.12389354374363659,0.0010722019498609914,2.220446049250313e-16,,5.551115123125783e-17,1.5612511283791264e-17,0.12860147990549836,0.08083940332927088,0.150311,1.4112886087509113,0.8331955809010618,1.0679400113155209
n8_g0_p05,8,1,5,2,CHORD,NO_SIGNAL,,2,0.4986162314562101,20863/1000000,-0.0008897342972051803,-0.0006726925041067311,-0.00018966617555271625,0.00018547748073670774,0.00022308716543656607,0.0003154480852261847,-2.7375617544880116e-05,0.0008623586796594473,-0.0317450478444665,-8.5280632382278565e-16,-1.680522434808926e-05,5.350198735627098e-07,0.0008723940529833385,-1.8984380040221183e-16,-4.08452614640866,-3.08928481798607,-0.871347784678953,0.12389354374363659,0.0010618063188379662,2.220446049250313e-16,,5.551115123125783e-17,1.3877787807814457e-17,0.12264612828812052,0.06880455870346977,0.149886,1.4112886087509113,0.8331955809010618,1.0679400113155209
n8_g0_p05,8,1,5,2,CHORD,NO_SIGNAL,,2,0.4986162314562101,8867/250000,-0.0025759073352258355,-0.0019461755156280347,-0.0005483417546541247,0.00018050450651478466,0.00022308716543656607,0.0004284499542442244,-8.139006494293846e-05,0.0024945172702821594,-0.032627581260935616,-7.376098429962008e-16,-4.856956323510682e-05,4.472052243167251e-06,0.002522865719747358,-2.0339632755828063e-16,-4.08452614640866,-3.08928481798607,-0.871347784678953,0.12389354374363659,0.0010295403152193678,2.220446049250313e-16,2.246466901389965e-16,5.551115123125783e-17,1.5612511283791264e-17,0.11725243500659253,0.054763265704602104,0.149298,1.4112886087509113,0.8331955809010618,1.0679400113155209
n8_g0_p06,8,1,6,1/2,DIRECTION,ACCEPTED,,2,0.3999999999999999,,,,,,,,,,,,,,,,-0.42387301332450683,-0.29438425296191784,-0.09417677787448367,0.03531198248810535,,,,,,,,,0.3984987259300853,0.3107716401888676,0.5244879925422389
n8_g0_p06,8,1,6,1/2,CHORD,NO_SIGNAL,,2,0.3999999999999999,811/40000,-8.714371974249957e-05,-6.0509259670382676e-05,-1.935750467030317e-05,0.00022449882446436666,0.00022308716543656607,0.00023622941721108666,-7.276955401160572e-06,7.986676434068585e-05,-0.09111368741720184,-6.5315049375958e-16,-2.2811044344578677e-06,1.1694356431106835e-08,8.485092095078528e-05,-8.253217987502781e-16,-0.42387301332450683,-0.29438425296191784,-0.09417677787448367,0.03531198248810535,0.0010643888370206974,2.220446049250313e-16,,5.551115123125783e-17,2.2551405187698492e-17,0.13290730764644249,0.07826910953463884,0.150213,0.3984987259300853,0.3107716401888676,0.5244879925422389
n8_g0_p06,8,1,6,1/2,CHORD,NO_SIGNAL,,2,0.3999999999999999,50687/1000000,-0.0005453535147168509,-0.0003782464682826614,-0.00012100222514765946,0.00025228061893887294,0.00022308716543656607,0.0002861033545057184,-4.61048212857296e-05,0.0004992486934303209,-0.09234840650046561,-8.004393588917358e-16,-1.4256621442239933e-05,4.568520586787404e-07,0.0005306400412159462,1.3986208025063007e-17,-0.42387301332450683,-0.29438425296191784,-0.09417677787448367,0.03531198248810535,0.0010438443585215349,2.220446049250313e-16,,5.551115123125783e-17,1.734723475976807e-17,0.13290730764644249,0.06237956615651811,0.149634,0.3984987259300853,0.3107716401888676,0.5244879925422389
n8_g0_p06,8,1,6,1/2,CHORD,NO_SIGNAL,,2,0.3999999999999999,86169/1000000,-0.0015807883218155183,-0.0010936230608704633,-0.0003498368427345966,0.00032307841939822185,0.00022308716543656607,0.00039775274789413754,-0.0001373284182096136,0.00144345990360506,-0.09513836710436784,-8.447832277463929e-16,-4.120268791347093e-05,3.816996063749363e-06,0.0015357686378374424,-8.556523545255601e-16,-0.42387301332450683,-0.29438425296191784,-0.09417677787448367,0.03531198248810535,0.0010223318995043042,2.220446049250313e-16,1.9212062496443139e-16,5.551115123125783e-17,1.3877787807814457e-17,0.13290730764644249,0.04384106891390074,0.148868,0.3984987259300853,0.3107716401888676,0.5244879925422389
n8_g0_p07,8,1,7,1,DIRECTION,ACCEPTED,,2,1.0,,,,,,,,,,,,,,,,-0.821261533910215,-0.4195844217769003,-0.3454847939088502,0.056192318224464466,,,,,,,,,0.5800525336797132,0.8307497531474629,0.6946124290514802
n8_g0_p07,8,1,7,1,CHORD,NO_SIGNAL,,2,1.0,15309/1000000,-9.627598158434836e-05,-4.9171217852972404e-05,-4.0502837175715456e-05,0.0002635252131857969,0.00022308716543656607,0.000195852970796468,-6.601926554566375e-06,8.967405502868786e-05,-0.07362136743402911,-1.0941226223637468e-15,-4.8509751091594955e-06,4.22728511547456e-08,9.138273362285787e-05,-1.1762509369295238e-15,-0.821261533910215,-0.4195844217769003,-0.3454847939088502,0.056192318224464466,0.0010637962264416648,3.3306690738754696e-16,,5.551115123125783e-17,1.734723475976807e-17,0.1288541636084526,0.07964012793508041,0.147336,0.5800525336797132,0.8307497531474629,0.6946124290514802
n8_g0_p07,8,1,7,1,CHORD,NO_SIGNAL,,2,1.0,38273/1000000,-0.0006029994282243933,-0.00030743206374594934,-0.0002537399179809441,0.000352262140295357,0.00022308716543656607,0.00017756708357175819,-4.182744649699151e-05,0.0005611719817268934,-0.07453587823161804,-5.084095037327652e-16,-3.0319386602542872e-05,1.6519589853517594e-06,0.0005710280826356495,-8.491471414906471e-16,-0.821261533910215,-0.4195844217769003,-0.3454847939088502,0.056192318224464466,0.0010409849022944833,2.220446049250313e-16,,5.551115123125783e-17,1.3877787807814457e-17,0.12381820199592858,0.06580654971816143,0.141889,0.5800525336797132,0.8307497531474629,0.6946124290514802
n8_g0_p07,8,1,7,1,CHORD,NO_SIGNAL,,2,1.0,8133/125000,-0.0017508821979621558,-0.0008891525775118758,-0.0007371550904036184,0.0005068452815397405,0.00022308716543656607,0.00018847810942585093,-0.00012457453004622966,0.0016263076679154942,-0.07659960812083115,-4.319732505725371e-16,-8.762275793390331e-05,1.3808508484238948e-05,0.0016494509315432282,-7.853960537484994e-16,-0.821261533910215,-0.4195844217769003,-0.3454847939088502,0.056192318224464466,0.0010147403459506738,2.220446049250313e-16,1.9081958235744878e-16,5.551115123125783e-17,1.5612511283791264e-17,0.12037271414413263,0.0496675759326939,0.134625,0.5800525336797132,0.8307497531474629,0.6946124290514802
n8_g1_p00,8,2,0,1/2,DIRECTION,ACCEPTED,,2,0.49880477784346655,,,,,,,,,,,,,,,,-0.6720410394164882,-0.19125041000775184,-0.2546037798232053,0.22618684958553104,,,,,,,,,0.4470868163066238,0.41961541619162296,0.6583667002652401
n8_g1_p00,8,2,0,1/2,CHORD,NO_SIGNAL,,2,0.49880477784346655,7117/250000,-0.0002725660761244697,-7.751258475741096e-05,-0.00010317735203813072,0.004522810074390416,0.004216674079604146,0.004094290363474789,-9.187613932845617e-05,0.00018068993679554168,-0.5084740243858623,-4.718447854656915e-16,-3.724672007269995e-05,1.6870085227710375e-07,0.00023515065519941203,-8.061043152429725e-17,-0.6720410394164882,-0.19125041000775184,-0.2546037798232053,0.22618684958553104,0.0012118500642606352,2.220446049250313e-16,,5.551115123125783e-17,1.9081958235744878e-17,0.2642393782016138,0.1591793131416454,0.076415,0.4470868163066238,0.41961541619162296,0.6583667002652401
n8_g1_p00,8,2,0,1/2,CHORD,NO_SIGNAL,,2,0.49880477784346655,7117/100000,-0.0017116487544281966,-0.00048495736091647146,-0.0006451363553727774,0.0053343210406247565,0.004216674079604146,0.0042621371948607534,-0.0005815550381386087,0.0011300937162892488,-0.5146077973499315,-3.391384395534658e-16,-0.00023279200046217045,6.595694433184923e-06,0.0014722610595327978,-4.336808689942018e-17,-0.6720410394164882,-0.19125041000775184,-0.2546037798232053,0.22618684958553104,0.0012114763441174767,2.220446049250313e-16,,5.551115123125783e-17,1.6479873021779667e-17,0.26345262285945814,0.13136134501784813,0.073141,0.4470868163066238,0.41961541619162296,0.6583667002652401
n8_g1_p00,8,2,0,1/2,CHORD,NO_SIGNAL,,2,0.49880477784346655,120989/1000000,-0.005000141589134088,-0.0014048118474878635,-0.0018662565538285492,0.006858905590246491,0.004216674079604146,0.005032588944595555,-0.001729073187816876,0.0032710684013164126,-0.5285958517776717,-7.997075224253081e-16,-0.0006727688813360051,5.5200241637945215e-05,0.0042721724661598515,-2.8622937353617317e-16,-0.6720410394164882,-0.19125041000775184,-0.2546037798232053,0.22618684958553104,0.001204253830023729,2.220446049250313e-16,2.70833702686879e-16,5.551115123125783e-17,1.3877787807814457e-17,0.26345262285945814,0.09890704887341802,0.068359,0.4470868163066238,0.41961541619162296,0.6583667002652401
n8_g1_p01,8,2,1,1,DIRECTION,ACCEPTED,,2,0.9999999999999999,,,,,,,,,,,,,,,,-0.8846087402838907,-0.4150364029376951,-0.15340854902615153,0.3161637883200441,,,,,,,,,0.8183656827830839,0.596990000439681,0.6939294729615234
n8_g1_p01,8,2,1,1,CHORD,NO_SIGNAL,,2,0.9999999999999999,4273/200000,-0.00020208500406582175,-9.477050069195414e-05,-3.502797597443319e-05,0.004441095067679871,0.004216674079604146,0.004136826146326808,-7.228652739919329e-05,0.00012979847666638733,-0.5569135266894287,-2.411265631607762e-16,-4.3772177257891843e-05,1.507959104029091e-07,0.0001581620308979126,3.8559650264446965e-16,-0.8846087402838907,-0.4150364029376951,-0.15340854902615153,0.3161637883200441,0.0011895972805893796,2.220446049250313e-16,,5.551115123125783e-17,1.734723475976807e-17,0.26474942959832104,0.16657273519183283,0.075417,0.8183656827830839,0.596990000439681,0.6939294729615234
n8_g1_p01,8,2,1,1,CHORD,NO_SIGNAL,,2,0.9999999999999999,26707/500000,-0.0012693428445498256,-0.0005938627217330072,-0.00021943927830658794,0.005061774088756189,0.004216674079604146,0.004283655759471944,-0.0004560408445099199,0.0008133020000395952,-0.5607275581367288,-3.1051550219984847e-16,-0.00027359147392859917,5.900223582096374e-06,0.0009898511470396443,5.143455106271233e-16,-0.8846087402838907,-0.4150364029376951,-0.15340854902615153,0.3161637883200441,0.0011538973994376213,2.220446049250313e-16,,5.551115123125783e-17,1.734723475976807e-17,0.26390785268770617,0.14984411718824775,0.070597,0.8183656827830839,0.596990000439681,0.6939294729615234
n8_g1_p01,8,2,1,1,CHORD,NO_SIGNAL,,2,0.9999999999999999,22701/250000,-0.0037095041726988853,-0.00172614772726698,-0.0006374507795054996,0.0062583006725270215,0.004216674079604146,0.004866858818534053,-0.001345905665926391,0.0023635985067724796,-0.5694307481029172,-1.474514954580286e-17,-0.0007906828426823966,4.945656482827947e-05,0.002869364765187399,-8.105495441501631e-16,-0.8846087402838907,-0.4150364029376951,-0.15340854902615153,0.3161637883200441,0.001105792958374974,2.220446049250313e-16,2.3635607360183997e-16,5.551115123125783e-17,1.214306433183765e-17,0.26390785268770617,0.13032765716908812,0.064111,0.8183656827830839,0.596990000439681,0.6939294729615234
n8_g1_p02,8,2,2,2,DIRECTION,ACCEPTED,,2,0.4781273752057723,,,,,,,,,,,,,,,,-3.4548748344258757,-1.488809795796214,-1.3924010533178073,0.5736639853118546,,,,,,,,,0.9385577901419709,1.135328821759136,1.0819539851948285
n8_g1_p02,8,2,2,2,CHORD,NO_SIGNAL,,2,0.4781273752057723,2973/200000,-0.0003818920677858273,-0.00016452291477397907,-0.00015387332913219254,0.004646160645355561,0.004216674079604146,0.0039141791616116636,-6.34958238794666e-05,0.0003183962439061716,-0.19942390996979922,-1.8908485888147197e-16,-3.227575703324212e-05,1.4036691420364155e-07,0.00034947594383893943,5.578762278524163e-16,-3.4548748344258757,-1.488809795796214,-1.3924010533178073,0.5736639853118546,0.0011584558076242603,2.220446049250313e-16,,5.551115123125783e-17,1.5612511283791264e-17,0.2613572861598564,0.16248398430101452,0.076532,0.9385577901419709,1.135328821759136,1.0819539851948285
n8_g1_p02,8,2,2,2,CHORD,NO_SIGNAL,,2,0.4781273752057723,37163/1000000,-0.002392946129779361,-0.0010293851276013122,-0.000962889060469152,0.005553963332882386,0.004216674079604146,0.0036807287097439263,-0.0004006719417090094,0.001992274188070464,-0.20111285088578287,1.1275702593849246e-16,-0.00020172890964408272,5.488010353385533e-06,0.0021857292097813286,-5.637851296924623e-16,-3.4548748344258757,-1.488809795796214,-1.3924010533178073,0.5736639853118546,0.0010671741009230466,2.220446049250313e-16,,5.551115123125783e-17,1.474514954580286e-17,0.25560279619468323,0.13962251028119116,0.072554,0.9385577901419709,1.135328821759136,1.0819539851948285
n8_g1_p02,8,2,2,2,CHORD,NO_SIGNAL,,2,0.4781273752057723,63177/1000000,-0.006955749708907,-0.002982060198465586,-0.0027902850426411163,0.0070773163939881764,0.004216674079604146,0.0037228407008205837,-0.0011834044678002333,0.005772345241106702,-0.20501276662609066,-6.418476861114186e-17,-0.0005829947032816373,4.592646323491215e-05,0.00632682854239075,3.0010716134398763e-16,-3.4548748344258757,-1.488809795796214,-1.3924010533178073,0.5736639853118546,0.0009605312238350377,2.220446049250313e-16,3.5735303605122226e-16,5.551115123125783e-17,1.3877787807814457e-17,0.2516613051599773,0.11295113234811711,0.065508,0.9385577901419709,1.135328821759136,1.0819539851948285
n8_g1_p03,8,2,3,1/2,DIRECTION,ACCEPTED,,2,0.5,,,,,,,,,,,,,,,,-0.6024389353170595,-0.39384381745303504,-0.07720334368824441,0.13139177417578007,,,,,,,,,0.5899931514132649,0.5056684826709389,0.5684221437095474
n8_g1_p03,8,2,3,1/2,CHORD,NO_SIGNAL,,2,0.5,20721/500000,-0.0005184569043805709,-0.0003383547011042154,-6.642369043330376e-05,0.004416563852322383,0.004216674079604146,0.004244141332570672,-0.00011367851284238128,0.00040477839153751916,-0.28084135719444486,-6.704706234650359e-16,-6.009940472077657e-05,7.419436695685721e-07,0.0004576155559901096,-1.1611805267319752e-16,-0.6024389353170595,-0.39384381745303504,-0.07720334368824441,0.13139177417578007,0.0011780037173520928,2.220446049250313e-16,,5.551115123125783e-17,2.0816681711721685e-17,0.263755017848123,0.15507497861184685,0.077382,0.5899931514132649,0.5056684826709389,0.5684221437095474
n8_g1_p03,8,2,3,1/2,CHORD,NO_SIGNAL,,2,0.5,51803/500000,-0.0032778740924790384,-0.0021198154251274026,-0.00041934960662626253,0.005261538290727108,0.004216674079604146,0.004649227989931152,-0.0007387090607249838,0.002539165031753665,-0.29092597428170985,-3.894454203567932e-16,-0.00037562853057437635,2.8997078206192506e-05,0.0028732484836986316,1.6219664500383146e-16,-0.6024389353170595,-0.39384381745303504,-0.07720334368824441,0.13139177417578007,0.0010385867405146324,2.220446049250313e-16,,5.551115123125783e-17,2.2551405187698492e-17,0.2631858940688547,0.12109996215489777,0.075699,0.5899931514132649,0.5056684826709389,0.5684221437095474
n8_g1_p03,8,2,3,1/2,CHORD,NO_SIGNAL,,2,0.5,176131/1000000,-0.009723426769897792,-0.006159730482633741,-0.0012392821181164138,0.007421215234399424,0.004216674079604146,0.00566096126310431,-0.0023244141691477205,0.007399012600750154,-0.31415194088357923,8.326672684688674e-17,-0.001085576314874376,0.00024251420822395375,0.008395336246799445,-1.734723475976807e-17,-0.6024389353170595,-0.39384381745303504,-0.07720334368824441,0.13139177417578007,0.0008324141231152546,2.220446049250313e-16,2.743031496388326e-16,5.551115123125783e-17,1.9081958235744878e-17,0.2631858940688547,0.08146226077563914,0.073062,0.5899931514132649,0.5056684826709389,0.5684221437095474
n8_g1_p04,8,2,4,1,PROPOSAL,FILTER_REJECT,block vector dependence,,,,,,,,,,,,,,,,,,,,,,,,,,,,,,,,
n8_g1_p05,8,2,5,2,DIRECTION,ACCEPTED,,2,0.49792713028261126,,,,,,,,,,,,,,,,-3.0786998552289737,-0.7457342015810449,-1.6257539346496945,0.7072117189982343,,,,,,,,,0.8619070792224454,1.3505226696349664,1.0917411760494726
n8_g1_p05,8,2,5,2,CHORD,NO_SIGNAL,,2,0.49792713028261126,7809/500000,-0.000375720481269326,-9.096122105267668e-05,-0.00019834106441418697,0.0042022294253124025,0.004216674079604146,0.004403955125498982,-8.641819580154642e-05,0.00028930228546686365,-0.29871245455972956,-9.159339953157541e-16,-3.817313308080662e-05,1.6125860878839988e-07,0.00033738608957989413,1.6317242695906842e-16,-3.0786998552289737,-0.7457342015810449,-1.6257539346496945,0.7072117189982343,0.0011878955807122689,2.220446049250313e-16,,5.551115123125783e-17,1.5612511283791264e-17,0.26632156465931944,0.16194080436613034,0.077471,0.8619070792224454,1.3505226696349664,1.0917411760494726
n8_g1_p05,8,2,5,2,CHORD,NO_SIGNAL,,2,0.49792713028261126,19523/500000,-0.002356278870502493,-0.0005688904343048584,-0.0012417556180510658,0.00451427503991383,0.004216674079604146,0.005010338755586623,-0.0005456328181460803,0.0018106460523559242,-0.3013470343561236,-4.883246584874712e-16,-0.00023859430279411667,6.306350934231168e-06,0.00211137821677454,3.946495907847236e-16,-3.0786998552289737,-0.7457342015810449,-1.6257539346496945,0.7072117189982343,0.001150862671672558,2.220446049250313e-16,,5.551115123125783e-17,1.6479873021779667e-17,0.26632156465931944,0.13826406246176903,0.075925,0.8619070792224454,1.3505226696349664,1.0917411760494726
n8_g1_p05,8,2,5,2,CHORD,NO_SIGNAL,,2,0.49792713028261126,66379/1000000,-0.006862196895002448,-0.0016464429804097236,-0.003602299680439458,0.005423341759574426,0.004216674079604146,0.0062369148679383285,-0.0016134542341522309,0.005248742660849182,-0.30739823580742937,-1.0356299151581538e-15,-0.0006895541559954073,5.2800889426826985e-05,0.006119841849580254,4.0766001685454967e-17,-3.0786998552289737,-0.7457342015810449,-1.6257539346496945,0.7072117189982343,0.001109865557228295,2.220446049250313e-16,2.7842311789427754e-16,5.551115123125783e-17,2.0816681711721685e-17,0.26632156465931944,0.11064086003425037,0.073309,0.8619070792224454,1.3505226696349664,1.0917411760494726
n8_g1_p06,8,2,6,1/2,DIRECTION,ACCEPTED,,2,0.499421686403272,,,,,,,,,,,,,,,,-0.7894724142159013,-0.2899716159434547,-0.39018815697093,0.10931264130151663,,,,,,,,,0.5577701591679137,0.5595137195871535,0.5578412156126261
n8_g1_p06,8,2,6,1/2,CHORD,NO_SIGNAL,,2,0.499421686403272,5741/250000,-0.00020826681781560552,-7.647352820594477e-05,-0.00010289484784120617,0.004306177892896119,0.004216674079604146,0.004184967149848515,-2.889844176817008e-05,0.00017936837604715095,-0.16111224511824473,-2.8449465006019636e-16,-1.843674512859103e-05,6.860561571018567e-08,0.00018976146707139208,8.776616586270158e-17,-0.7894724142159013,-0.2899716159434547,-0.39018815697093,0.10931264130151663,0.0011908914572447168,4.440892098500626e-16,,5.551115123125783e-17,1.3877787807814457e-17,0.2655528334730152,0.16595913706290763,0.07773,0.5577701591679137,0.5595137195871535,0.5578412156126261
n8_g1_p06,8,2,6,1/2,CHORD,NO_SIGNAL,,2,0.499421686403272,5741/100000,-0.001305111975887563,-0.0004784830370847537,-0.0006435167032123879,0.004561720613933836,0.004216674079604146,0.0042378520164545585,-0.00018311223559005097,0.0011219997402971416,-0.16320167377361156,-3.703634621210483e-16,-0.00011522965706737282,2.6806561147709815e-06,0.0011872016627050286,-3.905296225292787e-16,-0.7894724142159013,-0.2899716159434547,-0.39018815697093,0.10931264130151663,0.0011572083029616905,2.220446049250313e-16,,5.551115123125783e-17,2.0816681711721685e-17,0.2653661175103261,0.14831090482100373,0.076827,0.5577701591679137,0.5595137195871535,0.5578412156126261
n8_g1_p06,8,2,6,1/2,CHORD,NO_SIGNAL,,2,0.499421686403272,48799/500000,-0.003794508207873193,-0.001386253995593112,-0.0018625671636218755,0.005078610008060589,0.004216674079604146,0.004446112248461735,-0.0005456870486570155,0.0032488211592149874,-0.1679646314507721,-1.1900203045200897e-15,-0.00033302053322137445,2.2404564648358883e-05,0.0034390831100035157,5.637851296924623e-17,-0.7894724142159013,-0.2899716159434547,-0.39018815697093,0.10931264130151663,0.0011183810742581622,2.220446049250313e-16,2.2703193491846463e-16,5.551115123125783e-17,1.734723475976807e-17,0.2653661175103261,0.12772078819388785,0.07548,0.5577701591679137,0.5595137195871535,0.5578412156126261
n8_g1_p07,8,2,7,1,DIRECTION,ACCEPTED,,2,0.9999999999999993,,,,,,,,,,,,,,,,-0.8989362609623462,-0.32156024462451444,-0.3621791218343684,0.21519689450346335,,,,,,,,,0.6251978928183469,0.6560076900425996,0.6149255587213099
n8_g1_p07,8,2,7,1,CHORD,NO_SIGNAL,,2,0.9999999999999993,12263/500000,-0.0002705407938483617,-9.673641622098827e-05,-0.00010896730250742337,0.004265701022934895,0.004216674079604146,0.004297321286511793,-6.48370751191972e-05,0.00020570371872841164,-0.3151964170604075,-7.528699885739343e-16,-3.8690407623756666e-05,1.7696593360329175e-07,0.0002316734202914006,3.988237691487928e-16,-0.8989362609623462,-0.32156024462451444,-0.3621791218343684,0.21519689450346335,0.001168244321498008,2.220446049250313e-16,,5.551115123125783e-17,1.734723475976807e-17,0.2663162675091607,0.16423834558403946,0.075286,0.6251978928183469,0.6560076900425996,0.6149255587213099
n8_g1_p07,8,2,7,1,CHORD,NO_SIGNAL,,2,0.9999999999999993,15329/250000,-0.0016966878960609222,-0.0006053849938174594,-0.0006822993569577385,0.004604545474649004,0.004216674079604146,0.004646809775129223,-0.00040900354528496715,0.0012876843507751978,-0.31762717706303045,-7.572067972638763e-16,-0.00024182293534977142,6.921764254684789e-06,0.0014479431964558032,-6.628812082576374e-16,-0.8989362609623462,-0.32156024462451444,-0.3621791218343684,0.21519689450346335,0.0011022968582610696,2.220446049250313e-16,,5.551115123125783e-17,1.5612511283791264e-17,0.2663162675091607,0.1440083762469826,0.070205,0.6251978928183469,0.6560076900425996,0.6149255587213099
n8_g1_p07,8,2,7,1,CHORD,NO_SIGNAL,,2,0.9999999999999993,52119/500000,-0.00494132300763539,-0.0017545703079355768,-0.001979922211381435,0.005457813225858369,0.004216674079604146,0.00538919590998477,-0.0012068304883174237,0.003734492519317012,-0.323157827221498,-9.54097911787244e-16,-0.0006988790105577826,5.7979929795235686e-05,0.004184464067282789,4.180683577104105e-16,-0.8989362609623462,-0.32156024462451444,-0.3621791218343684,0.21519689450346335,0.0010284192017751602,2.220446049250313e-16,2.1206994493816467e-16,5.551115123125783e-17,2.42861286636753e-17,0.2663162675091607,0.12040656206146605,0.063311,0.6251978928183469,0.6560076900425996,0.6149255587213099
n8_g2_p00,8,5/2,0,1/2,DIRECTION,ACCEPTED,,2,0.4617211962765688,,,,,,,,,,,,,,,,-0.9726297740021327,-0.3718066844186243,-0.16259494346876593,0.4382281461147425,,,,,,,,,0.6978276741463301,0.2164977988476075,0.5064283926864939
n8_g2_p00,8,5/2,0,1/2,CHORD,NO_SIGNAL,,2,0.4617211962765688,2947/125000,-0.0002708728322051712,-0.00010337614460675937,-4.518811968345915e-05,0.010708251904700278,0.01183305667192876,0.013202478574988193,-0.00012230856791547486,0.00014856426429021852,-0.8232704446107344,5.221517662690189e-16,-3.34913012244471e-05,7.794457935978758e-08,0.0002373035864007278,-6.365350954662397e-16,-0.9726297740021327,-0.3718066844186243,-0.16259494346876593,0.4382281461147425,0.0007833999156194098,0.0,,4.163336342344337e-17,1.5612511283791264e-17,0.3256209854690731,0.21051306227849284,0.03202,0.6978276741463301,0.2164977988476075,0.5064283926864939
n8_g2_p00,8,5/2,0,1/2,CHORD,NO_SIGNAL,,2,0.4617211962765688,58941/1000000,-0.0017126399452980223,-0.0006476315582388814,-0.0002824591884120764,0.00938868897062174,0.01183305667192876,0.01584252277053177,-0.0007825491986479943,0.0009300907466509578,-0.8413686529682974,9.298117831235686e-16,-0.00020932773555125902,3.050051919929171e-06,0.0015002621578279474,1.113258790708116e-15,-0.9726297740021327,-0.3718066844186243,-0.16259494346876593,0.4382281461147425,0.000504659408841889,2.220446049250313e-16,,4.163336342344337e-17,1.9081958235744878e-17,0.31519389853177704,0.19304848956313092,0.020459,0.6978276741463301,0.2164977988476075,0.5064283926864939
n8_g2_p00,8,5/2,0,1/2,CHORD,NO_SIGNAL,,2,0.4617211962765688,100199/1000000,-0.005106703776657007,-0.0018814824523829543,-0.0008164509089083616,0.008281159474483026,0.01183305667192876,0.020202494700107397,-0.0024087704153664506,0.002697933361291316,-0.8928205751581415,7.598088824778415e-16,-0.0006049487032536158,2.557319575859072e-05,0.004476181877645757,9.575673587391975e-16,-0.9726297740021327,-0.3718066844186243,-0.16259494346876593,0.4382281461147425,0.0001568110352151784,2.220446049250313e-16,1.4137996329210978e-16,4.163336342344337e-17,1.734723475976807e-17,0.3039123616586545,0.17267373087260635,0.006285,0.6978276741463301,0.2164977988476075,0.5064283926864939
n8_g2_p01,8,5/2,1,1,DIRECTION,ACCEPTED,,2,1.0,,,,,,,,,,,,,,,,-1.3406449852142308,-0.4145995279948958,-0.5948795144479009,0.3311659427714342,,,,,,,,,0.48806056011620674,0.5591258489750838,0.6108130407270111
n8_g2_p01,8,5/2,1,1,CHORD,NO_SIGNAL,,2,1.0,17383/1000000,-0.00020259668091338057,-6.264167428193801e-05,-8.988116849018013e-05,0.011956265259085065,0.01183305667192876,0.011809995761056843,-5.007383814219224e-05,0.00015252284277211814,-0.3283038607994393,9.298117831235686e-16,-2.7738986146237733e-05,4.521756714903025e-08,0.0001748124772005255,5.316927453868914e-16,-1.3406449852142308,-0.4145995279948958,-0.5948795144479009,0.3311659427714342,0.0009474332333467146,2.220446049250313e-16,,4.163336342344337e-17,1.5612511283791264e-17,0.3324761406323988,0.21230100729100396,0.038977,0.48806056011620674,0.5591258489750838,0.6108130407270111
n8_g2_p01,8,5/2,1,1,CHORD,NO_SIGNAL,,2,1.0,21729/500000,-0.0012677787830934761,-0.00039159092104901205,-0.0005619076946059565,0.012330779798871093,0.01183305667192876,0.011963893879865982,-0.00031428016743977744,0.0009534986156549685,-0.32960736626124515,1.2698175844150228e-15,-0.00017337265282045566,1.7675650469355499e-06,0.001092638565227233,1.1481701006621492e-15,-1.3406449852142308,-0.4145995279948958,-0.5948795144479009,0.3311659427714342,0.0009233984785899849,0.0,,4.163336342344337e-17,1.5612511283791264e-17,0.33235984752453507,0.19751856247206653,0.038132,0.48806056011620674,0.5591258489750838,0.6108130407270111
n8_g2_p01,8,5/2,1,1,CHORD,NO_SIGNAL,,2,1.0,36939/500000,-0.0036737786526757077,-0.001132144518879663,-0.0016247819703640864,0.013064368322815666,0.01183305667192876,0.012435449347908183,-0.0009168521634331638,0.0027569264892437495,-0.33256315212258886,1.205632815803881e-15,-0.0005010388282471684,1.4784852523764988e-05,0.003157954971905852,1.0776969594505914e-15,-1.3406449852142308,-0.4145995279948958,-0.5948795144479009,0.3311659427714342,0.0008858151165853293,2.220446049250313e-16,2.9371036852632315e-16,4.163336342344337e-17,1.3877787807814457e-17,0.33235984752453507,0.1802728492834922,0.036786,0.48806056011620674,0.5591258489750838,0.6108130407270111
n8_g2_p02,8,5/2,2,2,DIRECTION,ACCEPTED,,2,0.469709712868975,,,,,,,,,,,,,,,,-3.8119090329899743,-1.3055096929515668,-1.4201071407500154,1.0862921992883923,,,,,,,,,0.9678443149811333,0.9735048171582462,1.1082023943277985
n8_g2_p02,8,5/2,2,2,CHORD,NO_SIGNAL,,2,0.469709712868975,2699/200000,-0.00034748962970443387,-0.00011889607959725268,-0.0001293259081789344,0.011114850071544034,0.01183305667192876,0.012749798556171253,-9.926764192888168e-05,0.0002482219877761871,-0.39991478119330737,6.349087922075114e-16,-4.3132479148746904e-05,9.185122349439673e-08,0.0003042652993325845,3.9193908535350985e-16,-3.8119090329899743,-1.3055096929515668,-1.4201071407500154,1.0862921992883923,0.000873867657404933,2.220446049250313e-16,,4.163336342344337e-17,1.5612511283791264e-17,0.3286654035152744,0.20782373632643858,0.039187,0.9678443149811333,0.9735048171582462,1.1082023943277985
n8_g2_p02,8,5/2,2,2,CHORD,NO_SIGNAL,,2,0.469709712868975,16869/500000,-0.0021852677962348466,-0.0007437683456550381,-0.0008087866762247486,0.010377226758341787,0.01183305667192876,0.014554312134227735,-0.000632712774356,0.0015525550218797868,-0.4075300169329461,9.402201239794294e-16,-0.00026958598519796295,3.595226355257907e-06,0.0019120865846824486,8.23126289350995e-16,-3.8119090329899743,-1.3055096929515668,-1.4201071407500154,1.0862921992883923,0.0005874752738798135,2.220446049250313e-16,,4.163336342344337e-17,1.8214596497756474e-17,0.3234675382496981,0.18632513750760415,0.027934,0.9678443149811333,0.9735048171582462,1.1082023943277985
n8_g2_p02,8,5/2,2,2,CHORD,NO_SIGNAL,,2,0.469709712868975,11471/200000,-0.006421254806564747,-0.0021537594976517305,-0.0023405287692863652,0.01000275363227373,0.01183305667192876,0.017517292790838017,-0.0019269665396271125,0.004494288266938096,-0.428758999239702,4.614364446098307e-16,-0.0007791143644415052,3.0166764294050773e-05,0.005611973677829951,7.606762442158299e-16,-3.8119090329899743,-1.3055096929515668,-1.4201071407500154,1.0862921992883923,0.0002509238735793587,0.0,4.2457357074532354e-16,4.163336342344337e-17,1.5612511283791264e-17,0.31929406736627486,0.1612432618812438,0.012205,0.9678443149811333,0.9735048171582462,1.1082023943277985
n8_g2_p03,8,5/2,3,1/2,DIRECTION,ACCEPTED,,2,0.47394935806872895,,,,,,,,,,,,,,,,-0.7119576486868338,-0.16918058960822435,-0.31244844965246177,0.23032860942614763,,,,,,,,,0.264852056861404,0.6145455661516813,0.5738154427924174
n8_g2_p03,8,5/2,3,1/2,CHORD,NO_SIGNAL,,2,0.47394935806872895,42811/1000000,-0.0006540807969814821,-0.00015505011923755418,-0.00028662411115476516,0.011473607961004837,0.01183305667192876,0.012617318516032053,-0.0002124065665896832,0.00044167423039231934,-0.48091229230424426,5.204170427930421e-16,-9.553211433385768e-05,8.834081038720773e-07,0.000557665274543595,-1.573177352276467e-16,-0.7119576486868338,-0.16918058960822435,-0.31244844965246177,0.23032860942614763,0.0009087582746481798,1.1102230246251565e-16,,4.163336342344337e-17,1.9081958235744878e-17,0.3317382837632271,0.19769505203223117,0.03926,0.264852056861404,0.6145455661516813,0.5738154427924174
n8_g2_p03,8,5/2,3,1/2,CHORD,NO_SIGNAL,,2,0.47394935806872895,107029/1000000,-0.004142947997543445,-0.000969569469953413,-0.0018012937946148,0.011870442952237216,0.01183305667192876,0.014539839857570232,-0.0013720847329749646,0.002770863264568213,-0.4951831259666212,-2.671474153004283e-16,-0.0005970924508439124,3.455890869600703e-05,0.003511296638004424,8.98586760555986e-16,-0.7119576486868338,-0.16918058960822435,-0.31244844965246177,0.23032860942614763,0.0008183845588402281,2.220446049250313e-16,,4.163336342344337e-17,1.3010426069826053e-17,0.33171666163589797,0.16100310073695845,0.038998,0.264852056861404,0.6145455661516813,0.5738154427924174
n8_g2_p03,8,5/2,3,1/2,CHORD,NO_SIGNAL,,2,0.47394935806872895,3639/20000,-0.01234346526185437,-0.0028052076900055845,-0.005270230106150464,0.014210395477808963,0.01183305667192876,0.01799177279744891,-0.004268027465700177,0.008075437796156049,-0.5285196386172129,1.8561541192951836e-15,-0.0017256104604910492,0.00028962496720368947,0.010328229834160041,4.0939474033052647e-16,-0.7119576486868338,-0.16918058960822435,-0.31244844965246177,0.23032860942614763,0.0006776965229986132,2.220446049250313e-16,2.957703526540456e-16,4.163336342344337e-17,1.5612511283791264e-17,0.33171666163589797,0.11819582422580693,0.035009,0.264852056861404,0.6145455661516813,0.5738154427924174
n8_g2_p04,8,5/2,4,1,DIRECTION,ACCEPTED,,2,1.0,,,,,,,,,,,,,,,,-1.1637172050980311,-0.5507272575556227,-0.22880731070965987,0.38418263683274856,,,,,,,,,0.8994418560302913,0.5519329321329235,0.6641782518959504
n8_g2_p04,8,5/2,4,1,CHORD,NO_SIGNAL,,2,1.0,25103/1000000,-0.00036712407691652515,-0.00017364287787868804,-7.210612117436455e-05,0.01194103965704514,0.01183305667192876,0.011967823842540082,-0.00012137507786385074,0.0002457489990530526,-0.49389856451723796,3.7816971776294395e-16,-8.214892553667924e-05,3.972274764118896e-07,0.00028457792390312875,-3.0531133177191805e-16,-1.1637172050980311,-0.5507272575556227,-0.22880731070965987,0.38418263683274856,0.000901851635726454,0.0,,4.163336342344337e-17,1.214306433183765e-17,0.33251859831391467,0.20773701326793556,0.036295,0.8994418560302913,0.5519329321329235,0.6641782518959504
n8_g2_p04,8,5/2,4,1,CHORD,NO_SIGNAL,,2,1.0,31379/500000,-0.0023097811916574784,-0.0010892160992339583,-0.00045111212808901513,0.012535270099831125,0.01183305667192876,0.01266974917269461,-0.000769452964334106,0.0015403282273229735,-0.49953831312393937,-3.9898639947466563e-16,-0.0005134389658219924,1.5553850783742087e-05,0.0017807883750515785,-1.6566609195578508e-16,-1.1637172050980311,-0.5507272575556227,-0.22880731070965987,0.38418263683274856,0.0007954924963192084,2.220446049250313e-16,,4.163336342344337e-17,1.5612511283791264e-17,0.33251859831391467,0.18610857368237352,0.031211,0.8994418560302913,0.5519329321329235,0.6641782518959504
n8_g2_p04,8,5/2,4,1,CHORD,NO_SIGNAL,,2,1.0,106689/1000000,-0.006776844364572376,-0.0031735536366097605,-0.001306605625857049,0.013883763011629451,0.01183305667192876,0.014375720536439292,-0.002296685102105612,0.00448015926246681,-0.5126347005889785,4.5102810375396984e-17,-0.001483849737748284,0.00013063888266541112,0.0051623557441589085,2.2724877535296173e-16,-1.1637172050980311,-0.5507272575556227,-0.22880731070965987,0.38418263683274856,0.0006407028115208604,2.220446049250313e-16,2.5890747878953846e-16,4.163336342344337e-17,1.734723475976807e-17,0.33251859831391467,0.1608752984351732,0.024547,0.8994418560302913,0.5519329321329235,0.6641782518959504
n8_g2_p05,8,5/2,5,2,DIRECTION,ACCEPTED,,2,0.4983277508931903,,,,,,,,,,,,,,,,-4.053022041947861,-0.056859733081778205,-3.046581016826748,0.9495812920393343,,,,,,,,,0.34914474870095014,1.7681449729436478,0.9251621454925256
n8_g2_p05,8,5/2,5,2,CHORD,NO_SIGNAL,,2,0.4983277508931903,3081/200000,-0.0004816806952003816,-6.747425844721988e-06,-0.00036185722228943007,0.012403426597274201,0.01183305667192876,0.011488838840714976,-0.00011307604706582708,0.00036860464813415206,-0.30676782736791086,-4.0245584642661925e-16,-6.515367934956345e-05,3.3668458952031666e-07,0.00041619033126139016,9.23198149871407e-17,-4.053022041947861,-0.056859733081778205,-3.046581016826748,0.9495812920393343,0.0008479134026488695,0.0,,4.163336342344337e-17,1.734723475976807e-17,0.32991364766047876,0.2086406335673033,0.035313,0.34914474870095014,1.7681449729436478,0.9251621454925256
n8_g2_p05,8,5/2,5,2,CHORD,NO_SIGNAL,,2,0.4983277508931903,38513/1000000,-0.003036127586044657,-4.219284605078144e-05,-0.002273513894130552,0.01373691254842041,0.01183305667192876,0.011370042487167251,-0.0007204208458650701,0.0023157067401813336,-0.3111019341804295,1.7468665403086447e-15,-0.0004072210694649717,1.3171625864484963e-05,0.0026157348907158706,6.704706234650359e-16,-4.053022041947861,-0.056859733081778205,-3.046581016826748,0.9495812920393343,0.0006606555449007414,0.0,,4.163336342344337e-17,1.3877787807814457e-17,0.3265110174074379,0.18836747296184367,0.028144,0.34914474870095014,1.7681449729436478,0.9251621454925256
n8_g2_p05,8,5/2,5,2,CHORD,NO_SIGNAL,,2,0.4983277508931903,1023/15625,-0.008952415358967514,-0.00012206923768154354,-0.00664869264977197,0.01620464697639172,0.01183305667192876,0.011824773310495324,-0.0021816534715147617,0.006770761887453514,-0.3222168358272133,7.615436059538183e-16,-0.001176865295733178,0.00011039147260205407,0.007665158590632437,1.5612511283791264e-16,-4.053022041947861,-0.056859733081778205,-3.046581016826748,0.9495812920393343,0.00041150469214909724,0.0,1.947227101783966e-16,4.163336342344337e-17,1.734723475976807e-17,0.3242821836932718,0.164715744696196,0.018001,0.34914474870095014,1.7681449729436478,0.9251621454925256
n8_g2_p06,8,5/2,6,1/2,DIRECTION,ACCEPTED,,2,0.36666229838417136,,,,,,,,,,,,,,,,-0.7263172826721839,-0.3472923139767393,-0.08425458737933995,0.2947703813161046,,,,,,,,,0.499527749459576,0.21243145747237938,0.45409077573761497
n8_g2_p06,8,5/2,6,1/2,CHORD,NO_SIGNAL,,2,0.36666229838417136,841/31250,-0.00026354945378059824,-0.00012578363176718454,-3.0512396465454117e-05,0.01092666835546939,0.01183305667192876,0.012953951839484137,-0.00010725342554800295,0.00015629602823263866,-0.686219776412755,4.336808689942018e-17,-2.7494787552989503e-05,3.988557739461986e-08,0.00023601478065060633,3.9221013589663123e-16,-0.7263172826721839,-0.3472923139767393,-0.08425458737933995,0.2947703813161046,0.0007782991340176603,2.220446049250313e-16,,4.163336342344337e-17,1.3877787807814457e-17,0.3275853327225888,0.20999854731041473,0.031883,0.499527749459576,0.21243145747237938,0.45409077573761497
n8_g2_p06,8,5/2,6,1/2,CHORD,NO_SIGNAL,,2,0.36666229838417136,67281/1000000,-0.0016658187103342215,-0.0007868088042033428,-0.00019075617899000363,0.009889822456013414,0.01183305667192876,0.015152798342127412,-0.0006882537271416522,0.0009775649831933464,-0.7040490800860927,7.771561172376096e-16,-0.00017184753052090464,1.5596521069988214e-06,0.0014924115277068495,5.314759049523943e-16,-0.7263172826721839,-0.3472923139767393,-0.08425458737933995,0.2947703813161046,0.0004966888179155944,1.1102230246251565e-16,,4.163336342344337e-17,1.214306433183765e-17,0.32028195004403676,0.1917622442404323,0.020258,0.499527749459576,0.21243145747237938,0.45409077573761497
n8_g2_p06,8,5/2,6,1/2,CHORD,NO_SIGNAL,,2,0.36666229838417136,114377/1000000,-0.004968996130301662,-0.002278013549880775,-0.0005515919273788583,0.009063167662422144,0.01183305667192876,0.018881726987520775,-0.0021393906530426977,0.0028296054772596335,-0.7560738308700962,6.696032617270475e-16,-0.0004966332842843652,1.3055401661065264e-05,0.0044593074443568526,6.210310043996969e-16,-0.7263172826721839,-0.3472923139767393,-0.08425458737933995,0.2947703813161046,0.00015274160067899742,2.220446049250313e-16,2.0296264668928643e-16,4.163336342344337e-17,1.5612511283791264e-17,0.31290545061905983,0.17048708435577103,0.00619,0.499527749459576,0.21243145747237938,0.45409077573761497
n8_g2_p07,8,5/2,7,1,DIRECTION,ACCEPTED,,2,0.9999999999999998,,,,,,,,,,,,,,,,-1.5003258287864059,-0.45920197788562994,-0.3744596436685766,0.6666642072321993,,,,,,,,,0.6411163520758641,0.7104101788885561,0.7184212081070996
n8_g2_p07,8,5/2,7,1,CHORD,NO_SIGNAL,,2,0.9999999999999998,20311/1000000,-0.0003099305459777213,-9.47437793814565e-05,-7.727495375542404e-05,0.013175674228973385,0.01183305667192876,0.01076626274056614,-0.00013791181284100208,0.00017201873313688054,-0.801725546549988,1.6132928326584306e-16,-6.598691145483037e-05,1.6564669874892275e-07,0.00024377798782460047,4.5845488863549555e-16,-1.5003258287864059,-0.45920197788562994,-0.3744596436685766,0.6666642072321993,0.0008673628196977084,0.0,,4.163336342344337e-17,1.3877787807814457e-17,0.32651146178745494,0.20928871557824488,0.035675,0.6411163520758641,0.7104101788885561,0.7184212081070996
n8_g2_p07,8,5/2,7,1,CHORD,NO_SIGNAL,,2,0.9999999999999998,50779/1000000,-0.0019527386863877894,-0.0005930038050978581,-0.0004841748644572874,0.015814958584622348,0.01183305667192876,0.009602274792902234,-0.0008755600168335303,0.0010771786695551455,-0.8128271024853473,8.864436962241484e-16,-0.00041244256315106924,6.490437894149761e-06,0.0015338056853426707,1.0039712117215771e-16,-1.5003258287864059,-0.45920197788562994,-0.3744596436685766,0.6666642072321993,0.0007184301023701262,2.220446049250313e-16,,4.163336342344337e-17,1.734723475976807e-17,0.31790372715732057,0.18998716639677604,0.029631,0.6411163520758641,0.7104101788885561,0.7184212081070996
n8_g2_p07,8,5/2,7,1,CHORD,NO_SIGNAL,,2,0.9999999999999998,3453/40000,-0.005754020736874921,-0.0017191735287407361,-0.001407015915016352,0.02012858486285066,0.01183305667192876,0.008793191067243961,-0.002627831293118551,0.003126189443757088,-0.8405860682455619,7.181755190543981e-16,-0.001191978338672857,5.458516197025503e-05,0.00450745723623136,-4.484260185400046e-16,-1.5003258287864059,-0.45920197788562994,-0.3744596436685766,0.6666642072321993,0.0004817129426799884,4.440892098500626e-16,2.5999168096202396e-16,4.163336342344337e-17,1.9081958235744878e-17,0.3095197028488056,0.16746869235172906,0.019596,0.6411163520758641,0.7104101788885561,0.7184212081070996
n11_g0_p00,11,1,0,1/2,DIRECTION,ACCEPTED,,2,0.4996738066144011,,,,,,,,,,,,,,,,-0.44527167651451005,-0.33460293054840895,-0.09202647964561302,0.0186422663204881,,,,,,,,,0.6400843294817091,0.4651923699158363,0.5576437374843097
n11_g0_p00,11,1,0,1/2,CHORD,NO_SIGNAL,,2,0.4996738066144011,3541/200000,-6.980503203113386e-05,-5.245144466714535e-05,-1.4424736442641972e-05,9.427486863693031e-05,0.00010662356184883053,0.00012482995690180814,-2.9288509205386984e-06,6.687618110978732e-05,-0.0437951281298576,-8.078390387189494e-16,-1.5286862017785415e-06,9.424542660735409e-09,6.826692128747425e-05,7.796633347614823e-16,-0.44527167651451005,-0.33460293054840895,-0.09202647964561302,0.0186422663204881,7.511152990687658e-05,2.220446049250313e-16,,4.5102810375396984e-17,4.336808689942018e-18,0.12473882639197129,0.07148949933876296,0.141124,0.6400843294817091,0.4651923699158363,0.5576437374843097
n11_g0_p00,11,1,0,1/2,CHORD,NO_SIGNAL,,2,0.4996738066144011,22131/500000,-0.0004367985599733615,-0.00032807532294176767,-9.018876516364571e-05,8.456247698893822e-05,0.00010662356184883053,0.0001657535904473363,-1.853447186930674e-05,0.0004182640881054134,-0.04431284539215705,1.3586408473958977e-15,-9.554072916792772e-06,3.681940591992864e-07,0.00042687629299731356,-5.583641188300348e-17,-0.44527167651451005,-0.33460293054840895,-0.09202647964561302,0.0186422663204881,7.255253491066393e-05,1.1102230246251565e-16,,4.5102810375396984e-17,3.903127820947816e-18,0.11900292019618394,0.0579499542037651,0.140188,0.6400843294817091,0.4651923699158363,0.5576437374843097
n11_g0_p00,11,1,0,1/2,CHORD,NO_SIGNAL,,2,0.4996738066144011,75247/1000000,-0.0012658417751563178,-0.000949881754209958,-0.00026089215739677485,8.345754808680784e-05,0.00010662356184883053,0.00023992530271352763,-5.506786355133719e-05,0.0012107739116067329,-0.04548154120554225,1.7522604461167601e-15,-2.761244498213837e-05,3.076680757775586e-06,0.0012351526494160936,-3.1029866176535137e-16,-0.44527167651451005,-0.33460293054840895,-0.09202647964561302,0.0186422663204881,6.959984567437572e-05,1.1102230246251565e-16,,4.5102810375396984e-17,3.469446951953614e-18,0.11438942142789188,0.04215288352530336,0.138302,0.6400843294817091,0.4651923699158363,0.5576437374843097
n11_g0_p01,11,1,1,1,DIRECTION,ACCEPTED,,2,0.9999999999999999,,,,,,,,,,,,,,,,-0.2979114021899364,-0.20974418996290145,-0.05897328936801456,0.029193922859020394,,,,,,,,,0.6700115184180907,0.3442418024333731,0.7604643923917282
n11_g0_p01,11,1,1,1,CHORD,NO_SIGNAL,,2,0.9999999999999999,12983/1000000,-2.5117174833333422e-05,-1.767921343853729e-05,-4.970307776019922e-06,0.0001110656123663185,0.00010662356184883053,0.00010711681856903379,-2.4676536188456e-06,2.264952121455721e-05,-0.10894948266101093,6.938893903907228e-17,-1.3896217511264172e-06,9.667470998151712e-09,2.3717885611951317e-05,7.424650358498625e-16,-0.2979114021899364,-0.20974418996290145,-0.05897328936801456,0.029193922859020394,7.617462733329814e-05,2.220446049250313e-16,,4.5102810375396984e-17,3.903127820947816e-18,0.12927356906947815,0.07083926483706905,0.141447,0.6700115184180907,0.3442418024333731,0.7604643923917282
n11_g0_p01,11,1,1,1,CHORD,NO_SIGNAL,,2,0.9999999999999999,32457/1000000,-0.00015728789962743406,-0.00011056231685957485,-3.106639999739258e-05,0.00012783854287183607,0.00010662356184883053,0.00011672694636793022,-1.5659182771052613e-05,0.00014162871685696743,-0.11056502606647925,5.85984169174103e-16,-8.684868373187207e-06,3.776552422136707e-07,0.0001482253760132224,1.1892071528907255e-15,-0.2979114021899364,-0.20974418996290145,-0.05897328936801456,0.029193922859020394,7.547494219552597e-05,4.440892098500626e-16,,4.5102810375396984e-17,3.469446951953614e-18,0.12927356906947815,0.05632448570544009,0.141333,0.6700115184180907,0.3442418024333731,0.7604643923917282
n11_g0_p01,11,1,1,1,CHORD,NO_SIGNAL,,2,0.9999999999999999,27589/500000,-0.0004566007670545602,-0.00031999740800658927,-8.980455594898018e-05,0.00016523786565110344,0.00010662356184883053,0.00014160686424576435,-4.679880309960336e-05,0.00040980196395556945,-0.11419858179273457,6.126013325086221e-16,-2.510027036484969e-05,3.155282341394655e-06,0.0004283452143480915,-2.2437563959587514e-16,-0.2979114021899364,-0.20974418996290145,-0.05897328936801456,0.029193922859020394,7.46925776078445e-05,1.1102230246251565e-16,,4.5102810375396984e-17,4.119968255444917e-18,0.12927356906947815,0.039389582929957825,0.141112,0.6700115184180907,0.3442418024333731,0.7604643923917282
n11_g0_p02,11,1,2,2,DIRECTION,ACCEPTED,,2,0.45076119706402673,,,,,,,,,,,,,,,,-2.0383206663847475,-0.7582977368184677,-1.223206035542912,0.05681689402336776,,,,,,,,,0.6660737152046909,1.208891243841493,1.0206452649190179
n11_g0_p02,11,1,2,2,CHORD,NO_SIGNAL,,2,0.45076119706402673,4689/500000,-8.96424820400199e-05,-3.334555851131071e-05,-5.379188819443215e-05,0.00011094748689544258,0.00010662356184883053,0.00010730970747240497,-2.5050353350932402e-06,8.713744670574286e-05,-0.02874809200632848,8.162009479742438e-16,-1.305145594137006e-06,8.415254443922233e-09,8.832892119148283e-05,4.3855977877038654e-17,-2.0383206663847475,-0.7582977368184677,-1.223206035542912,0.05681689402336776,7.589378683491339e-05,1.1102230246251565e-16,,4.5102810375396984e-17,3.2526065174565133e-18,0.12923982837580986,0.07099107091725197,0.141479,0.6660737152046909,1.208891243841493,1.0206452649190179
n11_g0_p02,11,1,2,2,CHORD,NO_SIGNAL,,2,0.45076119706402673,4689/200000,-0.0005606108399236476,-0.00020842933457032586,-0.00033630793974381845,0.00012691877294951945,0.00010662356184883053,0.0001180754819665117,-1.5873565609185046e-05,0.0005447372743141443,-0.029139855775742136,-3.1821333762449555e-16,-8.157159968815716e-06,3.287441836629491e-07,0.0005521249357736124,2.44357485634783e-15,-2.0383206663847475,-0.7582977368184677,-1.223206035542912,0.05681689402336776,7.480068543832305e-05,2.220446049250313e-16,,4.5102810375396984e-17,4.119968255444917e-18,0.12923982837580986,0.0567036282351792,0.141425,0.6660737152046909,1.208891243841493,1.0206452649190179
n11_g0_p02,11,1,2,2,CHORD,NO_SIGNAL,,2,0.45076119706402673,39857/1000000,-0.0016224620634055498,-0.0006025034146008856,-0.0009726621718577633,0.00016095871125031003,0.00010662356184883053,0.00014688136634364945,-4.729647694814919e-05,0.001575165586458649,-0.030026352375106827,1.2483232763454977e-15,-2.357478379040538e-05,2.7462880518823375e-06,0.0015961409915634661,2.0404684886177193e-16,-2.0383206663847475,-0.7582977368184677,-1.223206035542912,0.05681689402336776,7.360160404872562e-05,2.220446049250313e-16,,4.5102810375396984e-17,5.204170427930421e-18,0.12923982837580986,0.04003443727063962,0.141282,0.6660737152046909,1.208891243841493,1.0206452649190179
n11_g0_p03,11,1,3,1/2,DIRECTION,ACCEPTED,,2,0.49995590180787375,,,,,,,,,,,,,,,,-0.3538018121537782,-0.2708906926153539,-0.06385835863106884,0.01905276090735547,,,,,,,,,0.6129373865729734,0.5340562230540116,0.54259891286927
n11_g0_p03,11,1,3,1/2,CHORD,NO_SIGNAL,,2,0.49995590180787375,4549/250000,-5.858424261617756e-05,-4.4849109206435145e-05,-1.0574366968718607e-05,0.00010263963511762142,0.00010662356184883053,0.00011692902146368641,-3.160766441823382e-06,5.542347617515375e-05,-0.05702937924417574,7.995719971537474e-16,-1.8086512101966836e-06,8.767893329826925e-09,5.676682351385409e-05,1.2030375068534938e-15,-0.3538018121537782,-0.2708906926153539,-0.06385835863106884,0.01905276090735547,7.463121904393301e-05,2.220446049250313e-16,,4.5102810375396984e-17,3.686287386450715e-18,0.12665712829528875,0.07120772565802751,0.138226,0.6129373865729734,0.5340562230540116,0.54259891286927
n11_g0_p03,11,1,3,1/2,CHORD,NO_SIGNAL,,2,0.49995590180787375,4549/100000,-0.00036658998194649683,-0.00028043538914523936,-6.61814850895226e-05,0.00010810768739021289,0.00010662356184883053,0.0001450856517325036,-1.9973107712527706e-05,0.00034661687423476195,-0.05762301029522301,7.928228386300251e-16,-1.1304070068148876e-05,3.4255517221489006e-07,0.0003549433567089366,2.8035299776130174e-15,-0.3538018121537782,-0.2708906926153539,-0.06385835863106884,0.01905276090735547,7.164565195356558e-05,2.220446049250313e-16,,4.5102810375396984e-17,3.903127820947816e-18,0.12396495344028817,0.05724526508711804,0.132327,0.6129373865729734,0.5340562230540116,0.54259891286927
n11_g0_p03,11,1,3,1/2,CHORD,NO_SIGNAL,,2,0.49995590180787375,77333/1000000,-0.0010623093396198158,-0.0008112956087296119,-0.00019186096084577997,0.00013188649446567685,0.00010662356184883053,0.0001996661693238215,-5.915277004591864e-05,0.001003156569575392,-0.05896663775122995,1.4947624301514528e-15,-3.266876249965618e-05,2.8621837798968055e-06,0.0010267783933404218,1.5894403848637495e-16,-0.3538018121537782,-0.2708906926153539,-0.06385835863106884,0.01905276090735547,6.824083129007804e-05,2.220446049250313e-16,,4.5102810375396984e-17,4.336808689942018e-18,0.12300782908648172,0.04095572775439033,0.124064,0.6129373865729734,0.5340562230540116,0.54259891286927
n11_g0_p04,11,1,4,1,DIRECTION,ACCEPTED,,2,0.9999999999999999,,,,,,,,,,,,,,,,-0.5991261733450597,-0.44174879393075456,-0.13528647621346057,0.022090903200844503,,,,,,,,,0.8135426834822442,0.4802780745130305,0.6013879495929186
n11_g0_p04,11,1,4,1,CHORD,NO_SIGNAL,,2,0.9999999999999999,16417/1000000,-8.075000384089037e-05,-5.953511601175521e-05,-1.8232122006800466e-05,0.00011452143365038334,0.00010662356184883053,0.00010469122169441373,-2.9827658235680057e-06,7.776723801855567e-05,-0.038355043840650506,1.2333070762565734e-15,-2.139363761950074e-06,1.9724142992800234e-08,7.85909159368714e-05,9.239028812835226e-16,-0.5991261733450597,-0.44174879393075456,-0.13528647621346057,0.022090903200844503,7.539457105786223e-05,2.220446049250313e-16,,4.5102810375396984e-17,5.637851296924623e-18,0.1276416400848209,0.07298153994511203,0.140386,0.8135426834822442,0.4802780745130305,0.6013879495929186
n11_g0_p04,11,1,4,1,CHORD,NO_SIGNAL,,2,0.9999999999999999,41043/1000000,-0.0005051072321569094,-0.00037228476399464583,-0.00011398830624909095,0.00013851163285391878,0.00010662356184883053,0.00011240381467329742,-1.8834161914777582e-05,0.0004862730702437368,-0.03873165730797565,1.60491737087598e-15,-1.3371349309515643e-05,7.705621078988906e-07,0.000490965320739889,3.939990694812323e-16,-0.5991261733450597,-0.44174879393075456,-0.13528647621346057,0.022090903200844503,7.346598716693559e-05,1.1102230246251565e-16,,4.5102810375396984e-17,4.336808689942018e-18,0.1264642152820996,0.06167957133255182,0.138443,0.8135426834822442,0.4802780745130305,0.6013879495929186
n11_g0_p04,11,1,4,1,CHORD,NO_SIGNAL,,2,0.9999999999999999,69773/1000000,-0.0014624180956825938,-0.001077082871657975,-0.0003296514776574,0.00018746781757604953,0.00010662356184883053,0.00013714679885914728,-5.568374636876787e-05,0.001406734349315375,-0.03958369708955203,1.5490267488843523e-15,-3.8643088738277024e-05,6.436780630679094e-06,0.001417338226315401,1.7633464133304244e-15,-0.5991261733450597,-0.44174879393075456,-0.13528647621346057,0.022090903200844503,7.116086383430827e-05,2.220446049250313e-16,,4.5102810375396984e-17,3.903127820947816e-18,0.12643547019582943,0.04849409426608327,0.135657,0.8135426834822442,0.4802780745130305,0.6013879495929186
n11_g0_p05,11,1,5,2,DIRECTION,ACCEPTED,,2,0.48024964887648136,,,,,,,,,,,,,,,,-1.2337763812090252,-0.4339871539797464,-0.7391729989858895,0.0606162282433893,,,,,,,,,0.8653705640660119,1.2672841316353582,1.0489709891386043
n11_g0_p05,11,1,5,2,CHORD,NO_SIGNAL,,2,0.48024964887648136,2353/250000,-5.466135449516685e-05,-1.9223796639433743e-05,-3.2745701023628726e-05,0.00010550447107160971,0.00010662356184883053,0.00011312636629393842,-2.691856833943537e-06,5.196949766306247e-05,-0.051796860754665046,1.8391592502414733e-15,-1.438970991937051e-06,9.883216991168943e-09,5.321250028789137e-05,1.6527442392097469e-15,-1.2337763812090252,-0.4339871539797464,-0.7391729989858895,0.0606162282433893,7.61188483321107e-05,1.1102230246251565e-16,,4.5102810375396984e-17,3.903127820947816e-18,0.12778816834391366,0.0716226360815839,0.141209,0.8653705640660119,1.2672841316353582,1.0489709891386043
n11_g0_p05,11,1,5,2,CHORD,NO_SIGNAL,,2,0.48024964887648136,2353/100000,-0.0003420887173959386,-0.00012019006020347334,-0.00020484469514503445,0.00011297345632575475,0.00010662356184883053,0.00013438159146649927,-1.7053962047296482e-05,0.0003250347553485078,-0.0524681184601657,-1.34332649170954e-16,-8.993568703257772e-06,3.861214717320525e-07,0.00033270902722115636,2.0757050592234982e-16,-1.2337763812090252,-0.4339871539797464,-0.7391729989858895,0.0606162282433893,7.531470622723428e-05,1.1102230246251565e-16,,4.5102810375396984e-17,3.469446951953614e-18,0.12683360486333062,0.058282541146009,0.14074,0.8653705640660119,1.2672841316353582,1.0489709891386043
n11_g0_p05,11,1,5,2,CHORD,NO_SIGNAL,,2,0.48024964887648136,20001/500000,-0.0009916577505020285,-0.00034763568817997026,-0.000593229881308055,0.00013467862746208468,0.00010662356184883053,0.00018015285826514948,-5.0792181014786545e-05,0.0009408655694880252,-0.053984525166996235,7.832547544578405e-16,-2.5992713110676267e-05,3.226357085585587e-06,0.0009624386803057661,-6.505213034913027e-19,-1.2337763812090252,-0.4339871539797464,-0.7391729989858895,0.0606162282433893,7.437896258377712e-05,2.220446049250313e-16,,4.5102810375396984e-17,3.469446951953614e-18,0.12683107329243684,0.04271815215473617,0.135791,0.8653705640660119,1.2672841316353582,1.0489709891386043
n11_g0_p06,11,1,6,1/2,DIRECTION,ACCEPTED,,2,0.4797255428025445,,,,,,,,,,,,,,,,-0.37429569587990164,-0.09061798395668767,-0.2645484719673128,0.019129239955901156,,,,,,,,,0.24820443441730072,0.6078857318722173,0.5937172337841025
n11_g0_p06,11,1,6,1/2,CHORD,NO_SIGNAL,,2,0.4797255428025445,16629/1000000,-5.1763136173832436e-05,-1.252913142169021e-05,-3.65801389667908e-05,0.00011295211131796351,0.00010662356184883053,0.00010560274394901719,-2.6538657846598155e-06,4.910927038848101e-05,-0.054040016552196674,-6.916125658285033e-16,-1.189830808975813e-06,7.729648889783862e-09,5.0565575715921796e-05,-4.5041824003194675e-17,-0.37429569587990164,-0.09061798395668767,-0.2645484719673128,0.019129239955901156,7.605824200517994e-05,1.1102230246251565e-16,,4.5102810375396984e-17,3.469446951953614e-18,0.128016831179034,0.07069292094144819,0.139513,0.24820443441730072,0.6078857318722173,0.5937172337841025
n11_g0_p06,11,1,6,1/2,CHORD,NO_SIGNAL,,2,0.4797255428025445,41573/1000000,-0.000323932585830633,-7.831302427030451e-05,-0.00022873599461181726,0.00013354328750847776,0.00010662356184883053,0.00011347097008624416,-1.688356694853042e-05,0.00030704901888212177,-0.0549865523426803,1.919037845299343e-17,-7.43662144260545e-06,3.020021904781098e-07,0.0003161939621980636,5.141828803012505e-16,-0.37429569587990164,-0.09061798395668767,-0.2645484719673128,0.019129239955901156,7.525893911290524e-05,2.220446049250313e-16,,4.5102810375396984e-17,5.204170427930421e-18,0.1273904505492856,0.05595795793480127,0.135782,0.24820443441730072,0.6078857318722173,0.5937172337841025
n11_g0_p06,11,1,6,1/2,CHORD,NO_SIGNAL,,2,0.4797255428025445,2827/40000,-0.0009388337208706687,-0.00022635687716521247,-0.0006617458919775387,0.00017764845201957604,0.00010662356184883053,0.00013706057513331531,-5.0730951727615144e-05,0.0008881027691427512,-0.057122839259451504,-3.023839859062072e-16,-2.1492383352155037e-05,2.5233948133986264e-06,0.0009148179427045378,-5.773376568485311e-16,-0.37429569587990164,-0.09061798395668767,-0.2645484719673128,0.019129239955901156,7.434649268202962e-05,2.220446049250313e-16,,4.5102810375396984e-17,5.204170427930421e-18,0.1273904505492856,0.03876677394588854,0.130311,0.24820443441730072,0.6078857318722173,0.5937172337841025
n11_g0_p07,11,1,7,1,DIRECTION,ACCEPTED,,2,1.0,,,,,,,,,,,,,,,,-0.44840714337669396,-0.2621870058207618,-0.15863834506218438,0.02758179249374776,,,,,,,,,0.6434287775006464,0.36711009586390714,0.6965846520809893
n11_g0_p07,11,1,7,1,CHORD,NO_SIGNAL,,2,1.0,14173/1000000,-4.5046679106874876e-05,-2.6335211628758515e-05,-1.5933341684259972e-05,0.00011480176369474457,0.00010662356184883053,0.0001040016115936163,-2.7781257953499053e-06,4.2268553313018487e-05,-0.06572559450465643,1.4935155976530945e-15,-1.5223211473860179e-06,1.0517955973988109e-08,4.3513840004116844e-05,6.019761512182642e-16,-0.44840714337669396,-0.2621870058207618,-0.15863834506218438,0.02758179249374776,7.641716741087235e-05,2.220446049250313e-16,,4.5102810375396984e-17,4.119968255444917e-18,0.1278102719032697,0.07089809113425768,0.140771,0.6434287775006464,0.36711009586390714,0.6965846520809893
n11_g0_p07,11,1,7,1,CHORD,NO_SIGNAL,,2,1.0,17717/500000,-0.000281894830894025,-0.00016467284687138317,-9.959798334069347e-05,0.000137454926916982,0.00010662356184883053,0.00011104019814428129,-1.7624000681801098e-05,0.00026427083021207665,-0.06668916379328692,-1.4726176007784364e-16,-9.5153127605185e-06,4.110068006404205e-07,0.0002719685113321546,-7.11453465584988e-16,-0.44840714337669396,-0.2621870058207618,-0.15863834506218438,0.02758179249374776,7.614915348034401e-05,2.220446049250313e-16,,4.5102810375396984e-17,4.119968255444917e-18,0.12688920361165337,0.056470160862477456,0.13942,0.6434287775006464,0.36711009586390714,0.6965846520809893
n11_g0_p07,11,1,7,1,CHORD,NO_SIGNAL,,2,1.0,30119/500000,-0.0008168256947378438,-0.0004763231121169831,-0.0002878801967733935,0.00018057835862644788,0.00010662356184883053,0.0001379135367669183,-5.2622385847852555e-05,0.0007642033088903766,-0.06885914420373326,3.8529834704703614e-16,-2.7499436482545693e-05,3.434324646437833e-06,0.0007858919336110048,2.1445518971763278e-15,-0.44840714337669396,-0.2621870058207618,-0.15863834506218438,0.02758179249374776,7.597344552346046e-05,4.440892098500626e-16,,4.5102810375396984e-17,3.469446951953614e-18,0.12688815815103116,0.039637914850472536,0.137415,0.6434287775006464,0.36711009586390714,0.6965846520809893
n11_g0_p08,11,1,8,2,DIRECTION,ACCEPTED,,2,0.4940208792777843,,,,,,,,,,,,,,,,-1.362084329536295,-0.4749380364878425,-0.8070396071366254,0.08010668591182712,,,,,,,,,0.9244969532899999,1.2779844812836878,1.088892783357679
n11_g0_p08,11,1,8,2,CHORD,NO_SIGNAL,,2,0.4940208792777843,9067/1000000,-5.600755330981144e-05,-1.952626209167363e-05,-3.317872104258157e-05,0.00010340941086131856,0.00010662356184883053,0.0001164428531876071,-3.3025701756322977e-06,5.27049831342552e-05,-0.06266144070703283,7.605678239985814e-17,-1.6247860644407014e-06,1.2041636344101946e-08,5.4370725610652926e-05,1.6262897062011006e-15,-1.362084329536295,-0.4749380364878425,-0.8070396071366254,0.08010668591182712,7.644839504030179e-05,2.220446049250313e-16,,4.5102810375396984e-17,3.2526065174565133e-18,0.12847674778901322,0.07163199139020378,0.13969,0.9244969532899999,1.2779844812836878,1.088892783357679
n11_g0_p08,11,1,8,2,CHORD,NO_SIGNAL,,2,0.4940208792777843,22667/1000000,-0.00035064759761649356,-0.00012215905700285745,-0.00020752728273976118,0.00011076567915781209,0.00010662356184883053,0.00014440396028955104,-2.0961257874851035e-05,0.00032968633974261863,-0.06357939455791582,9.761072158886996e-16,-1.0154464915875178e-05,4.703971013186184e-07,0.00034002273559963214,3.323621759754314e-16,-1.362084329536295,-0.4749380364878425,-0.8070396071366254,0.08010668591182712,7.613320548388998e-05,2.220446049250313e-16,,4.5102810375396984e-17,3.469446951953614e-18,0.12830327823059046,0.0583064193282963,0.136538,0.9244969532899999,1.2779844812836878,1.088892783357679
n11_g0_p08,11,1,8,2,CHORD,NO_SIGNAL,,2,0.4940208792777843,7707/200000,-0.0010174498501820395,-0.0003538754026952695,-0.0006008918331561475,0.0001386962786654552,0.00010662356184883053,0.000199916073695477,-6.268261433163555e-05,0.000954767235851417,-0.06565224693297955,1.0130514049161432e-15,-2.93480790960484e-05,3.930440584004933e-06,0.000984171330502548,5.618335657819884e-16,-1.362084329536295,-0.4749380364878425,-0.8070396071366254,0.08010668591182712,7.575977356034346e-05,1.1102230246251565e-16,,4.5102810375396984e-17,4.336808689942018e-18,0.12830327823059046,0.04275861216077071,0.132087,0.9244969532899999,1.2779844812836878,1.088892783357679
n11_g0_p09,11,1,9,1/2,DIRECTION,ACCEPTED,,2,0.4760415518060592,,,,,,,,,,,,,,,,-0.216955563348014,-0.07356182411305862,-0.12457541275149492,0.018818326483460462,,,,,,,,,0.33250708158302605,0.6761668051230119,0.5240427626093163
n11_g0_p09,11,1,9,1/2,CHORD,NO_SIGNAL,,2,0.4760415518060592,471/25000,-3.851715727165583e-05,-1.3055623204749622e-05,-2.211659828788015e-05,0.00011330632879189516,0.00010662356184883053,0.00010663066646480293,-3.344935779518504e-06,3.5172221492629774e-05,-0.09510163525552187,4.924446267429161e-16,-1.8022524892004042e-06,1.177291801312229e-08,3.670313186443508e-05,-7.230273237762708e-18,-0.216955563348014,-0.07356182411305862,-0.12457541275149492,0.018818326483460462,7.57308095893733e-05,4.440892098500626e-16,,4.5102810375396984e-17,3.2526065174565133e-18,0.1277385813935066,0.07106491763309107,0.140911,0.33250708158302605,0.6761668051230119,0.5240427626093163
n11_g0_p09,11,1,9,1/2,CHORD,NO_SIGNAL,,2,0.4760415518060592,47101/1000000,-0.0002411841207505816,-8.161425132824363e-05,-0.00013849239263397095,0.0001365354747570888,0.00010662356184883053,0.00011886660251883942,-2.107747678913358e-05,0.00022010664396221458,-0.09576029332741053,7.665580410015638e-16,-1.126455637430373e-05,4.599566108026065e-07,0.00022945960776521446,-2.608048325913881e-16,-0.216955563348014,-0.07356182411305862,-0.12457541275149492,0.018818326483460462,7.436445187715722e-05,1.1102230246251565e-16,,4.5102810375396984e-17,3.686287386450715e-18,0.1267086760408981,0.05688774337323384,0.139794,0.33250708158302605,0.6761668051230119,0.5240427626093163
n11_g0_p09,11,1,9,1/2,CHORD,NO_SIGNAL,,2,0.4760415518060592,80071/1000000,-0.0006998893762517611,-0.00023594660069248263,-0.00040191483308138487,0.0001855586171448315,0.00010662356184883053,0.00015174439150814794,-6.202794247765918e-05,0.0006378614337738675,-0.09724360055862716,-2.343774046370539e-16,-3.255399873105138e-05,3.842196786226395e-06,0.0006634931807365518,2.068549324885094e-15,-0.216955563348014,-0.07356182411305862,-0.12457541275149492,0.018818326483460462,7.28030707941959e-05,1.1102230246251565e-16,,4.5102810375396984e-17,3.2526065174565133e-18,0.12670046688930509,0.04034829199686736,0.134229,0.33250708158302605,0.6761668051230119,0.5240427626093163
n11_g0_p10,11,1,10,1,DIRECTION,ACCEPTED,,2,1.0,,,,,,,,,,,,,,,,-0.4581830627560446,-0.2628480445281909,-0.17032225617654698,0.02501276205130676,,,,,,,,,0.645375623409235,0.76938175945501,0.6965950693724824
n11_g0_p10,11,1,10,1,CHORD,NO_SIGNAL,,2,1.0,14173/1000000,-4.6031946443925165e-05,-2.6401898838734894e-05,-1.7110552021470937e-05,0.00011430163671313789,0.00010662356184883053,0.00010398447815066098,-2.5194955830688934e-06,4.351245086020583e-05,-0.057902865346826274,-6.504399883283662e-16,-1.8484098598295606e-06,1.3827539404735244e-08,4.4169709044084016e-05,-6.06855060994449e-16,-0.4581830627560446,-0.2628480445281909,-0.17032225617654698,0.02501276205130676,7.611553563082738e-05,4.440892098500626e-16,,4.5102810375396984e-17,4.7704895589362195e-18,0.1276147720216398,0.07334686917358305,0.139609,0.645375623409235,0.76938175945501,0.6965950693724824
n11_g0_p10,11,1,10,1,CHORD,NO_SIGNAL,,2,1.0,35433/1000000,-0.0002881488435235724,-0.00016509002282649732,-0.0001070720357061461,0.0001364780177990315,0.00010662356184883053,0.0001087426758810129,-1.5986784991191657e-05,0.0002721620585326434,-0.05873994735851171,2.626750813389256e-16,-1.155288768190611e-05,5.402824429963303e-07,0.0002760556733996111,9.411959059346664e-16,-0.4581830627560446,-0.2628480445281909,-0.17032225617654698,0.02501276205130676,7.53282603795068e-05,2.220446049250313e-16,,4.5102810375396984e-17,3.2526065174565133e-18,0.12639636453575648,0.06259287095977419,0.136294,0.645375623409235,0.76938175945501,0.6965950693724824
n11_g0_p10,11,1,10,1,CHORD,NO_SIGNAL,,2,1.0,60237/1000000,-0.000835649393369664,-0.0004776027729360699,-0.0003102809114228222,0.00018170428019095896,0.00010662356184883053,0.00012707426153024952,-4.7765709011773704e-05,0.0007878836843588921,-0.0606253308197911,1.001775702322294e-15,-3.338884311746316e-05,4.514925194491553e-06,0.0007977456250589654,1.2560482168244569e-15,-0.4581830627560446,-0.2628480445281909,-0.17032225617654698,0.02501276205130676,7.440765793301462e-05,1.1102230246251565e-16,,4.5102810375396984e-17,3.469446951953614e-18,0.12635970203024613,0.05004620248868694,0.131652,0.645375623409235,0.76938175945501,0.6965950693724824
n11_g0_p11,11,1,11,2,DIRECTION,ACCEPTED,,2,0.49518535091766336,,,,,,,,,,,,,,,,-0.7846630661504237,-0.47132852046837315,-0.23487642828446836,0.07845811739758224,,,,,,,,,1.0908281974574934,1.0938396151798424,1.1180087064472197
n11_g0_p11,11,1,11,2,CHORD,NO_SIGNAL,,2,0.49518535091766336,8831/1000000,-3.0608950821076064e-05,-1.8381937562761408e-05,-9.161072108021528e-06,9.865238960026943e-05,0.00010662356184883053,0.0001207266163977958,-3.065941150202082e-06,2.7543009670782936e-05,-0.11131467428029007,-9.104587743447023e-17,-1.4781984625395183e-06,9.144880688716463e-09,2.9121607479254408e-05,1.4065761359469131e-15,-0.7846630661504237,-0.47132852046837315,-0.23487642828446836,0.07845811739758224,7.659274181093073e-05,1.1102230246251565e-16,,4.5102810375396984e-17,3.903127820947816e-18,0.12656094433067577,0.07144692840834803,0.141397,1.0908281974574934,1.0938396151798424,1.1180087064472197
n11_g0_p11,11,1,11,2,CHORD,NO_SIGNAL,,2,0.49518535091766336,22077/1000000,-0.0001917032101115268,-0.00011498996616721158,-5.7335150184023576e-05,9.746490941177616e-05,0.00010662356184883053,0.00015453840180936374,-1.937809376173941e-05,0.00017232511635123515,-0.11245078008386626,1.4477622659742062e-15,-9.238321931748707e-06,3.572030753731325e-07,0.00018210768510584785,1.4428833561980214e-15,-0.7846630661504237,-0.47132852046837315,-0.23487642828446836,0.07845811739758224,7.650032402384996e-05,1.1102230246251565e-16,,4.5102810375396984e-17,3.469446951953614e-18,0.12371919749894805,0.057843785444082134,0.140895,1.0908281974574934,1.0938396151798424,1.1180087064472197
n11_g0_p11,11,1,11,2,CHORD,NO_SIGNAL,,2,0.49518535091766336,37531/1000000,-0.000556669994569603,-0.00033302616954866693,-0.00016622673357868933,0.00011190211233938493,0.00010662356184883053,0.000216179194244904,-5.741709144331392e-05,0.0004992529031273563,-0.11500602416861096,1.0672073034317942e-15,-2.669889266266866e-05,2.9836934105508183e-06,0.0005269874084969928,6.093216209368535e-16,-0.7846630661504237,-0.47132852046837315,-0.23487642828446836,0.07845811739758224,7.639631533767029e-05,2.220446049250313e-16,,4.5102810375396984e-17,4.336808689942018e-18,0.12259930658813635,0.04197310966499673,0.139565,1.0908281974574934,1.0938396151798424,1.1180087064472197
n11_g1_p00,11,2,0,1/2,DIRECTION,ACCEPTED,,2,0.4854841562991777,,,,,,,,,,,,,,,,-0.4197069124026722,-0.1666232751375833,-0.17100081115223914,0.08208282611284978,,,,,,,,,0.4711010370174049,0.6044228583339445,0.5383729396213446
n11_g1_p00,11,2,0,1/2,CHORD,NO_SIGNAL,,2,0.4854841562991777,38827/1000000,-0.00031673424868028377,-0.00012562475089028524,-0.00012898869408051183,0.0022108308696364783,0.0019800958165082415,0.0018736023707985698,-6.212080370928243e-05,0.0002546134449707971,-0.24398084600916256,-2.0426368929626904e-16,-3.05324065563412e-05,2.0841875567172756e-07,0.00028599342336921296,9.42117477781279e-16,-0.4197069124026722,-0.1666232751375833,-0.17100081115223914,0.08208282611284978,7.924524236149828e-05,0.0,,2.42861286636753e-17,3.903127820947816e-18,0.2563423617754358,0.14196661682340156,0.06385,0.4711010370174049,0.6044228583339445,0.5383729396213446
n11_g1_p00,11,2,0,1/2,CHORD,NO_SIGNAL,,2,0.4854841562991777,97069/1000000,-0.001992007129359763,-0.0007861481529283232,-0.0008092895031168723,0.0028118863139872385,0.0019800958165082415,0.001941444265655714,-0.0003965694733132348,0.0015954376560451955,-0.2485646943398964,-1.332701310419182e-15,-0.0001908334388038907,8.15160065668159e-06,0.0017930220898980664,-1.124100812432971e-15,-0.4197069124026722,-0.1666232751375833,-0.17100081115223914,0.08208282611284978,7.708549875485125e-05,0.0,,2.42861286636753e-17,3.686287386450715e-18,0.25563821437614487,0.11336770738884142,0.061763,0.4711010370174049,0.6044228583339445,0.5383729396213446
n11_g1_p00,11,2,0,1/2,CHORD,NO_SIGNAL,,2,0.4854841562991777,82509/500000,-0.005839775313608797,-0.002278331781386811,-0.002359082857882555,0.00397997944154798,0.0019800958165082415,0.0023849335401481013,-0.0012023606743397993,0.004637414639269366,-0.2592739204638457,3.681950577760773e-16,-0.000551513317129784,6.82746616722634e-05,0.00521998733480622,-5.299580219109146e-16,-0.4197069124026722,-0.1666232751375833,-0.17100081115223914,0.08208282611284978,7.475535922741741e-05,1.1102230246251565e-16,,2.42861286636753e-17,4.336808689942018e-18,0.25563821437614487,0.08000231304852122,0.057425,0.4711010370174049,0.6044228583339445,0.5383729396213446
n11_g1_p01,11,2,1,1,DIRECTION,ACCEPTED,,2,1.0,,,,,,,,,,,,,,,,-0.4707425128956599,-0.08458886175932231,-0.2192614810327997,0.1668921701035379,,,,,,,,,0.6479954423910956,0.6660450751094708,0.7536062761554477
n11_g1_p01,11,2,1,1,CHORD,NO_SIGNAL,,2,1.0,23337/1000000,-0.0001283612363485176,-2.3066712675934298e-05,-5.972239690699155e-05,0.001999290313494345,0.0019800958165082415,0.0020520455730521866,-4.557212676502449e-05,8.278910958292585e-05,-0.550460404690995,-5.672545766444159e-16,-2.4384537610789507e-05,1.7489233078662227e-07,0.00010380180640723324,2.917859096701614e-16,-0.4707425128956599,-0.08458886175932231,-0.2192614810327997,0.1668921701035379,7.962404588177239e-05,0.0,,2.42861286636753e-17,3.903127820947816e-18,0.2582079914296075,0.14500747377967171,0.061977,0.6479954423910956,0.6660450751094708,0.7536062761554477
n11_g1_p01,11,2,1,1,CHORD,NO_SIGNAL,,2,1.0,29171/500000,-0.00080798033210705,-0.00014523132498567293,-0.00037377694017148855,0.0021850732227207863,0.0019800958165082415,0.002353062544192576,-0.0002889720669484396,0.0005190082651571615,-0.5567773893946287,-1.4489277833096281e-15,-0.0001524007478601987,6.835806200869286e-06,0.0006487437780444694,-1.5126788710517758e-15,-0.4707425128956599,-0.08458886175932231,-0.2192614810327997,0.1668921701035379,7.797516918526385e-05,2.220446049250313e-16,,2.42861286636753e-17,3.0357660829594124e-18,0.2582079914296075,0.12097092966343229,0.057353,0.6479954423910956,0.6660450751094708,0.7536062761554477
n11_g1_p01,11,2,1,1,CHORD,NO_SIGNAL,,2,1.0,49591/500000,-0.0023726598587652248,-0.000426665340538257,-0.0010836046434326008,0.0026305081022399285,0.0019800958165082415,0.0030544632803611357,-0.0008623898747922906,0.0015102699839708578,-0.5710170260583893,-2.076464000744238e-15,-0.00044044349020805167,5.718081036450704e-05,0.0018750355581920175,-6.487865800153259e-16,-0.4707425128956599,-0.08458886175932231,-0.2192614810327997,0.1668921701035379,7.615391285491759e-05,0.0,,2.42861286636753e-17,3.686287386450715e-18,0.2582079914296075,0.09292772264422881,0.050757,0.6479954423910956,0.6660450751094708,0.7536062761554477
n11_g1_p02,11,2,2,2,DIRECTION,ACCEPTED,,2,0.4964003286606888,,,,,,,,,,,,,,,,-2.393181225689905,-0.7026954169462374,-1.4120847694215264,0.27840103932214166,,,,,,,,,0.7687973140670238,1.4583427566354064,1.0480508671800806
n11_g1_p02,11,2,2,2,CHORD,NO_SIGNAL,,2,0.4964003286606888,349/31250,-0.0001492879840654382,-4.3823435588841164e-05,-8.807747852124237e-05,0.002065933439400256,0.0019800958165082415,0.0019290323335279154,-1.7387069955844287e-05,0.00013190091411008353,-0.13181917709329266,4.896257010944538e-16,-1.0416028326772192e-05,2.762577791958743e-08,0.00013884432996036367,-3.827504719416952e-16,-2.393181225689905,-0.7026954169462374,-1.4120847694215264,0.27840103932214166,7.960379336569291e-05,2.220446049250313e-16,,2.42861286636753e-17,3.903127820947816e-18,0.25735302759458495,0.15062603029025412,0.063196,0.7687973140670238,1.4583427566354064,1.0480508671800806
n11_g1_p02,11,2,2,2,CHORD,NO_SIGNAL,,2,0.4964003286606888,349/12500,-0.0009345020357169886,-0.00027395770175120404,-0.0005510392559218147,0.002262765290565866,0.0019800958165082415,0.0019164364985373161,-0.00010950507804334975,0.0008249969576730187,-0.13273391741009458,-6.201636426617085e-16,-6.510017704664672e-05,1.0796391839225681e-06,0.0008683222194854068,-1.0125364088842126e-15,-2.393181225689905,-0.7026954169462374,-1.4120847694215264,0.27840103932214166,7.790929714707992e-05,2.220446049250313e-16,,2.42861286636753e-17,4.553649124439119e-18,0.2562751898558314,0.13501697760973383,0.061005,0.7687973140670238,1.4583427566354064,1.0480508671800806
n11_g1_p02,11,2,2,2,CHORD,NO_SIGNAL,,2,0.4964003286606888,9493/200000,-0.002710331511673658,-0.0007921697383959092,-0.0015961944654190319,0.0026042320663966197,0.0019800958165082415,0.001999894182336091,-0.00032196730785811383,0.002388364203814941,-0.13480662092650464,-6.032500887709347e-16,-0.00018814743942345558,9.027716597567655e-06,0.002513156355652413,-2.220446049250313e-16,-2.393181225689905,-0.7026954169462374,-1.4120847694215264,0.27840103932214166,7.601168181050229e-05,0.0,,2.42861286636753e-17,3.469446951953614e-18,0.25617991050445865,0.11680548437664115,0.058254,0.7687973140670238,1.4583427566354064,1.0480508671800806
n11_g1_p03,11,2,3,1/2,DIRECTION,ACCEPTED,,2,0.4961635827413457,,,,,,,,,,,,,,,,-0.3329048466175976,-0.1533240275805635,-0.10247411424494839,0.07710670479208576,,,,,,,,,0.4870582411834008,0.6239407416154624,0.5480624726800797
n11_g1_p03,11,2,3,1/2,CHORD,NO_SIGNAL,,2,0.4961635827413457,13253/250000,-0.0004689733141507446,-0.0002155769221330317,-0.00014433347840281385,0.002074576165269259,0.0019800958165082415,0.002103741294977894,-0.00010906291361533491,0.00035991040053584555,-0.3030279576610143,4.358492733391728e-16,-5.474122146148004e-05,8.508373797925498e-07,0.00041338125530820946,-1.26255342985937e-15,-0.3329048466175976,-0.1533240275805635,-0.10247411424494839,0.07710670479208576,8.045298603848554e-05,0.0,,2.42861286636753e-17,4.553649124439119e-18,0.25841849659199867,0.13482567781060706,0.059661,0.4870582411834008,0.6239407416154624,0.5480624726800797
n11_g1_p03,11,2,3,1/2,CHORD,NO_SIGNAL,,2,0.4961635827413457,13253/100000,-0.0029709271887483624,-0.0013518323702226276,-0.0009133778677163917,0.0026502423307717257,0.0019800958165082415,0.0027213832038644184,-0.0007057169508098305,0.0022652102379390193,-0.31154589494170776,4.874572967494828e-16,-0.0003421326341333161,3.329423375649012e-05,0.002595500320858868,3.1181654480683108e-16,-0.3329048466175976,-0.1533240275805635,-0.10247411424494839,0.07710670479208576,7.819645034868744e-05,1.1102230246251565e-16,,2.42861286636753e-17,4.119968255444917e-18,0.25841849659199867,0.0955160964106162,0.049079,0.4870582411834008,0.6239407416154624,0.5480624726800797
n11_g1_p03,11,2,3,1/2,CHORD,NO_SIGNAL,,2,0.4961635827413457,225301/1000000,-0.008857200803543464,-0.003936280527558456,-0.002713573802900271,0.004115100494853421,0.0019800958165082415,0.004259784084333306,-0.002207346473085122,0.0066498543304587265,-0.3319390716537475,3.8510861166685117e-16,-0.0009887633126460552,0.00027927475493360866,0.007589162735962773,-1.0269562977782698e-15,-0.3329048466175976,-0.1533240275805635,-0.10247411424494839,0.07710670479208576,7.228864665695778e-05,2.220446049250313e-16,,2.42861286636753e-17,4.336808689942018e-18,0.25841849659199867,0.049654918110626875,0.02996,0.4870582411834008,0.6239407416154624,0.5480624726800797
n11_g1_p04,11,2,4,1,DIRECTION,ACCEPTED,,2,1.0,,,,,,,,,,,,,,,,-0.7395244398635945,-0.2672620166700539,-0.3567826514595033,0.11547977173403734,,,,,,,,,0.5837187257754161,0.7295319818369878,0.6564740742988925
n11_g1_p04,11,2,4,1,CHORD,NO_SIGNAL,,2,1.0,23499/1000000,-0.00020428476930423045,-7.380123307232367e-05,-9.854146764620708e-05,0.0019191274972994474,0.0019800958165082415,0.0021049482728867546,-3.194206858485923e-05,0.00017234270071853075,-0.18534042028868317,-8.40473524110763e-16,-2.1345219586308805e-05,9.69874241713033e-08,0.00018284256229250673,-1.2436069968951857e-15,-0.7395244398635945,-0.2672620166700539,-0.3567826514595033,0.11547977173403734,7.876312233672763e-05,1.1102230246251565e-16,,2.42861286636753e-17,3.903127820947816e-18,0.25545167200018054,0.14886778239386214,0.062665,0.5837187257754161,0.7295319818369878,0.6564740742988925
n11_g1_p04,11,2,4,1,CHORD,NO_SIGNAL,,2,1.0,58747/1000000,-0.0012800813359490348,-0.0004615714455860065,-0.0006169668477324919,0.0019419824174207363,0.0019800958165082415,0.0024212953008540773,-0.00020154304262916516,0.0010785382933184984,-0.18686683994227768,-1.371298907759666e-15,-0.00013340535155908904,3.791580772469238e-06,0.0011428844036167618,-7.147060721024445e-16,-0.7395244398635945,-0.2672620166700539,-0.3567826514595033,0.11547977173403734,7.575707018395197e-05,0.0,,2.42861286636753e-17,3.686287386450715e-18,0.25222627911231627,0.1306216166943,0.059358,0.5837187257754161,0.7295319818369878,0.6564740742988925
n11_g1_p04,11,2,4,1,CHORD,NO_SIGNAL,,2,1.0,99871/1000000,-0.0037213193381937515,-0.0013360691514501255,-0.001790226079096513,0.00213972267511492,0.0019800958165082415,0.003010517173191048,-0.0005950241076447425,0.0031262952305466385,-0.19032882813844212,-2.370499629922307e-15,-0.0003855499590134481,3.172961077153557e-05,0.0033040397684080958,-6.722053469410127e-16,-0.7395244398635945,-0.2672620166700539,-0.3567826514595033,0.11547977173403734,6.780311475447825e-05,2.220446049250313e-16,,2.42861286636753e-17,3.903127820947816e-18,0.2510996714596259,0.10933373317668782,0.054756,0.5837187257754161,0.7295319818369878,0.6564740742988925
n11_g1_p05,11,2,5,2,DIRECTION,ACCEPTED,,2,0.4047127678908755,,,,,,,,,,,,,,,,-1.9463778933265095,-1.3348998665847946,-0.4039333587732032,0.20754466796851156,,,,,,,,,0.831196189246457,0.9794114294412217,0.9038837456562908
n11_g1_p05,11,2,5,2,CHORD,NO_SIGNAL,,2,0.4047127678908755,37/3125,-0.00013645660250638514,-9.357126391629222e-05,-2.8319527332065775e-05,0.001974642958684403,0.0019800958165082415,0.0020146802968443052,-1.4565811256112872e-05,0.000121890791248358,-0.11949886539364875,-1.9142673557404066e-15,-6.661908582821895e-06,1.2529135740397646e-08,0.0001297821647856523,-2.1705456442616677e-15,-1.9463778933265095,-1.3348998665847946,-0.4039333587732032,0.20754466796851156,8.058614073840147e-05,0.0,,2.42861286636753e-17,4.119968255444917e-18,0.25867345522640034,0.15088744125422826,0.063922,0.831196189246457,0.9794114294412217,0.9038837456562908
n11_g1_p05,11,2,5,2,CHORD,NO_SIGNAL,,2,0.4047127678908755,29601/1000000,-0.0008538832958366882,-0.0005850042531285737,-0.0001772292304291767,0.002023302120514034,0.0019800958165082415,0.002120189137060092,-9.164981227882153e-05,0.0007622334835577504,-0.12023850205457119,-1.1622647289044608e-16,-4.163974199472926e-05,4.896980813756641e-07,0.0008117538557597115,-8.718069668955941e-16,-1.9463778933265095,-1.3348998665847946,-0.4039333587732032,0.20754466796851156,8.035995774579459e-05,0.0,,2.42861286636753e-17,3.686287386450715e-18,0.25867345522640034,0.13566964821019653,0.062604,0.831196189246457,0.9794114294412217,0.9038837456562908
n11_g1_p05,11,2,5,2,CHORD,NO_SIGNAL,,2,0.4047127678908755,50323/1000000,-0.0024742237521646615,-0.0016916904637476193,-0.0005136531311613624,0.0021728739471359075,0.0019800958165082415,0.002325078000386567,-0.00026888015725299577,0.0022053435949089817,-0.12192211584340122,-2.6840508982051148e-15,-0.00012034507206192777,4.094458235028568e-06,0.002349784221866713,-9.922618282587337e-16,-1.9463778933265095,-1.3348998665847946,-0.4039333587732032,0.20754466796851156,7.99311347809224e-05,2.220446049250313e-16,,2.42861286636753e-17,4.119968255444917e-18,0.25867345522640034,0.11791484231759894,0.060448,0.831196189246457,0.9794114294412217,0.9038837456562908
n11_g1_p06,11,2,6,1/2,DIRECTION,ACCEPTED,,2,0.4991403692284422,,,,,,,,,,,,,,,,-0.32849046134751364,-0.052211471124601554,-0.18800056937507928,0.0882784208478328,,,,,,,,,0.45728719685487235,0.6430140691340033,0.5577984786934516
n11_g1_p06,11,2,6,1/2,CHORD,NO_SIGNAL,,2,0.4991403692284422,51507/1000000,-0.0004370645444877752,-6.937418842944965e-05,-0.0002498458911937007,0.0022266128243412487,0.0019800958165082415,0.001969267738402657,-0.00011784446486371152,0.00031922007962315035,-0.36916369735522503,-9.13331910101789e-16,-5.6260085837170115e-05,7.372905965172698e-07,0.00038006716805227825,-1.809587635986931e-15,-0.32849046134751364,-0.052211471124601554,-0.18800056937507928,0.0882784208478328,7.715196405341565e-05,0.0,,2.42861286636753e-17,3.0357660829594124e-18,0.25556973255648585,0.13482581913422348,0.055891,0.45728719685487235,0.6430140691340033,0.5577984786934516
n11_g1_p06,11,2,6,1/2,CHORD,NO_SIGNAL,,2,0.4991403692284422,2012/15625,-0.002776224936416938,-0.00043742224838094756,-0.0015770335802010038,0.003076213628612115,0.0019800958165082415,0.0024075162200700184,-0.000761769107832825,0.0020144558285819514,-0.37815130866833746,-2.1614654510671016e-15,-0.00035162826718998833,2.884739682474206e-05,0.0023957492724004936,-1.7139067942650854e-15,-0.32849046134751364,-0.052211471124601554,-0.18800056937507928,0.0882784208478328,6.991878353275729e-05,0.0,,2.42861286636753e-17,4.553649124439119e-18,0.25518945237839236,0.09551619532465973,0.040314,0.45728719685487235,0.6430140691340033,0.5577984786934516
n11_g1_p06,11,2,6,1/2,CHORD,NO_SIGNAL,,2,0.4991403692284422,109453/500000,-0.008335588387032189,-0.0012892427510426963,-0.004662253626217527,0.004976451556309961,0.0019800958165082415,0.0037519240962486447,-0.0023840920097710615,0.005951496377260224,-0.40058698832117584,-9.037909309839165e-16,-0.0010162094059494773,0.00024196908406093695,0.007077409897020992,-7.8236028766554e-16,-0.32849046134751364,-0.052211471124601554,-0.18800056937507928,0.0882784208478328,5.207553360600467e-05,2.220446049250313e-16,,2.42861286636753e-17,4.7704895589362195e-18,0.25518945237839236,0.04965488274850283,0.018161,0.45728719685487235,0.6430140691340033,0.5577984786934516
n11_g1_p07,11,2,7,1,DIRECTION,ACCEPTED,,2,0.9999999999999999,,,,,,,,,,,,,,,,-0.6554935212980127,-0.25332039693951125,-0.25271340861929936,0.14945971573920214,,,,,,,,,0.6919440598953034,0.65934961667691,0.700582897052946
n11_g1_p07,11,2,7,1,CHORD,NO_SIGNAL,,2,0.9999999999999999,4733/250000,-0.0001175410147400413,-4.541021513748689e-05,-4.5299672009946335e-05,0.0018752340120537685,0.0019800958165082415,0.002138619876146494,-2.683112759188991e-05,9.070988714743322e-05,-0.295790552007639,-7.181755190543981e-16,-1.5619886775356814e-05,5.7700272289655226e-08,0.00010186342769191725,-4.775910569798647e-16,-0.6554935212980127,-0.25332039693951125,-0.25271340861929936,0.14945971573920214,7.974030902249981e-05,1.1102230246251565e-16,,2.42861286636753e-17,4.553649124439119e-18,0.25517997343814164,0.14999989206268816,0.060789,0.6919440598953034,0.65934961667691,0.700582897052946
n11_g1_p07,11,2,7,1,CHORD,NO_SIGNAL,,2,0.9999999999999999,4733/100000,-0.0007369312122005311,-0.00028422714871068067,-0.00028347851342225283,0.0018054233632864803,0.0019800958165082415,0.002493219369862044,-0.0001692255500660208,0.0005677056621329335,-0.2980867751613072,-1.5768636396629176e-15,-9.762429234331301e-05,2.2556936822615053e-06,0.000637051226173746,-1.2106201457973143e-15,-0.6554935212980127,-0.25332039693951125,-0.25271340861929936,0.14945971573920214,7.825442470155713e-05,2.220446049250313e-16,,2.42861286636753e-17,3.903127820947816e-18,0.25107472824781707,0.13345163204081895,0.054647,0.6919440598953034,0.65934961667691,0.700582897052946
n11_g1_p07,11,2,7,1,CHORD,NO_SIGNAL,,2,0.9999999999999999,40231/500000,-0.002144905879653436,-0.000824129342556823,-0.0008215930996602339,0.0018378609748599698,0.0019800958165082415,0.0031206975330297132,-0.0004991834374366002,0.0016457224422170569,-0.3033217659498637,2.211772431870429e-16,-0.0002821412178593886,1.8874772038515145e-05,0.001843889889755701,1.687018580387445e-16,-0.6554935212980127,-0.25332039693951125,-0.25271340861929936,0.14945971573920214,7.660605804013534e-05,2.220446049250313e-16,,2.42861286636753e-17,4.553649124439119e-18,0.24822237448561968,0.11414474595572244,0.046767,0.6919440598953034,0.65934961667691,0.700582897052946
n11_g1_p08,11,2,8,2,DIRECTION,ACCEPTED,,2,0.4889732889700815,,,,,,,,,,,,,,,,-2.045207028562541,-1.1660034339283905,-0.5723855697930154,0.3068180248411354,,,,,,,,,0.9977442383388935,1.1213142204970181,1.1162335839946038
n11_g1_p08,11,2,8,2,CHORD,NO_SIGNAL,,2,0.4889732889700815,10411/1000000,-0.00011086387206127313,-6.319445199043372e-05,-3.1024616927055604e-05,0.0020815384024921602,0.0019800958165082415,0.0019119428368101197,-1.6644803142898228e-05,9.421906891748932e-05,-0.17666066258280072,-8.8557633448616e-16,-8.251447943176505e-06,1.486647921398224e-08,0.0001025975576389726,8.996167526198473e-17,-2.045207028562541,-1.1660034339283905,-0.5723855697930154,0.3068180248411354,8.005645527478365e-05,1.1102230246251565e-16,,2.42861286636753e-17,3.686287386450715e-18,0.2557325958468926,0.1502020967137798,0.062056,0.9977442383388935,1.1213142204970181,1.1162335839946038
n11_g1_p08,11,2,8,2,CHORD,NO_SIGNAL,,2,0.4889732889700815,6507/250000,-0.0006937485243110331,-0.000395096270955797,-0.00019405872667022095,0.002301746441721044,0.0019800958165082415,0.0018676322446624213,-0.00010459352668349114,0.000589154997626018,-0.17753142569433775,-1.523954573645625e-15,-5.1573531088815506e-05,5.809747509127044e-07,0.000641594018470748,-5.568462357885551e-16,-2.045207028562541,-1.1660034339283905,-0.5723855697930154,0.3068180248411354,7.899314230097693e-05,2.220446049250313e-16,,2.42861286636753e-17,4.336808689942018e-18,0.25217269519003166,0.1339566235471045,0.05787,0.9977442383388935,1.1213142204970181,1.1162335839946038
n11_g1_p08,11,2,8,2,CHORD,NO_SIGNAL,,2,0.4889732889700815,44247/1000000,-0.002010282030772359,-0.0011425517615553105,-0.000561774606772758,0.0026746395777942867,0.0019800958165082415,0.0018974633801097937,-0.0003059556624437987,0.0017043263683280685,-0.17951706206595802,-4.917941054394248e-16,-0.00014904346268673811,4.856059213603702e-06,0.0018563825088699915,-2.0257233390719165e-15,-2.045207028562541,-1.1660034339283905,-0.5723855697930154,0.3068180248411354,7.775959925822426e-05,2.220446049250313e-16,,2.42861286636753e-17,3.469446951953614e-18,0.24949913110211713,0.11500443838838917,0.052278,0.9977442383388935,1.1213142204970181,1.1162335839946038
n11_g1_p09,11,2,9,1/2,DIRECTION,ACCEPTED,,2,0.49978821036080534,,,,,,,,,,,,,,,,-0.3834736518028578,-0.07717416415097565,-0.222790827475604,0.08350866017627817,,,,,,,,,0.47190494877171296,0.641423759620262,0.5543516206567515
n11_g1_p09,11,2,9,1/2,CHORD,NO_SIGNAL,,2,0.49978821036080534,44511/1000000,-0.0003807076204900284,-7.653421198439148e-05,-0.00022089618365672692,0.0019605314310600173,0.0019800958165082415,0.002166214651654965,-8.327722484924955e-05,0.0002974303956411184,-0.2799889522714835,3.3957212042246e-16,-3.956398823722686e-05,4.7654297079526847e-07,0.00034066708928026657,-1.7397108059702404e-15,-0.3834736518028578,-0.07717416415097565,-0.222790827475604,0.08350866017627817,7.874412199171373e-05,1.1102230246251565e-16,,2.42861286636753e-17,4.119968255444917e-18,0.25866562787866015,0.138467733814643,0.06257,0.47190494877171296,0.641423759620262,0.5543516206567515
n11_g1_p09,11,2,9,1/2,CHORD,NO_SIGNAL,,2,0.49978821036080534,111279/1000000,-0.0024072037411366765,-0.00048112350614815114,-0.0013871090625503513,0.0022201511825216784,0.0019800958165082415,0.002817982795367725,-0.0005389711724364601,0.0018682325686985024,-0.28849254716286876,-1.7139067942650854e-15,-0.0002472815929621143,1.8634356985495375e-05,0.0021412877911890504,-1.6479873021779667e-17,-0.3834736518028578,-0.07717416415097565,-0.222790827475604,0.08350866017627817,7.379333248057175e-05,2.220446049250313e-16,,2.42861286636753e-17,3.469446951953614e-18,0.25866562787866015,0.10462047601322487,0.058162,0.47190494877171296,0.641423759620262,0.5543516206567515
n11_g1_p09,11,2,9,1/2,CHORD,NO_SIGNAL,,2,0.49978821036080534,7567/40000,-0.007144653831261394,-0.0014085441367277518,-0.00405135657226996,0.0029793349667290563,0.0019800958165082415,0.004350362910813245,-0.0016847531222629092,0.005459900708997711,-0.30856845427362795,-7.732529894166618e-16,-0.0007146490924508451,0.00015601517827277747,0.006273989560536819,-9.52363188311267e-16,-0.3834736518028578,-0.07717416415097565,-0.222790827475604,0.08350866017627817,6.498144126660456e-05,4.440892098500626e-16,,2.42861286636753e-17,4.7704895589362195e-18,0.25866562787866015,0.06513200857823706,0.049459,0.47190494877171296,0.641423759620262,0.5543516206567515
n11_g1_p10,11,2,10,1,DIRECTION,ACCEPTED,,2,1.0,,,,,,,,,,,,,,,,-0.6738641916406861,-0.30894663861513944,-0.28528675746154275,0.07963079556400399,,,,,,,,,0.6322734030162778,0.570034844714773,0.592950999709
n11_g1_p10,11,2,10,1,CHORD,NO_SIGNAL,,2,1.0,2257/125000,-0.00010987660212791184,-5.0366508804522425e-05,-4.650784972959343e-05,0.0020346802288048827,0.0019800958165082415,0.0019515158913981838,-1.300224359329161e-05,9.687435853411586e-05,-0.13421759679278455,-5.043708506402567e-16,-8.41579716613996e-06,2.195782727290594e-08,0.00010143884713365026,-8.487134606216529e-16,-0.6738641916406861,-0.30894663861513944,-0.28528675746154275,0.07963079556400399,8.032936207196906e-05,0.0,,2.42861286636753e-17,3.903127820947816e-18,0.2569509182509159,0.15272677039392563,0.061208,0.6322734030162778,0.570034844714773,0.592950999709
n11_g1_p10,11,2,10,1,CHORD,NO_SIGNAL,,2,1.0,45141/1000000,-0.0006877565483662806,-0.00031497707006789,-0.0002907979361301827,0.0021731084509019425,0.0019800958165082415,0.001951046266449262,-8.198154216736055e-05,0.0006057750061980727,-0.135333319018703,-8.474124180146703e-16,-5.2601062780044936e-05,8.583299419194559e-07,0.0006342971556438926,-4.2370620900733513e-16,-0.6738641916406861,-0.30894663861513944,-0.28528675746154275,0.07963079556400399,7.964868504047935e-05,2.220446049250313e-16,,2.42861286636753e-17,3.903127820947816e-18,0.255100044014852,0.14026836789466487,0.055912,0.6322734030162778,0.570034844714773,0.592950999709
n11_g1_p10,11,2,10,1,CHORD,NO_SIGNAL,,2,1.0,3837/50000,-0.0019941778327652315,-0.0009114146143680557,-0.000841136582812041,0.0024378809447398123,0.0019800958165082415,0.002005563959443289,-0.00024162663558330907,0.0017525511971800967,-0.13787137058939733,-1.8257964584655895e-15,-0.00015201826000582668,7.178986059582996e-06,0.0018349805867003965,5.7462715141731735e-16,-0.6738641916406861,-0.30894663861513944,-0.28528675746154275,0.07963079556400399,7.802227287609377e-05,2.220446049250313e-16,,2.42861286636753e-17,4.119968255444917e-18,0.254209193261562,0.1257336416412353,0.049344,0.6322734030162778,0.570034844714773,0.592950999709
n11_g1_p11,11,2,11,2,DIRECTION,ACCEPTED,,2,0.4978780973038535,,,,,,,,,,,,,,,,-1.6048025508547386,-0.4466441012295608,-0.8632906464651677,0.29486780316001004,,,,,,,,,0.8446056486900358,1.3596137761407716,1.0925941795721499
n11_g1_p11,11,2,11,2,CHORD,NO_SIGNAL,,2,0.4978780973038535,891/62500,-0.00016316242702174577,-4.539569021755341e-05,-8.775430817742347e-05,0.0019997691046525655,0.0019800958165082415,0.0020204473856129156,-3.001242862449901e-05,0.00013314999839497688,-0.22540314672381728,-2.269885668315652e-15,-1.692133942350235e-05,6.398967964441852e-08,0.00014617709791853173,-6.727474480272555e-17,-1.6048025508547386,-0.4466441012295608,-0.8632906464651677,0.29486780316001004,7.908982994739652e-05,2.220446049250313e-16,,2.42861286636753e-17,3.686287386450715e-18,0.2578248108071423,0.14690135202197302,0.063834,0.8446056486900358,1.3596137761407716,1.0925941795721499
n11_g1_p11,11,2,11,2,CHORD,NO_SIGNAL,,2,0.4978780973038535,17821/500000,-0.001022762655980003,-0.0002840557060563853,-0.0005494960927716619,0.0021409768261987086,0.0019800958165082415,0.002197636521117121,-0.00018921085714967327,0.0008335517988280472,-0.22699352027756278,-2.282462413516484e-15,-0.00010577024135097906,2.501413957348985e-06,0.0009144910006719797,3.0487765090292385e-16,-1.6048025508547386,-0.4466441012295608,-0.8632906464651677,0.29486780316001004,7.661390420674835e-05,2.220446049250313e-16,,2.42861286636753e-17,3.903127820947816e-18,0.25772281016775705,0.1257032995157162,0.06262,0.8446056486900358,1.3596137761407716,1.0925941795721499
n11_g1_p11,11,2,11,2,CHORD,NO_SIGNAL,,2,0.4978780973038535,3787/62500,-0.002974747240040543,-0.000822896009194718,-0.0015944160487837422,0.002479646063884594,0.0019800958165082415,0.0025954159332512924,-0.0005574351820597017,0.00241731205797846,-0.23060124993786335,-2.3809079707781677e-15,-0.00030568205138235957,2.0917094114868856e-05,0.0026481480945417246,-1.5898740657327437e-15,-1.6048025508547386,-0.4466441012295608,-0.8632906464651677,0.29486780316001004,7.37892114817756e-05,2.220446049250313e-16,,2.42861286636753e-17,3.0357660829594124e-18,0.25772281016775705,0.10097256866230239,0.061011,0.8446056486900358,1.3596137761407716,1.0925941795721499
n11_g2_p00,11,5/2,0,1/2,DIRECTION,ACCEPTED,,2,0.49737988074268713,,,,,,,,,,,,,,,,-0.5425719476545026,-0.2606891257092487,-0.15443563376549604,0.12744718817975786,,,,,,,,,0.6868924080689337,0.426607946991027,0.5387949812855288
n11_g2_p00,11,5/2,0,1/2,CHORD,NO_SIGNAL,,2,0.49737988074268713,29561/1000000,-0.00023728351594431984,-0.00011396368611737984,-6.748642474896371e-05,0.005643772022303066,0.005496121921034187,0.00546013862992048,-5.583340507758598e-05,0.00018145011086634355,-0.30770664625668354,-3.903127820947816e-16,-3.099471894879222e-05,1.1293825003797276e-07,0.00020617585874482813,-6.615259555420305e-16,-0.5425719476545026,-0.2606891257092487,-0.15443563376549604,0.12744718817975786,6.675207260402387e-05,2.220446049250313e-16,,4.85722573273506e-17,4.336808689942018e-18,0.3233805112085492,0.18709717171135234,0.021401,0.6868924080689337,0.426607946991027,0.5387949812855288
n11_g2_p00,11,5/2,0,1/2,CHORD,NO_SIGNAL,,2,0.49737988074268713,36951/500000,-0.0014902754851044975,-0.0007142956358912045,-0.0004220942550912099,0.006075155423652152,0.005496121921034187,0.005624859606658147,-0.00035388559412096246,0.0011363898909824144,-0.3114121279405493,-1.1206313654810174e-15,-0.0001937143721949353,4.415943613330522e-06,0.0012921451692946562,-1.575562597055935e-15,-0.5425719476545026,-0.2606891257092487,-0.15443563376549604,0.12744718817975786,5.437995513811302e-05,2.220446049250313e-16,,4.85722573273506e-17,4.553649124439119e-18,0.3233805112085492,0.16580804669490323,0.017963,0.6868924080689337,0.426607946991027,0.5387949812855288
n11_g2_p00,11,5/2,0,1/2,CHORD,NO_SIGNAL,,2,0.49737988074268713,62817/500000,-0.004355593646646838,-0.0020776692142945308,-0.0012218884574259903,0.006917252984389285,0.005496121921034187,0.006187062807531495,-0.0010560359749262034,0.003299557671720521,-0.3200538011434557,-1.1362438767648086e-16,-0.0005598398829716023,3.69688572478598e-05,0.003758784906426449,-9.272096979096034e-16,-0.5425719476545026,-0.2606891257092487,-0.15443563376549604,0.12744718817975786,3.788222014824554e-05,2.220446049250313e-16,,4.85722573273506e-17,4.336808689942018e-18,0.3233805112085492,0.1409703340733804,0.013013,0.6868924080689337,0.426607946991027,0.5387949812855288
n11_g2_p01,11,5/2,1,1,DIRECTION,ACCEPTED,,2,0.9999999999999998,,,,,,,,,,,,,,,,-0.74855031521853,-0.29020527727230194,-0.23129302875788332,0.22705200918834478,,,,,,,,,0.6143506823372116,0.8106812729919501,0.6774487991541789
n11_g2_p01,11,5/2,1,1,CHORD,NO_SIGNAL,,2,0.9999999999999998,2107/100000,-0.00016628641481819528,-6.44279038182205e-05,-5.1376329108343555e-05,0.005487653088325686,0.005496121921034187,0.005605555117525761,-5.0482181891536686e-05,0.00011580423292656405,-0.4359269140321442,-9.454242944073599e-17,-2.9215053121242618e-05,1.0721560900216648e-07,0.00013696414608865837,7.078755984157858e-16,-0.74855031521853,-0.29020527727230194,-0.23129302875788332,0.22705200918834478,7.125975425937249e-05,2.220446049250313e-16,,4.85722573273506e-17,4.336808689942018e-18,0.322824887477012,0.19015812234384774,0.022291,0.6143506823372116,0.8106812729919501,0.6774487991541789
n11_g2_p01,11,5/2,1,1,CHORD,NO_SIGNAL,,2,0.9999999999999998,2107/40000,-0.0010435384842670814,-0.0004030136237394011,-0.0003222728241141226,0.005668198013827857,0.005496121921034187,0.0059605499010659205,-0.0003182520364127016,0.0007252864478535237,-0.43879495798462054,-8.560860353945543e-16,-0.00018259408200895877,4.193550040443116e-06,0.0008567508522174805,-1.9905951886833861e-16,-0.74855031521853,-0.29020527727230194,-0.23129302875788332,0.22705200918834478,6.54299409279404e-05,4.440892098500626e-16,,4.85722573273506e-17,4.119968255444917e-18,0.3227650344077919,0.1734601832147424,0.020308,0.6143506823372116,0.8106812729919501,0.6774487991541789
n11_g2_p01,11,5/2,1,1,CHORD,NO_SIGNAL,,2,0.9999999999999998,89549/1000000,-0.0030439231075689577,-0.0011669607590607534,-0.0009390318320701141,0.006189595515021134,0.005496121921034187,0.0066785093599233515,-0.0009379305164380564,0.0021059925911308675,-0.4453626856941649,-3.382710778154774e-17,-0.0005277145759399686,3.513273748369339e-05,0.0024810757941446937,-6.019490461639521e-16,-0.74855031521853,-0.29020527727230194,-0.23129302875788332,0.22705200918834478,5.623244898392543e-05,2.220446049250313e-16,,4.85722573273506e-17,4.9873299934333204e-18,0.3227650344077919,0.15397846173248864,0.017355,0.6143506823372116,0.8106812729919501,0.6774487991541789
n11_g2_p02,11,5/2,2,2,DIRECTION,ACCEPTED,,2,0.49856623448997517,,,,,,,,,,,,,,,,-1.999977411856652,-0.5080206203686596,-0.8759505669022014,0.6160062245857911,,,,,,,,,0.8175113042614357,1.4102739726027398,1.074373309018236
n11_g2_p02,11,5/2,2,2,CHORD,NO_SIGNAL,,2,0.49856623448997517,11221/1000000,-0.00012601932373712543,-3.1986105303083434e-05,-5.5164305942767555e-05,0.005840355774455851,0.005496121921034187,0.005229625892592184,-3.8868912489830286e-05,8.715041124585099e-05,-0.4459980387261883,-1.444157293750692e-15,-1.906516398348513e-05,3.1853055289028104e-08,0.00010692230669828717,-6.410345344820545e-17,-1.999977411856652,-0.5080206203686596,-0.8759505669022014,0.6160062245857911,6.122387574921821e-05,1.1102230246251565e-16,,4.85722573273506e-17,4.7704895589362195e-18,0.320319285710324,0.19046992373130356,0.019429,0.8175113042614357,1.4102739726027398,1.074373309018236
n11_g2_p02,11,5/2,2,2,CHORD,NO_SIGNAL,,2,0.49856623448997517,14027/500000,-0.0007914780271951471,-0.00020004798156492143,-0.00034542118164360147,0.006518212330236092,0.005496121921034187,0.004966049239805781,-0.00024600886398675,0.0005454691632085229,-0.4510041640845338,1.2576745200831851e-16,-0.00011917001819624783,1.2460775830579433e-06,0.0006710619314151955,-6.45859234149615e-16,-1.999977411856652,-0.5080206203686596,-0.8759505669022014,0.6160062245857911,4.009718468724528e-05,2.220446049250313e-16,,4.85722573273506e-17,4.119968255444917e-18,0.3164810778044439,0.1742382402671046,0.012854,0.8175113042614357,1.4102739726027398,1.074373309018236
n11_g2_p02,11,5/2,2,2,CHORD,NO_SIGNAL,,2,0.49856623448997517,11923/250000,-0.0023164072778545375,-0.0005788829372486148,-0.0010022472502875246,0.0076075823011766755,0.005496121921034187,0.004855215721528697,-0.0007352770903184995,0.0015811301875361394,-0.46503260523048706,1.0148132334464322e-16,-0.0003444042411544462,1.0437950791963968e-05,0.00196156508590839,2.6281060661048627e-16,-1.999977411856652,-0.5080206203686596,-0.8759505669022014,0.6160062245857911,1.2688367542883006e-05,1.1102230246251565e-16,,4.85722573273506e-17,4.7704895589362195e-18,0.3132659015817229,0.15530175836429827,0.004107,0.8175113042614357,1.4102739726027398,1.074373309018236
n11_g2_p03,11,5/2,3,1/2,DIRECTION,ACCEPTED,,2,0.4861491670079534,,,,,,,,,,,,,,,,-0.4801963520574225,-0.15069514773811737,-0.18181608536436822,0.1476851189549369,,,,,,,,,0.4927823928833809,0.46514932924876573,0.5964016474062047
n11_g2_p03,11,5/2,3,1/2,CHORD,NO_SIGNAL,,2,0.4861491670079534,22761/500000,-0.0004981976960616308,-0.00015622040190699238,-0.00018844500011194754,0.005858251523817852,0.005496121921034187,0.0054410569063350345,-0.00015353229404225632,0.0003446654020189399,-0.4454531645558653,-4.345482307321902e-16,-6.764029739911043e-05,4.4643058051140635e-07,0.0004301109680824311,4.2218832596585543e-16,-0.4801963520574225,-0.15069514773811737,-0.18181608536436822,0.1476851189549369,7.192418174532784e-05,2.220446049250313e-16,,4.85722573273506e-17,5.854691731421724e-18,0.32325093575909086,0.17484001929537982,0.021738,0.4927823928833809,0.46514932924876573,0.5964016474062047
n11_g2_p03,11,5/2,3,1/2,CHORD,NO_SIGNAL,,2,0.4861491670079534,22761/200000,-0.0031354319280731957,-0.0009790512016878417,-0.001179775295321761,0.0070368852336173595,0.005496121921034187,0.005908569470578235,-0.0009766054310636103,0.0021588264970096027,-0.45237791569466096,1.734723475976807e-17,-0.00042275185874871045,1.7481608945437712e-05,0.0026951984603789114,-1.3617579286417936e-16,-0.4801963520574225,-0.15069514773811737,-0.18181608536436822,0.1476851189549369,6.50447825827143e-05,0.0,,4.85722573273506e-17,5.637851296924623e-18,0.32325093575909086,0.13516492559357257,0.018653,0.4927823928833809,0.46514932924876573,0.5964016474062047
n11_g2_p03,11,5/2,3,1/2,CHORD,NO_SIGNAL,,2,0.4861491670079534,193469/1000000,-0.009207279871376706,-0.0028470241139428865,-0.00342264603889042,0.00956141560171915,0.005496121921034187,0.007306047677432601,-0.002937609718541688,0.0062696701528333065,-0.4685429451522521,-1.7113047090511202e-15,-0.001221759186787743,0.00014687629217424047,0.00783864439241544,7.164407955784213e-16,-0.4801963520574225,-0.15069514773811737,-0.18181608536436822,0.1476851189549369,5.151965260932915e-05,0.0,,4.85722573273506e-17,4.7704895589362195e-18,0.32325093575909086,0.08887702575524133,0.01406,0.4927823928833809,0.46514932924876573,0.5964016474062047
n11_g2_p04,11,5/2,4,1,DIRECTION,ACCEPTED,,2,0.9999999999999998,,,,,,,,,,,,,,,,-0.9845758756346368,-0.2727964240027083,-0.49299162809618013,0.21878782353574833,,,,,,,,,0.6350852793390775,0.7742168581255147,0.6604483111981857
n11_g2_p04,11,5/2,4,1,CHORD,NO_SIGNAL,,2,0.9999999999999998,22761/1000000,-0.0002552003975564432,-7.067994378928688e-05,-0.0001277379856361449,0.005628792575706367,0.005496121921034187,0.005477016202626136,-5.6782468132064376e-05,0.0001984179294254318,-0.2861760945519997,1.052977149917922e-15,-3.9421954794014686e-05,1.207355527403794e-07,0.00021565770721032607,6.379445582904708e-16,-0.9845758756346368,-0.2727964240027083,-0.49299162809618013,0.21878782353574833,6.864809259922401e-05,2.220446049250313e-16,,4.85722573273506e-17,4.7704895589362195e-18,0.32340165029429496,0.19012395827923667,0.021541,0.6350852793390775,0.7742168581255147,0.6604483111981857
n11_g2_p04,11,5/2,4,1,CHORD,NO_SIGNAL,,2,0.9999999999999998,28451/500000,-0.0016004271975047502,-0.0004423021765078694,-0.0007995879900439817,0.006043893827621192,0.005496121921034187,0.005665424076352716,-0.0003585370309527672,0.0012418901665518511,-0.2887026893435005,-1.3183898417423734e-16,-0.000246382887498176,4.728571223472799e-06,0.0013493157387838295,7.281501790412648e-16,-0.9845758756346368,-0.2727964240027083,-0.49299162809618013,0.21878782353574833,5.752185229524145e-05,0.0,,4.85722573273506e-17,4.336808689942018e-18,0.32340165029429496,0.17337501834391997,0.017933,0.6350852793390775,0.7742168581255147,0.6604483111981857
n11_g2_p04,11,5/2,4,1,CHORD,NO_SIGNAL,,2,0.9999999999999998,48367/500000,-0.004662064064154592,-0.001281921828427901,-0.0023190101464543034,0.006880112524601712,0.005496121921034187,0.006234395496010676,-0.0010611320892720067,0.0036009319748822044,-0.29468262568517944,-3.8077180297690916e-16,-0.0007120553780018239,3.974558907690502e-05,0.003910263097075095,-7.676151381197371e-16,-0.9845758756346368,-0.2727964240027083,-0.49299162809618013,0.21878782353574833,4.005366706852635e-05,1.1102230246251565e-16,,4.85722573273506e-17,3.903127820947816e-18,0.32340165029429496,0.15383417960154172,0.012377,0.6350852793390775,0.7742168581255147,0.6604483111981857
n11_g2_p05,11,5/2,5,2,DIRECTION,ACCEPTED,,2,0.49237209639966845,,,,,,,,,,,,,,,,-3.096863670059494,-2.469843211645048,-0.2191494405141378,0.407871017900308,,,,,,,,,1.6620210737493002,0.6756692427658927,0.8951660818248125
n11_g2_p05,11,5/2,5,2,CHORD,NO_SIGNAL,,2,0.49237209639966845,1241/125000,-0.00015265772202344152,-0.00012174496285455305,-1.0800966455448702e-05,0.005471265294882006,0.005496121921034187,0.005561202132613569,-2.011179271360023e-05,0.00013254592931000175,-0.1517345181273901,1.6046192152785466e-16,-1.294912743509549e-05,2.195017157109814e-08,0.00013968664441676992,-5.014435047745458e-18,-3.096863670059494,-2.469843211645048,-0.2191494405141378,0.407871017900308,7.289278519574697e-05,1.1102230246251565e-16,,4.85722573273506e-17,4.119968255444917e-18,0.3231689126721369,0.19307928804911287,0.023309,1.6620210737493002,0.6756692427658927,0.8951660818248125
n11_g2_p05,11,5/2,5,2,CHORD,NO_SIGNAL,,2,0.49237209639966845,12411/500000,-0.0009554575964658696,-0.000761841240521477,-6.754036017309062e-05,0.005508967657565541,0.005496121921034187,0.005735428176043997,-0.0001260759957705821,0.0008293816006945676,-0.1520120480910108,-7.199102425303749e-16,-8.094509003574255e-05,8.580841937489957e-07,0.000873654422236747,3.690624195140657e-16,-3.096863670059494,-2.469843211645048,-0.2191494405141378,0.407871017900308,7.092538791312807e-05,2.220446049250313e-16,,4.85722573273506e-17,4.7704895589362195e-18,0.32313758552090666,0.18076144340987257,0.023266,1.6620210737493002,0.6756692427658927,0.8951660818248125
n11_g2_p05,11,5/2,5,2,CHORD,NO_SIGNAL,,2,0.49237209639966845,42197/1000000,-0.0027690329013649873,-0.0022070032934577988,-0.00019534041845048478,0.0056672528389571965,0.005496121921034187,0.006058369382025471,-0.0003666891894571469,0.0024023437119082836,-0.15263810404793,4.432218481120742e-16,-0.00023392687523265195,7.17375317906677e-06,0.0025279322729545584,1.289766904388756e-15,-3.096863670059494,-2.469843211645048,-0.2191494405141378,0.407871017900308,6.837788609474295e-05,1.1102230246251565e-16,,4.85722573273506e-17,3.686287386450715e-18,0.32313758552090666,0.166391727376114,0.023213,1.6620210737493002,0.6756692427658927,0.8951660818248125
n11_g2_p06,11,5/2,6,1/2,DIRECTION,ACCEPTED,,2,0.4420519254774482,,,,,,,,,,,,,,,,-0.3919035012207652,-0.13930219444443348,-0.11999168452962407,0.1326096222467077,,,,,,,,,0.284766141738146,0.5435850622242984,0.54010148798253
n11_g2_p06,11,5/2,6,1/2,CHORD,NO_SIGNAL,,2,0.4420519254774482,39631/1000000,-0.00030813028550991106,-0.00010940247270996295,-9.429066821198262e-05,0.005697466934706335,0.005496121921034187,0.005503651196538964,-0.00010443714458846249,0.00020369314092194557,-0.5127180233745937,4.969982758673552e-16,-3.851566962289486e-05,1.751180081330021e-07,0.00026943949788016397,1.2807680263571264e-15,-0.3919035012207652,-0.13930219444443348,-0.11999168452962407,0.1326096222467077,6.975299435680527e-05,0.0,,4.85722573273506e-17,4.7704895589362195e-18,0.32315347840646685,0.17998916166774587,0.022967,0.284766141738146,0.5435850622242984,0.54010148798253
n11_g2_p06,11,5/2,6,1/2,CHORD,NO_SIGNAL,,2,0.4420519254774482,99077/1000000,-0.0019379361299591835,-0.0006839994575833508,-0.0005912903443228146,0.0064314196744777955,0.005496121921034187,0.005886116823696448,-0.0006626463280529349,0.0012752898019061654,-0.5196045064129602,-8.326672684688674e-17,-0.00024072050551144733,6.853519210065233e-06,0.0016903621052373197,-3.5128150388530344e-16,-0.3919035012207652,-0.13930219444443348,-0.11999168452962407,0.1326096222467077,6.0148216227534976e-05,0.0,,4.85722573273506e-17,4.336808689942018e-18,0.32315347840646685,0.14803805026512123,0.021259,0.284766141738146,0.5435850622242984,0.54010148798253
n11_g2_p06,11,5/2,6,1/2,CHORD,NO_SIGNAL,,2,0.4420519254774482,10527/62500,-0.005682691151350561,-0.0019783556053796225,-0.0017217857595124286,0.008058626358918495,0.005496121921034187,0.006898717056065453,-0.001982549786457787,0.003700141364892051,-0.5358037953005685,-7.225123277443402e-16,-0.000695691347776739,5.7505997658449484e-05,0.004929493805915897,5.238864897449957e-16,-0.3919035012207652,-0.13930219444443348,-0.11999168452962407,0.1326096222467077,4.4249119308064096e-05,2.220446049250313e-16,,4.85722573273506e-17,4.553649124439119e-18,0.32315347840646685,0.11076103698703642,0.017056,0.284766141738146,0.5435850622242984,0.54010148798253
n11_g2_p07,11,5/2,7,1,DIRECTION,ACCEPTED,,2,0.9999999999999997,,,,,,,,,,,,,,,,-0.7679271781290304,-0.14261297024186054,-0.3710885795534708,0.2542256283336991,,,,,,,,,0.6934636091292051,0.6950669912101932,0.70697470399579
n11_g2_p07,11,5/2,7,1,CHORD,NO_SIGNAL,,2,0.9999999999999997,6147/250000,-0.0002323916118820435,-4.316011790050922e-05,-0.00011219936975415123,0.005644391330839226,0.005496121921034187,0.005501916759683662,-7.703212422725727e-05,0.00015535948765466046,-0.4958314769838034,-1.2576745200831851e-16,-4.0785192480474684e-05,2.1481180532019834e-07,0.0001913916075961808,-6.78168458889683e-17,-0.7679271781290304,-0.14261297024186054,-0.3710885795534708,0.2542256283336991,6.593315445572205e-05,2.220446049250313e-16,,4.85722573273506e-17,3.903127820947816e-18,0.32338985112002433,0.18746765172910923,0.020449,0.6934636091292051,0.6950669912101932,0.70697470399579
n11_g2_p07,11,5/2,7,1,CHORD,NO_SIGNAL,,2,0.9999999999999997,6147/100000,-0.001461034337947531,-0.00027140448866092015,-0.0007020643565391893,0.00616078627412983,0.005496121921034187,0.005806588553432559,-0.0004875654927470078,0.0009734688452001095,-0.5008537203332709,-4.137315490204685e-16,-0.00025490745300165395,8.403369812745552e-06,0.0011977235151334753,3.43908929112402e-16,-0.7679271781290304,-0.14261297024186054,-0.3710885795534708,0.2542256283336991,5.083697629047199e-05,3.3306690738754696e-16,,4.85722573273506e-17,5.637851296924623e-18,0.32338985112002433,0.16673400667789612,0.015464,0.6934636091292051,0.6950669912101932,0.70697470399579
n11_g2_p07,11,5/2,7,1,CHORD,NO_SIGNAL,,2,0.9999999999999997,104499/1000000,-0.004280264264065359,-0.0007951276081761272,-0.0020343060381806666,0.007240629412313654,0.005496121921034187,0.006653275665173075,-0.0014508306177091774,0.0028294336463567937,-0.512763612455546,6.123573870198129e-16,-0.0007366825391746379,7.043444787020498e-05,0.0034731472770213045,7.884318198314588e-16,-0.7679271781290304,-0.14261297024186054,-0.3710885795534708,0.2542256283336991,2.8893179883752627e-05,2.220446049250313e-16,,4.85722573273506e-17,3.903127820947816e-18,0.32338985112002433,0.1425447541181475,0.008631,0.6934636091292051,0.6950669912101932,0.70697470399579
n11_g2_p08,11,5/2,8,2,DIRECTION,ACCEPTED,,2,0.47574362246994734,,,,,,,,,,,,,,,,-2.8885833790685935,-0.3429927497018467,-2.0757247594971364,0.46986586986961054,,,,,,,,,0.6668505529581018,1.3968571534210552,1.0163681574987824
n11_g2_p08,11,5/2,8,2,CHORD,NO_SIGNAL,,2,0.47574362246994734,7803/1000000,-8.794636948739054e-05,-1.0442165768509426e-05,-6.31949624807504e-05,0.005547108420959425,0.005496121921034187,0.00547375390358668,-1.4309241238865365e-05,7.363712824925983e-05,-0.19432101141191904,7.346553920761778e-16,-7.420606545291449e-06,6.144626858874732e-09,8.051961831423426e-05,-1.0059498806863632e-15,-2.8885833790685935,-0.3429927497018467,-2.0757247594971364,0.46986586986961054,7.21103914869149e-05,4.440892098500626e-16,,4.85722573273506e-17,4.553649124439119e-18,0.322789181858838,0.19393852967402644,0.023148,0.6668505529581018,1.3968571534210552,1.0163681574987824
n11_g2_p08,11,5/2,8,2,CHORD,NO_SIGNAL,,2,0.47574362246994734,19507/1000000,-0.000549901379839568,-6.526999426270663e-05,-0.00039504131403589327,0.005678041585138577,0.005496121921034187,0.005493382400011515,-8.959007154085968e-05,0.0004603113082985999,-0.1946293083087661,-1.0842021724855044e-16,-4.637641346422695e-05,2.400430090355638e-07,0.0005032849233650438,-1.2616860681213815e-15,-2.8885833790685935,-0.3429927497018467,-2.0757247594971364,0.46986586986961054,6.896341337364901e-05,0.0,,4.85722573273506e-17,4.7704895589362195e-18,0.3222147570814392,0.1829116726123466,0.02283,0.6668505529581018,1.3968571534210552,1.0163681574987824
n11_g2_p08,11,5/2,8,2,CHORD,NO_SIGNAL,,2,0.47574362246994734,16581/500000,-0.0015909532710605134,-0.0001886952087257754,-0.0011422824861675451,0.005915532889539624,0.005496121921034187,0.0055966621048603934,-0.0002599755761658216,0.0013309776948933205,-0.1953267715629592,-1.371298907759666e-15,-0.00013402864324023168,2.0057026720424453e-06,0.001454918925148263,2.3852447794681098e-17,-2.8885833790685935,-0.3429927497018467,-2.0757247594971364,0.46986586986961054,6.502980183019125e-05,1.1102230246251565e-16,,4.85722573273506e-17,5.637851296924623e-18,0.322070954138504,0.17004669199228178,0.022397,0.6668505529581018,1.3968571534210552,1.0163681574987824
n11_g2_p09,11,5/2,9,1/2,DIRECTION,ACCEPTED,,2,0.46107885293013234,,,,,,,,,,,,,,,,-0.5843529218600816,-0.09613480467869444,-0.38642632979647634,0.10179178738491079,,,,,,,,,0.43107412573624715,0.6020192037755709,0.4977540135654152
n11_g2_p09,11,5/2,9,1/2,CHORD,NO_SIGNAL,,2,0.46107885293013234,22941/1000000,-0.00015383638576604852,-2.5303117698882716e-05,-0.00010169961928241378,0.005463883420803025,0.005496121921034187,0.005582027718834308,-2.6833648784479677e-05,0.0001270027369812965,-0.21128401971708238,-2.723515857283587e-16,-1.4366793331192181e-05,2.6247395646530654e-08,0.00013944334503968037,4.705437428587089e-16,-0.5843529218600816,-0.09613480467869444,-0.38642632979647634,0.10179178738491079,6.851727734415033e-05,3.3306690738754696e-16,,4.85722573273506e-17,4.7704895589362195e-18,0.32213110984547233,0.1909509591484383,0.021945,0.43107412573624715,0.6020192037755709,0.4977540135654152
n11_g2_p09,11,5/2,9,1/2,CHORD,NO_SIGNAL,,2,0.46107885293013234,28677/500000,-0.0009637417526233705,-0.0001583414999748456,-0.0006361016241971384,0.005510642563305683,0.005496121921034187,0.005820198535665494,-0.00016929862845140118,0.000794443124171984,-0.21310352283287026,1.474514954580286e-17,-8.979715525140031e-05,1.0264152927828524e-06,0.0008729181820790188,-1.684850176042474e-16,-0.5843529218600816,-0.09613480467869444,-0.38642632979647634,0.10179178738491079,5.892155767650287e-05,0.0,,4.85722573273506e-17,3.903127820947816e-18,0.32095859902524315,0.17544159920146296,0.019351,0.43107412573624715,0.6020192037755709,0.4977540135654152
n11_g2_p09,11,5/2,9,1/2,CHORD,NO_SIGNAL,,2,0.46107885293013234,48751/500000,-0.00279991707709204,-0.00045883728221607356,-0.0018412516969066317,0.005704539541737372,0.005496121921034187,0.006287360496268242,-0.0004998280979686201,0.0023000889791227053,-0.2173081574258329,-7.147060721024445e-16,-0.0002595148433314075,8.592382823720791e-06,0.002531809850935929,-9.831545300098554e-16,-0.5843529218600816,-0.09613480467869444,-0.38642632979647634,0.10179178738491079,4.585914093175089e-05,2.220446049250313e-16,,4.85722573273506e-17,4.7704895589362195e-18,0.3206768500536907,0.15734757127157706,0.015502,0.43107412573624715,0.6020192037755709,0.4977540135654152
n11_g2_p10,11,5/2,10,1,DIRECTION,ACCEPTED,,2,0.9999999999999997,,,,,,,,,,,,,,,,-0.6209427779981314,-0.19849329904643628,-0.1708553075861959,0.25159417136549916,,,,,,,,,0.411919719045194,0.7845452111074319,0.757217076284789
n11_g2_p10,11,5/2,10,1,CHORD,NO_SIGNAL,,2,0.9999999999999997,19723/1000000,-0.00012085963437957759,-3.860786316689513e-05,-3.32528499091822e-05,0.0055396463563608545,0.005496121921034187,0.005550595328314043,-4.899892130326173e-05,7.186071307607733e-05,-0.6818596588568174,-2.38524477946811e-16,-2.633797134468642e-05,7.418430401649839e-08,9.444747873121884e-05,3.441664271283673e-16,-0.6209427779981314,-0.19849329904643628,-0.1708553075861959,0.25159417136549916,7.049252489881094e-05,2.220446049250313e-16,,4.85722573273506e-17,4.553649124439119e-18,0.32229755140369276,0.1870184846162543,0.022142,0.411919719045194,0.7845452111074319,0.757217076284789
n11_g2_p10,11,5/2,10,1,CHORD,NO_SIGNAL,,2,0.9999999999999997,49309/1000000,-0.0007582949068458689,-0.0002413545738431111,-0.00020855782456941085,0.0057904740119217955,0.005496121921034187,0.005818534847015654,-0.0003083825084345378,0.00044991239841252195,-0.6854278955695365,1.190887666258078e-15,-0.00016462233651911882,2.900755466014239e-06,0.0005907718148598917,-8.441598114972138e-16,-0.6209427779981314,-0.19849329904643628,-0.1708553075861959,0.25159417136549916,6.410443288108504e-05,0.0,,4.85722573273506e-17,4.7704895589362195e-18,0.3218654029416348,0.16561000349314664,0.020123,0.411919719045194,0.7845452111074319,0.757217076284789
n11_g2_p10,11,5/2,10,1,CHORD,NO_SIGNAL,,2,0.9999999999999997,41913/500000,-0.0022104337385302486,-0.0006977916436499143,-0.0006073974965987716,0.00637549179725962,0.005496121921034187,0.0064272412413715055,-0.0009052445982813762,0.001305189140248686,-0.693573498557377,-1.8648277366750676e-16,-0.00047576649841255274,2.4278031577075915e-05,0.001710389208540164,-4.562322741819003e-16,-0.6209427779981314,-0.19849329904643628,-0.1708553075861959,0.25159417136549916,5.5155151534694755e-05,1.1102230246251565e-16,,4.85722573273506e-17,4.336808689942018e-18,0.3218654029416348,0.14063344218285434,0.017387,0.411919719045194,0.7845452111074319,0.757217076284789
n11_g2_p11,11,5/2,11,2,DIRECTION,ACCEPTED,,2,0.49803534999414706,,,,,,,,,,,,,,,,-1.978147246671584,-0.9020440713259205,-0.5295366941716502,0.5465664811740134,,,,,,,,,1.0702357546734642,1.1695793929434655,1.1044987484699453
n11_g2_p11,11,5/2,11,2,CHORD,NO_SIGNAL,,2,0.49803534999414706,16397/1000000,-0.00026614434348370963,-0.000121290885249703,-7.122847738827431e-05,0.005725407200749943,0.005496121921034187,0.005414086603007906,-7.362498084473746e-05,0.0001925193626379773,-0.38242896629148637,-9.948639134726989e-16,-3.5397409771943834e-05,1.3814406452209265e-07,0.00023060878964642484,-8.188979008783015e-16,-1.978147246671584,-0.9020440713259205,-0.5295366941716502,0.5465664811740134,6.933247311024998e-05,0.0,,4.85722573273506e-17,3.469446951953614e-18,0.3226558509495034,0.1848149822980047,0.022641,1.0702357546734642,1.1695793929434655,1.1044987484699453
n11_g2_p11,11,5/2,11,2,CHORD,NO_SIGNAL,,2,0.49803534999414706,40993/1000000,-0.0016707413929060166,-0.0007590196143318906,-0.0004465829696789214,0.006355207524193163,0.005496121921034187,0.005567313935664798,-0.0004651388088947935,0.001205602584010812,-0.38581437619963005,-4.111294638065033e-16,-0.00022123920804746709,5.406015809921467e-06,0.001444096169047171,-1.457167719820518e-15,-1.978147246671584,-0.9020440713259205,-0.5295366941716502,0.5465664811740134,5.983518855636673e-05,1.1102230246251565e-16,,4.85722573273506e-17,5.637851296924623e-18,0.32262472820543436,0.16010183071861783,0.020717,1.0702357546734642,1.1695793929434655,1.1044987484699453
n11_g2_p11,11,5/2,11,2,CHORD,NO_SIGNAL,,2,0.49803534999414706,8711/125000,-0.004877161926839513,-0.0021996632962748564,-0.0012997170745272513,0.007564504186134171,0.005496121921034187,0.006183302768008827,-0.0013777815560373123,0.0034993803708021076,-0.3937215764062554,-9.280770596475918e-17,-0.0006393794762804452,4.53394278406764e-05,0.004192443022718706,3.148523108897905e-16,-1.978147246671584,-0.9020440713259205,-0.5295366941716502,0.5465664811740134,4.518202375928088e-05,3.3306690738754696e-16,,4.85722573273506e-17,4.7704895589362195e-18,0.32262472820543436,0.1312701554636778,0.01684,1.0702357546734642,1.1695793929434655,1.1044987484699453
